time,mse_loss
2026-08-10T09:50:26.118815,0000,000000,0.264438,0.0038,0.5142
2026-08-10T09:50:28.091781,0000,000008,0.171391,-0.0042,0.4140
2026-08-10T09:50:30.100019,0000,000016,0.189422,-0.0034,0.4352
2026-08-10T09:50:32.118852,0000,000024,0.207295,0.0000,0.4553
2026-08-10T09:50:34.217133,0000,000032,0.251476,0.0017,0.5015
2026-08-10T09:50:36.166067,0000,000040,0.157955,-0.0027,0.3974
2026-08-10T09:50:38.021680,0000,000048,0.122014,-0.0043,0.3493
2026-08-10T09:50:39.902689,0000,000056,0.105374,-0.0026,0.3246
2026-08-10T09:50:41.850153,0000,000064,0.169644,0.0011,0.4119
2026-08-10T09:50:43.763625,0000,000072,0.157156,0.0021,0.3964
2026-08-10T09:50:45.599156,0000,000080,0.103783,0.0002,0.3222
2026-08-10T09:50:47.526038,0000,000088,0.136018,0.0001,0.3688
2026-08-10T09:50:49.488725,0000,000096,0.117057,-0.0025,0.3421
2026-08-10T09:50:51.617510,0000,000104,0.200906,-0.0015,0.4482
2026-08-10T09:50:53.579992,0000,000112,0.175735,-0.0047,0.4192
2026-08-10T09:50:55.577027,0000,000120,0.169263,-0.0055,0.4114
2026-08-10T09:50:57.457440,0000,000128,0.121516,-0.0057,0.3486
2026-08-10T09:50:59.304710,0000,000136,0.099774,-0.0050,0.3159
2026-08-10T09:51:01.142127,0000,000144,0.070719,-0.0031,0.2659
2026-08-10T09:51:02.998836,0000,000152,0.085450,0.0001,0.2923
2026-08-10T09:51:04.926200,0000,000160,0.136213,0.0031,0.3691
2026-08-10T09:51:06.764035,0000,000168,0.069831,0.0015,0.2643
2026-08-10T09:51:08.768998,0000,000176,0.189405,0.0035,0.4352
2026-08-10T09:51:10.623735,0000,000184,0.060758,0.0003,0.2465
2026-08-10T09:51:12.592015,0000,000192,0.108297,-0.0000,0.3291
2026-08-10T09:51:14.520943,0000,000200,0.097704,-0.0033,0.3126
2026-08-10T09:51:16.535696,0000,000208,0.127395,-0.0039,0.3569
2026-08-10T09:51:18.402307,0000,000216,0.114499,-0.0059,0.3384
2026-08-10T09:51:20.312079,0000,000224,0.095151,-0.0049,0.3085
2026-08-10T09:51:22.147863,0000,000232,0.085758,-0.0048,0.2928
2026-08-10T09:51:24.112753,0000,000240,0.101056,-0.0016,0.3179
2026-08-10T09:51:26.278061,0000,000248,0.222286,0.0037,0.4715
2026-08-10T09:51:28.266322,0000,000256,0.179531,0.0033,0.4237
2026-08-10T09:51:30.231015,0000,000264,0.135550,0.0036,0.3682
2026-08-10T09:51:32.477567,0000,000272,0.290222,0.0063,0.5387
2026-08-10T09:51:34.458338,0000,000280,0.049342,0.0004,0.2221
2026-08-10T09:51:36.604877,0000,000288,0.087685,-0.0002,0.2961
2026-08-10T09:51:38.641065,0000,000296,0.085539,-0.0040,0.2925
2026-08-10T09:51:40.637881,0000,000304,0.117484,-0.0055,0.3428
2026-08-10T09:51:42.605201,0000,000312,0.122560,-0.0063,0.3501
2026-08-10T09:51:44.806144,0000,000320,0.094338,-0.0027,0.3071
2026-08-10T09:51:46.651745,0000,000328,0.081924,-0.0047,0.2862
2026-08-10T09:51:48.600157,0000,000336,0.044695,-0.0033,0.2114
2026-08-10T09:51:50.635397,0000,000344,0.100930,0.0018,0.3177
2026-08-10T09:51:52.874429,0000,000352,0.234996,0.0048,0.4848
2026-08-10T09:51:54.741130,0000,000360,0.051384,0.0019,0.2267
2026-08-10T09:51:56.552732,0000,000368,0.031734,0.0009,0.1781
2026-08-10T09:51:58.541115,0000,000376,0.066810,0.0018,0.2585
2026-08-10T09:52:00.816444,0000,000384,0.109982,0.0003,0.3316
2026-08-10T09:52:02.808936,0000,000392,0.076960,-0.0021,0.2774
2026-08-10T09:52:04.732056,0000,000400,0.088513,-0.0038,0.2975
2026-08-10T09:52:06.770902,0000,000408,0.102614,-0.0049,0.3203
2026-08-10T09:52:08.962924,0000,000416,0.084816,-0.0040,0.2912
2026-08-10T09:52:10.864561,0000,000424,0.071697,-0.0046,0.2678
2026-08-10T09:52:12.968081,0000,000432,0.105177,-0.0009,0.3243
2026-08-10T09:52:14.789747,0000,000440,0.033020,-0.0010,0.1817
2026-08-10T09:52:16.729988,0000,000448,0.117805,0.0031,0.3432
2026-08-10T09:52:18.557935,0000,000456,0.079336,0.0019,0.2817
2026-08-10T09:52:20.503707,0000,000464,0.153837,0.0026,0.3922
2026-08-10T09:52:22.553439,0000,000472,0.146110,0.0023,0.3822
2026-08-10T09:52:24.590796,0000,000480,0.095872,0.0017,0.3096
2026-08-10T09:52:26.330080,0000,000488,0.093565,-0.0047,0.3059
2026-08-10T09:52:28.060029,0000,000496,0.122398,-0.0058,0.3499
2026-08-10T09:52:29.927886,0000,000504,0.123848,-0.0053,0.3519
2026-08-10T09:52:31.868565,0000,000512,0.109067,-0.0038,0.3303
2026-08-10T09:52:33.849875,0000,000520,0.104945,-0.0031,0.3240
2026-08-10T09:52:35.598766,0000,000528,0.053125,-0.0026,0.2305
2026-08-10T09:52:37.349829,0000,000536,0.025885,-0.0006,0.1609
2026-08-10T09:52:39.556384,0000,000544,0.356841,0.0084,0.5974
2026-08-10T09:52:41.423484,0000,000552,0.210981,0.0061,0.4593
2026-08-10T09:52:43.138493,0000,000560,0.103337,0.0052,0.3215
2026-08-10T09:52:44.939923,0000,000568,0.200585,0.0071,0.4479
2026-08-10T09:52:46.657510,0000,000576,0.084586,0.0046,0.2908
2026-08-10T09:52:48.575046,0000,000584,0.139313,0.0049,0.3732
2026-08-10T09:52:50.677750,0000,000592,0.158545,0.0045,0.3982
2026-08-10T09:52:52.474419,0000,000600,0.023009,-0.0014,0.1517
2026-08-10T09:52:54.483813,0000,000608,0.077382,-0.0011,0.2782
2026-08-10T09:52:56.398942,0000,000616,0.176899,-0.0036,0.4206
2026-08-10T09:52:58.368447,0000,000624,0.068477,-0.0017,0.2617
2026-08-10T09:53:00.314240,0000,000632,0.032497,-0.0017,0.1803
2026-08-10T09:53:02.528045,0000,000640,0.114717,0.0020,0.3387
2026-08-10T09:53:04.645509,0000,000648,0.088851,0.0019,0.2981
2026-08-10T09:53:06.836575,0000,000656,0.117595,0.0020,0.3429
2026-08-10T09:53:09.001812,0000,000664,0.075680,0.0010,0.2751
2026-08-10T09:53:11.284004,0000,000672,0.098268,-0.0001,0.3135
2026-08-10T09:53:13.549821,0000,000680,0.086186,-0.0025,0.2936
2026-08-10T09:53:15.745280,0000,000688,0.064238,-0.0029,0.2535
2026-08-10T09:53:17.652317,0000,000696,0.133264,-0.0065,0.3651
2026-08-10T09:53:19.668450,0000,000704,0.101355,-0.0052,0.3184
2026-08-10T09:53:21.564755,0000,000712,0.083257,-0.0047,0.2885
2026-08-10T09:53:23.768930,0000,000720,0.090246,-0.0007,0.3004
2026-08-10T09:53:25.667182,0000,000728,0.037014,-0.0011,0.1924
2026-08-10T09:53:27.513009,0000,000736,0.020267,-0.0002,0.1424
2026-08-10T09:53:29.538776,0000,000744,0.141169,0.0041,0.3757
2026-08-10T09:53:31.489819,0000,000752,0.127526,0.0050,0.3571
2026-08-10T09:53:33.351884,0000,000760,0.067796,0.0037,0.2604
2026-08-10T09:53:35.194538,0000,000768,0.051532,0.0027,0.2270
2026-08-10T09:53:37.044579,0000,000776,0.042467,0.0018,0.2061
2026-08-10T09:53:39.103988,0000,000784,0.083816,0.0024,0.2895
2026-08-10T09:53:40.970145,0000,000792,0.026315,-0.0022,0.1622
2026-08-10T09:53:42.812163,0000,000800,0.062164,-0.0039,0.2493
2026-08-10T09:53:44.657938,0000,000808,0.078665,-0.0046,0.2805
2026-08-10T09:53:46.667407,0000,000816,0.064149,-0.0025,0.2533
2026-08-10T09:53:48.537103,0000,000824,0.051649,-0.0028,0.2273
2026-08-10T09:53:50.621821,0000,000832,0.100372,0.0004,0.3168
2026-08-10T09:53:52.538866,0000,000840,0.027931,0.0002,0.1671
2026-08-10T09:53:54.400585,0000,000848,0.018708,-0.0003,0.1368
2026-08-10T09:53:56.283804,0000,000856,0.037334,0.0009,0.1932
2026-08-10T09:53:58.434786,0000,000864,0.118603,0.0034,0.3444
2026-08-10T09:54:00.585430,0000,000872,0.096394,0.0015,0.3105
2026-08-10T09:54:02.469056,0000,000880,0.047882,-0.0023,0.2188
2026-08-10T09:54:04.373399,0000,000888,0.074965,-0.0026,0.2738
2026-08-10T09:54:06.300985,0000,000896,0.051566,-0.0020,0.2271
2026-08-10T09:54:08.220037,0000,000904,0.032570,-0.0010,0.1805
2026-08-10T09:54:10.055284,0000,000912,0.013568,-0.0007,0.1165
2026-08-10T09:54:11.946944,0000,000920,0.029883,0.0023,0.1729
2026-08-10T09:54:14.003133,0000,000928,0.165789,0.0052,0.4072
2026-08-10T09:54:16.152985,0000,000936,0.231965,0.0067,0.4816
2026-08-10T09:54:18.246354,0000,000944,0.129767,0.0050,0.3602
2026-08-10T09:54:20.241130,0000,000952,0.029914,0.0019,0.1730
2026-08-10T09:54:22.224258,0000,000960,0.014928,-0.0004,0.1222
2026-08-10T09:54:24.329365,0000,000968,0.048065,0.0005,0.2192
2026-08-10T09:54:26.276180,0000,000976,0.030235,-0.0027,0.1739
2026-08-10T09:54:28.322263,0000,000984,0.067344,-0.0007,0.2595
2026-08-10T09:54:30.057326,0000,000992,0.077651,-0.0047,0.2787
2026-08-10T09:54:32.002555,0000,001000,0.090683,-0.0040,0.3011
2026-08-10T09:54:33.766539,0000,001008,0.068820,-0.0043,0.2623
2026-08-10T09:54:35.495729,0000,001016,0.054393,-0.0036,0.2332
2026-08-10T09:54:37.265983,0000,001024,0.038732,-0.0009,0.1968
2026-08-10T09:54:39.348068,0000,001032,0.145759,0.0037,0.3818
2026-08-10T09:54:41.358205,0000,001040,0.174251,0.0054,0.4174
2026-08-10T09:54:43.189394,0000,001048,0.110200,0.0040,0.3320
2026-08-10T09:54:45.036800,0000,001056,0.107860,0.0039,0.3284
2026-08-10T09:54:47.029092,0000,001064,0.139359,0.0042,0.3733
2026-08-10T09:54:48.977455,0000,001072,0.083402,0.0010,0.2888
2026-08-10T09:54:50.708243,0000,001080,0.060016,-0.0030,0.2450
2026-08-10T09:54:52.759436,0000,001088,0.066592,-0.0017,0.2581
2026-08-10T09:54:54.712750,0000,001096,0.099329,-0.0038,0.3152
2026-08-10T09:54:56.444232,0000,001104,0.070137,-0.0043,0.2648
2026-08-10T09:54:58.523255,0000,001112,0.096587,-0.0010,0.3108
2026-08-10T09:55:00.326313,0000,001120,0.038610,-0.0021,0.1965
2026-08-10T09:55:02.189650,0000,001128,0.022567,-0.0003,0.1502
2026-08-10T09:55:04.133129,0000,001136,0.051334,0.0014,0.2266
2026-08-10T09:55:06.051445,0000,001144,0.069851,0.0024,0.2643
2026-08-10T09:55:07.760239,0000,001152,0.050122,0.0001,0.2239
2026-08-10T09:55:09.655448,0000,001160,0.066298,0.0010,0.2575
2026-08-10T09:55:11.419159,0000,001168,1.149748,-0.0029,1.0723
2026-08-10T09:55:13.134893,0000,001176,0.032512,-0.0028,0.1803
2026-08-10T09:55:15.209239,0000,001184,0.047608,-0.0009,0.2182
2026-08-10T09:55:17.304968,0000,001192,0.066354,0.0004,0.2576
2026-08-10T09:55:19.436733,0000,001200,0.043650,-0.0004,0.2089
2026-08-10T09:55:21.511400,0000,001208,0.037074,-0.0008,0.1925
2026-08-10T09:55:23.530759,0000,001216,0.035995,-0.0011,0.1897
2026-08-10T09:55:25.503486,0000,001224,0.023405,-0.0001,0.1530
2026-08-10T09:55:27.541210,0000,001232,0.040445,-0.0000,0.2011
2026-08-10T09:55:29.524473,0000,001240,0.030721,-0.0010,0.1753
2026-08-10T09:55:31.631847,0000,001248,0.044207,-0.0001,0.2103
2026-08-10T09:55:33.689370,0000,001256,0.050372,-0.0012,0.2244
2026-08-10T09:55:35.728297,0000,001264,0.024960,-0.0005,0.1580
2026-08-10T09:55:37.838297,0000,001272,0.179965,0.0010,0.4242
2026-08-10T09:55:40.018552,0000,001280,0.027422,0.0002,0.1656
2026-08-10T09:55:42.045532,0000,001288,0.034838,-0.0007,0.1867
2026-08-10T09:55:43.866702,0000,001296,0.022061,-0.0013,0.1485
2026-08-10T09:55:45.696493,0000,001304,0.035175,0.0003,0.1876
2026-08-10T09:55:47.429176,0000,001312,0.014205,-0.0003,0.1192
2026-08-10T09:55:49.479825,0000,001320,0.069499,0.0017,0.2636
2026-08-10T09:55:51.421100,0000,001328,0.021238,0.0006,0.1457
2026-08-10T09:55:53.372233,0000,001336,0.009706,-0.0003,0.0985
2026-08-10T09:55:55.539486,0000,001344,0.045745,0.0017,0.2139
2026-08-10T09:55:57.616555,0000,001352,0.033706,0.0003,0.1836
2026-08-10T09:55:59.554508,0000,001360,0.030132,-0.0022,0.1736
2026-08-10T09:56:01.491546,0000,001368,0.045450,-0.0027,0.2132
2026-08-10T09:56:03.569341,0000,001376,0.040507,-0.0016,0.2013
2026-08-10T09:56:05.854809,0000,001384,0.050371,0.0010,0.2244
2026-08-10T09:56:08.139664,0000,001392,0.059900,0.0008,0.2447
2026-08-10T09:56:10.045664,0000,001400,0.030833,-0.0019,0.1756
2026-08-10T09:56:12.320918,0000,001408,0.032580,0.0004,0.1805
2026-08-10T09:56:14.545765,0000,001416,0.038154,-0.0011,0.1953
2026-08-10T09:56:16.486943,0000,001424,0.055084,-0.0018,0.2347
2026-08-10T09:56:18.447737,0000,001432,0.020391,-0.0004,0.1428
2026-08-10T09:56:20.447192,0000,001440,0.040035,0.0016,0.2001
2026-08-10T09:56:22.410460,0000,001448,0.045600,0.0019,0.2135
2026-08-10T09:56:24.840783,0000,001456,0.151514,0.0047,0.3892
2026-08-10T09:56:26.806568,0000,001464,0.024429,0.0009,0.1563
2026-08-10T09:56:29.037143,0000,001472,0.037399,0.0004,0.1934
2026-08-10T09:56:31.265223,0000,001480,0.047208,-0.0014,0.2173
2026-08-10T09:56:33.184416,0000,001488,0.198967,-0.0045,0.4461
2026-08-10T09:56:35.382184,0000,001496,0.101135,-0.0039,0.3180
2026-08-10T09:56:37.380050,0000,001504,0.054453,-0.0033,0.2334
2026-08-10T09:56:39.465610,0000,001512,0.030491,-0.0018,0.1746
2026-08-10T09:56:41.586906,0000,001520,0.063097,-0.0001,0.2512
2026-08-10T09:56:43.540674,0000,001528,0.010031,0.0005,0.1002
2026-08-10T09:56:45.465859,0000,001536,0.017297,0.0004,0.1315
2026-08-10T09:56:47.484258,0000,001544,0.032135,0.0001,0.1793
2026-08-10T09:56:49.601420,0000,001552,0.070801,-0.0010,0.2661
2026-08-10T09:56:51.727060,0000,001560,0.031657,-0.0016,0.1779
2026-08-10T09:56:54.206532,0000,001568,0.041080,-0.0009,0.2027
2026-08-10T09:56:56.229824,0000,001576,0.016927,-0.0011,0.1301
2026-08-10T09:56:58.210014,0000,001584,0.044491,0.0013,0.2109
2026-08-10T09:57:00.209970,0000,001592,0.097846,0.0037,0.3128
2026-08-10T09:57:02.229249,0000,001600,0.075607,0.0028,0.2750
2026-08-10T09:57:04.216697,0000,001608,0.068968,0.0016,0.2626
2026-08-10T09:57:05.986214,0000,001616,0.012425,-0.0010,0.1115
2026-08-10T09:57:07.839175,0000,001624,0.016671,-0.0009,0.1291
2026-08-10T09:57:09.678862,0000,001632,0.042961,-0.0009,0.2073
2026-08-10T09:57:11.444890,0000,001640,0.011668,0.0001,0.1080
2026-08-10T09:57:13.431204,0000,001648,0.036545,0.0005,0.1912
2026-08-10T09:57:15.151619,0000,001656,0.012076,-0.0009,0.1099
2026-08-10T09:57:16.980191,0000,001664,0.022620,0.0001,0.1504
2026-08-10T09:57:18.749974,0000,001672,0.024092,-0.0009,0.1552
2026-08-10T09:57:20.626980,0000,001680,0.023533,-0.0003,0.1534
2026-08-10T09:57:23.068701,0000,001688,0.070960,0.0028,0.2664
2026-08-10T09:57:25.049169,0000,001696,0.096554,0.0012,0.3107
2026-08-10T09:57:26.854522,0000,001704,0.016140,-0.0001,0.1270
2026-08-10T09:57:28.698981,0000,001712,0.051865,-0.0014,0.2277
2026-08-10T09:57:30.588486,0000,001720,0.027994,-0.0017,0.1673
2026-08-10T09:57:32.443893,0000,001728,0.018084,-0.0013,0.1345
2026-08-10T09:57:34.187975,0000,001736,0.014719,-0.0008,0.1213
2026-08-10T09:57:35.995002,0000,001744,0.041978,0.0017,0.2049
2026-08-10T09:57:37.733639,0000,001752,0.056059,0.0018,0.2368
2026-08-10T09:57:39.709880,0000,001760,0.073867,0.0034,0.2718
2026-08-10T09:57:41.422857,0000,001768,0.018005,0.0010,0.1342
2026-08-10T09:57:43.154048,0000,001776,0.016183,-0.0003,0.1272
2026-08-10T09:57:45.068060,0000,001784,0.032900,-0.0001,0.1814
2026-08-10T09:57:46.840843,0000,001792,0.049751,-0.0019,0.2231
2026-08-10T09:57:48.572115,0000,001800,0.030839,-0.0025,0.1756
2026-08-10T09:57:50.314994,0000,001808,0.037871,-0.0019,0.1946
2026-08-10T09:57:52.388244,0000,001816,0.019879,0.0005,0.1410
2026-08-10T09:57:54.192996,0000,001824,0.022408,0.0001,0.1497
2026-08-10T09:57:56.207312,0000,001832,0.033868,-0.0002,0.1840
2026-08-10T09:57:58.032611,0000,001840,1.156567,-0.0029,1.0754
2026-08-10T09:57:59.746875,0000,001848,0.035870,-0.0026,0.1894
2026-08-10T09:58:01.645020,0000,001856,0.041542,-0.0015,0.2038
2026-08-10T09:58:03.749691,0000,001864,0.023576,0.0001,0.1535
2026-08-10T09:58:05.671131,0000,001872,0.031639,-0.0001,0.1779
2026-08-10T09:58:07.397508,0000,001880,0.006947,0.0006,0.0833
2026-08-10T09:58:09.461657,0000,001888,0.071511,0.0012,0.2674
2026-08-10T09:58:11.457036,0000,001896,0.018243,0.0005,0.1351
2026-08-10T09:58:13.293160,0000,001904,0.024861,-0.0008,0.1577
2026-08-10T09:58:15.168672,0000,001912,0.027761,-0.0012,0.1666
2026-08-10T09:58:17.222154,0000,001920,0.015925,-0.0005,0.1262
2026-08-10T09:58:19.058968,0000,001928,0.014311,0.0003,0.1196
2026-08-10T09:58:20.952340,0000,001936,0.031256,0.0006,0.1768
2026-08-10T09:58:22.816147,0000,001944,0.033617,-0.0000,0.1833
2026-08-10T09:58:25.163378,0000,001952,0.034858,-0.0010,0.1867
2026-08-10T09:58:27.138393,0000,001960,0.018559,-0.0017,0.1362
2026-08-10T09:58:29.309549,0000,001968,0.031755,-0.0010,0.1782
2026-08-10T09:58:31.251432,0000,001976,0.026068,0.0001,0.1615
2026-08-10T09:58:32.982142,0000,001984,0.031387,0.0001,0.1772
2026-08-10T09:58:34.808070,0000,001992,0.033495,0.0003,0.1830
2026-08-10T09:58:36.530872,0000,002000,0.021784,-0.0013,0.1476
2026-08-10T09:58:38.368118,0000,002008,0.020516,-0.0014,0.1432
2026-08-10T09:58:40.233330,0000,002016,0.022696,-0.0009,0.1507
2026-08-10T09:58:42.072358,0000,002024,0.026834,0.0003,0.1638
2026-08-10T09:58:43.858461,0000,002032,0.019855,0.0006,0.1409
2026-08-10T09:58:45.585090,0000,002040,0.050215,-0.0002,0.2241
2026-08-10T09:58:47.408162,0000,002048,0.013375,0.0006,0.1157
2026-08-10T09:58:49.170430,0000,002056,0.020950,-0.0000,0.1447
2026-08-10T09:58:50.936035,0000,002064,0.018074,0.0003,0.1344
2026-08-10T09:58:53.006277,0000,002072,0.011152,0.0003,0.1056
2026-08-10T09:58:54.802307,0000,002080,0.015364,-0.0011,0.1240
2026-08-10T09:58:56.579240,0000,002088,0.029670,-0.0016,0.1722
2026-08-10T09:58:58.396184,0000,002096,0.029244,-0.0012,0.1710
2026-08-10T09:59:00.195122,0000,002104,0.024508,0.0000,0.1565
2026-08-10T09:59:01.964084,0000,002112,0.013518,0.0002,0.1163
2026-08-10T09:59:03.801074,0000,002120,0.014707,0.0002,0.1213
2026-08-10T09:59:05.643219,0000,002128,0.034537,-0.0013,0.1858
2026-08-10T09:59:07.406925,0000,002136,0.021751,-0.0015,0.1475
2026-08-10T09:59:09.486259,0000,002144,0.051055,-0.0009,0.2260
2026-08-10T09:59:11.260174,0000,002152,0.007467,0.0001,0.0864
2026-08-10T09:59:13.194242,0000,002160,0.037654,0.0010,0.1940
2026-08-10T09:59:14.958181,0000,002168,0.025403,0.0002,0.1594
2026-08-10T09:59:17.143428,0000,002176,0.048581,-0.0008,0.2204
2026-08-10T09:59:19.076057,0000,002184,0.026454,-0.0011,0.1626
2026-08-10T09:59:20.981424,0000,002192,0.014972,-0.0011,0.1224
2026-08-10T09:59:22.977229,0000,002200,0.025421,0.0005,0.1594
2026-08-10T09:59:24.815207,0000,002208,0.014442,0.0004,0.1202
2026-08-10T09:59:27.023748,0000,002216,0.017694,0.0004,0.1330
2026-08-10T09:59:29.002994,0000,002224,0.015129,-0.0008,0.1230
2026-08-10T09:59:30.896973,0000,002232,0.028931,-0.0013,0.1701
2026-08-10T09:59:32.724189,0000,002240,0.018827,-0.0009,0.1372
2026-08-10T09:59:34.791653,0000,002248,0.021964,0.0005,0.1482
2026-08-10T09:59:36.637709,0000,002256,0.017620,0.0005,0.1327
2026-08-10T09:59:38.556467,0000,002264,0.056857,0.0000,0.2384
2026-08-10T09:59:40.556005,0000,002272,0.056525,-0.0009,0.2378
2026-08-10T09:59:42.503150,0000,002280,0.081599,-0.0013,0.2857
2026-08-10T09:59:44.336513,0000,002288,0.015402,-0.0009,0.1241
2026-08-10T09:59:46.293248,0000,002296,0.034849,0.0005,0.1867
2026-08-10T09:59:48.205685,0000,002304,0.014171,0.0008,0.1190
2026-08-10T09:59:50.265134,0000,002312,0.020053,0.0007,0.1416
2026-08-10T09:59:52.178271,0000,002320,0.020216,-0.0006,0.1422
2026-08-10T09:59:54.159686,0000,002328,0.028324,-0.0013,0.1683
2026-08-10T09:59:56.368525,0000,002336,0.011704,-0.0007,0.1082
2026-08-10T09:59:58.171887,0000,002344,0.013754,0.0005,0.1173
2026-08-10T10:00:00.058160,0000,002352,0.017587,0.0007,0.1326
2026-08-10T10:00:02.320547,0000,002360,0.042254,0.0009,0.2056
2026-08-10T10:00:04.352709,0000,002368,0.038208,-0.0009,0.1955
2026-08-10T10:00:06.832891,0000,002376,0.018750,-0.0012,0.1369
2026-08-10T10:00:08.671459,0000,002384,0.032619,-0.0009,0.1806
2026-08-10T10:00:10.603308,0000,002392,0.038003,0.0005,0.1949
2026-08-10T10:00:12.464973,0000,002400,0.015343,0.0011,0.1239
2026-08-10T10:00:14.466085,0000,002408,0.022592,0.0003,0.1503
2026-08-10T10:00:16.246189,0000,002416,0.014265,-0.0011,0.1194
2026-08-10T10:00:17.989154,0000,002424,0.016734,-0.0013,0.1294
2026-08-10T10:00:19.891559,0000,002432,0.043448,-0.0008,0.2084
2026-08-10T10:00:21.745135,0000,002440,0.031788,0.0009,0.1783
2026-08-10T10:00:23.772887,0000,002448,0.026731,0.0012,0.1635
2026-08-10T10:00:25.522524,0000,002456,0.025513,0.0004,0.1597
2026-08-10T10:00:27.392845,0000,002464,0.013641,-0.0008,0.1168
2026-08-10T10:00:29.233810,0000,002472,0.054889,-0.0011,0.2343
2026-08-10T10:00:31.092166,0000,002480,0.021712,-0.0008,0.1473
2026-08-10T10:00:32.989082,0000,002488,0.020988,0.0009,0.1449
2026-08-10T10:00:34.912412,0000,002496,0.016183,0.0010,0.1272
2026-08-10T10:00:36.762197,0000,002504,0.023214,0.0005,0.1524
2026-08-10T10:00:38.708302,0000,002512,0.012827,-0.0007,0.1133
2026-08-10T10:00:40.560513,0000,002520,0.012181,-0.0011,0.1104
2026-08-10T10:00:42.462517,0000,002528,0.015976,-0.0005,0.1264
2026-08-10T10:00:44.734325,0000,002536,0.035613,0.0014,0.1887
2026-08-10T10:00:46.645875,0000,002544,0.036405,0.0012,0.1908
2026-08-10T10:00:48.509919,0000,002552,0.011901,0.0004,0.1091
2026-08-10T10:00:50.410595,0000,002560,0.030884,-0.0009,0.1757
2026-08-10T10:00:52.706690,0000,002568,0.056134,-0.0013,0.2369
2026-08-10T10:00:55.179073,0000,002576,0.031382,-0.0004,0.1772
2026-08-10T10:00:57.087286,0000,002584,0.015281,0.0007,0.1236
2026-08-10T10:00:59.090192,0000,002592,0.016965,0.0011,0.1302
2026-08-10T10:01:01.269464,0000,002600,0.012697,0.0008,0.1127
2026-08-10T10:01:03.674708,0000,002608,0.033050,-0.0008,0.1818
2026-08-10T10:01:05.872537,0000,002616,0.034484,-0.0010,0.1857
2026-08-10T10:01:07.764570,0000,002624,0.010827,-0.0007,0.1041
2026-08-10T10:01:09.742880,0000,002632,0.011963,0.0005,0.1094
2026-08-10T10:01:11.801268,0000,002640,0.038222,0.0012,0.1955
2026-08-10T10:01:13.684691,0000,002648,0.015656,0.0005,0.1251
2026-08-10T10:01:15.857404,0000,002656,0.018539,-0.0007,0.1362
2026-08-10T10:01:18.026709,0000,002664,0.018110,-0.0009,0.1346
2026-08-10T10:01:19.950429,0000,002672,0.146724,-0.0007,0.3830
2026-08-10T10:01:21.805297,0000,002680,0.023133,0.0005,0.1521
2026-08-10T10:01:23.791415,0000,002688,0.021647,0.0013,0.1471
2026-08-10T10:01:25.729710,0000,002696,0.011063,0.0003,0.1052
2026-08-10T10:01:27.881552,0000,002704,0.027076,-0.0007,0.1645
2026-08-10T10:01:29.773370,0000,002712,0.037065,-0.0011,0.1925
2026-08-10T10:01:31.868443,0000,002720,0.007518,-0.0007,0.0867
2026-08-10T10:01:33.730037,0000,002728,0.013978,0.0006,0.1182
2026-08-10T10:01:35.758435,0000,002736,0.028454,0.0012,0.1687
2026-08-10T10:01:37.583767,0000,002744,0.010598,0.0004,0.1029
2026-08-10T10:01:39.448445,0000,002752,0.022412,-0.0008,0.1497
2026-08-10T10:01:41.312872,0000,002760,0.014644,-0.0009,0.1210
2026-08-10T10:01:43.299808,0000,002768,0.013740,-0.0005,0.1172
2026-08-10T10:01:45.390691,0000,002776,0.017733,0.0008,0.1332
2026-08-10T10:01:47.262188,0000,002784,0.028276,0.0009,0.1682
2026-08-10T10:01:49.085527,0000,002792,0.022845,0.0006,0.1511
2026-08-10T10:01:51.207621,0000,002800,1.282768,-0.0019,1.1326
2026-08-10T10:01:53.173972,0000,002808,0.019924,-0.0010,0.1412
2026-08-10T10:01:55.482429,0000,002816,0.020728,-0.0001,0.1440
2026-08-10T10:01:57.280807,0000,002824,0.053093,-0.0008,0.2304
2026-08-10T10:01:59.277563,0000,002832,0.013370,-0.0003,0.1156
2026-08-10T10:02:01.102237,0000,002840,0.015486,0.0006,0.1244
2026-08-10T10:02:03.263574,0000,002848,0.031389,0.0013,0.1772
2026-08-10T10:02:05.362597,0000,002856,0.023797,0.0010,0.1543
2026-08-10T10:02:07.317135,0000,002864,0.008542,-0.0004,0.0924
2026-08-10T10:02:09.344740,0000,002872,0.017710,-0.0010,0.1331
2026-08-10T10:02:11.258995,0000,002880,0.014917,-0.0005,0.1221
2026-08-10T10:02:13.264202,0000,002888,0.025770,0.0007,0.1605
2026-08-10T10:02:15.211223,0000,002896,0.152507,0.0012,0.3905
2026-08-10T10:02:16.994407,0000,002904,0.014219,0.0006,0.1192
2026-08-10T10:02:18.720542,0000,002912,0.011799,-0.0007,0.1086
2026-08-10T10:02:20.563832,0000,002920,0.013086,-0.0006,0.1144
2026-08-10T10:02:22.600696,0000,002928,0.008778,-0.0003,0.0937
2026-08-10T10:02:24.671436,0000,002936,0.043209,0.0010,0.2079
2026-08-10T10:02:26.510140,0000,002944,0.011191,0.0010,0.1058
2026-08-10T10:02:28.379148,0000,002952,0.020210,0.0007,0.1422
2026-08-10T10:02:30.410097,0000,002960,0.012579,-0.0003,0.1122
2026-08-10T10:02:32.459439,0000,002968,0.012663,-0.0009,0.1125
2026-08-10T10:02:34.531671,0000,002976,0.026862,-0.0004,0.1639
2026-08-10T10:02:36.873104,0000,002984,0.037224,0.0013,0.1929
2026-08-10T10:02:38.850356,0000,002992,0.020552,0.0014,0.1434
2026-08-10T10:02:40.759968,0000,003000,0.020841,0.0008,0.1444
2026-08-10T10:02:42.544340,0000,003008,0.021751,-0.0007,0.1475
2026-08-10T10:02:44.380215,0000,003016,0.021025,-0.0010,0.1450
2026-08-10T10:02:46.215146,0000,003024,0.008446,-0.0004,0.0919
2026-08-10T10:02:48.122411,0000,003032,0.022344,0.0010,0.1495
2026-08-10T10:02:50.301330,0000,003040,0.023726,0.0017,0.1540
2026-08-10T10:02:52.319922,0000,003048,0.018480,0.0008,0.1359
2026-08-10T10:02:54.337102,0000,003056,0.035847,-0.0005,0.1893
2026-08-10T10:02:56.147706,0000,003064,0.018993,-0.0011,0.1378
2026-08-10T10:02:58.039560,0000,003072,0.012274,-0.0002,0.1108
2026-08-10T10:02:59.908724,0000,003080,0.010608,0.0009,0.1030
2026-08-10T10:03:01.823430,0000,003088,0.044148,0.0012,0.2101
2026-08-10T10:03:03.686688,0000,003096,0.010349,0.0007,0.1017
2026-08-10T10:03:05.754828,0000,003104,0.017007,-0.0004,0.1304
2026-08-10T10:03:07.566511,0000,003112,0.020529,-0.0010,0.1433
2026-08-10T10:03:09.680335,0000,003120,0.016911,-0.0002,0.1300
2026-08-10T10:03:11.668853,0000,003128,0.013180,0.0010,0.1148
2026-08-10T10:03:13.641217,0000,003136,0.013249,0.0011,0.1151
2026-08-10T10:03:15.420824,0000,003144,0.023295,0.0006,0.1526
2026-08-10T10:03:17.213205,0000,003152,0.016604,-0.0004,0.1289
2026-08-10T10:03:19.324314,0000,003160,0.008716,-0.0006,0.0934
2026-08-10T10:03:21.128632,0000,003168,0.011734,-0.0004,0.1083
2026-08-10T10:03:23.006867,0000,003176,0.015619,0.0011,0.1250
2026-08-10T10:03:24.822620,0000,003184,0.025136,0.0013,0.1585
2026-08-10T10:03:26.632991,0000,003192,0.011307,0.0007,0.1063
2026-08-10T10:03:28.446398,0000,003200,0.012340,-0.0005,0.1111
2026-08-10T10:03:30.392627,0000,003208,0.012624,-0.0008,0.1124
2026-08-10T10:03:32.532718,0000,003216,0.034439,-0.0005,0.1856
2026-08-10T10:03:34.473002,0000,003224,0.011556,0.0010,0.1075
2026-08-10T10:03:36.558438,0000,003232,0.011581,0.0013,0.1076
2026-08-10T10:03:38.413560,0000,003240,0.015555,0.0008,0.1247
2026-08-10T10:03:40.573402,0000,003248,0.167913,-0.0005,0.4098
2026-08-10T10:03:42.543949,0000,003256,0.012837,-0.0008,0.1133
2026-08-10T10:03:44.525885,0000,003264,0.021818,-0.0002,0.1477
2026-08-10T10:03:46.603216,0000,003272,0.028492,0.0014,0.1688
2026-08-10T10:03:48.582576,0000,003280,1.137318,0.0003,1.0665
2026-08-10T10:03:50.845592,0000,003288,0.022847,0.0008,0.1512
2026-08-10T10:03:52.975543,0000,003296,0.031174,-0.0005,0.1766
2026-08-10T10:03:55.270530,0000,003304,0.010181,-0.0008,0.1009
2026-08-10T10:03:57.407273,0000,003312,0.027595,-0.0001,0.1661
2026-08-10T10:03:59.198147,0000,003320,0.013579,0.0009,0.1165
2026-08-10T10:04:01.285520,0000,003328,0.043260,0.0017,0.2080
2026-08-10T10:04:03.072958,0000,003336,0.016404,0.0008,0.1281
2026-08-10T10:04:04.843323,0000,003344,0.017899,-0.0004,0.1338
2026-08-10T10:04:06.587546,0000,003352,0.019591,-0.0007,0.1400
2026-08-10T10:04:08.497128,0000,003360,0.012711,-0.0001,0.1127
2026-08-10T10:04:10.232083,0000,003368,0.013082,-0.0006,0.1144
2026-08-10T10:04:12.090347,0000,003376,0.029676,-0.0000,0.1723
2026-08-10T10:04:14.098826,0000,003384,0.027013,0.0014,0.1644
2026-08-10T10:04:15.974353,0000,003392,0.042820,0.0016,0.2069
2026-08-10T10:04:17.735348,0000,003400,1.138223,0.0001,1.0669
2026-08-10T10:04:19.757592,0000,003408,0.021570,0.0002,0.1469
2026-08-10T10:04:21.831432,0000,003416,0.043012,-0.0021,0.2074
2026-08-10T10:04:23.629462,0000,003424,0.058590,-0.0029,0.2421
2026-08-10T10:04:25.606536,0000,003432,0.042855,-0.0028,0.2070
2026-08-10T10:04:27.860103,0000,003440,0.152963,-0.0021,0.3911
2026-08-10T10:04:29.801080,0000,003448,0.017415,-0.0003,0.1320
2026-08-10T10:04:32.167112,0000,003456,0.029386,0.0015,0.1714
2026-08-10T10:04:34.192408,0000,003464,0.180360,0.0029,0.4247
2026-08-10T10:04:36.142366,0000,003472,0.068598,0.0034,0.2619
2026-08-10T10:04:37.957431,0000,003480,1.168580,0.0014,1.0810
2026-08-10T10:04:39.844706,0000,003488,0.013604,0.0010,0.1166
2026-08-10T10:04:41.764661,0000,003496,0.021775,-0.0008,0.1476
2026-08-10T10:04:43.568668,0000,003504,0.022410,-0.0017,0.1497
2026-08-10T10:04:45.594047,0000,003512,0.021603,-0.0020,0.1470
2026-08-10T10:04:47.602200,0000,003520,1.175915,-0.0026,1.0844
2026-08-10T10:04:50.227714,0000,003528,0.029701,0.0004,0.1723
2026-08-10T10:04:52.214039,0000,003536,0.010339,0.0005,0.1017
2026-08-10T10:04:54.590046,0000,003544,0.023780,0.0000,0.1542
2026-08-10T10:04:56.467732,0000,003552,0.021206,-0.0007,0.1456
2026-08-10T10:04:58.370416,0000,003560,0.009202,-0.0005,0.0959
2026-08-10T10:05:00.409152,0000,003568,0.026293,0.0004,0.1621
2026-08-10T10:05:02.320556,0000,003576,0.020906,0.0002,0.1446
2026-08-10T10:05:04.194460,0000,003584,0.148972,-0.0009,0.3860
2026-08-10T10:05:06.045607,0000,003592,0.026583,-0.0005,0.1630
2026-08-10T10:05:07.846545,0000,003600,0.021426,0.0001,0.1464
2026-08-10T10:05:09.821056,0000,003608,0.016739,0.0002,0.1294
2026-08-10T10:05:11.693525,0000,003616,0.022533,-0.0005,0.1501
2026-08-10T10:05:13.836878,0000,003624,0.013078,-0.0004,0.1144
2026-08-10T10:05:15.738000,0000,003632,0.031448,0.0003,0.1773
2026-08-10T10:05:17.862179,0000,003640,0.009053,0.0006,0.0951
2026-08-10T10:05:19.834263,0000,003648,0.008261,-0.0001,0.0909
2026-08-10T10:05:22.286658,0000,003656,0.035573,-0.0003,0.1886
2026-08-10T10:05:24.055302,0000,003664,0.017210,0.0003,0.1312
2026-08-10T10:05:25.928774,0000,003672,0.034384,0.0004,0.1854
2026-08-10T10:05:27.963512,0000,003680,0.012787,-0.0002,0.1131
2026-08-10T10:05:29.738832,0000,003688,0.020847,-0.0004,0.1444
2026-08-10T10:05:31.503161,0000,003696,0.009906,0.0007,0.0995
2026-08-10T10:05:33.232797,0000,003704,0.016315,0.0006,0.1277
2026-08-10T10:05:35.117386,0000,003712,0.020663,-0.0001,0.1437
2026-08-10T10:05:36.831227,0000,003720,0.012853,-0.0002,0.1134
2026-08-10T10:05:38.752395,0000,003728,0.033016,0.0010,0.1817
2026-08-10T10:05:40.705649,0000,003736,0.020632,0.0009,0.1436
2026-08-10T10:05:42.616328,0000,003744,0.040188,-0.0003,0.2005
2026-08-10T10:05:44.705930,0000,003752,0.030469,-0.0001,0.1746
2026-08-10T10:05:47.226512,0000,003760,0.028749,0.0008,0.1696
2026-08-10T10:05:49.156444,0000,003768,0.014162,0.0007,0.1190
2026-08-10T10:05:51.045371,0000,003776,0.016695,0.0000,0.1292
2026-08-10T10:05:53.320683,0000,003784,0.050268,-0.0017,0.2242
2026-08-10T10:05:55.238981,0000,003792,1.143385,-0.0032,1.0693
2026-08-10T10:05:57.175173,0000,003800,0.023768,-0.0018,0.1542
2026-08-10T10:05:59.141739,0000,003808,0.025427,-0.0009,0.1595
2026-08-10T10:06:01.138474,0000,003816,0.028760,0.0009,0.1696
2026-08-10T10:06:03.481591,0000,003824,0.046433,0.0019,0.2155
2026-08-10T10:06:05.467874,0000,003832,0.025576,0.0014,0.1599
2026-08-10T10:06:07.420180,0000,003840,0.018312,0.0006,0.1353
2026-08-10T10:06:09.841094,0000,003848,0.079134,-0.0015,0.2813
2026-08-10T10:06:11.725120,0000,003856,0.016180,-0.0017,0.1272
2026-08-10T10:06:13.721026,0000,003864,0.020718,-0.0014,0.1439
2026-08-10T10:06:16.142928,0000,003872,0.031169,-0.0005,0.1765
2026-08-10T10:06:18.219384,0000,003880,0.026514,0.0011,0.1628
2026-08-10T10:06:20.240251,0000,003888,0.032600,0.0020,0.1806
2026-08-10T10:06:22.463319,0000,003896,0.065970,0.0023,0.2568
2026-08-10T10:06:24.308340,0000,003904,0.018216,0.0010,0.1350
2026-08-10T10:06:26.125334,0000,003912,0.012422,-0.0008,0.1115
2026-08-10T10:06:28.412467,0000,003920,0.042138,-0.0019,0.2053
2026-08-10T10:06:30.725956,0000,003928,0.032193,-0.0010,0.1794
2026-08-10T10:06:32.753034,0000,003936,0.012792,-0.0003,0.1131
2026-08-10T10:06:34.797248,0000,003944,0.028277,0.0015,0.1682
2026-08-10T10:06:36.554310,0000,003952,0.026560,0.0019,0.1630
2026-08-10T10:06:38.306355,0000,003960,0.020244,0.0018,0.1423
2026-08-10T10:06:40.056829,0000,003968,0.161147,0.0007,0.4014
2026-08-10T10:06:41.985630,0000,003976,0.016294,-0.0007,0.1276
2026-08-10T10:06:43.768144,0000,003984,0.027501,-0.0012,0.1658
2026-08-10T10:06:45.498677,0000,003992,0.028788,-0.0012,0.1697
2026-08-10T10:06:47.243691,0000,004000,0.008591,-0.0003,0.0927
2026-08-10T10:06:49.068494,0000,004008,0.016681,0.0016,0.1292
2026-08-10T10:06:50.809198,0000,004016,0.029826,0.0021,0.1727
2026-08-10T10:06:52.615301,0000,004024,0.025363,0.0019,0.1593
2026-08-10T10:06:54.527527,0000,004032,0.038015,0.0010,0.1950
2026-08-10T10:06:56.344876,0000,004040,0.021959,-0.0005,0.1482
2026-08-10T10:06:58.107781,0000,004048,0.018423,-0.0013,0.1357
2026-08-10T10:07:00.170309,0000,004056,0.015831,-0.0010,0.1258
2026-08-10T10:07:02.085477,0000,004064,0.014155,-0.0003,0.1190
2026-08-10T10:07:04.447313,0000,004072,0.024619,0.0019,0.1569
2026-08-10T10:07:06.739207,0000,004080,0.026441,0.0020,0.1626
2026-08-10T10:07:09.090069,0000,004088,0.037372,0.0018,0.1933
2026-08-10T10:07:11.491853,0000,004096,0.017335,0.0012,0.1317
2026-08-10T10:07:13.409017,0000,004104,0.029632,-0.0006,0.1721
2026-08-10T10:07:15.431409,0000,004112,0.025687,-0.0013,0.1603
2026-08-10T10:07:17.644017,0000,004120,0.014901,-0.0012,0.1221
2026-08-10T10:07:19.883434,0000,004128,0.038439,-0.0003,0.1961
2026-08-10T10:07:21.938092,0000,004136,0.038630,0.0017,0.1965
2026-08-10T10:07:23.841914,0000,004144,0.032258,0.0020,0.1796
2026-08-10T10:07:25.741226,0000,004152,0.030287,0.0019,0.1740
2026-08-10T10:07:27.816765,0000,004160,0.024254,0.0013,0.1557
2026-08-10T10:07:29.790027,0000,004168,0.012894,-0.0005,0.1136
2026-08-10T10:07:31.874322,0000,004176,0.013648,-0.0012,0.1168
2026-08-10T10:07:33.787071,0000,004184,0.037109,-0.0011,0.1926
2026-08-10T10:07:35.637416,0000,004192,0.010721,-0.0002,0.1035
2026-08-10T10:07:37.506576,0000,004200,0.023304,0.0014,0.1527
2026-08-10T10:07:39.624276,0000,004208,0.043218,0.0025,0.2079
2026-08-10T10:07:41.829767,0000,004216,0.022533,0.0021,0.1501
2026-08-10T10:07:43.777480,0000,004224,0.187305,0.0010,0.4328
2026-08-10T10:07:45.582244,0000,004232,0.016610,-0.0004,0.1289
2026-08-10T10:07:47.501161,0000,004240,0.018637,-0.0013,0.1365
2026-08-10T10:07:49.540009,0000,004248,0.029992,-0.0010,0.1732
2026-08-10T10:07:51.771757,0000,004256,0.016377,-0.0003,0.1280
2026-08-10T10:07:53.824456,0000,004264,0.022023,0.0016,0.1484
2026-08-10T10:07:56.099304,0000,004272,0.029174,0.0023,0.1708
2026-08-10T10:07:58.214999,0000,004280,0.040018,0.0020,0.2000
2026-08-10T10:08:00.369460,0000,004288,0.020814,0.0013,0.1443
2026-08-10T10:08:02.217301,0000,004296,0.026634,-0.0005,0.1632
2026-08-10T10:08:04.131518,0000,004304,0.015882,-0.0011,0.1260
2026-08-10T10:08:05.954920,0000,004312,0.026916,-0.0010,0.1641
2026-08-10T10:08:07.880319,0000,004320,0.009724,0.0002,0.0986
2026-08-10T10:08:09.814441,0000,004328,0.030056,-0.0002,0.1734
2026-08-10T10:08:12.032418,0000,004336,0.014076,0.0011,0.1186
2026-08-10T10:08:13.927027,0000,004344,0.053914,0.0006,0.2322
2026-08-10T10:08:15.708519,0000,004352,0.009583,0.0001,0.0979
2026-08-10T10:08:17.555918,0000,004360,0.016242,-0.0013,0.1274
2026-08-10T10:08:19.430519,0000,004368,0.066657,-0.0021,0.2582
2026-08-10T10:08:21.237207,0000,004376,0.040920,-0.0018,0.2023
2026-08-10T10:08:23.323270,0000,004384,0.016788,-0.0008,0.1296
2026-08-10T10:08:25.338087,0000,004392,0.011459,0.0010,0.1070
2026-08-10T10:08:27.448455,0000,004400,0.026347,0.0018,0.1623
2026-08-10T10:08:29.540077,0000,004408,0.024774,0.0016,0.1574
2026-08-10T10:08:31.805191,0000,004416,0.047131,0.0007,0.2171
2026-08-10T10:08:33.558406,0000,004424,0.022872,-0.0010,0.1512
2026-08-10T10:08:35.468312,0000,004432,0.028754,-0.0018,0.1696
2026-08-10T10:08:37.488976,0000,004440,0.077744,-0.0019,0.2788
2026-08-10T10:08:39.323130,0000,004448,0.015014,-0.0001,0.1225
2026-08-10T10:08:41.304151,0000,004456,0.020025,0.0016,0.1415
2026-08-10T10:08:43.319121,0000,004464,0.034517,0.0025,0.1858
2026-08-10T10:08:45.347275,0000,004472,0.037479,0.0020,0.1936
2026-08-10T10:08:47.269012,0000,004480,0.025979,0.0010,0.1612
2026-08-10T10:08:49.355654,0000,004488,0.013995,-0.0006,0.1183
2026-08-10T10:08:51.374961,0000,004496,0.013315,-0.0011,0.1154
2026-08-10T10:08:53.308025,0000,004504,0.032830,-0.0010,0.1812
2026-08-10T10:08:55.384721,0000,004512,0.010615,0.0002,0.1030
2026-08-10T10:08:57.488685,0000,004520,0.008148,-0.0001,0.0903
2026-08-10T10:08:59.665806,0000,004528,0.015190,0.0010,0.1232
2026-08-10T10:09:01.928558,0000,004536,0.013901,0.0012,0.1179
2026-08-10T10:09:03.910938,0000,004544,0.011799,0.0001,0.1086
2026-08-10T10:09:05.994612,0000,004552,0.020332,-0.0017,0.1426
2026-08-10T10:09:07.805044,0000,004560,0.021704,-0.0020,0.1473
2026-08-10T10:09:09.836446,0000,004568,0.021594,-0.0016,0.1470
2026-08-10T10:09:11.748035,0000,004576,0.011839,-0.0007,0.1088
2026-08-10T10:09:13.652601,0000,004584,0.021538,0.0010,0.1468
2026-08-10T10:09:15.629102,0000,004592,0.028923,0.0015,0.1701
2026-08-10T10:09:17.899140,0000,004600,0.045380,0.0020,0.2130
2026-08-10T10:09:19.775144,0000,004608,0.011338,0.0008,0.1065
2026-08-10T10:09:21.796383,0000,004616,0.018786,-0.0007,0.1371
2026-08-10T10:09:23.838286,0000,004624,0.062354,-0.0014,0.2497
2026-08-10T10:09:25.858693,0000,004632,0.024196,-0.0013,0.1556
2026-08-10T10:09:27.971566,0000,004640,0.014942,-0.0001,0.1222
2026-08-10T10:09:29.989401,0000,004648,0.021909,0.0014,0.1480
2026-08-10T10:09:31.762682,0000,004656,0.022424,0.0019,0.1497
2026-08-10T10:09:33.684755,0000,004664,0.058927,0.0019,0.2427
2026-08-10T10:09:35.579039,0000,004672,0.013235,0.0011,0.1150
2026-08-10T10:09:37.451903,0000,004680,0.026959,-0.0005,0.1642
2026-08-10T10:09:39.291853,0000,004688,0.015069,-0.0010,0.1228
2026-08-10T10:09:41.259871,0000,004696,0.042833,-0.0013,0.2070
2026-08-10T10:09:43.272621,0000,004704,0.038234,-0.0000,0.1955
2026-08-10T10:09:45.153623,0000,004712,0.018076,0.0015,0.1344
2026-08-10T10:09:46.994600,0000,004720,0.035956,0.0023,0.1896
2026-08-10T10:09:48.780368,0000,004728,0.023889,0.0021,0.1546
2026-08-10T10:09:51.075203,0000,004736,0.029193,0.0014,0.1709
2026-08-10T10:09:53.037789,0000,004744,0.014497,-0.0002,0.1204
2026-08-10T10:09:55.156695,0000,004752,0.033349,-0.0014,0.1826
2026-08-10T10:09:57.086934,0000,004760,0.016765,-0.0008,0.1295
2026-08-10T10:09:59.323321,0000,004768,0.029843,0.0002,0.1728
2026-08-10T10:10:01.286750,0000,004776,0.004317,0.0001,0.0657
2026-08-10T10:10:03.371152,0000,004784,0.010643,-0.0005,0.1032
2026-08-10T10:10:05.367251,0000,004792,0.015656,-0.0006,0.1251
2026-08-10T10:10:07.406317,0000,004800,0.017334,0.0007,0.1317
2026-08-10T10:10:09.613253,0000,004808,0.017788,0.0007,0.1334
2026-08-10T10:10:11.857612,0000,004816,0.013500,-0.0003,0.1162
2026-08-10T10:10:14.096443,0000,004824,0.018487,-0.0001,0.1360
2026-08-10T10:10:16.428975,0000,004832,0.019177,0.0007,0.1385
2026-08-10T10:10:18.748219,0000,004840,0.020655,0.0007,0.1437
2026-08-10T10:10:21.597641,0000,004848,0.008830,-0.0001,0.0940
2026-08-10T10:10:23.911493,0000,004856,0.043270,-0.0003,0.2080
2026-08-10T10:10:25.922234,0000,004864,0.022703,0.0012,0.1507
2026-08-10T10:10:27.850701,0000,004872,0.011594,0.0009,0.1077
2026-08-10T10:10:29.682117,0000,004880,0.009842,0.0001,0.0992
2026-08-10T10:10:31.477457,0000,004888,0.020592,-0.0012,0.1435
2026-08-10T10:10:33.181114,0000,004896,0.022143,-0.0018,0.1488
2026-08-10T10:10:34.930012,0000,004904,0.019371,-0.0015,0.1392
2026-08-10T10:10:36.788630,0000,004912,0.026496,-0.0007,0.1628
2026-08-10T10:10:38.906306,0000,004920,0.026879,0.0011,0.1639
2026-08-10T10:10:40.942701,0000,004928,0.025026,0.0020,0.1582
2026-08-10T10:10:42.956061,0000,004936,0.021293,0.0016,0.1459
2026-08-10T10:10:44.920087,0000,004944,0.014593,0.0008,0.1208
2026-08-10T10:10:46.700858,0000,004952,0.011435,-0.0007,0.1069
2026-08-10T10:10:48.894782,0000,004960,0.019796,-0.0016,0.1407
2026-08-10T10:10:50.970621,0000,004968,0.013040,-0.0010,0.1142
2026-08-10T10:10:52.970024,0000,004976,0.011775,-0.0000,0.1085
2026-08-10T10:10:54.921593,0000,004984,0.051251,-0.0000,0.2264
2026-08-10T10:10:56.754973,0000,004992,0.021719,0.0009,0.1474
2026-08-10T10:10:58.591214,0000,005000,0.013213,0.0009,0.1149
2026-08-10T10:11:00.705206,0000,005008,0.023416,0.0002,0.1530
2026-08-10T10:11:02.463900,0000,005016,0.024663,-0.0013,0.1570
2026-08-10T10:11:04.214693,0000,005024,0.156080,-0.0018,0.3951
2026-08-10T10:11:06.078813,0000,005032,0.016293,-0.0014,0.1276
2026-08-10T10:11:07.820058,0000,005040,0.013070,-0.0006,0.1143
2026-08-10T10:11:09.662069,0000,005048,0.041217,0.0013,0.2030
2026-08-10T10:11:11.574335,0000,005056,0.030459,0.0019,0.1745
2026-08-10T10:11:13.379047,0000,005064,0.062273,0.0018,0.2495
2026-08-10T10:11:15.266785,0000,005072,0.031034,0.0013,0.1762
2026-08-10T10:11:17.025811,0000,005080,0.057281,-0.0006,0.2393
2026-08-10T10:11:18.879705,0000,005088,0.017212,-0.0010,0.1312
2026-08-10T10:11:20.612327,0000,005096,0.009442,-0.0007,0.0972
2026-08-10T10:11:22.652122,0000,005104,0.014154,0.0001,0.1190
2026-08-10T10:11:24.412757,0000,005112,0.019317,0.0017,0.1390
2026-08-10T10:11:26.361982,0000,005120,0.038856,0.0025,0.1971
2026-08-10T10:11:28.709461,0000,005128,0.044658,0.0023,0.2113
2026-08-10T10:11:30.670899,0000,005136,0.024041,0.0014,0.1551
2026-08-10T10:11:32.884126,0000,005144,0.009949,-0.0005,0.0997
2026-08-10T10:11:34.654889,0000,005152,0.010533,-0.0009,0.1026
2026-08-10T10:11:36.764805,0000,005160,0.017255,-0.0008,0.1314
2026-08-10T10:11:38.601768,0000,005168,0.016365,0.0004,0.1279
2026-08-10T10:11:40.479874,0000,005176,0.030501,0.0003,0.1746
2026-08-10T10:11:42.347692,0000,005184,0.032532,-0.0005,0.1804
2026-08-10T10:11:44.203671,0000,005192,0.005026,-0.0002,0.0709
2026-08-10T10:11:46.295764,0000,005200,0.010561,0.0006,0.1028
2026-08-10T10:11:48.117895,0000,005208,0.012130,0.0007,0.1101
2026-08-10T10:11:49.856742,0000,005216,0.010666,-0.0000,0.1033
2026-08-10T10:11:51.561441,0000,005224,0.009274,-0.0000,0.0963
2026-08-10T10:11:53.445663,0000,005232,0.013004,0.0010,0.1140
2026-08-10T10:11:55.505046,0000,005240,0.018479,0.0010,0.1359
2026-08-10T10:11:57.246747,0000,005248,0.010110,0.0001,0.1005
2026-08-10T10:11:59.022824,0000,005256,0.020118,-0.0012,0.1418
2026-08-10T10:12:01.043809,0000,005264,0.024345,-0.0021,0.1560
2026-08-10T10:12:02.933154,0000,005272,0.022151,-0.0016,0.1488
2026-08-10T10:12:04.784394,0000,005280,0.007356,-0.0005,0.0858
2026-08-10T10:12:06.689285,0000,005288,0.014881,0.0013,0.1220
2026-08-10T10:12:08.680220,0000,005296,0.022059,0.0019,0.1485
2026-08-10T10:12:10.696413,0000,005304,0.028334,0.0018,0.1683
2026-08-10T10:12:12.571626,0000,005312,0.024884,0.0007,0.1577
2026-08-10T10:12:14.341510,0000,005320,0.018679,-0.0006,0.1367
2026-08-10T10:12:16.242688,0000,005328,0.029602,-0.0011,0.1721
2026-08-10T10:12:18.085731,0000,005336,0.010122,-0.0009,0.1006
2026-08-10T10:12:19.832252,0000,005344,0.011922,-0.0000,0.1092
2026-08-10T10:12:21.579148,0000,005352,0.030377,0.0015,0.1743
2026-08-10T10:12:23.486843,0000,005360,0.029910,0.0025,0.1729
2026-08-10T10:12:25.261913,0000,005368,0.024857,0.0022,0.1577
2026-08-10T10:12:27.069084,0000,005376,0.022438,0.0014,0.1498
2026-08-10T10:12:28.811785,0000,005384,0.017257,-0.0003,0.1314
2026-08-10T10:12:30.723748,0000,005392,0.029048,-0.0012,0.1704
2026-08-10T10:12:32.670683,0000,005400,0.021835,-0.0008,0.1478
2026-08-10T10:12:34.642491,0000,005408,0.013155,0.0003,0.1147
2026-08-10T10:12:36.745698,0000,005416,0.033818,0.0001,0.1839
2026-08-10T10:12:38.708482,0000,005424,0.029913,-0.0006,0.1730
2026-08-10T10:12:40.922267,0000,005432,0.048727,-0.0005,0.2207
2026-08-10T10:12:42.801205,0000,005440,0.016472,0.0006,0.1283
2026-08-10T10:12:44.991150,0000,005448,0.011448,0.0007,0.1070
2026-08-10T10:12:46.726721,0000,005456,0.009564,-0.0001,0.0978
2026-08-10T10:12:48.735517,0000,005464,0.010897,0.0001,0.1044
2026-08-10T10:12:50.774916,0000,005472,0.027154,-0.0005,0.1648
2026-08-10T10:12:52.827006,0000,005480,0.022877,-0.0004,0.1513
2026-08-10T10:12:54.873404,0000,005488,0.007209,0.0005,0.0849
2026-08-10T10:12:56.712393,0000,005496,0.018157,0.0005,0.1347
2026-08-10T10:12:58.586080,0000,005504,0.017348,-0.0000,0.1317
2026-08-10T10:13:00.325898,0000,005512,0.042830,-0.0017,0.2070
2026-08-10T10:13:02.177808,0000,005520,0.029099,-0.0020,0.1706
2026-08-10T10:13:04.166992,0000,005528,0.024478,-0.0019,0.1565
2026-08-10T10:13:06.285053,0000,005536,0.032119,-0.0009,0.1792
2026-08-10T10:13:08.344905,0000,005544,0.015156,0.0011,0.1231
2026-08-10T10:13:10.219083,0000,005552,0.024439,0.0017,0.1563
2026-08-10T10:13:12.539991,0000,005560,0.044322,0.0019,0.2105
2026-08-10T10:13:14.507395,0000,005568,0.010812,0.0008,0.1040
2026-08-10T10:13:16.409538,0000,005576,0.015420,-0.0005,0.1242
2026-08-10T10:13:18.462582,0000,005584,0.017378,-0.0013,0.1318
2026-08-10T10:13:20.490671,0000,005592,0.010156,-0.0011,0.1008
2026-08-10T10:13:22.439355,0000,005600,0.011721,0.0000,0.1083
2026-08-10T10:13:24.549872,0000,005608,0.028479,-0.0000,0.1688
2026-08-10T10:13:26.567515,0000,005616,0.011714,-0.0006,0.1082
2026-08-10T10:13:28.432207,0000,005624,0.018401,-0.0003,0.1357
2026-08-10T10:13:30.329988,0000,005632,0.014372,0.0005,0.1199
2026-08-10T10:13:32.137941,0000,005640,0.021875,0.0006,0.1479
2026-08-10T10:13:34.122492,0000,005648,0.007950,-0.0001,0.0892
2026-08-10T10:13:36.168770,0000,005656,0.014709,0.0000,0.1213
2026-08-10T10:13:38.013526,0000,005664,0.025520,-0.0006,0.1597
2026-08-10T10:13:39.813760,0000,005672,0.067452,-0.0004,0.2597
2026-08-10T10:13:41.829512,0000,005680,0.010198,0.0005,0.1010
2026-08-10T10:13:43.780207,0000,005688,0.065199,0.0003,0.2553
2026-08-10T10:13:45.691706,0000,005696,0.019581,0.0001,0.1399
2026-08-10T10:13:47.595856,0000,005704,0.063352,-0.0015,0.2517
2026-08-10T10:13:49.511678,0000,005712,0.020513,-0.0018,0.1432
2026-08-10T10:13:51.547241,0000,005720,0.016887,-0.0017,0.1300
2026-08-10T10:13:53.353768,0000,005728,0.035692,-0.0007,0.1889
2026-08-10T10:13:55.200029,0000,005736,0.023306,0.0009,0.1527
2026-08-10T10:13:57.521794,0000,005744,0.032658,0.0023,0.1807
2026-08-10T10:13:59.748730,0000,005752,1.157503,0.0011,1.0759
2026-08-10T10:14:01.550744,0000,005760,0.012519,0.0010,0.1119
2026-08-10T10:14:03.420973,0000,005768,0.018354,-0.0004,0.1355
2026-08-10T10:14:05.441350,0000,005776,0.013998,-0.0011,0.1183
2026-08-10T10:14:07.243444,0000,005784,0.018514,-0.0006,0.1361
2026-08-10T10:14:09.083021,0000,005792,0.023390,0.0003,0.1529
2026-08-10T10:14:11.219945,0000,005800,0.016168,0.0003,0.1272
2026-08-10T10:14:13.140855,0000,005808,0.011622,-0.0001,0.1078
2026-08-10T10:14:14.977315,0000,005816,0.023534,-0.0000,0.1534
2026-08-10T10:14:17.136773,0000,005824,0.016972,0.0008,0.1303
2026-08-10T10:14:19.070531,0000,005832,0.012617,0.0009,0.1123
2026-08-10T10:14:21.224994,0000,005840,0.025562,-0.0001,0.1599
2026-08-10T10:14:23.896952,0000,005848,0.040808,0.0001,0.2020
2026-08-10T10:14:26.402248,0000,005856,0.021468,-0.0007,0.1465
2026-08-10T10:14:28.467599,0000,005864,0.028690,-0.0002,0.1694
2026-08-10T10:14:30.425336,0000,005872,0.014024,0.0010,0.1184
2026-08-10T10:14:32.448393,0000,005880,0.030503,0.0008,0.1747
2026-08-10T10:14:34.283521,0000,005888,0.036749,0.0000,0.1917
2026-08-10T10:14:36.043707,0000,005896,0.010823,-0.0011,0.1040
2026-08-10T10:14:37.832532,0000,005904,0.054560,-0.0017,0.2336
2026-08-10T10:14:39.659032,0000,005912,0.035895,-0.0016,0.1895
2026-08-10T10:14:41.628345,0000,005920,0.011188,-0.0003,0.1058
2026-08-10T10:14:43.723639,0000,005928,0.023920,0.0015,0.1547
2026-08-10T10:14:45.554530,0000,005936,0.026904,0.0021,0.1640
2026-08-10T10:14:47.454690,0000,005944,0.039712,0.0021,0.1993
2026-08-10T10:14:49.402990,0000,005952,0.019476,0.0014,0.1396
2026-08-10T10:14:51.364738,0000,005960,0.006982,-0.0000,0.0836
2026-08-10T10:14:53.300672,0000,005968,0.014821,-0.0008,0.1217
2026-08-10T10:14:55.554477,0000,005976,0.023162,-0.0006,0.1522
2026-08-10T10:14:57.367445,0000,005984,0.019541,0.0004,0.1398
2026-08-10T10:14:59.509482,0000,005992,0.012117,0.0004,0.1101
2026-08-10T10:15:01.414601,0000,006000,0.009972,-0.0002,0.0999
2026-08-10T10:15:03.377893,0000,006008,0.020687,0.0001,0.1438
2026-08-10T10:15:05.207241,0000,006016,0.051548,-0.0005,0.2270
2026-08-10T10:15:07.011030,0000,006024,0.029945,-0.0005,0.1730
2026-08-10T10:15:08.744037,0000,006032,0.024677,0.0006,0.1571
2026-08-10T10:15:10.794354,0000,006040,0.019746,0.0007,0.1405
2026-08-10T10:15:12.725455,0000,006048,0.015431,0.0000,0.1242
2026-08-10T10:15:15.123785,0000,006056,0.028977,-0.0019,0.1702
2026-08-10T10:15:16.995895,0000,006064,0.029862,-0.0018,0.1728
2026-08-10T10:15:18.973262,0000,006072,0.018890,-0.0015,0.1374
2026-08-10T10:15:21.354001,0000,006080,0.021614,-0.0007,0.1470
2026-08-10T10:15:23.326702,0000,006088,0.020269,0.0015,0.1424
2026-08-10T10:15:25.326384,0000,006096,0.025671,0.0022,0.1602
2026-08-10T10:15:27.273181,0000,006104,0.039846,0.0022,0.1996
2026-08-10T10:15:29.096842,0000,006112,0.016965,0.0012,0.1303
2026-08-10T10:15:31.422632,0000,006120,0.032063,-0.0004,0.1791
2026-08-10T10:15:33.291099,0000,006128,0.016580,-0.0008,0.1288
2026-08-10T10:15:35.192032,0000,006136,0.016881,-0.0005,0.1299
2026-08-10T10:15:37.360955,0000,006144,0.016651,0.0003,0.1290
2026-08-10T10:15:39.377060,0000,006152,0.020602,0.0004,0.1435
2026-08-10T10:15:41.360298,0000,006160,0.024719,-0.0003,0.1572
2026-08-10T10:15:43.204821,0000,006168,0.020391,0.0000,0.1428
2026-08-10T10:15:45.021699,0000,006176,0.011693,-0.0005,0.1081
2026-08-10T10:15:46.858730,0000,006184,0.011642,-0.0004,0.1079
2026-08-10T10:15:48.817123,0000,006192,0.022248,0.0006,0.1492
2026-08-10T10:15:50.706640,0000,006200,0.010220,0.0007,0.1011
2026-08-10T10:15:52.707519,0000,006208,0.030116,-0.0003,0.1735
2026-08-10T10:15:54.613712,0000,006216,0.012918,0.0002,0.1137
2026-08-10T10:15:56.628429,0000,006224,0.019877,-0.0003,0.1410
2026-08-10T10:15:58.466193,0000,006232,0.006710,-0.0002,0.0819
2026-08-10T10:16:00.336754,0000,006240,0.015639,0.0006,0.1251
2026-08-10T10:16:02.529817,0000,006248,0.036448,0.0007,0.1909
2026-08-10T10:16:04.437614,0000,006256,0.010079,0.0001,0.1004
2026-08-10T10:16:06.290399,0000,006264,0.013456,-0.0012,0.1160
2026-08-10T10:16:08.196205,0000,006272,0.021099,-0.0016,0.1453
2026-08-10T10:16:10.048416,0000,006280,0.017778,-0.0014,0.1333
2026-08-10T10:16:11.989813,0000,006288,0.055667,-0.0002,0.2359
2026-08-10T10:16:13.796152,0000,006296,0.013387,0.0013,0.1157
2026-08-10T10:16:15.784184,0000,006304,0.026924,0.0022,0.1641
2026-08-10T10:16:18.046251,0000,006312,0.034300,0.0023,0.1852
2026-08-10T10:16:20.075680,0000,006320,0.017164,0.0012,0.1310
2026-08-10T10:16:22.032370,0000,006328,0.011459,-0.0002,0.1070
2026-08-10T10:16:23.910581,0000,006336,0.008358,-0.0007,0.0914
2026-08-10T10:16:25.715539,0000,006344,0.014247,-0.0007,0.1194
2026-08-10T10:16:27.523695,0000,006352,0.014180,0.0004,0.1191
2026-08-10T10:16:29.824289,0000,006360,0.023436,0.0006,0.1531
2026-08-10T10:16:31.924894,0000,006368,0.013992,-0.0004,0.1183
2026-08-10T10:16:34.070314,0000,006376,0.015695,0.0001,0.1253
2026-08-10T10:16:35.836294,0000,006384,0.015930,-0.0005,0.1262
2026-08-10T10:16:37.873754,0000,006392,0.015919,-0.0003,0.1262
2026-08-10T10:16:39.674756,0000,006400,0.024571,0.0006,0.1568
2026-08-10T10:16:41.578206,0000,006408,0.026391,0.0006,0.1625
2026-08-10T10:16:43.890452,0000,006416,0.032667,-0.0002,0.1807
2026-08-10T10:16:45.760952,0000,006424,0.016852,0.0001,0.1298
2026-08-10T10:16:47.681110,0000,006432,0.055848,-0.0003,0.2363
2026-08-10T10:16:49.539416,0000,006440,0.020768,-0.0002,0.1441
2026-08-10T10:16:51.510445,0000,006448,0.035485,0.0008,0.1884
2026-08-10T10:16:53.475257,0000,006456,0.010574,0.0008,0.1028
2026-08-10T10:16:55.620355,0000,006464,0.019500,0.0003,0.1396
2026-08-10T10:16:57.559271,0000,006472,0.012750,-0.0012,0.1129
2026-08-10T10:16:59.734266,0000,006480,0.065466,-0.0019,0.2559
2026-08-10T10:17:01.666604,0000,006488,0.027532,-0.0014,0.1659
2026-08-10T10:17:03.750329,0000,006496,0.015785,-0.0003,0.1256
2026-08-10T10:17:05.761377,0000,006504,0.018292,0.0014,0.1352
2026-08-10T10:17:07.720272,0000,006512,0.031086,0.0019,0.1763
2026-08-10T10:17:09.537950,0000,006520,0.021408,0.0020,0.1463
2026-08-10T10:17:11.338081,0000,006528,0.033000,0.0012,0.1817
2026-08-10T10:17:13.450247,0000,006536,0.023517,-0.0003,0.1534
2026-08-10T10:17:15.450258,0000,006544,0.018817,-0.0007,0.1372
2026-08-10T10:17:17.698382,0000,006552,0.016496,-0.0007,0.1284
2026-08-10T10:17:19.635127,0000,006560,0.030182,0.0002,0.1737
2026-08-10T10:17:21.499809,0000,006568,0.015862,0.0006,0.1259
2026-08-10T10:17:23.737087,0000,006576,0.023366,-0.0003,0.1529
2026-08-10T10:17:25.600812,0000,006584,0.009852,0.0002,0.0993
2026-08-10T10:17:27.439129,0000,006592,0.013288,-0.0005,0.1153
2026-08-10T10:17:29.484666,0000,006600,0.024694,-0.0004,0.1571
2026-08-10T10:17:31.598010,0000,006608,0.020426,0.0006,0.1429
2026-08-10T10:17:33.636882,0000,006616,0.014095,0.0008,0.1187
2026-08-10T10:17:35.646286,0000,006624,0.151534,-0.0001,0.3893
2026-08-10T10:17:37.809361,0000,006632,0.008705,0.0003,0.0933
2026-08-10T10:17:40.127258,0000,006640,0.013012,-0.0007,0.1141
2026-08-10T10:17:42.752107,0000,006648,0.013402,-0.0002,0.1158
2026-08-10T10:17:45.052143,0000,006656,1.155781,-0.0004,1.0751
2026-08-10T10:17:46.929289,0000,006664,0.014026,0.0007,0.1184
2026-08-10T10:17:49.039344,0000,006672,0.015442,0.0002,0.1243
2026-08-10T10:17:51.059188,0000,006680,0.010671,-0.0012,0.1033
2026-08-10T10:17:53.451962,0000,006688,0.037974,-0.0021,0.1949
2026-08-10T10:17:55.975414,0000,006696,0.015508,-0.0014,0.1245
2026-08-10T10:17:58.399339,0000,006704,0.015111,-0.0005,0.1229
2026-08-10T10:18:00.208935,0000,006712,0.019040,0.0014,0.1380
2026-08-10T10:18:02.254915,0000,006720,1.168385,0.0015,1.0809
2026-08-10T10:18:04.222212,0000,006728,0.021265,0.0020,0.1458
2026-08-10T10:18:06.069996,0000,006736,0.036745,0.0010,0.1917
2026-08-10T10:18:08.062488,0000,006744,0.018268,-0.0001,0.1352
2026-08-10T10:18:10.736042,0000,006752,0.016023,-0.0011,0.1266
2026-08-10T10:18:13.085818,0000,006760,0.012496,-0.0004,0.1118
2026-08-10T10:18:15.692153,0000,006768,0.046041,0.0002,0.2146
2026-08-10T10:18:18.159549,0000,006776,0.054169,0.0006,0.2327
2026-08-10T10:18:20.042584,0000,006784,0.016971,-0.0001,0.1303
2026-08-10T10:18:22.460577,0000,006792,0.010966,0.0002,0.1047
2026-08-10T10:18:24.932926,0000,006800,0.012769,-0.0004,0.1130
2026-08-10T10:18:27.481740,0000,006808,0.012484,-0.0003,0.1117
2026-08-10T10:18:29.477929,0000,006816,0.037465,0.0009,0.1936
2026-08-10T10:18:31.235073,0000,006824,0.015708,0.0008,0.1253
2026-08-10T10:18:33.378784,0000,006832,0.015992,0.0003,0.1265
2026-08-10T10:18:35.498664,0000,006840,0.026046,-0.0012,0.1614
2026-08-10T10:18:37.788793,0000,006848,0.157177,-0.0017,0.3965
2026-08-10T10:18:39.682017,0000,006856,0.013331,-0.0013,0.1155
2026-08-10T10:18:41.490454,0000,006864,0.007971,-0.0003,0.0893
2026-08-10T10:18:43.507141,0000,006872,0.015068,0.0015,0.1228
2026-08-10T10:18:46.053049,0000,006880,0.050724,0.0027,0.2252
2026-08-10T10:18:48.395214,0000,006888,0.040648,0.0022,0.2016
2026-08-10T10:18:50.392013,0000,006896,0.023705,0.0012,0.1540
2026-08-10T10:18:52.360301,0000,006904,0.007948,-0.0001,0.0892
2026-08-10T10:18:54.557727,0000,006912,0.016482,-0.0007,0.1284
2026-08-10T10:18:56.540986,0000,006920,0.006273,-0.0004,0.0792
2026-08-10T10:18:58.761078,0000,006928,0.011753,0.0006,0.1084
2026-08-10T10:19:00.496038,0000,006936,0.011571,0.0005,0.1076
2026-08-10T10:19:02.364755,0000,006944,0.013466,0.0000,0.1160
2026-08-10T10:19:04.396649,0000,006952,0.028836,-0.0014,0.1698
2026-08-10T10:19:06.720009,0000,006960,0.038413,-0.0018,0.1960
2026-08-10T10:19:08.701079,0000,006968,0.016721,-0.0013,0.1293
2026-08-10T10:19:10.714485,0000,006976,0.014881,-0.0003,0.1220
2026-08-10T10:19:12.612993,0000,006984,0.021176,0.0016,0.1455
2026-08-10T10:19:14.463502,0000,006992,0.031412,0.0020,0.1772
2026-08-10T10:19:16.428198,0000,007000,0.030091,0.0022,0.1735
2026-08-10T10:19:18.701738,0000,007008,0.037904,0.0013,0.1947
2026-08-10T10:19:20.679725,0000,007016,0.017826,-0.0001,0.1335
2026-08-10T10:19:22.656472,0000,007024,0.019230,-0.0008,0.1387
2026-08-10T10:19:24.601713,0000,007032,1.138173,-0.0014,1.0669
2026-08-10T10:19:26.611744,0000,007040,0.014754,0.0005,0.1215
2026-08-10T10:19:28.480852,0000,007048,0.010483,0.0006,0.1024
2026-08-10T10:19:30.495320,0000,007056,0.025952,-0.0001,0.1611
2026-08-10T10:19:32.810186,0000,007064,0.016196,0.0002,0.1273
2026-08-10T10:19:35.186455,0000,007072,0.015995,-0.0006,0.1265
2026-08-10T10:19:36.951396,0000,007080,0.006544,-0.0001,0.0809
2026-08-10T10:19:39.061689,0000,007088,0.024007,0.0008,0.1549
2026-08-10T10:19:41.118767,0000,007096,0.026013,0.0010,0.1613
2026-08-10T10:19:42.971181,0000,007104,0.033398,0.0001,0.1828
2026-08-10T10:19:44.986061,0000,007112,0.010206,-0.0010,0.1010
2026-08-10T10:19:47.143674,0000,007120,0.033360,-0.0017,0.1826
2026-08-10T10:19:48.985630,0000,007128,0.015084,-0.0012,0.1228
2026-08-10T10:19:50.825881,0000,007136,0.024268,-0.0004,0.1558
2026-08-10T10:19:52.655514,0000,007144,0.016802,0.0015,0.1296
2026-08-10T10:19:54.702725,0000,007152,0.056142,0.0023,0.2369
2026-08-10T10:19:56.602108,0000,007160,0.028728,0.0025,0.1695
2026-08-10T10:19:58.820214,0000,007168,0.037446,0.0016,0.1935
2026-08-10T10:20:01.096685,0000,007176,0.008873,-0.0003,0.0942
2026-08-10T10:20:03.192367,0000,007184,0.016566,-0.0007,0.1287
2026-08-10T10:20:05.054838,0000,007192,0.014298,-0.0003,0.1196
2026-08-10T10:20:07.305634,0000,007200,0.010995,0.0005,0.1049
2026-08-10T10:20:09.681361,0000,007208,0.030852,0.0006,0.1756
2026-08-10T10:20:11.569610,0000,007216,0.011208,0.0001,0.1059
2026-08-10T10:20:14.039267,0000,007224,0.024226,-0.0013,0.1556
2026-08-10T10:20:16.448898,0000,007232,0.036115,-0.0018,0.1900
2026-08-10T10:20:18.354104,0000,007240,0.012419,-0.0013,0.1114
2026-08-10T10:20:20.240605,0000,007248,0.006082,-0.0002,0.0780
2026-08-10T10:20:22.373791,0000,007256,0.050117,0.0017,0.2239
2026-08-10T10:20:24.281200,0000,007264,0.039874,0.0024,0.1997
2026-08-10T10:20:26.073719,0000,007272,0.030338,0.0020,0.1742
2026-08-10T10:20:27.921306,0000,007280,0.017265,0.0014,0.1314
2026-08-10T10:20:29.747787,0000,007288,0.016384,0.0000,0.1280
2026-08-10T10:20:31.980929,0000,007296,0.023421,-0.0023,0.1530
2026-08-10T10:20:33.787382,0000,007304,0.038783,-0.0030,0.1969
2026-08-10T10:20:35.562587,0000,007312,0.052318,-0.0034,0.2287
2026-08-10T10:20:37.393729,0000,007320,0.044066,-0.0029,0.2099
2026-08-10T10:20:39.551329,0000,007328,0.029577,-0.0019,0.1720
2026-08-10T10:20:41.446414,0000,007336,0.012681,0.0002,0.1126
2026-08-10T10:20:43.384919,0000,007344,0.016953,0.0012,0.1302
2026-08-10T10:20:45.219712,0000,007352,0.015076,0.0012,0.1228
2026-08-10T10:20:47.110892,0000,007360,0.016197,0.0005,0.1273
2026-08-10T10:20:49.189345,0000,007368,0.011667,-0.0008,0.1080
2026-08-10T10:20:50.985406,0000,007376,0.017230,-0.0013,0.1313
2026-08-10T10:20:52.892091,0000,007384,0.029831,-0.0011,0.1727
2026-08-10T10:20:54.822506,0000,007392,0.030357,-0.0000,0.1742
2026-08-10T10:20:56.658207,0000,007400,0.025672,0.0001,0.1602
2026-08-10T10:20:58.717853,0000,007408,0.015205,-0.0006,0.1233
2026-08-10T10:21:01.001667,0000,007416,0.058179,-0.0003,0.2412
2026-08-10T10:21:02.939855,0000,007424,0.010197,0.0009,0.1010
2026-08-10T10:21:04.825783,0000,007432,0.024542,0.0010,0.1567
2026-08-10T10:21:07.200285,0000,007440,0.011061,0.0001,0.1052
2026-08-10T10:21:09.393940,0000,007448,0.013363,-0.0012,0.1156
2026-08-10T10:21:11.773772,0000,007456,0.048517,-0.0020,0.2203
2026-08-10T10:21:13.810396,0000,007464,0.016517,-0.0014,0.1285
2026-08-10T10:21:15.682807,0000,007472,1.128385,-0.0012,1.0623
2026-08-10T10:21:17.899954,0000,007480,0.018536,0.0017,0.1361
2026-08-10T10:21:19.880823,0000,007488,0.039192,0.0026,0.1980
2026-08-10T10:21:21.718003,0000,007496,0.020983,0.0022,0.1449
2026-08-10T10:21:24.174938,0000,007504,0.062447,0.0017,0.2499
2026-08-10T10:21:26.047834,0000,007512,0.009047,0.0002,0.0951
2026-08-10T10:21:28.158755,0000,007520,0.040921,-0.0024,0.2023
2026-08-10T10:21:30.023570,0000,007528,0.043270,-0.0030,0.2080
2026-08-10T10:21:32.107646,0000,007536,0.053164,-0.0035,0.2306
2026-08-10T10:21:34.062620,0000,007544,0.046781,-0.0028,0.2163
2026-08-10T10:21:35.943535,0000,007552,0.030123,-0.0015,0.1736
2026-08-10T10:21:38.121768,0000,007560,0.017755,0.0001,0.1332
2026-08-10T10:21:40.128172,0000,007568,0.040078,0.0028,0.2002
2026-08-10T10:21:42.180433,0000,007576,0.094797,0.0046,0.3079
2026-08-10T10:21:44.280559,0000,007584,0.102113,0.0050,0.3196
2026-08-10T10:21:46.162438,0000,007592,0.071939,0.0043,0.2682
2026-08-10T10:21:48.210762,0000,007600,0.069438,0.0035,0.2635
2026-08-10T10:21:50.150611,0000,007608,0.029990,0.0017,0.1732
2026-08-10T10:21:52.020131,0000,007616,0.016535,-0.0005,0.1286
2026-08-10T10:21:54.062305,0000,007624,0.019016,-0.0017,0.1379
2026-08-10T10:21:55.831533,0000,007632,0.031658,-0.0021,0.1779
2026-08-10T10:21:57.764683,0000,007640,0.021132,-0.0017,0.1454
2026-08-10T10:21:59.583187,0000,007648,0.017987,-0.0005,0.1341
2026-08-10T10:22:01.630445,0000,007656,0.020908,0.0010,0.1446
2026-08-10T10:22:03.569988,0000,007664,0.016897,0.0018,0.1300
2026-08-10T10:22:05.588045,0000,007672,0.024796,0.0020,0.1575
2026-08-10T10:22:07.659724,0000,007680,0.020581,0.0014,0.1435
2026-08-10T10:22:09.594515,0000,007688,0.009250,-0.0001,0.0962
2026-08-10T10:22:11.665655,0000,007696,1.151724,-0.0020,1.0732
2026-08-10T10:22:13.773610,0000,007704,0.014497,-0.0007,0.1204
2026-08-10T10:22:15.719449,0000,007712,0.053746,0.0005,0.2318
2026-08-10T10:22:17.579016,0000,007720,0.008403,0.0007,0.0917
2026-08-10T10:22:19.607542,0000,007728,0.027674,-0.0001,0.1664
2026-08-10T10:22:21.553575,0000,007736,0.025776,0.0003,0.1605
2026-08-10T10:22:23.414128,0000,007744,0.018227,-0.0003,0.1350
2026-08-10T10:22:25.257153,0000,007752,0.021034,0.0000,0.1450
2026-08-10T10:22:27.493175,0000,007760,0.015438,-0.0006,0.1242
2026-08-10T10:22:29.806593,0000,007768,0.006871,-0.0004,0.0829
2026-08-10T10:22:32.273515,0000,007776,0.020828,0.0007,0.1443
2026-08-10T10:22:34.842330,0000,007784,1.167683,-0.0002,1.0806
2026-08-10T10:22:37.430550,0000,007792,1.150590,-0.0009,1.0727
2026-08-10T10:22:39.948908,0000,007800,0.006291,0.0003,0.0793
2026-08-10T10:22:42.255646,0000,007808,0.011276,-0.0002,0.1062
2026-08-10T10:22:44.324482,0000,007816,0.030779,-0.0002,0.1754
2026-08-10T10:22:46.675987,0000,007824,0.029929,0.0009,0.1730
2026-08-10T10:22:48.675388,0000,007832,0.015290,0.0011,0.1237
2026-08-10T10:22:50.575521,0000,007840,0.015316,0.0004,0.1238
2026-08-10T10:22:52.577021,0000,007848,0.031272,-0.0012,0.1768
2026-08-10T10:22:54.468368,0000,007856,0.011216,-0.0013,0.1059
2026-08-10T10:22:56.359342,0000,007864,0.016601,-0.0009,0.1288
2026-08-10T10:22:58.500284,0000,007872,0.011330,-0.0001,0.1064
2026-08-10T10:23:00.415701,0000,007880,0.039778,0.0013,0.1994
2026-08-10T10:23:02.574523,0000,007888,0.030388,0.0026,0.1743
2026-08-10T10:23:04.405520,0000,007896,0.029221,0.0022,0.1709
2026-08-10T10:23:06.698455,0000,007904,0.041900,0.0020,0.2047
2026-08-10T10:23:08.574223,0000,007912,0.010736,0.0003,0.1036
2026-08-10T10:23:10.327362,0000,007920,0.018887,-0.0018,0.1374
2026-08-10T10:23:12.108905,0000,007928,0.037611,-0.0030,0.1939
2026-08-10T10:23:14.333011,0000,007936,0.074617,-0.0041,0.2732
2026-08-10T10:23:16.218001,0000,007944,0.050078,-0.0028,0.2238
2026-08-10T10:23:18.053585,0000,007952,0.030488,-0.0015,0.1746
2026-08-10T10:23:19.847491,0000,007960,0.041505,0.0004,0.2037
2026-08-10T10:23:21.826667,0000,007968,0.020986,0.0015,0.1449
2026-08-10T10:23:23.782853,0000,007976,0.030466,0.0013,0.1745
2026-08-10T10:23:25.580493,0000,007984,0.012712,0.0006,0.1127
2026-08-10T10:23:27.462360,0000,007992,0.028798,-0.0007,0.1697
2026-08-10T10:23:29.352482,0000,008000,0.012866,-0.0010,0.1134
2026-08-10T10:23:31.353443,0000,008008,0.014229,-0.0010,0.1193
2026-08-10T10:23:33.184698,0000,008016,0.008996,0.0002,0.0948
2026-08-10T10:23:35.175080,0000,008024,0.013282,0.0005,0.1152
2026-08-10T10:23:37.279850,0000,008032,0.014104,-0.0003,0.1188
2026-08-10T10:23:39.658294,0000,008040,0.011069,-0.0000,0.1052
2026-08-10T10:23:42.023119,0000,008048,0.032451,0.0016,0.1801
2026-08-10T10:23:44.452258,0000,008056,0.009796,0.0010,0.0990
2026-08-10T10:23:46.547446,0000,008064,0.018083,0.0004,0.1345
2026-08-10T10:23:49.245111,0000,008072,0.012760,-0.0010,0.1130
2026-08-10T10:23:51.588121,0000,008080,0.054768,-0.0019,0.2340
2026-08-10T10:23:53.551113,0000,008088,0.013386,-0.0010,0.1157
2026-08-10T10:23:55.540040,0000,008096,0.024431,0.0001,0.1563
2026-08-10T10:23:57.428897,0000,008104,0.018274,0.0001,0.1352
2026-08-10T10:23:59.594894,0000,008112,0.015375,-0.0005,0.1240
2026-08-10T10:24:01.408665,0000,008120,0.010797,-0.0001,0.1039
2026-08-10T10:24:03.247645,0000,008128,0.014664,0.0008,0.1211
2026-08-10T10:24:05.042206,0000,008136,0.016975,0.0007,0.1303
2026-08-10T10:24:06.843994,0000,008144,0.019117,0.0003,0.1383
2026-08-10T10:24:08.603035,0000,008152,0.009278,-0.0010,0.0963
2026-08-10T10:24:10.536257,0000,008160,0.017175,-0.0015,0.1311
2026-08-10T10:24:12.674465,0000,008168,0.023004,-0.0010,0.1517
2026-08-10T10:24:14.488777,0000,008176,0.005209,0.0000,0.0722
2026-08-10T10:24:16.371807,0000,008184,0.024853,0.0002,0.1576
2026-08-10T10:24:18.225620,0000,008192,0.013802,-0.0003,0.1175
2026-08-10T10:24:20.209217,0000,008200,0.027696,0.0000,0.1664
2026-08-10T10:24:22.164269,0000,008208,0.021540,-0.0008,0.1468
2026-08-10T10:24:24.107122,0000,008216,0.008900,-0.0004,0.0943
2026-08-10T10:24:25.908016,0000,008224,0.016019,0.0005,0.1266
2026-08-10T10:24:27.727716,0000,008232,0.018499,0.0007,0.1360
2026-08-10T10:24:29.682208,0000,008240,0.012761,0.0003,0.1130
2026-08-10T10:24:32.287544,0000,008248,0.023473,-0.0014,0.1532
2026-08-10T10:24:34.413091,0000,008256,0.040840,-0.0019,0.2021
2026-08-10T10:24:36.434066,0000,008264,0.012588,-0.0011,0.1122
2026-08-10T10:24:38.358440,0000,008272,0.014095,-0.0002,0.1187
2026-08-10T10:24:40.675914,0000,008280,0.027366,0.0017,0.1654
2026-08-10T10:24:42.611427,0000,008288,0.038219,0.0025,0.1955
2026-08-10T10:24:44.618473,0000,008296,0.037173,0.0023,0.1928
2026-08-10T10:24:46.601837,0000,008304,0.019135,0.0016,0.1383
2026-08-10T10:24:48.506792,0000,008312,0.018244,0.0002,0.1351
2026-08-10T10:24:50.296976,0000,008320,0.021493,-0.0019,0.1466
2026-08-10T10:24:52.545312,0000,008328,0.067109,-0.0036,0.2591
2026-08-10T10:24:54.621234,0000,008336,0.045599,-0.0033,0.2135
2026-08-10T10:24:56.624709,0000,008344,0.031641,-0.0026,0.1779
2026-08-10T10:24:58.732019,0000,008352,0.061095,-0.0015,0.2472
2026-08-10T10:25:00.956183,0000,008360,0.022920,0.0003,0.1514
2026-08-10T10:25:02.845076,0000,008368,0.014050,0.0011,0.1185
2026-08-10T10:25:04.807984,0000,008376,0.014979,0.0014,0.1224
2026-08-10T10:25:06.572728,0000,008384,0.013925,0.0006,0.1180
2026-08-10T10:25:08.601487,0000,008392,0.012664,-0.0005,0.1125
2026-08-10T10:25:10.684165,0000,008400,0.019646,-0.0011,0.1402
2026-08-10T10:25:12.746252,0000,008408,0.012226,-0.0009,0.1106
2026-08-10T10:25:15.106956,0000,008416,0.013672,0.0000,0.1169
2026-08-10T10:25:17.067660,0000,008424,0.019037,0.0018,0.1380
2026-08-10T10:25:19.346832,0000,008432,0.061791,0.0033,0.2486
2026-08-10T10:25:21.164159,0000,008440,0.033784,0.0023,0.1838
2026-08-10T10:25:23.106056,0000,008448,0.026857,0.0019,0.1639
2026-08-10T10:25:24.978985,0000,008456,0.019098,0.0002,0.1382
2026-08-10T10:25:26.830958,0000,008464,0.150117,-0.0018,0.3874
2026-08-10T10:25:28.731074,0000,008472,0.038092,-0.0029,0.1952
2026-08-10T10:25:30.660856,0000,008480,0.054053,-0.0035,0.2325
2026-08-10T10:25:32.711610,0000,008488,0.042267,-0.0029,0.2056
2026-08-10T10:25:34.595131,0000,008496,0.025035,-0.0014,0.1582
2026-08-10T10:25:36.749611,0000,008504,0.033960,0.0004,0.1843
2026-08-10T10:25:38.749934,0000,008512,0.031671,0.0013,0.1780
2026-08-10T10:25:40.679408,0000,008520,0.013708,0.0013,0.1171
2026-08-10T10:25:43.013059,0000,008528,0.030547,0.0011,0.1748
2026-08-10T10:25:44.947526,0000,008536,0.040123,-0.0010,0.2003
2026-08-10T10:25:47.389342,0000,008544,0.021836,-0.0015,0.1478
2026-08-10T10:25:49.435046,0000,008552,0.018557,-0.0010,0.1362
2026-08-10T10:25:51.322130,0000,008560,0.012158,0.0003,0.1103
2026-08-10T10:25:53.367723,0000,008568,0.010909,0.0003,0.1044
2026-08-10T10:25:55.203148,0000,008576,0.015589,-0.0003,0.1249
2026-08-10T10:25:57.302651,0000,008584,0.007906,0.0001,0.0889
2026-08-10T10:25:59.213917,0000,008592,0.015822,-0.0005,0.1258
2026-08-10T10:26:00.988183,0000,008600,0.056851,-0.0004,0.2384
2026-08-10T10:26:02.814478,0000,008608,0.020307,0.0007,0.1425
2026-08-10T10:26:04.651928,0000,008616,0.020074,0.0007,0.1417
2026-08-10T10:26:06.423711,0000,008624,0.011430,0.0000,0.1069
2026-08-10T10:26:08.483920,0000,008632,0.028051,-0.0010,0.1675
2026-08-10T10:26:10.397175,0000,008640,0.018132,-0.0015,0.1347
2026-08-10T10:26:12.157050,0000,008648,0.009723,-0.0011,0.0986
2026-08-10T10:26:14.081530,0000,008656,0.008704,-0.0001,0.0933
2026-08-10T10:26:16.091210,0000,008664,0.023452,0.0014,0.1531
2026-08-10T10:26:18.051823,0000,008672,0.034393,0.0024,0.1855
2026-08-10T10:26:20.037926,0000,008680,0.033813,0.0021,0.1839
2026-08-10T10:26:22.022605,0000,008688,0.018084,0.0017,0.1345
2026-08-10T10:26:23.819242,0000,008696,0.019618,0.0001,0.1401
2026-08-10T10:26:25.757075,0000,008704,0.019559,-0.0020,0.1399
2026-08-10T10:26:28.242796,0000,008712,0.068860,-0.0036,0.2624
2026-08-10T10:26:30.162470,0000,008720,0.045064,-0.0032,0.2123
2026-08-10T10:26:32.268568,0000,008728,0.045238,-0.0030,0.2127
2026-08-10T10:26:34.313182,0000,008736,0.017961,-0.0015,0.1340
2026-08-10T10:26:36.488206,0000,008744,0.012627,0.0001,0.1124
2026-08-10T10:26:38.616496,0000,008752,0.034057,0.0010,0.1845
2026-08-10T10:26:40.761855,0000,008760,0.149480,0.0012,0.3866
2026-08-10T10:26:42.976555,0000,008768,0.015899,0.0006,0.1261
2026-08-10T10:26:45.120878,0000,008776,0.013406,-0.0007,0.1158
2026-08-10T10:26:47.372227,0000,008784,0.016326,-0.0012,0.1278
2026-08-10T10:26:49.575678,0000,008792,0.019611,-0.0008,0.1400
2026-08-10T10:26:51.442145,0000,008800,0.017926,0.0002,0.1339
2026-08-10T10:26:53.264935,0000,008808,0.015747,0.0003,0.1255
2026-08-10T10:26:55.162190,0000,008816,0.017518,-0.0003,0.1324
2026-08-10T10:26:57.114995,0000,008824,0.012041,-0.0001,0.1097
2026-08-10T10:26:58.993899,0000,008832,0.022052,0.0008,0.1485
2026-08-10T10:27:01.075320,0000,008840,0.044354,0.0011,0.2106
2026-08-10T10:27:03.165248,0000,008848,0.025277,0.0004,0.1590
2026-08-10T10:27:04.960436,0000,008856,0.014039,-0.0009,0.1185
2026-08-10T10:27:06.716174,0000,008864,0.032467,-0.0013,0.1802
2026-08-10T10:27:09.182392,0000,008872,0.050250,-0.0015,0.2242
2026-08-10T10:27:11.529699,0000,008880,0.010244,-0.0001,0.1012
2026-08-10T10:27:13.373064,0000,008888,0.026413,0.0018,0.1625
2026-08-10T10:27:15.461718,0000,008896,0.037982,0.0029,0.1949
2026-08-10T10:27:17.701190,0000,008904,0.043815,0.0030,0.2093
2026-08-10T10:27:19.544624,0000,008912,0.032720,0.0016,0.1809
2026-08-10T10:27:21.440551,0000,008920,0.027084,0.0001,0.1646
2026-08-10T10:27:23.538269,0000,008928,0.031104,-0.0020,0.1764
2026-08-10T10:27:25.337023,0000,008936,0.053512,-0.0029,0.2313
2026-08-10T10:27:27.202823,0000,008944,0.041698,-0.0031,0.2042
2026-08-10T10:27:29.058918,0000,008952,0.030738,-0.0026,0.1753
2026-08-10T10:27:30.921516,0000,008960,0.021808,-0.0014,0.1477
2026-08-10T10:27:32.819058,0000,008968,0.013260,0.0002,0.1152
2026-08-10T10:27:34.661910,0000,008976,0.009641,0.0011,0.0982
2026-08-10T10:27:36.422656,0000,008984,0.029869,0.0012,0.1728
2026-08-10T10:27:38.230727,0000,008992,0.034383,0.0006,0.1854
2026-08-10T10:27:40.013583,0000,009000,0.015673,-0.0006,0.1252
2026-08-10T10:27:41.826555,0000,009008,0.030314,-0.0013,0.1741
2026-08-10T10:27:43.789062,0000,009016,0.016414,-0.0008,0.1281
2026-08-10T10:27:45.602737,0000,009024,0.007512,0.0002,0.0867
2026-08-10T10:27:47.522202,0000,009032,0.013811,0.0004,0.1175
2026-08-10T10:27:49.501784,0000,009040,0.023642,-0.0003,0.1538
2026-08-10T10:27:51.461826,0000,009048,0.017113,-0.0001,0.1308
2026-08-10T10:27:53.271439,0000,009056,0.011047,0.0008,0.1051
2026-08-10T10:27:55.076124,0000,009064,0.014511,0.0009,0.1205
2026-08-10T10:27:57.081469,0000,009072,0.015722,0.0004,0.1254
2026-08-10T10:27:58.877481,0000,009080,0.010292,-0.0009,0.1014
2026-08-10T10:28:00.902949,0000,009088,0.026007,-0.0015,0.1613
2026-08-10T10:28:02.679400,0000,009096,0.022634,-0.0011,0.1504
2026-08-10T10:28:04.455559,0000,009104,0.009568,0.0001,0.0978
2026-08-10T10:28:06.446359,0000,009112,0.012164,0.0005,0.1103
2026-08-10T10:28:08.276381,0000,009120,0.032634,-0.0003,0.1806
2026-08-10T10:28:10.392394,0000,009128,0.012725,-0.0001,0.1128
2026-08-10T10:28:12.503329,0000,009136,0.011146,0.0009,0.1056
2026-08-10T10:28:14.539386,0000,009144,0.011641,0.0012,0.1079
2026-08-10T10:28:16.419349,0000,009152,0.016747,0.0003,0.1294
2026-08-10T10:28:18.239044,0000,009160,0.151244,-0.0010,0.3889
2026-08-10T10:28:20.189396,0000,009168,0.016142,-0.0013,0.1271
2026-08-10T10:28:22.091302,0000,009176,0.024542,-0.0011,0.1567
2026-08-10T10:28:24.197935,0000,009184,0.015456,-0.0001,0.1243
2026-08-10T10:28:26.337381,0000,009192,0.022340,0.0018,0.1495
2026-08-10T10:28:28.369866,0000,009200,0.041712,0.0024,0.2042
2026-08-10T10:28:30.180308,0000,009208,0.029258,0.0023,0.1711
2026-08-10T10:28:32.078076,0000,009216,0.061575,0.0017,0.2481
2026-08-10T10:28:34.140066,0000,009224,0.029383,-0.0001,0.1714
2026-08-10T10:28:36.233906,0000,009232,0.023586,-0.0006,0.1536
2026-08-10T10:28:38.033039,0000,009240,0.013321,-0.0001,0.1154
2026-08-10T10:28:40.149074,0000,009248,0.010742,0.0010,0.1036
2026-08-10T10:28:41.983326,0000,009256,0.013648,0.0009,0.1168
2026-08-10T10:28:43.805935,0000,009264,0.020851,0.0002,0.1444
2026-08-10T10:28:45.673574,0000,009272,0.014773,-0.0010,0.1215
2026-08-10T10:28:47.831907,0000,009280,0.019277,-0.0015,0.1388
2026-08-10T10:28:49.813535,0000,009288,0.024153,-0.0011,0.1554
2026-08-10T10:28:51.902213,0000,009296,0.012847,-0.0001,0.1133
2026-08-10T10:28:54.309335,0000,009304,0.022122,0.0018,0.1487
2026-08-10T10:28:56.257583,0000,009312,0.031257,0.0023,0.1768
2026-08-10T10:28:58.317770,0000,009320,0.043209,0.0024,0.2079
2026-08-10T10:29:00.077691,0000,009328,0.018467,0.0015,0.1359
2026-08-10T10:29:02.017229,0000,009336,0.007326,0.0002,0.0856
2026-08-10T10:29:03.982749,0000,009344,0.030923,-0.0020,0.1758
2026-08-10T10:29:06.040999,0000,009352,0.037706,-0.0027,0.1942
2026-08-10T10:29:08.633399,0000,009360,0.057460,-0.0036,0.2397
2026-08-10T10:29:10.857312,0000,009368,0.038520,-0.0027,0.1963
2026-08-10T10:29:12.753157,0000,009376,0.015736,-0.0015,0.1254
2026-08-10T10:29:14.931708,0000,009384,0.022202,0.0001,0.1490
2026-08-10T10:29:16.994968,0000,009392,0.022172,0.0014,0.1489
2026-08-10T10:29:19.067972,0000,009400,0.011862,0.0012,0.1089
2026-08-10T10:29:21.262873,0000,009408,0.036646,0.0004,0.1914
2026-08-10T10:29:23.281273,0000,009416,0.031395,-0.0008,0.1772
2026-08-10T10:29:25.306493,0000,009424,0.016675,-0.0011,0.1291
2026-08-10T10:29:27.767097,0000,009432,0.023139,-0.0010,0.1521
2026-08-10T10:29:30.288938,0000,009440,0.033065,-0.0001,0.1818
2026-08-10T10:29:32.233505,0000,009448,0.024361,0.0019,0.1561
2026-08-10T10:29:34.148904,0000,009456,0.028210,0.0026,0.1680
2026-08-10T10:29:36.280014,0000,009464,0.046550,0.0028,0.2158
2026-08-10T10:29:38.103354,0000,009472,0.015850,0.0014,0.1259
2026-08-10T10:29:40.163908,0000,009480,0.013291,-0.0001,0.1153
2026-08-10T10:29:42.348757,0000,009488,0.020070,-0.0006,0.1417
2026-08-10T10:29:44.424280,0000,009496,0.009711,-0.0001,0.0985
2026-08-10T10:29:46.589925,0000,009504,0.136286,0.0006,0.3692
2026-08-10T10:29:48.677351,0000,009512,0.032954,0.0009,0.1815
2026-08-10T10:29:50.570276,0000,009520,0.054035,0.0002,0.2325
2026-08-10T10:29:52.539924,0000,009528,0.014612,-0.0009,0.1209
2026-08-10T10:29:54.894032,0000,009536,0.058184,-0.0020,0.2412
2026-08-10T10:29:57.097427,0000,009544,0.029965,-0.0015,0.1731
2026-08-10T10:29:59.171974,0000,009552,0.016658,-0.0001,0.1291
2026-08-10T10:30:01.134071,0000,009560,0.037237,0.0015,0.1930
2026-08-10T10:30:03.131678,0000,009568,0.030189,0.0024,0.1737
2026-08-10T10:30:05.066031,0000,009576,0.028350,0.0023,0.1684
2026-08-10T10:30:07.226891,0000,009584,0.027231,0.0017,0.1650
2026-08-10T10:30:09.328777,0000,009592,0.027510,-0.0000,0.1659
2026-08-10T10:30:11.437496,0000,009600,0.019997,-0.0005,0.1414
2026-08-10T10:30:13.385059,0000,009608,0.015920,-0.0003,0.1262
2026-08-10T10:30:15.473605,0000,009616,0.009764,0.0007,0.0988
2026-08-10T10:30:17.358854,0000,009624,0.049077,0.0007,0.2215
2026-08-10T10:30:19.558034,0000,009632,0.054899,0.0001,0.2343
2026-08-10T10:30:21.874908,0000,009640,0.020380,-0.0015,0.1428
2026-08-10T10:30:23.681634,0000,009648,0.019677,-0.0017,0.1403
2026-08-10T10:30:26.032468,0000,009656,0.019522,-0.0017,0.1397
2026-08-10T10:30:27.916808,0000,009664,0.009445,-0.0001,0.0972
2026-08-10T10:30:29.751855,0000,009672,0.014054,0.0013,0.1186
2026-08-10T10:30:31.691503,0000,009680,0.035251,0.0020,0.1878
2026-08-10T10:30:33.716867,0000,009688,0.038902,0.0019,0.1972
2026-08-10T10:30:35.803735,0000,009696,0.018083,0.0014,0.1345
2026-08-10T10:30:37.657363,0000,009704,0.007977,-0.0001,0.0893
2026-08-10T10:30:39.568662,0000,009712,0.007558,-0.0006,0.0869
2026-08-10T10:30:41.554494,0000,009720,0.008940,-0.0002,0.0946
2026-08-10T10:30:43.525958,0000,009728,0.044515,0.0007,0.2110
2026-08-10T10:30:45.581514,0000,009736,0.080862,0.0005,0.2844
2026-08-10T10:30:47.718419,0000,009744,0.025063,-0.0001,0.1583
2026-08-10T10:30:50.034868,0000,009752,0.008352,0.0002,0.0914
2026-08-10T10:30:52.090696,0000,009760,0.015634,-0.0002,0.1250
2026-08-10T10:30:54.101272,0000,009768,0.018171,-0.0000,0.1348
2026-08-10T10:30:56.107415,0000,009776,0.037746,0.0008,0.1943
2026-08-10T10:30:57.982649,0000,009784,0.026265,0.0008,0.1621
2026-08-10T10:31:00.008295,0000,009792,0.017374,0.0002,0.1318
2026-08-10T10:31:02.236765,0000,009800,0.027082,-0.0012,0.1646
2026-08-10T10:31:04.237972,0000,009808,0.021125,-0.0014,0.1453
2026-08-10T10:31:06.396589,0000,009816,0.158945,-0.0014,0.3987
2026-08-10T10:31:08.656445,0000,009824,0.010331,-0.0002,0.1016
2026-08-10T10:31:10.890504,0000,009832,0.019326,0.0015,0.1390
2026-08-10T10:31:13.024795,0000,009840,0.032766,0.0020,0.1810
2026-08-10T10:31:14.825575,0000,009848,0.023733,0.0020,0.1541
2026-08-10T10:31:16.667378,0000,009856,0.035225,0.0014,0.1877
2026-08-10T10:31:18.794883,0000,009864,0.015934,-0.0003,0.1262
2026-08-10T10:31:20.740276,0000,009872,0.028376,-0.0005,0.1685
2026-08-10T10:31:22.645416,0000,009880,0.006799,-0.0003,0.0825
2026-08-10T10:31:24.591666,0000,009888,0.018559,0.0005,0.1362
2026-08-10T10:31:26.675886,0000,009896,0.017446,0.0007,0.1321
2026-08-10T10:31:28.584429,0000,009904,0.049203,0.0002,0.2218
2026-08-10T10:31:30.492210,0000,009912,0.018257,-0.0011,0.1351
2026-08-10T10:31:32.403298,0000,009920,0.029193,-0.0017,0.1709
2026-08-10T10:31:34.232345,0000,009928,0.016388,-0.0012,0.1280
2026-08-10T10:31:36.095276,0000,009936,0.006572,-0.0003,0.0811
2026-08-10T10:31:37.963916,0000,009944,0.020440,0.0014,0.1430
2026-08-10T10:31:39.823527,0000,009952,0.029209,0.0021,0.1709
2026-08-10T10:31:41.790968,0000,009960,0.047087,0.0020,0.2170
2026-08-10T10:31:43.942227,0000,009968,0.022927,0.0014,0.1514
2026-08-10T10:31:45.926129,0000,009976,1.158086,-0.0014,1.0761
2026-08-10T10:31:48.082080,0000,009984,0.027642,-0.0008,0.1663
2026-08-10T10:31:49.927794,0000,009992,0.005807,-0.0003,0.0762
2026-08-10T10:31:51.742350,0000,010000,0.014042,0.0006,0.1185
2026-08-10T10:31:53.931691,0000,010008,0.013614,0.0008,0.1167
2026-08-10T10:31:55.843638,0000,010016,0.026174,0.0000,0.1618
2026-08-10T10:31:58.060868,0000,010024,0.017289,-0.0014,0.1315
2026-08-10T10:32:00.012093,0000,010032,0.016009,-0.0016,0.1265
2026-08-10T10:32:02.174164,0000,010040,0.017619,-0.0015,0.1327
2026-08-10T10:32:03.944455,0000,010048,0.055394,-0.0004,0.2354
2026-08-10T10:32:05.926621,0000,010056,0.025183,0.0016,0.1587
2026-08-10T10:32:07.742473,0000,010064,0.026333,0.0020,0.1623
2026-08-10T10:32:09.741897,0000,010072,0.027368,0.0023,0.1654
2026-08-10T10:32:11.719117,0000,010080,0.030625,0.0014,0.1750
2026-08-10T10:32:13.536538,0000,010088,0.018873,-0.0001,0.1374
2026-08-10T10:32:15.403255,0000,010096,0.039021,-0.0006,0.1975
2026-08-10T10:32:17.376973,0000,010104,0.015785,-0.0004,0.1256
2026-08-10T10:32:19.275173,0000,010112,0.008244,0.0006,0.0908
2026-08-10T10:32:21.085264,0000,010120,0.050005,0.0006,0.2236
2026-08-10T10:32:22.960287,0000,010128,0.011665,0.0001,0.1080
2026-08-10T10:32:24.764059,0000,010136,0.024007,-0.0012,0.1549
2026-08-10T10:32:26.509286,0000,010144,0.021236,-0.0017,0.1457
2026-08-10T10:32:28.302115,0000,010152,0.009658,-0.0012,0.0983
2026-08-10T10:32:30.100304,0000,010160,0.009794,-0.0003,0.0990
2026-08-10T10:32:31.985694,0000,010168,0.024554,0.0015,0.1567
2026-08-10T10:32:33.772106,0000,010176,0.033552,0.0019,0.1832
2026-08-10T10:32:35.582688,0000,010184,0.029803,0.0021,0.1726
2026-08-10T10:32:37.373231,0000,010192,0.017894,0.0013,0.1338
2026-08-10T10:32:39.239125,0000,010200,0.016331,-0.0001,0.1278
2026-08-10T10:32:41.051947,0000,010208,0.011493,-0.0007,0.1072
2026-08-10T10:32:43.114040,0000,010216,0.007160,-0.0003,0.0846
2026-08-10T10:32:45.033072,0000,010224,0.008979,0.0006,0.0948
2026-08-10T10:32:47.160015,0000,010232,0.028247,0.0007,0.1681
2026-08-10T10:32:49.051141,0000,010240,0.016311,0.0001,0.1277
2026-08-10T10:32:51.177900,0000,010248,0.028993,-0.0013,0.1703
2026-08-10T10:32:53.203561,0000,010256,0.025256,-0.0014,0.1589
2026-08-10T10:32:55.134081,0000,010264,0.015491,-0.0012,0.1245
2026-08-10T10:32:57.123915,0000,010272,0.018320,-0.0001,0.1353
2026-08-10T10:32:59.184233,0000,010280,0.040863,0.0016,0.2021
2026-08-10T10:33:01.079152,0000,010288,0.034346,0.0023,0.1853
2026-08-10T10:33:02.850085,0000,010296,0.020213,0.0021,0.1422
2026-08-10T10:33:04.691900,0000,010304,0.020653,0.0015,0.1437
2026-08-10T10:33:06.467914,0000,010312,0.010412,0.0000,0.1020
2026-08-10T10:33:08.277482,0000,010320,0.043134,-0.0020,0.2077
2026-08-10T10:33:10.102861,0000,010328,0.035382,-0.0029,0.1881
2026-08-10T10:33:12.329075,0000,010336,0.075816,-0.0038,0.2753
2026-08-10T10:33:14.477069,0000,010344,0.045523,-0.0026,0.2134
2026-08-10T10:33:16.597098,0000,010352,0.026685,-0.0015,0.1634
2026-08-10T10:33:18.531345,0000,010360,0.020317,0.0003,0.1425
2026-08-10T10:33:20.828910,0000,010368,0.030435,0.0012,0.1745
2026-08-10T10:33:23.137217,0000,010376,0.023299,0.0015,0.1526
2026-08-10T10:33:25.254614,0000,010384,0.021957,0.0005,0.1482
2026-08-10T10:33:27.319266,0000,010392,0.020784,-0.0010,0.1442
2026-08-10T10:33:29.427667,0000,010400,0.048346,-0.0014,0.2199
2026-08-10T10:33:31.947075,0000,010408,0.039315,-0.0015,0.1983
2026-08-10T10:33:33.958561,0000,010416,0.012289,0.0002,0.1109
2026-08-10T10:33:35.887800,0000,010424,0.010916,0.0004,0.1045
2026-08-10T10:33:37.982314,0000,010432,0.009012,-0.0002,0.0949
2026-08-10T10:33:40.322404,0000,010440,0.013013,-0.0001,0.1141
2026-08-10T10:33:42.432106,0000,010448,0.033735,0.0004,0.1837
2026-08-10T10:33:44.416476,0000,010456,0.009612,0.0009,0.0980
2026-08-10T10:33:46.519611,0000,010464,0.009866,0.0004,0.0993
2026-08-10T10:33:48.669107,0000,010472,0.032615,-0.0012,0.1806
2026-08-10T10:33:50.677762,0000,010480,0.015867,-0.0014,0.1260
2026-08-10T10:33:52.730682,0000,010488,0.014485,-0.0009,0.1204
2026-08-10T10:33:55.557455,0000,010496,0.010845,-0.0003,0.1041
2026-08-10T10:33:57.681408,0000,010504,0.022119,0.0017,0.1487
2026-08-10T10:33:59.647898,0000,010512,0.041860,0.0025,0.2046
2026-08-10T10:34:01.719247,0000,010520,0.161713,0.0022,0.4021
2026-08-10T10:34:03.769025,0000,010528,0.016184,0.0015,0.1272
2026-08-10T10:34:05.998526,0000,010536,0.012232,0.0003,0.1106
2026-08-10T10:34:08.063878,0000,010544,0.021598,-0.0017,0.1470
2026-08-10T10:34:10.186093,0000,010552,0.048960,-0.0033,0.2213
2026-08-10T10:34:12.296565,0000,010560,0.048514,-0.0034,0.2203
2026-08-10T10:34:14.594657,0000,010568,0.032216,-0.0028,0.1795
2026-08-10T10:34:16.648723,0000,010576,0.033630,-0.0017,0.1834
2026-08-10T10:34:18.589192,0000,010584,0.011252,0.0003,0.1061
2026-08-10T10:34:20.550381,0000,010592,0.015907,0.0011,0.1261
2026-08-10T10:34:22.474196,0000,010600,0.031325,0.0012,0.1770
2026-08-10T10:34:24.462744,0000,010608,0.014440,0.0006,0.1202
2026-08-10T10:34:26.405341,0000,010616,0.010362,-0.0008,0.1018
2026-08-10T10:34:28.260724,0000,010624,0.033078,-0.0012,0.1819
2026-08-10T10:34:30.410678,0000,010632,0.019803,-0.0011,0.1407
2026-08-10T10:34:32.543325,0000,010640,0.067845,-0.0000,0.2605
2026-08-10T10:34:34.446128,0000,010648,0.015329,0.0017,0.1238
2026-08-10T10:34:36.605940,0000,010656,0.049654,0.0025,0.2228
2026-08-10T10:34:38.524899,0000,010664,0.030009,0.0024,0.1732
2026-08-10T10:34:40.307770,0000,010672,0.036262,0.0014,0.1904
2026-08-10T10:34:42.263679,0000,010680,0.030127,0.0000,0.1736
2026-08-10T10:34:44.197528,0000,010688,0.016973,-0.0018,0.1303
2026-08-10T10:34:46.521002,0000,010696,0.068676,-0.0034,0.2621
2026-08-10T10:34:48.823037,0000,010704,0.057872,-0.0036,0.2406
2026-08-10T10:34:51.196962,0000,010712,0.042075,-0.0027,0.2051
2026-08-10T10:34:53.270517,0000,010720,0.016497,-0.0015,0.1284
2026-08-10T10:34:55.061322,0000,010728,0.025586,0.0002,0.1600
2026-08-10T10:34:57.133129,0000,010736,0.019065,0.0014,0.1381
2026-08-10T10:34:59.589601,0000,010744,0.036052,0.0011,0.1899
2026-08-10T10:35:02.230160,0000,010752,0.016141,0.0010,0.1270
2026-08-10T10:35:04.281592,0000,010760,0.011450,-0.0008,0.1070
2026-08-10T10:35:06.515298,0000,010768,0.011907,-0.0012,0.1091
2026-08-10T10:35:09.101018,0000,010776,0.011275,-0.0008,0.1062
2026-08-10T10:35:11.660027,0000,010784,0.024219,0.0001,0.1556
2026-08-10T10:35:14.022796,0000,010792,0.021110,0.0003,0.1453
2026-08-10T10:35:16.283170,0000,010800,0.013419,-0.0002,0.1158
2026-08-10T10:35:18.018665,0000,010808,0.010092,-0.0001,0.1005
2026-08-10T10:35:20.440558,0000,010816,0.035421,0.0010,0.1882
2026-08-10T10:35:22.481335,0000,010824,0.018470,0.0009,0.1359
2026-08-10T10:35:24.388220,0000,010832,0.008686,0.0002,0.0932
2026-08-10T10:35:26.852015,0000,010840,0.033562,-0.0010,0.1832
2026-08-10T10:35:28.795674,0000,010848,0.148784,-0.0016,0.3857
2026-08-10T10:35:30.689304,0000,010856,0.015336,-0.0010,0.1238
2026-08-10T10:35:32.526493,0000,010864,0.013458,-0.0001,0.1160
2026-08-10T10:35:34.764943,0000,010872,0.025417,0.0016,0.1594
2026-08-10T10:35:36.731506,0000,010880,0.043546,0.0021,0.2087
2026-08-10T10:35:38.724271,0000,010888,0.025390,0.0023,0.1593
2026-08-10T10:35:40.943647,0000,010896,0.015526,0.0015,0.1246
2026-08-10T10:35:43.057217,0000,010904,0.009562,0.0001,0.0978
2026-08-10T10:35:45.217998,0000,010912,0.024316,-0.0019,0.1559
2026-08-10T10:35:47.682124,0000,010920,0.039978,-0.0030,0.1999
2026-08-10T10:35:50.167456,0000,010928,0.063358,-0.0036,0.2517
2026-08-10T10:35:52.556043,0000,010936,0.073895,-0.0032,0.2718
2026-08-10T10:35:54.418249,0000,010944,0.018464,-0.0015,0.1359
2026-08-10T10:35:56.447391,0000,010952,0.013518,0.0002,0.1163
2026-08-10T10:35:58.928241,0000,010960,0.013484,0.0011,0.1161
2026-08-10T10:36:00.846867,0000,010968,0.016892,0.0011,0.1300
2026-08-10T10:36:02.795651,0000,010976,0.091202,0.0001,0.3020
2026-08-10T10:36:05.210902,0000,010984,0.009861,-0.0008,0.0993
2026-08-10T10:36:07.447394,0000,010992,0.021462,-0.0013,0.1465
2026-08-10T10:36:09.823699,0000,011000,0.046030,-0.0011,0.2145
2026-08-10T10:36:11.860061,0000,011008,0.009791,0.0002,0.0989
2026-08-10T10:36:13.858590,0000,011016,0.008693,0.0004,0.0932
2026-08-10T10:36:16.029389,0000,011024,0.037244,-0.0003,0.1930
2026-08-10T10:36:18.170365,0000,011032,0.011811,0.0002,0.1087
2026-08-10T10:36:20.537916,0000,011040,0.038789,-0.0006,0.1970
2026-08-10T10:36:22.491832,0000,011048,0.012318,-0.0002,0.1110
2026-08-10T10:36:24.751033,0000,011056,0.021433,0.0011,0.1464
2026-08-10T10:36:26.656973,0000,011064,0.018077,0.0009,0.1345
2026-08-10T10:36:28.962465,0000,011072,0.146821,0.0002,0.3832
2026-08-10T10:36:31.463192,0000,011080,0.024406,-0.0011,0.1562
2026-08-10T10:36:33.620050,0000,011088,0.014906,-0.0016,0.1221
2026-08-10T10:36:35.557125,0000,011096,0.018693,-0.0012,0.1367
2026-08-10T10:36:37.393777,0000,011104,0.025328,-0.0001,0.1591
2026-08-10T10:36:40.304147,0000,011112,0.032476,0.0022,0.1802
2026-08-10T10:36:42.120045,0000,011120,0.024554,0.0023,0.1567
2026-08-10T10:36:44.312099,0000,011128,0.037244,0.0028,0.1930
2026-08-10T10:36:46.346692,0000,011136,0.021804,0.0015,0.1477
2026-08-10T10:36:48.739392,0000,011144,0.021608,0.0004,0.1470
2026-08-10T10:36:50.883856,0000,011152,0.021348,-0.0018,0.1461
2026-08-10T10:36:52.839681,0000,011160,0.033533,-0.0028,0.1831
2026-08-10T10:36:55.192238,0000,011168,0.041296,-0.0030,0.2032
2026-08-10T10:36:57.400089,0000,011176,0.050055,-0.0027,0.2237
2026-08-10T10:36:59.809322,0000,011184,0.040311,-0.0016,0.2008
2026-08-10T10:37:01.807546,0000,011192,0.017794,0.0003,0.1334
2026-08-10T10:37:04.110434,0000,011200,0.016989,0.0014,0.1303
2026-08-10T10:37:06.227106,0000,011208,0.020524,0.0014,0.1433
2026-08-10T10:37:08.714942,0000,011216,0.026552,0.0005,0.1629
2026-08-10T10:37:10.583081,0000,011224,0.014856,-0.0006,0.1219
2026-08-10T10:37:12.532640,0000,011232,0.015046,-0.0012,0.1227
2026-08-10T10:37:14.450101,0000,011240,0.010024,-0.0008,0.1001
2026-08-10T10:37:16.621033,0000,011248,0.051267,0.0003,0.2264
2026-08-10T10:37:18.822068,0000,011256,0.019733,0.0008,0.1405
2026-08-10T10:37:20.676120,0000,011264,0.141877,-0.0003,0.3767
2026-08-10T10:37:22.968689,0000,011272,0.041805,0.0000,0.2045
2026-08-10T10:37:25.054326,0000,011280,0.016142,0.0010,0.1271
2026-08-10T10:37:27.541881,0000,011288,0.018317,0.0011,0.1353
2026-08-10T10:37:29.571867,0000,011296,0.012481,0.0003,0.1117
2026-08-10T10:37:31.450111,0000,011304,0.022738,-0.0009,0.1508
2026-08-10T10:37:33.360834,0000,011312,0.022020,-0.0015,0.1484
2026-08-10T10:37:35.723285,0000,011320,0.024455,-0.0011,0.1564
2026-08-10T10:37:37.613073,0000,011328,0.012128,-0.0002,0.1101
2026-08-10T10:37:39.554023,0000,011336,0.033304,0.0014,0.1825
2026-08-10T10:37:41.593459,0000,011344,0.034726,0.0020,0.1863
2026-08-10T10:37:43.476877,0000,011352,0.036056,0.0018,0.1899
2026-08-10T10:37:45.313614,0000,011360,0.021821,0.0011,0.1477
2026-08-10T10:37:47.208761,0000,011368,0.011381,-0.0000,0.1067
2026-08-10T10:37:49.289768,0000,011376,0.016995,-0.0020,0.1304
2026-08-10T10:37:51.242221,0000,011384,0.039887,-0.0031,0.1997
2026-08-10T10:37:53.475124,0000,011392,0.044228,-0.0033,0.2103
2026-08-10T10:37:55.497717,0000,011400,0.061599,-0.0032,0.2482
2026-08-10T10:37:57.616773,0000,011408,0.022928,-0.0019,0.1514
2026-08-10T10:37:59.839408,0000,011416,0.029174,0.0002,0.1708
2026-08-10T10:38:01.717393,0000,011424,0.021799,0.0008,0.1476
2026-08-10T10:38:03.668214,0000,011432,0.024933,0.0009,0.1579
2026-08-10T10:38:05.886334,0000,011440,0.011790,0.0004,0.1086
2026-08-10T10:38:07.848183,0000,011448,0.014465,-0.0011,0.1203
2026-08-10T10:38:09.769775,0000,011456,0.021489,-0.0015,0.1466
2026-08-10T10:38:11.737740,0000,011464,0.013739,-0.0011,0.1172
2026-08-10T10:38:13.502351,0000,011472,0.010493,-0.0004,0.1024
2026-08-10T10:38:15.254300,0000,011480,0.024422,0.0013,0.1563
2026-08-10T10:38:17.351368,0000,011488,0.041367,0.0026,0.2034
2026-08-10T10:38:19.186610,0000,011496,0.021972,0.0023,0.1482
2026-08-10T10:38:20.994570,0000,011504,0.019452,0.0013,0.1395
2026-08-10T10:38:23.065602,0000,011512,0.028123,0.0001,0.1677
2026-08-10T10:38:24.848886,0000,011520,0.036736,-0.0021,0.1917
2026-08-10T10:38:26.583997,0000,011528,0.038484,-0.0030,0.1962
2026-08-10T10:38:28.449821,0000,011536,0.056291,-0.0033,0.2373
2026-08-10T10:38:30.527117,0000,011544,0.035802,-0.0029,0.1892
2026-08-10T10:38:32.656896,0000,011552,0.016936,-0.0019,0.1301
2026-08-10T10:38:34.835165,0000,011560,0.019099,-0.0001,0.1382
2026-08-10T10:38:37.080760,0000,011568,0.039905,0.0029,0.1998
2026-08-10T10:38:39.248313,0000,011576,0.085321,0.0041,0.2921
2026-08-10T10:38:41.031571,0000,011584,0.048391,0.0038,0.2200
2026-08-10T10:38:42.939534,0000,011592,0.072283,0.0042,0.2689
2026-08-10T10:38:44.675422,0000,011600,0.030403,0.0026,0.1744
2026-08-10T10:38:46.437352,0000,011608,0.017523,0.0012,0.1324
2026-08-10T10:38:48.168726,0000,011616,0.013791,-0.0009,0.1174
2026-08-10T10:38:50.131094,0000,011624,0.022617,-0.0020,0.1504
2026-08-10T10:38:52.305087,0000,011632,0.038607,-0.0026,0.1965
2026-08-10T10:38:54.479861,0000,011640,0.042124,-0.0021,0.2052
2026-08-10T10:38:56.427937,0000,011648,0.012122,-0.0010,0.1101
2026-08-10T10:38:58.518818,0000,011656,0.018996,0.0007,0.1378
2026-08-10T10:39:00.529400,0000,011664,0.015859,0.0016,0.1259
2026-08-10T10:39:02.456275,0000,011672,0.036638,0.0015,0.1914
2026-08-10T10:39:04.504543,0000,011680,0.023974,0.0011,0.1548
2026-08-10T10:39:06.405123,0000,011688,0.004474,-0.0004,0.0669
2026-08-10T10:39:08.379923,0000,011696,0.040895,-0.0013,0.2022
2026-08-10T10:39:10.127663,0000,011704,0.012041,-0.0009,0.1097
2026-08-10T10:39:12.298583,0000,011712,0.007745,0.0004,0.0880
2026-08-10T10:39:14.581443,0000,011720,0.030093,0.0003,0.1735
2026-08-10T10:39:16.360141,0000,011728,0.014071,-0.0003,0.1186
2026-08-10T10:39:18.087470,0000,011736,0.016226,-0.0002,0.1274
2026-08-10T10:39:19.810388,0000,011744,0.012530,0.0006,0.1119
2026-08-10T10:39:22.047624,0000,011752,0.025970,0.0011,0.1612
2026-08-10T10:39:23.825823,0000,011760,0.016466,0.0002,0.1283
2026-08-10T10:39:25.912137,0000,011768,0.018943,-0.0012,0.1376
2026-08-10T10:39:28.010606,0000,011776,0.025968,-0.0018,0.1611
2026-08-10T10:39:30.253407,0000,011784,0.014446,-0.0013,0.1202
2026-08-10T10:39:32.366585,0000,011792,0.010351,-0.0003,0.1017
2026-08-10T10:39:34.397322,0000,011800,0.017324,0.0015,0.1316
2026-08-10T10:39:36.580892,0000,011808,0.029497,0.0022,0.1717
2026-08-10T10:39:38.679761,0000,011816,0.043395,0.0021,0.2083
2026-08-10T10:39:41.058858,0000,011824,0.018036,0.0015,0.1343
2026-08-10T10:39:43.036358,0000,011832,0.015881,-0.0003,0.1260
2026-08-10T10:39:45.109496,0000,011840,0.031011,-0.0008,0.1761
2026-08-10T10:39:47.568255,0000,011848,0.006641,-0.0006,0.0815
2026-08-10T10:39:49.983844,0000,011856,0.016561,0.0005,0.1287
2026-08-10T10:39:52.463290,0000,011864,0.022354,0.0005,0.1495
2026-08-10T10:39:54.825129,0000,011872,0.008721,0.0002,0.0934
2026-08-10T10:39:57.227964,0000,011880,0.032201,-0.0014,0.1794
2026-08-10T10:39:59.092034,0000,011888,0.025969,-0.0016,0.1611
2026-08-10T10:40:00.841032,0000,011896,0.015318,-0.0014,0.1238
2026-08-10T10:40:03.089696,0000,011904,0.008950,-0.0002,0.0946
2026-08-10T10:40:04.932296,0000,011912,0.021021,0.0010,0.1450
2026-08-10T10:40:07.080082,0000,011920,0.029240,0.0021,0.1710
2026-08-10T10:40:09.019042,0000,011928,0.025466,0.0021,0.1596
2026-08-10T10:40:10.947688,0000,011936,0.035536,0.0010,0.1885
2026-08-10T10:40:13.119668,0000,011944,0.030652,-0.0003,0.1751
2026-08-10T10:40:15.444486,0000,011952,0.029321,-0.0011,0.1712
2026-08-10T10:40:17.733262,0000,011960,0.054896,-0.0006,0.2343
2026-08-10T10:40:19.938766,0000,011968,0.011080,0.0003,0.1053
2026-08-10T10:40:21.967408,0000,011976,0.016945,0.0004,0.1302
2026-08-10T10:40:24.048223,0000,011984,0.030302,-0.0002,0.1741
2026-08-10T10:40:26.467563,0000,011992,0.013411,0.0000,0.1158
2026-08-10T10:40:28.460926,0000,012000,0.025917,-0.0004,0.1610
2026-08-10T10:40:30.484152,0000,012008,0.013635,-0.0002,0.1168
2026-08-10T10:40:32.556908,0000,012016,0.025594,0.0004,0.1600
2026-08-10T10:40:34.594146,0000,012024,0.011299,0.0006,0.1063
2026-08-10T10:40:36.876252,0000,012032,0.022351,0.0001,0.1495
2026-08-10T10:40:38.913130,0000,012040,0.021057,-0.0012,0.1451
2026-08-10T10:40:40.829088,0000,012048,0.018016,-0.0015,0.1342
2026-08-10T10:40:42.856348,0000,012056,0.033732,-0.0014,0.1837
2026-08-10T10:40:44.771279,0000,012064,0.010332,-0.0004,0.1016
2026-08-10T10:40:46.888021,0000,012072,0.022838,0.0015,0.1511
2026-08-10T10:40:49.038264,0000,012080,0.037891,0.0022,0.1947
2026-08-10T10:40:50.955224,0000,012088,0.021086,0.0020,0.1452
2026-08-10T10:40:53.042197,0000,012096,0.049477,0.0009,0.2224
2026-08-10T10:40:55.356307,0000,012104,0.007666,-0.0002,0.0876
2026-08-10T10:40:57.413854,0000,012112,0.015299,-0.0006,0.1237
2026-08-10T10:40:59.345994,0000,012120,0.007310,-0.0004,0.0855
2026-08-10T10:41:01.429276,0000,012128,0.008471,0.0005,0.0920
2026-08-10T10:41:03.540353,0000,012136,0.006678,0.0007,0.0817
2026-08-10T10:41:05.492238,0000,012144,0.004402,-0.0001,0.0663
2026-08-10T10:41:07.429598,0000,012152,1.139986,-0.0009,1.0677
2026-08-10T10:41:09.355369,0000,012160,0.017088,0.0010,0.1307
2026-08-10T10:41:11.385147,0000,012168,0.020216,0.0011,0.1422
2026-08-10T10:41:13.368818,0000,012176,0.024136,0.0005,0.1554
2026-08-10T10:41:15.399197,0000,012184,0.023353,-0.0009,0.1528
2026-08-10T10:41:17.380056,0000,012192,0.014459,-0.0014,0.1202
2026-08-10T10:41:19.567954,0000,012200,0.022091,-0.0007,0.1486
2026-08-10T10:41:21.594981,0000,012208,0.005789,0.0000,0.0761
2026-08-10T10:41:23.698167,0000,012216,0.027472,0.0002,0.1657
2026-08-10T10:41:25.720680,0000,012224,0.026029,-0.0003,0.1613
2026-08-10T10:41:27.769183,0000,012232,0.031631,-0.0003,0.1779
2026-08-10T10:41:29.822049,0000,012240,0.032274,0.0007,0.1797
2026-08-10T10:41:31.902965,0000,012248,0.030554,0.0009,0.1748
2026-08-10T10:41:33.803889,0000,012256,0.012555,0.0003,0.1120
2026-08-10T10:41:36.113523,0000,012264,0.024702,-0.0010,0.1572
2026-08-10T10:41:38.399288,0000,012272,0.026277,-0.0014,0.1621
2026-08-10T10:41:40.580488,0000,012280,0.010643,-0.0010,0.1032
2026-08-10T10:41:43.034806,0000,012288,0.050367,-0.0001,0.2244
2026-08-10T10:41:45.077000,0000,012296,0.020755,0.0016,0.1441
2026-08-10T10:41:47.471240,0000,012304,0.037549,0.0021,0.1938
2026-08-10T10:41:49.538122,0000,012312,0.047667,0.0022,0.2183
2026-08-10T10:41:51.509007,0000,012320,0.022717,0.0011,0.1507
2026-08-10T10:41:53.484895,0000,012328,0.013980,-0.0003,0.1182
2026-08-10T10:41:55.707161,0000,012336,0.010846,-0.0007,0.1041
2026-08-10T10:41:57.708188,0000,012344,0.025054,-0.0007,0.1583
2026-08-10T10:41:59.655877,0000,012352,0.013858,0.0002,0.1177
2026-08-10T10:42:01.562721,0000,012360,0.048879,0.0002,0.2211
2026-08-10T10:42:03.571264,0000,012368,0.021191,-0.0003,0.1456
2026-08-10T10:42:05.467897,0000,012376,0.019995,-0.0003,0.1414
2026-08-10T10:42:07.655942,0000,012384,0.022072,0.0007,0.1486
2026-08-10T10:42:09.989653,0000,012392,0.019248,0.0009,0.1387
2026-08-10T10:42:12.261516,0000,012400,0.054615,0.0000,0.2337
2026-08-10T10:42:14.275723,0000,012408,0.012764,-0.0010,0.1130
2026-08-10T10:42:16.218727,0000,012416,0.016687,-0.0017,0.1292
2026-08-10T10:42:18.216246,0000,012424,0.010693,-0.0014,0.1034
2026-08-10T10:42:20.536639,0000,012432,0.009559,-0.0004,0.0978
2026-08-10T10:42:22.675629,0000,012440,0.020372,0.0014,0.1427
2026-08-10T10:42:25.077380,0000,012448,0.042982,0.0024,0.2073
2026-08-10T10:42:27.156916,0000,012456,0.030730,0.0019,0.1753
2026-08-10T10:42:29.324985,0000,012464,0.149127,0.0010,0.3862
2026-08-10T10:42:31.729530,0000,012472,0.012637,-0.0003,0.1124
2026-08-10T10:42:33.613317,0000,012480,0.014736,-0.0007,0.1214
2026-08-10T10:42:35.747774,0000,012488,0.007491,-0.0005,0.0865
2026-08-10T10:42:37.851778,0000,012496,0.012018,0.0005,0.1096
2026-08-10T10:42:40.139469,0000,012504,0.011121,0.0007,0.1055
2026-08-10T10:42:42.242668,0000,012512,0.009079,-0.0001,0.0953
2026-08-10T10:42:44.117323,0000,012520,0.007867,0.0001,0.0887
2026-08-10T10:42:46.083464,0000,012528,0.030122,-0.0005,0.1736
2026-08-10T10:42:47.941942,0000,012536,0.065386,-0.0004,0.2557
2026-08-10T10:42:49.928823,0000,012544,0.018415,0.0006,0.1357
2026-08-10T10:42:51.799441,0000,012552,0.017979,0.0006,0.1341
2026-08-10T10:42:53.986575,0000,012560,0.036317,-0.0002,0.1906
2026-08-10T10:42:55.934088,0000,012568,0.006572,0.0002,0.0811
2026-08-10T10:42:58.008152,0000,012576,0.009539,-0.0002,0.0977
2026-08-10T10:43:00.352647,0000,012584,0.152527,-0.0003,0.3905
2026-08-10T10:43:02.533318,0000,012592,0.050283,0.0005,0.2242
2026-08-10T10:43:04.723157,0000,012600,0.021602,0.0007,0.1470
2026-08-10T10:43:06.600615,0000,012608,0.009931,0.0001,0.0997
2026-08-10T10:43:08.631674,0000,012616,0.011158,-0.0011,0.1056
2026-08-10T10:43:11.162593,0000,012624,0.047343,-0.0021,0.2176
2026-08-10T10:43:13.325572,0000,012632,0.033164,-0.0013,0.1821
2026-08-10T10:43:15.369911,0000,012640,0.010591,-0.0003,0.1029
2026-08-10T10:43:17.553371,0000,012648,0.150506,0.0012,0.3880
2026-08-10T10:43:19.491563,0000,012656,0.022753,0.0020,0.1508
2026-08-10T10:43:21.966109,0000,012664,0.051032,0.0024,0.2259
2026-08-10T10:43:24.000716,0000,012672,0.015212,0.0011,0.1233
2026-08-10T10:43:26.411700,0000,012680,0.146004,-0.0002,0.3821
2026-08-10T10:43:28.433022,0000,012688,0.011968,-0.0006,0.1094
2026-08-10T10:43:30.583713,0000,012696,0.022720,-0.0005,0.1507
2026-08-10T10:43:32.701722,0000,012704,0.011140,0.0005,0.1055
2026-08-10T10:43:34.762401,0000,012712,0.014201,0.0005,0.1192
2026-08-10T10:43:36.810401,0000,012720,0.011254,-0.0002,0.1061
2026-08-10T10:43:38.844379,0000,012728,0.026909,-0.0001,0.1640
2026-08-10T10:43:40.856629,0000,012736,0.009293,0.0007,0.0964
2026-08-10T10:43:42.902954,0000,012744,0.036348,0.0009,0.1907
2026-08-10T10:43:44.943600,0000,012752,0.009098,0.0004,0.0954
2026-08-10T10:43:47.183294,0000,012760,0.021891,-0.0012,0.1480
2026-08-10T10:43:49.450702,0000,012768,0.032291,-0.0015,0.1797
2026-08-10T10:43:51.814496,0000,012776,0.044183,-0.0014,0.2102
2026-08-10T10:43:53.823977,0000,012784,0.023586,-0.0002,0.1536
2026-08-10T10:43:55.915413,0000,012792,0.019143,0.0015,0.1384
2026-08-10T10:43:58.008052,0000,012800,0.055517,0.0019,0.2356
2026-08-10T10:44:00.286523,0000,012808,0.021223,0.0021,0.1457
2026-08-10T10:44:02.557975,0000,012816,0.016586,0.0015,0.1288
2026-08-10T10:44:04.452463,0000,012824,0.014765,-0.0003,0.1215
2026-08-10T10:44:06.594513,0000,012832,0.039663,-0.0009,0.1992
2026-08-10T10:44:08.966455,0000,012840,0.008148,-0.0003,0.0903
2026-08-10T10:44:11.200250,0000,012848,0.008275,0.0004,0.0910
2026-08-10T10:44:13.361699,0000,012856,0.013050,0.0006,0.1142
2026-08-10T10:44:15.418277,0000,012864,0.027970,-0.0001,0.1672
2026-08-10T10:44:17.616149,0000,012872,0.049679,0.0001,0.2229
2026-08-10T10:44:19.890361,0000,012880,0.039659,-0.0004,0.1991
2026-08-10T10:44:22.011593,0000,012888,0.025280,-0.0003,0.1590
2026-08-10T10:44:24.343720,0000,012896,0.017305,0.0007,0.1315
2026-08-10T10:44:26.745718,0000,012904,0.018390,0.0008,0.1356
2026-08-10T10:44:29.195100,0000,012912,0.013116,0.0000,0.1145
2026-08-10T10:44:31.280896,0000,012920,0.013294,-0.0011,0.1153
2026-08-10T10:44:33.496759,0000,012928,0.276761,-0.0017,0.5261
2026-08-10T10:44:35.929907,0000,012936,0.022727,-0.0014,0.1508
2026-08-10T10:44:38.581058,0000,012944,0.007428,-0.0003,0.0862
2026-08-10T10:44:40.711514,0000,012952,0.013628,0.0012,0.1167
2026-08-10T10:44:42.945097,0000,012960,0.043621,0.0022,0.2089
2026-08-10T10:44:44.907509,0000,012968,0.016848,0.0019,0.1298
2026-08-10T10:44:47.239223,0000,012976,0.024452,0.0013,0.1564
2026-08-10T10:44:49.198077,0000,012984,0.015531,-0.0000,0.1246
2026-08-10T10:44:51.219150,0000,012992,0.011449,-0.0006,0.1070
2026-08-10T10:44:53.462740,0000,013000,0.023273,-0.0006,0.1526
2026-08-10T10:44:55.805066,0000,013008,0.019017,0.0003,0.1379
2026-08-10T10:44:57.731804,0000,013016,0.012894,0.0005,0.1136
2026-08-10T10:44:59.835087,0000,013024,0.010637,-0.0000,0.1031
2026-08-10T10:45:02.934083,0000,013032,0.012990,0.0000,0.1140
2026-08-10T10:45:05.477633,0000,013040,0.029524,-0.0004,0.1718
2026-08-10T10:45:07.899067,0000,013048,0.011840,-0.0003,0.1088
2026-08-10T10:45:09.903119,0000,013056,0.010494,0.0009,0.1024
2026-08-10T10:45:11.798516,0000,013064,0.056625,0.0006,0.2380
2026-08-10T10:45:13.668101,0000,013072,0.010862,0.0001,0.1042
2026-08-10T10:45:15.571221,0000,013080,0.016903,-0.0011,0.1300
2026-08-10T10:45:17.842877,0000,013088,0.032064,-0.0017,0.1791
2026-08-10T10:45:19.923283,0000,013096,0.018216,-0.0014,0.1350
2026-08-10T10:45:21.962061,0000,013104,0.024006,-0.0004,0.1549
2026-08-10T10:45:23.828347,0000,013112,0.016854,0.0013,0.1298
2026-08-10T10:45:25.826345,0000,013120,0.021214,0.0019,0.1457
2026-08-10T10:45:28.099941,0000,013128,0.018875,0.0019,0.1374
2026-08-10T10:45:30.240046,0000,013136,0.147693,0.0010,0.3843
2026-08-10T10:45:32.749654,0000,013144,0.052140,-0.0006,0.2283
2026-08-10T10:45:34.662284,0000,013152,0.012492,-0.0006,0.1118
2026-08-10T10:45:36.721047,0000,013160,0.049183,-0.0007,0.2218
2026-08-10T10:45:38.808831,0000,013168,0.024843,0.0002,0.1576
2026-08-10T10:45:41.815060,0000,013176,0.023276,0.0005,0.1526
2026-08-10T10:45:43.747633,0000,013184,0.051786,-0.0000,0.2276
2026-08-10T10:45:46.168961,0000,013192,0.009821,0.0001,0.0991
2026-08-10T10:45:48.741174,0000,013200,0.009673,-0.0005,0.0984
2026-08-10T10:45:50.697874,0000,013208,0.154944,-0.0004,0.3936
2026-08-10T10:45:52.771107,0000,013216,0.015963,0.0007,0.1263
2026-08-10T10:45:54.941939,0000,013224,0.011169,0.0007,0.1057
2026-08-10T10:45:56.994235,0000,013232,0.008930,0.0001,0.0945
2026-08-10T10:45:59.102834,0000,013240,0.013427,-0.0012,0.1159
2026-08-10T10:46:00.969943,0000,013248,0.024924,-0.0015,0.1579
2026-08-10T10:46:02.884573,0000,013256,0.018241,-0.0012,0.1351
2026-08-10T10:46:04.928831,0000,013264,0.019932,-0.0003,0.1412
2026-08-10T10:46:07.223119,0000,013272,0.031465,0.0012,0.1774
2026-08-10T10:46:09.499129,0000,013280,0.019003,0.0018,0.1378
2026-08-10T10:46:11.377852,0000,013288,0.032377,0.0019,0.1799
2026-08-10T10:46:13.498456,0000,013296,0.016849,0.0013,0.1298
2026-08-10T10:46:15.740896,0000,013304,0.013138,-0.0003,0.1146
2026-08-10T10:46:17.864339,0000,013312,0.017282,-0.0008,0.1315
2026-08-10T10:46:20.004165,0000,013320,0.022258,-0.0006,0.1492
2026-08-10T10:46:22.074313,0000,013328,0.049454,0.0006,0.2224
2026-08-10T10:46:24.262742,0000,013336,0.039240,0.0006,0.1981
2026-08-10T10:46:26.440728,0000,013344,0.013448,-0.0002,0.1160
2026-08-10T10:46:28.495024,0000,013352,0.009724,0.0002,0.0986
2026-08-10T10:46:30.646917,0000,013360,0.011001,-0.0006,0.1049
2026-08-10T10:46:32.617881,0000,013368,0.014970,-0.0002,0.1224
2026-08-10T10:46:34.628682,0000,013376,0.035744,0.0006,0.1891
2026-08-10T10:46:36.975990,0000,013384,1.140644,-0.0003,1.0680
2026-08-10T10:46:39.258862,0000,013392,0.007838,0.0001,0.0885
2026-08-10T10:46:41.531906,0000,013400,0.035719,-0.0015,0.1890
2026-08-10T10:46:43.486030,0000,013408,0.021823,-0.0017,0.1477
2026-08-10T10:46:45.860664,0000,013416,0.043247,-0.0015,0.2080
2026-08-10T10:46:48.338332,0000,013424,0.016887,-0.0004,0.1299
2026-08-10T10:46:50.575832,0000,013432,0.023261,0.0013,0.1525
2026-08-10T10:46:52.576084,0000,013440,0.021240,0.0018,0.1457
2026-08-10T10:46:54.638199,0000,013448,0.018203,0.0018,0.1349
2026-08-10T10:46:57.035514,0000,013456,0.029923,0.0015,0.1730
2026-08-10T10:46:59.256565,0000,013464,0.010313,-0.0001,0.1016
2026-08-10T10:47:01.365012,0000,013472,0.026158,-0.0010,0.1617
2026-08-10T10:47:03.354280,0000,013480,0.008796,-0.0004,0.0938
2026-08-10T10:47:05.369064,0000,013488,0.015134,0.0007,0.1230
2026-08-10T10:47:07.378560,0000,013496,1.125551,-0.0005,1.0609
2026-08-10T10:47:09.617595,0000,013504,0.024417,0.0015,0.1563
2026-08-10T10:47:11.646561,0000,013512,0.016564,0.0012,0.1287
2026-08-10T10:47:13.776662,0000,013520,0.017568,0.0005,0.1325
2026-08-10T10:47:16.118754,0000,013528,1.152920,-0.0019,1.0737
2026-08-10T10:47:18.324042,0000,013536,0.015970,-0.0013,0.1264
2026-08-10T10:47:20.440534,0000,013544,0.011453,-0.0008,0.1070
2026-08-10T10:47:22.634228,0000,013552,0.021182,0.0001,0.1455
2026-08-10T10:47:25.361512,0000,013560,0.024348,0.0007,0.1560
2026-08-10T10:47:27.596637,0000,013568,0.012475,-0.0005,0.1117
2026-08-10T10:47:29.637846,0000,013576,0.046223,-0.0003,0.2150
2026-08-10T10:47:31.827070,0000,013584,0.014027,0.0005,0.1184
2026-08-10T10:47:34.581763,0000,013592,0.019390,0.0010,0.1392
2026-08-10T10:47:36.778783,0000,013600,0.021738,0.0001,0.1474
2026-08-10T10:47:38.809923,0000,013608,0.020183,0.0002,0.1421
2026-08-10T10:47:41.113006,0000,013616,0.030279,-0.0005,0.1740
2026-08-10T10:47:43.331172,0000,013624,0.020523,-0.0002,0.1433
2026-08-10T10:47:45.307415,0000,013632,0.014294,0.0008,0.1196
2026-08-10T10:47:47.512892,0000,013640,0.019450,0.0010,0.1395
2026-08-10T10:47:49.420146,0000,013648,0.014201,0.0001,0.1192
2026-08-10T10:47:51.464584,0000,013656,0.022444,-0.0010,0.1498
2026-08-10T10:47:53.504160,0000,013664,0.017983,-0.0014,0.1341
2026-08-10T10:47:55.409570,0000,013672,0.029170,-0.0011,0.1708
2026-08-10T10:47:57.310170,0000,013680,0.020839,-0.0004,0.1444
2026-08-10T10:47:59.445660,0000,013688,0.031617,0.0013,0.1778
2026-08-10T10:48:01.695534,0000,013696,0.036449,0.0022,0.1909
2026-08-10T10:48:04.171384,0000,013704,0.050351,0.0025,0.2244
2026-08-10T10:48:06.273913,0000,013712,0.031964,0.0011,0.1788
2026-08-10T10:48:08.287786,0000,013720,0.024847,-0.0003,0.1576
2026-08-10T10:48:10.245832,0000,013728,1.151399,-0.0018,1.0730
2026-08-10T10:48:12.386382,0000,013736,0.033015,-0.0007,0.1817
2026-08-10T10:48:14.495940,0000,013744,0.013145,0.0004,0.1147
2026-08-10T10:48:16.529415,0000,013752,0.013793,0.0005,0.1174
2026-08-10T10:48:18.582576,0000,013760,0.009787,0.0001,0.0989
2026-08-10T10:48:20.563506,0000,013768,0.013449,-0.0013,0.1160
2026-08-10T10:48:22.556512,0000,013776,0.017341,-0.0017,0.1317
2026-08-10T10:48:24.630285,0000,013784,0.023738,-0.0014,0.1541
2026-08-10T10:48:26.758576,0000,013792,0.007360,-0.0004,0.0858
2026-08-10T10:48:28.784255,0000,013800,0.021391,0.0013,0.1463
2026-08-10T10:48:30.799591,0000,013808,0.040862,0.0018,0.2021
2026-08-10T10:48:32.963293,0000,013816,0.029277,0.0021,0.1711
2026-08-10T10:48:35.365096,0000,013824,0.023523,0.0014,0.1534
2026-08-10T10:48:37.318396,0000,013832,0.011596,-0.0002,0.1077
2026-08-10T10:48:39.722950,0000,013840,0.035084,-0.0010,0.1873
2026-08-10T10:48:41.735190,0000,013848,0.014511,-0.0005,0.1205
2026-08-10T10:48:44.105616,0000,013856,0.011998,0.0004,0.1095
2026-08-10T10:48:46.636724,0000,013864,0.007137,0.0005,0.0845
2026-08-10T10:48:49.164453,0000,013872,0.031387,-0.0006,0.1772
2026-08-10T10:48:51.253581,0000,013880,0.014799,0.0001,0.1217
2026-08-10T10:48:53.513995,0000,013888,0.039190,-0.0006,0.1980
2026-08-10T10:48:55.557946,0000,013896,0.033638,-0.0005,0.1834
2026-08-10T10:48:57.774547,0000,013904,0.014423,0.0005,0.1201
2026-08-10T10:48:59.773177,0000,013912,0.014871,0.0007,0.1219
2026-08-10T10:49:01.786858,0000,013920,0.017798,-0.0000,0.1334
2026-08-10T10:49:04.017237,0000,013928,0.051222,0.0000,0.2263
2026-08-10T10:49:06.320017,0000,013936,0.027998,-0.0004,0.1673
2026-08-10T10:49:08.301247,0000,013944,0.008091,-0.0003,0.0899
2026-08-10T10:49:10.209058,0000,013952,0.013391,0.0005,0.1157
2026-08-10T10:49:12.193532,0000,013960,0.015160,0.0006,0.1231
2026-08-10T10:49:14.620295,0000,013968,0.015211,0.0003,0.1233
2026-08-10T10:49:16.583908,0000,013976,0.010352,-0.0011,0.1017
2026-08-10T10:49:18.984119,0000,013984,0.018240,-0.0017,0.1351
2026-08-10T10:49:20.920212,0000,013992,0.020788,-0.0013,0.1442
2026-08-10T10:49:23.023212,0000,014000,0.009734,-0.0003,0.0987
2026-08-10T10:49:25.272404,0000,014008,0.022636,0.0013,0.1505
2026-08-10T10:49:27.396077,0000,014016,0.030435,0.0020,0.1745
2026-08-10T10:49:29.640837,0000,014024,0.038643,0.0020,0.1966
2026-08-10T10:49:31.639456,0000,014032,0.013755,0.0011,0.1173
2026-08-10T10:49:33.882380,0000,014040,0.075328,-0.0005,0.2745
2026-08-10T10:49:36.265362,0000,014048,0.015754,-0.0007,0.1255
2026-08-10T10:49:38.412286,0000,014056,0.011605,-0.0006,0.1077
2026-08-10T10:49:40.689761,0000,014064,0.033706,0.0003,0.1836
2026-08-10T10:49:42.773032,0000,014072,0.018777,0.0004,0.1370
2026-08-10T10:49:44.912596,0000,014080,0.024329,-0.0002,0.1560
2026-08-10T10:49:46.930630,0000,014088,0.014193,0.0001,0.1191
2026-08-10T10:49:48.953206,0000,014096,0.017209,-0.0005,0.1312
2026-08-10T10:49:51.109618,0000,014104,0.138845,-0.0003,0.3726
2026-08-10T10:49:53.368311,0000,014112,0.020595,0.0006,0.1435
2026-08-10T10:49:55.462020,0000,014120,0.014783,0.0007,0.1216
2026-08-10T10:49:57.911088,0000,014128,0.008146,-0.0001,0.0903
2026-08-10T10:50:00.007344,0000,014136,0.026903,0.0001,0.1640
2026-08-10T10:50:02.239466,0000,014144,0.042360,-0.0006,0.2058
2026-08-10T10:50:04.200643,0000,014152,0.015367,-0.0001,0.1240
2026-08-10T10:50:06.106843,0000,014160,0.063130,0.0006,0.2513
2026-08-10T10:50:08.052174,0000,014168,1.118916,-0.0004,1.0578
2026-08-10T10:50:09.998943,0000,014176,0.011246,0.0006,0.1060
2026-08-10T10:50:12.177465,0000,014184,0.051570,-0.0002,0.2271
2026-08-10T10:50:14.261034,0000,014192,0.021104,-0.0003,0.1453
2026-08-10T10:50:16.212208,0000,014200,0.015808,0.0004,0.1257
2026-08-10T10:50:18.166497,0000,014208,0.007546,0.0003,0.0869
2026-08-10T10:50:20.464223,0000,014216,0.022438,-0.0006,0.1498
2026-08-10T10:50:23.131329,0000,014224,0.032695,-0.0005,0.1808
2026-08-10T10:50:25.750425,0000,014232,0.053911,-0.0000,0.2322
2026-08-10T10:50:28.237317,0000,014240,0.020884,0.0016,0.1445
2026-08-10T10:50:30.205194,0000,014248,0.029404,0.0019,0.1715
2026-08-10T10:50:32.515961,0000,014256,0.016761,0.0017,0.1295
2026-08-10T10:50:34.957412,0000,014264,0.045296,0.0007,0.2128
2026-08-10T10:50:37.600871,0000,014272,0.028313,-0.0009,0.1683
2026-08-10T10:50:39.732050,0000,014280,0.025880,-0.0014,0.1609
2026-08-10T10:50:41.665626,0000,014288,0.017239,-0.0013,0.1313
2026-08-10T10:50:43.983637,0000,014296,0.027155,-0.0006,0.1648
2026-08-10T10:50:46.063702,0000,014304,0.018810,0.0009,0.1372
2026-08-10T10:50:48.177328,0000,014312,0.020439,0.0014,0.1430
2026-08-10T10:50:50.565584,0000,014320,0.020926,0.0014,0.1447
2026-08-10T10:50:52.620921,0000,014328,0.015459,0.0003,0.1243
2026-08-10T10:50:54.813988,0000,014336,0.163486,-0.0016,0.4043
2026-08-10T10:50:57.063234,0000,014344,0.027622,-0.0018,0.1662
2026-08-10T10:50:59.095162,0000,014352,0.024009,-0.0017,0.1549
2026-08-10T10:51:01.100866,0000,014360,0.028503,-0.0010,0.1688
2026-08-10T10:51:03.470826,0000,014368,0.016285,0.0004,0.1276
2026-08-10T10:51:05.539202,0000,014376,0.016776,0.0011,0.1295
2026-08-10T10:51:07.550806,0000,014384,0.011749,0.0009,0.1084
2026-08-10T10:51:09.582730,0000,014392,0.018183,0.0001,0.1348
2026-08-10T10:51:11.713897,0000,014400,0.025217,-0.0014,0.1588
2026-08-10T10:51:13.710796,0000,014408,0.023116,-0.0019,0.1520
2026-08-10T10:51:15.971295,0000,014416,0.024977,-0.0021,0.1580
2026-08-10T10:51:18.214047,0000,014424,0.012582,-0.0011,0.1122
2026-08-10T10:51:20.241013,0000,014432,0.022394,0.0004,0.1496
2026-08-10T10:51:22.336061,0000,014440,0.015315,0.0009,0.1238
2026-08-10T10:51:24.301691,0000,014448,0.018321,0.0008,0.1354
2026-08-10T10:51:26.329905,0000,014456,0.015704,0.0000,0.1253
2026-08-10T10:51:28.270697,0000,014464,0.013596,-0.0013,0.1166
2026-08-10T10:51:30.378883,0000,014472,0.024297,-0.0019,0.1559
2026-08-10T10:51:32.576729,0000,014480,0.036067,-0.0022,0.1899
2026-08-10T10:51:34.819958,0000,014488,0.020379,-0.0012,0.1428
2026-08-10T10:51:36.872593,0000,014496,0.019588,0.0004,0.1400
2026-08-10T10:51:39.056197,0000,014504,0.015842,0.0012,0.1259
2026-08-10T10:51:41.006855,0000,014512,0.023008,0.0006,0.1517
2026-08-10T10:51:43.280242,0000,014520,0.007281,0.0001,0.0853
2026-08-10T10:51:45.339428,0000,014528,0.017087,-0.0014,0.1307
2026-08-10T10:51:47.265915,0000,014536,0.023067,-0.0019,0.1519
2026-08-10T10:51:49.258714,0000,014544,0.024964,-0.0019,0.1580
2026-08-10T10:51:51.269651,0000,014552,0.013296,-0.0010,0.1153
2026-08-10T10:51:53.267523,0000,014560,0.031709,0.0004,0.1781
2026-08-10T10:51:55.217933,0000,014568,0.014673,0.0011,0.1211
2026-08-10T10:51:57.323061,0000,014576,0.024284,0.0007,0.1558
2026-08-10T10:51:59.464912,0000,014584,0.024932,0.0001,0.1579
2026-08-10T10:52:01.601397,0000,014592,0.013583,-0.0013,0.1165
2026-08-10T10:52:03.755228,0000,014600,0.026331,-0.0020,0.1623
2026-08-10T10:52:05.962692,0000,014608,0.055364,-0.0021,0.2353
2026-08-10T10:52:07.921943,0000,014616,0.010994,-0.0011,0.1049
2026-08-10T10:52:10.016859,0000,014624,0.043984,0.0002,0.2097
2026-08-10T10:52:12.087576,0000,014632,0.071822,0.0009,0.2680
2026-08-10T10:52:14.260714,0000,014640,0.014698,0.0010,0.1212
2026-08-10T10:52:16.373732,0000,014648,0.013867,0.0001,0.1178
2026-08-10T10:52:18.619980,0000,014656,0.040448,-0.0018,0.2011
2026-08-10T10:52:20.701179,0000,014664,0.017992,-0.0019,0.1341
2026-08-10T10:52:22.662243,0000,014672,0.027142,-0.0018,0.1647
2026-08-10T10:52:24.594659,0000,014680,0.017729,-0.0011,0.1332
2026-08-10T10:52:26.856215,0000,014688,0.011508,0.0005,0.1073
2026-08-10T10:52:28.980620,0000,014696,0.013536,0.0008,0.1163
2026-08-10T10:52:30.959860,0000,014704,0.022507,0.0008,0.1500
2026-08-10T10:52:32.852025,0000,014712,0.009326,-0.0000,0.0966
2026-08-10T10:52:34.770629,0000,014720,0.006839,0.0000,0.0827
2026-08-10T10:52:36.721331,0000,014728,0.014339,-0.0007,0.1197
2026-08-10T10:52:38.842592,0000,014736,0.030271,-0.0010,0.1740
2026-08-10T10:52:40.806536,0000,014744,0.006299,0.0001,0.0794
2026-08-10T10:52:42.768822,0000,014752,0.008946,0.0001,0.0946
2026-08-10T10:52:44.952728,0000,014760,0.025976,-0.0010,0.1612
2026-08-10T10:52:46.856803,0000,014768,0.010901,-0.0007,0.1044
2026-08-10T10:52:48.987752,0000,014776,0.015046,-0.0000,0.1227
2026-08-10T10:52:51.040903,0000,014784,0.020053,-0.0002,0.1416
2026-08-10T10:52:53.086662,0000,014792,0.033036,0.0006,0.1818
2026-08-10T10:52:55.395446,0000,014800,0.024253,0.0008,0.1557
2026-08-10T10:52:57.696889,0000,014808,0.006899,-0.0002,0.0831
2026-08-10T10:52:59.844205,0000,014816,0.033173,-0.0006,0.1821
2026-08-10T10:53:02.070920,0000,014824,0.022230,0.0004,0.1491
2026-08-10T10:53:04.199491,0000,014832,0.008364,0.0003,0.0915
2026-08-10T10:53:06.518737,0000,014840,0.018480,-0.0004,0.1359
2026-08-10T10:53:08.480706,0000,014848,0.007876,-0.0004,0.0887
2026-08-10T10:53:10.482234,0000,014856,0.006943,0.0002,0.0833
2026-08-10T10:53:12.502895,0000,014864,0.020502,0.0004,0.1432
2026-08-10T10:53:14.991820,0000,014872,0.019312,-0.0007,0.1390
2026-08-10T10:53:17.395696,0000,014880,0.011687,-0.0005,0.1081
2026-08-10T10:53:19.754564,0000,014888,0.008376,0.0003,0.0915
2026-08-10T10:53:21.797082,0000,014896,0.025586,0.0002,0.1600
2026-08-10T10:53:23.739568,0000,014904,0.019171,-0.0006,0.1385
2026-08-10T10:53:25.767729,0000,014912,0.009602,-0.0006,0.0980
2026-08-10T10:53:27.737818,0000,014920,0.016809,0.0001,0.1297
2026-08-10T10:53:29.667615,0000,014928,0.013646,0.0000,0.1168
2026-08-10T10:53:31.594642,0000,014936,0.064187,-0.0006,0.2534
2026-08-10T10:53:33.929572,0000,014944,0.020025,-0.0007,0.1415
2026-08-10T10:53:36.123409,0000,014952,0.021757,0.0002,0.1475
2026-08-10T10:53:38.244423,0000,014960,0.008978,0.0002,0.0948
2026-08-10T10:53:41.090938,0000,014968,0.038016,-0.0008,0.1950
2026-08-10T10:53:43.561105,0000,014976,0.009162,-0.0005,0.0957
2026-08-10T10:53:45.670415,0000,014984,0.010808,-0.0000,0.1040
2026-08-10T10:53:47.828291,0000,014992,0.018910,0.0002,0.1375
2026-08-10T10:53:50.013262,0000,015000,0.012616,-0.0004,0.1123
2026-08-10T10:53:52.246749,0000,015008,0.011030,-0.0004,0.1050
2026-08-10T10:53:54.249813,0000,015016,0.006571,0.0005,0.0811
2026-08-10T10:53:56.649159,0000,015024,0.012707,0.0006,0.1127
2026-08-10T10:53:59.102376,0000,015032,0.014082,-0.0004,0.1187
2026-08-10T10:54:00.986662,0000,015040,0.014070,-0.0001,0.1186
2026-08-10T10:54:02.887648,0000,015048,0.014745,0.0007,0.1214
2026-08-10T10:54:05.421115,0000,015056,0.009171,0.0007,0.0958
2026-08-10T10:54:07.717784,0000,015064,0.007948,-0.0001,0.0892
2026-08-10T10:54:09.641167,0000,015072,0.155216,-0.0001,0.3940
2026-08-10T10:54:11.637212,0000,015080,0.024931,0.0007,0.1579
2026-08-10T10:54:13.720704,0000,015088,0.009242,0.0008,0.0961
2026-08-10T10:54:16.371188,0000,015096,0.012209,0.0000,0.1105
2026-08-10T10:54:18.660095,0000,015104,0.035297,0.0000,0.1879
2026-08-10T10:54:21.212188,0000,015112,0.017543,0.0005,0.1324
2026-08-10T10:54:23.539191,0000,015120,0.008794,0.0005,0.0938
2026-08-10T10:54:26.055357,0000,015128,0.021010,-0.0009,0.1449
2026-08-10T10:54:28.108515,0000,015136,0.033416,-0.0008,0.1828
2026-08-10T10:54:30.564959,0000,015144,0.013253,-0.0001,0.1151
2026-08-10T10:54:32.864200,0000,015152,0.020817,0.0010,0.1443
2026-08-10T10:54:35.022184,0000,015160,0.042857,0.0011,0.2070
2026-08-10T10:54:37.271414,0000,015168,0.016779,0.0010,0.1295
2026-08-10T10:54:39.378198,0000,015176,0.013755,-0.0000,0.1173
2026-08-10T10:54:41.550877,0000,015184,0.026693,-0.0014,0.1634
2026-08-10T10:54:43.864762,0000,015192,0.031080,-0.0022,0.1763
2026-08-10T10:54:46.338153,0000,015200,1.163805,-0.0032,1.0788
2026-08-10T10:54:48.456045,0000,015208,0.017927,-0.0017,0.1339
2026-08-10T10:54:50.835236,0000,015216,0.016907,-0.0002,0.1300
2026-08-10T10:54:53.066422,0000,015224,0.030410,0.0020,0.1744
2026-08-10T10:54:55.144038,0000,015232,0.049770,0.0029,0.2231
2026-08-10T10:54:57.044079,0000,015240,0.035753,0.0028,0.1891
2026-08-10T10:54:58.963210,0000,015248,0.038266,0.0025,0.1956
2026-08-10T10:55:00.896064,0000,015256,0.031663,0.0013,0.1779
2026-08-10T10:55:02.799135,0000,015264,0.013126,-0.0004,0.1146
2026-08-10T10:55:04.874114,0000,015272,0.019590,-0.0013,0.1400
2026-08-10T10:55:06.802055,0000,015280,0.012990,-0.0013,0.1140
2026-08-10T10:55:08.911237,0000,015288,0.026550,-0.0008,0.1629
2026-08-10T10:55:10.899063,0000,015296,0.013257,0.0006,0.1151
2026-08-10T10:55:12.911676,0000,015304,0.029342,0.0007,0.1713
2026-08-10T10:55:15.168059,0000,015312,0.034885,0.0006,0.1868
2026-08-10T10:55:17.235312,0000,015320,0.026456,-0.0002,0.1627
2026-08-10T10:55:19.247935,0000,015328,0.014602,-0.0006,0.1208
2026-08-10T10:55:21.255254,0000,015336,0.011347,-0.0000,0.1065
2026-08-10T10:55:23.193180,0000,015344,0.023782,0.0002,0.1542
2026-08-10T10:55:25.312654,0000,015352,0.028883,-0.0004,0.1700
2026-08-10T10:55:27.560944,0000,015360,0.036589,-0.0001,0.1913
2026-08-10T10:55:29.644035,0000,015368,0.008418,0.0010,0.0917
2026-08-10T10:55:31.802149,0000,015376,0.026452,0.0010,0.1626
2026-08-10T10:55:33.763990,0000,015384,0.021092,0.0006,0.1452
2026-08-10T10:55:35.700997,0000,015392,0.029723,-0.0009,0.1724
2026-08-10T10:55:37.807666,0000,015400,0.027181,-0.0013,0.1649
2026-08-10T10:55:39.680605,0000,015408,0.022971,-0.0009,0.1516
2026-08-10T10:55:41.593090,0000,015416,0.014547,0.0002,0.1206
2026-08-10T10:55:43.512355,0000,015424,0.010437,0.0005,0.1022
2026-08-10T10:55:45.444179,0000,015432,0.014370,0.0001,0.1199
2026-08-10T10:55:47.957131,0000,015440,0.012582,0.0004,0.1122
2026-08-10T10:55:50.269034,0000,015448,0.025729,-0.0003,0.1604
2026-08-10T10:55:52.477791,0000,015456,0.008890,0.0001,0.0943
2026-08-10T10:55:54.703960,0000,015464,0.011764,0.0001,0.1085
2026-08-10T10:55:56.641846,0000,015472,0.033666,0.0004,0.1835
2026-08-10T10:55:58.566903,0000,015480,0.027722,0.0001,0.1665
2026-08-10T10:56:00.627658,0000,015488,0.016779,-0.0004,0.1295
2026-08-10T10:56:02.852013,0000,015496,0.022013,-0.0010,0.1484
2026-08-10T10:56:05.314057,0000,015504,0.019244,-0.0001,0.1387
2026-08-10T10:56:07.929522,0000,015512,0.024581,0.0010,0.1568
2026-08-10T10:56:10.292564,0000,015520,0.022256,0.0013,0.1492
2026-08-10T10:56:12.335334,0000,015528,0.034933,0.0010,0.1869
2026-08-10T10:56:14.486983,0000,015536,0.011066,0.0001,0.1052
2026-08-10T10:56:16.397641,0000,015544,0.017258,-0.0014,0.1314
2026-08-10T10:56:18.282959,0000,015552,0.033892,-0.0022,0.1841
2026-08-10T10:56:20.207918,0000,015560,0.039785,-0.0022,0.1995
2026-08-10T10:56:22.199988,0000,015568,0.010740,-0.0013,0.1036
2026-08-10T10:56:24.645532,0000,015576,0.023995,0.0004,0.1549
2026-08-10T10:56:26.903364,0000,015584,0.012660,0.0003,0.1125
2026-08-10T10:56:28.882862,0000,015592,0.035128,0.0001,0.1874
2026-08-10T10:56:30.836067,0000,015600,0.015536,-0.0007,0.1246
2026-08-10T10:56:32.897690,0000,015608,0.022669,-0.0009,0.1506
2026-08-10T10:56:35.137212,0000,015616,0.013333,-0.0001,0.1155
2026-08-10T10:56:37.316520,0000,015624,0.015885,0.0001,0.1260
2026-08-10T10:56:39.553546,0000,015632,0.027569,-0.0006,0.1660
2026-08-10T10:56:41.486678,0000,015640,0.013720,-0.0000,0.1171
2026-08-10T10:56:43.454929,0000,015648,0.024725,-0.0003,0.1572
2026-08-10T10:56:45.333689,0000,015656,0.007181,0.0001,0.0847
2026-08-10T10:56:47.340289,0000,015664,0.015162,-0.0002,0.1231
2026-08-10T10:56:49.373004,0000,015672,0.016702,0.0001,0.1292
2026-08-10T10:56:51.651469,0000,015680,0.022398,-0.0005,0.1497
2026-08-10T10:56:53.732075,0000,015688,0.009399,0.0000,0.0969
2026-08-10T10:56:56.013280,0000,015696,0.013257,0.0004,0.1151
2026-08-10T10:56:57.983648,0000,015704,0.011965,-0.0001,0.1094
2026-08-10T10:57:00.021656,0000,015712,0.009103,0.0002,0.0954
2026-08-10T10:57:02.018421,0000,015720,0.018877,-0.0002,0.1374
2026-08-10T10:57:04.126087,0000,015728,0.027166,-0.0000,0.1648
2026-08-10T10:57:06.399642,0000,015736,0.009449,-0.0002,0.0972
2026-08-10T10:57:08.330879,0000,015744,0.014788,0.0000,0.1216
2026-08-10T10:57:10.303658,0000,015752,0.006195,-0.0002,0.0787
2026-08-10T10:57:12.333467,0000,015760,0.022763,-0.0001,0.1509
2026-08-10T10:57:14.328209,0000,015768,0.025518,0.0009,0.1597
2026-08-10T10:57:16.367508,0000,015776,0.049738,0.0011,0.2230
2026-08-10T10:57:18.290700,0000,015784,0.011420,0.0006,0.1069
2026-08-10T10:57:20.346584,0000,015792,0.009011,-0.0005,0.0949
2026-08-10T10:57:22.236674,0000,015800,0.017976,-0.0008,0.1341
2026-08-10T10:57:24.226646,0000,015808,0.023059,-0.0004,0.1519
2026-08-10T10:57:26.334911,0000,015816,0.052734,0.0004,0.2296
2026-08-10T10:57:28.330716,0000,015824,0.016426,0.0009,0.1282
2026-08-10T10:57:30.563717,0000,015832,0.010725,0.0005,0.1036
2026-08-10T10:57:32.564018,0000,015840,0.024137,-0.0007,0.1554
2026-08-10T10:57:34.698704,0000,015848,0.017033,-0.0009,0.1305
2026-08-10T10:57:36.706723,0000,015856,0.023863,-0.0009,0.1545
2026-08-10T10:57:38.650362,0000,015864,0.020887,0.0004,0.1445
2026-08-10T10:57:40.763331,0000,015872,0.023358,0.0005,0.1528
2026-08-10T10:57:42.913168,0000,015880,0.005704,0.0002,0.0755
2026-08-10T10:57:45.110581,0000,015888,0.012395,-0.0010,0.1113
2026-08-10T10:57:47.138757,0000,015896,1.139551,-0.0021,1.0675
2026-08-10T10:57:49.075736,0000,015904,0.014804,-0.0007,0.1217
2026-08-10T10:57:51.269784,0000,015912,0.016499,0.0003,0.1284
2026-08-10T10:57:53.335594,0000,015920,0.018854,0.0005,0.1373
2026-08-10T10:57:55.407796,0000,015928,0.019407,0.0001,0.1393
2026-08-10T10:57:57.344383,0000,015936,0.013970,-0.0010,0.1182
2026-08-10T10:57:59.325525,0000,015944,0.020527,-0.0013,0.1433
2026-08-10T10:58:01.336487,0000,015952,0.012677,-0.0008,0.1126
2026-08-10T10:58:03.400177,0000,015960,0.017715,0.0002,0.1331
2026-08-10T10:58:05.437217,0000,015968,0.015715,0.0005,0.1254
2026-08-10T10:58:07.607154,0000,015976,0.017065,0.0001,0.1306
2026-08-10T10:58:09.701195,0000,015984,0.034599,-0.0012,0.1860
2026-08-10T10:58:12.297921,0000,015992,0.156721,-0.0019,0.3959
2026-08-10T10:58:14.340186,0000,016000,0.028233,-0.0010,0.1680
2026-08-10T10:58:16.660914,0000,016008,0.013936,0.0001,0.1181
2026-08-10T10:58:18.904466,0000,016016,0.019158,0.0006,0.1384
2026-08-10T10:58:21.195660,0000,016024,0.013688,0.0002,0.1170
2026-08-10T10:58:23.362217,0000,016032,0.030752,-0.0011,0.1754
2026-08-10T10:58:25.334296,0000,016040,0.018182,-0.0012,0.1348
2026-08-10T10:58:27.254627,0000,016048,0.012938,-0.0008,0.1137
2026-08-10T10:58:29.278201,0000,016056,0.019964,0.0000,0.1413
2026-08-10T10:58:31.631849,0000,016064,0.032280,0.0003,0.1797
2026-08-10T10:58:33.620740,0000,016072,0.013540,-0.0001,0.1164
2026-08-10T10:58:35.856037,0000,016080,0.014468,0.0005,0.1203
2026-08-10T10:58:38.028563,0000,016088,0.007550,-0.0000,0.0869
2026-08-10T10:58:40.100604,0000,016096,0.143828,0.0001,0.3792
2026-08-10T10:58:42.388668,0000,016104,0.009947,-0.0002,0.0997
2026-08-10T10:58:44.389363,0000,016112,0.007235,0.0001,0.0851
2026-08-10T10:58:46.655124,0000,016120,0.012646,-0.0005,0.1125
2026-08-10T10:58:48.856342,0000,016128,0.008585,-0.0001,0.0927
2026-08-10T10:58:51.008078,0000,016136,0.023930,0.0010,0.1547
2026-08-10T10:58:53.280269,0000,016144,0.034624,0.0013,0.1861
2026-08-10T10:58:55.318478,0000,016152,0.020486,0.0007,0.1431
2026-08-10T10:58:57.401540,0000,016160,0.038883,-0.0006,0.1972
2026-08-10T10:58:59.442775,0000,016168,0.016935,-0.0007,0.1301
2026-08-10T10:59:01.569998,0000,016176,0.008957,-0.0003,0.0946
2026-08-10T10:59:03.936886,0000,016184,0.018316,0.0006,0.1353
2026-08-10T10:59:06.184698,0000,016192,0.015543,0.0008,0.1247
2026-08-10T10:59:08.493448,0000,016200,0.021026,0.0002,0.1450
2026-08-10T10:59:10.568243,0000,016208,0.007230,-0.0006,0.0850
2026-08-10T10:59:12.538410,0000,016216,0.007378,-0.0009,0.0859
2026-08-10T10:59:14.819161,0000,016224,0.009998,-0.0005,0.1000
2026-08-10T10:59:16.719936,0000,016232,0.015046,0.0004,0.1227
2026-08-10T10:59:18.667405,0000,016240,0.008786,0.0006,0.0937
2026-08-10T10:59:20.675353,0000,016248,0.027774,-0.0000,0.1667
2026-08-10T10:59:22.547939,0000,016256,0.021184,0.0004,0.1455
2026-08-10T10:59:24.861798,0000,016264,0.141268,-0.0001,0.3759
2026-08-10T10:59:26.747363,0000,016272,0.010854,0.0002,0.1042
2026-08-10T10:59:28.872112,0000,016280,0.005848,-0.0002,0.0765
2026-08-10T10:59:30.906207,0000,016288,0.025806,-0.0001,0.1606
2026-08-10T10:59:32.913451,0000,016296,0.011651,0.0011,0.1079
2026-08-10T10:59:35.132320,0000,016304,0.022129,0.0014,0.1488
2026-08-10T10:59:37.145005,0000,016312,0.014074,0.0007,0.1186
2026-08-10T10:59:39.130113,0000,016320,0.022175,-0.0004,0.1489
2026-08-10T10:59:41.210198,0000,016328,0.066885,-0.0009,0.2586
2026-08-10T10:59:43.305472,0000,016336,0.007325,-0.0004,0.0856
2026-08-10T10:59:45.562052,0000,016344,0.016985,0.0005,0.1303
2026-08-10T10:59:47.745895,0000,016352,0.030010,0.0008,0.1732
2026-08-10T10:59:50.080153,0000,016360,0.024247,0.0000,0.1557
2026-08-10T10:59:52.441171,0000,016368,0.008436,0.0005,0.0918
2026-08-10T10:59:54.423099,0000,016376,0.055651,0.0001,0.2359
2026-08-10T10:59:56.467823,0000,016384,0.036022,-0.0012,0.1898
2026-08-10T10:59:58.357858,0000,016392,0.012429,-0.0012,0.1115
2026-08-10T11:00:00.583262,0000,016400,0.023534,-0.0011,0.1534
2026-08-10T11:00:02.729909,0000,016408,0.017557,0.0001,0.1325
2026-08-10T11:00:04.995887,0000,016416,0.011133,0.0003,0.1055
2026-08-10T11:00:06.935350,0000,016424,0.011477,-0.0001,0.1071
2026-08-10T11:00:08.906670,0000,016432,0.008379,0.0003,0.0915
2026-08-10T11:00:10.961048,0000,016440,0.009763,-0.0001,0.0988
2026-08-10T11:00:12.986981,0000,016448,0.013325,-0.0002,0.1154
2026-08-10T11:00:14.899698,0000,016456,0.022580,0.0010,0.1503
2026-08-10T11:00:16.934518,0000,016464,0.012883,0.0011,0.1135
2026-08-10T11:00:19.028560,0000,016472,0.008973,0.0007,0.0947
2026-08-10T11:00:21.223943,0000,016480,0.008862,-0.0005,0.0941
2026-08-10T11:00:23.286598,0000,016488,0.014297,-0.0009,0.1196
2026-08-10T11:00:25.460145,0000,016496,0.033381,-0.0007,0.1827
2026-08-10T11:00:27.558935,0000,016504,0.007293,0.0006,0.0854
2026-08-10T11:00:29.620558,0000,016512,0.062957,0.0007,0.2509
2026-08-10T11:00:31.699067,0000,016520,0.018939,0.0003,0.1376
2026-08-10T11:00:33.987820,0000,016528,0.033614,-0.0010,0.1833
2026-08-10T11:00:36.212365,0000,016536,0.019910,-0.0011,0.1411
2026-08-10T11:00:38.167473,0000,016544,0.023034,-0.0009,0.1518
2026-08-10T11:00:40.744158,0000,016552,0.023359,0.0006,0.1528
2026-08-10T11:00:43.139197,0000,016560,0.014021,0.0005,0.1184
2026-08-10T11:00:45.060896,0000,016568,0.014002,-0.0001,0.1183
2026-08-10T11:00:47.025737,0000,016576,0.025805,0.0003,0.1606
2026-08-10T11:00:49.011854,0000,016584,0.010101,-0.0002,0.1005
2026-08-10T11:00:50.950791,0000,016592,0.022212,0.0000,0.1490
2026-08-10T11:00:52.869627,0000,016600,0.015951,-0.0004,0.1263
2026-08-10T11:00:54.968922,0000,016608,0.024133,-0.0001,0.1553
2026-08-10T11:00:57.125871,0000,016616,0.013838,0.0008,0.1176
2026-08-10T11:00:59.043762,0000,016624,0.019818,0.0011,0.1408
2026-08-10T11:01:01.009951,0000,016632,0.013261,0.0005,0.1152
2026-08-10T11:01:03.405437,0000,016640,0.014236,-0.0006,0.1193
2026-08-10T11:01:05.862930,0000,016648,0.009836,-0.0009,0.0992
2026-08-10T11:01:08.102959,0000,016656,0.026651,-0.0006,0.1633
2026-08-10T11:01:10.008243,0000,016664,0.015578,0.0005,0.1248
2026-08-10T11:01:12.003767,0000,016672,0.022655,0.0006,0.1505
2026-08-10T11:01:14.003716,0000,016680,0.012266,0.0003,0.1108
2026-08-10T11:01:15.973248,0000,016688,0.008310,-0.0008,0.0912
2026-08-10T11:01:18.101700,0000,016696,0.043684,-0.0014,0.2090
2026-08-10T11:01:19.995824,0000,016704,0.006780,-0.0008,0.0823
2026-08-10T11:01:22.222447,0000,016712,0.038448,0.0001,0.1961
2026-08-10T11:01:24.555837,0000,016720,0.015581,0.0006,0.1248
2026-08-10T11:01:26.860293,0000,016728,0.028852,-0.0003,0.1699
2026-08-10T11:01:28.990655,0000,016736,0.021216,0.0002,0.1457
2026-08-10T11:01:30.970547,0000,016744,0.015518,-0.0001,0.1246
2026-08-10T11:01:33.018694,0000,016752,0.017393,0.0001,0.1319
2026-08-10T11:01:35.038556,0000,016760,0.028889,-0.0003,0.1700
2026-08-10T11:01:37.096672,0000,016768,0.006893,-0.0000,0.0830
2026-08-10T11:01:39.007596,0000,016776,0.016275,-0.0004,0.1276
2026-08-10T11:01:40.924966,0000,016784,0.012458,0.0000,0.1116
2026-08-10T11:01:43.004820,0000,016792,0.010084,-0.0003,0.1004
2026-08-10T11:01:44.905188,0000,016800,0.013053,-0.0001,0.1142
2026-08-10T11:01:47.093915,0000,016808,0.010979,0.0008,0.1048
2026-08-10T11:01:49.054969,0000,016816,0.009742,0.0010,0.0987
2026-08-10T11:01:50.988682,0000,016824,0.012501,0.0005,0.1118
2026-08-10T11:01:52.876750,0000,016832,0.008888,-0.0005,0.0943
2026-08-10T11:01:55.039307,0000,016840,0.026815,-0.0010,0.1638
2026-08-10T11:01:57.001749,0000,016848,0.023154,-0.0006,0.1522
2026-08-10T11:01:59.140715,0000,016856,0.021446,0.0003,0.1464
2026-08-10T11:02:01.024443,0000,016864,1.144703,-0.0004,1.0699
2026-08-10T11:02:03.158871,0000,016872,0.019019,0.0017,0.1379
2026-08-10T11:02:05.500303,0000,016880,0.064783,0.0018,0.2545
2026-08-10T11:02:07.830893,0000,016888,0.015882,0.0011,0.1260
2026-08-10T11:02:09.902115,0000,016896,0.019137,-0.0001,0.1383
2026-08-10T11:02:11.911262,0000,016904,0.010571,-0.0005,0.1028
2026-08-10T11:02:14.065373,0000,016912,0.010340,-0.0001,0.1017
2026-08-10T11:02:16.472056,0000,016920,0.014828,0.0010,0.1218
2026-08-10T11:02:18.429786,0000,016928,0.016337,0.0008,0.1278
2026-08-10T11:02:20.785656,0000,016936,0.008368,0.0004,0.0915
2026-08-10T11:02:23.178029,0000,016944,0.007286,-0.0005,0.0854
2026-08-10T11:02:25.447982,0000,016952,0.016899,-0.0010,0.1300
2026-08-10T11:02:27.629816,0000,016960,0.008569,-0.0005,0.0926
2026-08-10T11:02:29.853037,0000,016968,0.006841,0.0003,0.0827
2026-08-10T11:02:31.988516,0000,016976,0.020390,0.0007,0.1428
2026-08-10T11:02:34.564595,0000,016984,0.012897,-0.0000,0.1136
2026-08-10T11:02:36.760019,0000,016992,0.013177,0.0004,0.1148
2026-08-10T11:02:38.820456,0000,017000,0.026379,-0.0002,0.1624
2026-08-10T11:02:40.830977,0000,017008,0.022180,0.0003,0.1489
2026-08-10T11:02:43.167356,0000,017016,0.022341,-0.0001,0.1495
2026-08-10T11:02:45.483987,0000,017024,0.018979,0.0002,0.1378
2026-08-10T11:02:47.513048,0000,017032,0.011709,-0.0004,0.1082
2026-08-10T11:02:49.542716,0000,017040,0.057467,-0.0002,0.2397
2026-08-10T11:02:51.639393,0000,017048,0.021646,0.0008,0.1471
2026-08-10T11:02:53.809771,0000,017056,0.009567,0.0012,0.0978
2026-08-10T11:02:55.801497,0000,017064,0.010234,0.0006,0.1012
2026-08-10T11:02:58.184466,0000,017072,0.013549,-0.0005,0.1164
2026-08-10T11:03:00.200852,0000,017080,0.015864,-0.0009,0.1260
2026-08-10T11:03:02.305507,0000,017088,0.010762,-0.0004,0.1037
2026-08-10T11:03:04.426991,0000,017096,0.025102,0.0005,0.1584
2026-08-10T11:03:06.453419,0000,017104,0.018079,0.0004,0.1345
2026-08-10T11:03:08.520317,0000,017112,0.015766,0.0003,0.1256
2026-08-10T11:03:10.715133,0000,017120,0.024090,-0.0011,0.1552
2026-08-10T11:03:12.888021,0000,017128,0.039552,-0.0014,0.1989
2026-08-10T11:03:14.849162,0000,017136,0.012268,-0.0008,0.1108
2026-08-10T11:03:17.076170,0000,017144,0.015200,0.0002,0.1233
2026-08-10T11:03:19.024997,0000,017152,0.016128,0.0005,0.1270
2026-08-10T11:03:21.611206,0000,017160,0.029726,-0.0001,0.1724
2026-08-10T11:03:23.977121,0000,017168,0.006410,0.0002,0.0801
2026-08-10T11:03:25.978757,0000,017176,0.015952,-0.0003,0.1263
2026-08-10T11:03:28.180721,0000,017184,0.021612,0.0000,0.1470
2026-08-10T11:03:30.222317,0000,017192,0.012975,-0.0005,0.1139
2026-08-10T11:03:32.227741,0000,017200,0.014659,-0.0002,0.1211
2026-08-10T11:03:34.168012,0000,017208,0.027632,0.0009,0.1662
2026-08-10T11:03:36.059195,0000,017216,0.008826,0.0010,0.0939
2026-08-10T11:03:37.972506,0000,017224,0.013538,0.0004,0.1164
2026-08-10T11:03:39.975084,0000,017232,1.134899,-0.0016,1.0653
2026-08-10T11:03:41.911185,0000,017240,0.054978,-0.0010,0.2345
2026-08-10T11:03:44.046432,0000,017248,0.008304,-0.0007,0.0911
2026-08-10T11:03:46.227560,0000,017256,0.009443,0.0004,0.0972
2026-08-10T11:03:48.463414,0000,017264,0.015733,0.0006,0.1254
2026-08-10T11:03:50.862554,0000,017272,0.015543,0.0001,0.1247
2026-08-10T11:03:52.856857,0000,017280,0.009350,-0.0009,0.0967
2026-08-10T11:03:55.025530,0000,017288,0.012904,-0.0012,0.1136
2026-08-10T11:03:57.265453,0000,017296,0.027227,-0.0010,0.1650
2026-08-10T11:03:59.308393,0000,017304,0.024285,0.0000,0.1558
2026-08-10T11:04:01.448293,0000,017312,0.034758,0.0015,0.1864
2026-08-10T11:04:03.381745,0000,017320,2.274126,0.0002,1.5080
2026-08-10T11:04:05.681169,0000,017328,0.032211,0.0027,0.1795
2026-08-10T11:04:07.853394,0000,017336,0.019188,0.0018,0.1385
2026-08-10T11:04:09.931006,0000,017344,0.014113,0.0006,0.1188
2026-08-10T11:04:11.943457,0000,017352,0.026143,-0.0013,0.1617
2026-08-10T11:04:13.874619,0000,017360,0.023822,-0.0022,0.1543
2026-08-10T11:04:16.008027,0000,017368,0.027457,-0.0025,0.1657
2026-08-10T11:04:17.894056,0000,017376,0.022364,-0.0019,0.1495
2026-08-10T11:04:19.882947,0000,017384,0.009635,-0.0009,0.0982
2026-08-10T11:04:21.833046,0000,017392,0.024593,0.0008,0.1568
2026-08-10T11:04:24.058423,0000,017400,0.019710,0.0017,0.1404
2026-08-10T11:04:26.323002,0000,017408,0.023366,0.0017,0.1529
2026-08-10T11:04:28.334549,0000,017416,0.023365,0.0010,0.1529
2026-08-10T11:04:30.296644,0000,017424,0.016932,-0.0001,0.1301
2026-08-10T11:04:32.301007,0000,017432,0.060190,-0.0005,0.2453
2026-08-10T11:04:34.401995,0000,017440,0.009253,-0.0002,0.0962
2026-08-10T11:04:36.311942,0000,017448,0.016527,0.0006,0.1286
2026-08-10T11:04:38.539956,0000,017456,1.148891,-0.0002,1.0719
2026-08-10T11:04:40.511148,0000,017464,0.020977,0.0003,0.1448
2026-08-10T11:04:43.086438,0000,017472,0.011952,-0.0008,0.1093
2026-08-10T11:04:44.989375,0000,017480,0.012269,-0.0010,0.1108
2026-08-10T11:04:47.087516,0000,017488,0.012322,-0.0008,0.1110
2026-08-10T11:04:49.295719,0000,017496,0.014350,0.0003,0.1198
2026-08-10T11:04:51.825912,0000,017504,0.013044,0.0006,0.1142
2026-08-10T11:04:54.204953,0000,017512,0.044893,-0.0001,0.2119
2026-08-10T11:04:56.514185,0000,017520,0.020016,0.0005,0.1415
2026-08-10T11:04:58.536823,0000,017528,0.009869,-0.0003,0.0993
2026-08-10T11:05:00.735993,0000,017536,0.010939,-0.0000,0.1046
2026-08-10T11:05:02.779968,0000,017544,0.019061,0.0010,0.1381
2026-08-10T11:05:05.195097,0000,017552,0.029308,0.0010,0.1712
2026-08-10T11:05:07.323554,0000,017560,0.010541,0.0007,0.1027
2026-08-10T11:05:09.369716,0000,017568,0.006752,-0.0006,0.0822
2026-08-10T11:05:11.636438,0000,017576,1.134632,-0.0020,1.0652
2026-08-10T11:05:13.829750,0000,017584,0.007086,-0.0007,0.0842
2026-08-10T11:05:16.026647,0000,017592,0.031409,0.0001,0.1772
2026-08-10T11:05:18.040991,0000,017600,0.008588,0.0005,0.0927
2026-08-10T11:05:20.257732,0000,017608,0.018792,-0.0000,0.1371
2026-08-10T11:05:22.638568,0000,017616,0.140044,0.0004,0.3742
2026-08-10T11:05:24.801596,0000,017624,0.009861,-0.0001,0.0993
2026-08-10T11:05:27.075718,0000,017632,0.035389,0.0003,0.1881
2026-08-10T11:05:29.055812,0000,017640,0.009060,-0.0004,0.0952
2026-08-10T11:05:31.073769,0000,017648,0.020514,-0.0002,0.1432
2026-08-10T11:05:33.248488,0000,017656,0.054624,0.0009,0.2337
2026-08-10T11:05:35.333686,0000,017664,0.016058,0.0009,0.1267
2026-08-10T11:05:37.404951,0000,017672,0.015454,0.0005,0.1243
2026-08-10T11:05:39.456304,0000,017680,0.006632,-0.0006,0.0814
2026-08-10T11:05:41.487441,0000,017688,0.013703,-0.0011,0.1171
2026-08-10T11:05:43.506662,0000,017696,0.016535,-0.0007,0.1286
2026-08-10T11:05:45.562351,0000,017704,0.007213,0.0003,0.0849
2026-08-10T11:05:48.064870,0000,017712,0.015501,0.0004,0.1245
2026-08-10T11:05:50.785304,0000,017720,0.027644,-0.0003,0.1663
2026-08-10T11:05:52.948811,0000,017728,0.015084,0.0003,0.1228
2026-08-10T11:05:55.214898,0000,017736,0.008038,-0.0002,0.0897
2026-08-10T11:05:57.717712,0000,017744,0.029847,-0.0002,0.1728
2026-08-10T11:06:00.322374,0000,017752,0.011306,0.0009,0.1063
2026-08-10T11:06:02.449409,0000,017760,0.016812,0.0010,0.1297
2026-08-10T11:06:04.684914,0000,017768,0.021522,0.0006,0.1467
2026-08-10T11:06:06.588711,0000,017776,0.010026,-0.0006,0.1001
2026-08-10T11:06:09.113109,0000,017784,0.028855,-0.0012,0.1699
2026-08-10T11:06:11.392547,0000,017792,0.010505,-0.0007,0.1025
2026-08-10T11:06:13.326097,0000,017800,0.034708,0.0002,0.1863
2026-08-10T11:06:15.294443,0000,017808,0.024927,0.0004,0.1579
2026-08-10T11:06:17.157326,0000,017816,0.012540,0.0002,0.1120
2026-08-10T11:06:18.882593,0000,017824,0.012808,-0.0010,0.1132
2026-08-10T11:06:20.870856,0000,017832,0.033463,-0.0017,0.1829
2026-08-10T11:06:22.701691,0000,017840,0.037382,-0.0012,0.1933
2026-08-10T11:06:24.625553,0000,017848,0.013125,-0.0000,0.1146
2026-08-10T11:06:26.820721,0000,017856,0.018331,0.0014,0.1354
2026-08-10T11:06:29.160226,0000,017864,0.022665,0.0021,0.1505
2026-08-10T11:06:31.823469,0000,017872,0.044721,0.0025,0.2115
2026-08-10T11:06:33.979330,0000,017880,0.018879,0.0016,0.1374
2026-08-10T11:06:36.187371,0000,017888,0.019720,0.0003,0.1404
2026-08-10T11:06:38.397851,0000,017896,0.013643,-0.0015,0.1168
2026-08-10T11:06:40.370329,0000,017904,0.030361,-0.0023,0.1742
2026-08-10T11:06:42.572072,0000,017912,0.051333,-0.0026,0.2266
2026-08-10T11:06:45.121786,0000,017920,0.034830,-0.0023,0.1866
2026-08-10T11:06:47.603132,0000,017928,0.028327,-0.0009,0.1683
2026-08-10T11:06:50.053825,0000,017936,0.012365,0.0007,0.1112
2026-08-10T11:06:52.337058,0000,017944,0.029180,0.0015,0.1708
2026-08-10T11:06:54.711056,0000,017952,0.025959,0.0015,0.1611
2026-08-10T11:06:57.535065,0000,017960,0.016592,0.0011,0.1288
2026-08-10T11:06:59.614916,0000,017968,0.009200,-0.0000,0.0959
2026-08-10T11:07:02.115756,0000,017976,0.048989,-0.0007,0.2213
2026-08-10T11:07:04.179539,0000,017984,0.017470,-0.0003,0.1322
2026-08-10T11:07:06.803221,0000,017992,0.013597,0.0007,0.1166
2026-08-10T11:07:09.469703,0000,018000,0.011268,0.0009,0.1061
2026-08-10T11:07:11.495270,0000,018008,0.010281,0.0004,0.1014
2026-08-10T11:07:13.427993,0000,018016,0.013007,-0.0007,0.1140
2026-08-10T11:07:15.638547,0000,018024,0.018203,-0.0011,0.1349
2026-08-10T11:07:18.127235,0000,018032,0.013827,-0.0007,0.1176
2026-08-10T11:07:20.257285,0000,018040,0.015216,0.0002,0.1234
2026-08-10T11:07:22.440084,0000,018048,0.016002,0.0003,0.1265
2026-08-10T11:07:24.453289,0000,018056,0.005230,0.0000,0.0723
2026-08-10T11:07:26.449431,0000,018064,0.014642,-0.0011,0.1210
2026-08-10T11:07:29.208243,0000,018072,0.060536,-0.0019,0.2460
2026-08-10T11:07:31.967751,0000,018080,0.032697,-0.0013,0.1808
2026-08-10T11:07:34.067625,0000,018088,0.009290,-0.0000,0.0964
2026-08-10T11:07:36.220394,0000,018096,0.019300,0.0014,0.1389
2026-08-10T11:07:38.759491,0000,018104,0.037348,0.0025,0.1933
2026-08-10T11:07:41.270645,0000,018112,0.044068,0.0023,0.2099
2026-08-10T11:07:43.415090,0000,018120,0.022341,0.0016,0.1495
2026-08-10T11:07:45.464170,0000,018128,0.006598,0.0004,0.0812
2026-08-10T11:07:47.686709,0000,018136,0.030353,-0.0015,0.1742
2026-08-10T11:07:49.774432,0000,018144,0.027203,-0.0023,0.1649
2026-08-10T11:07:52.030661,0000,018152,0.037753,-0.0028,0.1943
2026-08-10T11:07:54.515408,0000,018160,0.024653,-0.0020,0.1570
2026-08-10T11:07:57.060319,0000,018168,0.012593,-0.0010,0.1122
2026-08-10T11:07:59.304883,0000,018176,0.010509,0.0007,0.1025
2026-08-10T11:08:01.296108,0000,018184,0.017953,0.0015,0.1340
2026-08-10T11:08:03.558687,0000,018192,0.037480,0.0019,0.1936
2026-08-10T11:08:05.993402,0000,018200,0.031924,0.0008,0.1787
2026-08-10T11:08:08.471851,0000,018208,0.018059,-0.0001,0.1344
2026-08-10T11:08:10.711800,0000,018216,0.022847,-0.0006,0.1512
2026-08-10T11:08:12.855122,0000,018224,0.013445,-0.0003,0.1160
2026-08-10T11:08:14.785916,0000,018232,0.025111,0.0003,0.1585
2026-08-10T11:08:16.750015,0000,018240,0.011963,0.0007,0.1094
2026-08-10T11:08:18.705479,0000,018248,0.014636,0.0002,0.1210
2026-08-10T11:08:20.663865,0000,018256,0.014996,-0.0009,0.1225
2026-08-10T11:08:22.631192,0000,018264,0.014226,-0.0012,0.1193
2026-08-10T11:08:24.790788,0000,018272,0.013567,-0.0009,0.1165
2026-08-10T11:08:26.942978,0000,018280,0.011152,0.0002,0.1056
2026-08-10T11:08:29.170579,0000,018288,0.037893,0.0000,0.1947
2026-08-10T11:08:31.155833,0000,018296,0.011168,0.0012,0.1057
2026-08-10T11:08:33.363164,0000,018304,0.020842,0.0012,0.1444
2026-08-10T11:08:35.723852,0000,018312,0.016019,0.0007,0.1266
2026-08-10T11:08:37.819023,0000,018320,0.007570,-0.0003,0.0870
2026-08-10T11:08:39.919794,0000,018328,0.014378,-0.0008,0.1199
2026-08-10T11:08:41.797672,0000,018336,0.008521,-0.0005,0.0923
2026-08-10T11:08:44.199574,0000,018344,0.009391,0.0004,0.0969
2026-08-10T11:08:46.534813,0000,018352,0.014548,0.0006,0.1206
2026-08-10T11:08:48.685438,0000,018360,0.149768,-0.0001,0.3870
2026-08-10T11:08:50.694117,0000,018368,0.016049,-0.0009,0.1267
2026-08-10T11:08:52.709121,0000,018376,0.033322,-0.0013,0.1825
2026-08-10T11:08:55.045196,0000,018384,0.018391,-0.0009,0.1356
2026-08-10T11:08:57.201879,0000,018392,0.013070,0.0001,0.1143
2026-08-10T11:08:59.366886,0000,018400,0.009080,0.0002,0.0953
2026-08-10T11:09:01.727488,0000,018408,0.016790,-0.0001,0.1296
2026-08-10T11:09:03.743779,0000,018416,0.007768,0.0004,0.0881
2026-08-10T11:09:05.840698,0000,018424,0.015685,-0.0003,0.1252
2026-08-10T11:09:07.983957,0000,018432,0.008019,0.0002,0.0895
2026-08-10T11:09:09.846049,0000,018440,0.021744,-0.0003,0.1475
2026-08-10T11:09:12.050974,0000,018448,0.009762,0.0002,0.0988
2026-08-10T11:09:14.244740,0000,018456,0.029346,-0.0006,0.1713
2026-08-10T11:09:16.449605,0000,018464,0.036590,-0.0002,0.1913
2026-08-10T11:09:18.423060,0000,018472,0.018297,0.0008,0.1353
2026-08-10T11:09:20.379131,0000,018480,0.008730,0.0011,0.0934
2026-08-10T11:09:22.344536,0000,018488,0.012593,0.0006,0.1122
2026-08-10T11:09:24.294685,0000,018496,0.009678,-0.0005,0.0984
2026-08-10T11:09:26.411358,0000,018504,0.010336,-0.0008,0.1017
2026-08-10T11:09:28.770511,0000,018512,0.021195,-0.0006,0.1456
2026-08-10T11:09:31.080489,0000,018520,0.012742,0.0003,0.1129
2026-08-10T11:09:33.834371,0000,018528,0.029608,0.0008,0.1721
2026-08-10T11:09:35.811940,0000,018536,0.019844,0.0003,0.1409
2026-08-10T11:09:38.222347,0000,018544,0.011447,-0.0007,0.1070
2026-08-10T11:09:40.553796,0000,018552,0.159415,-0.0014,0.3993
2026-08-10T11:09:42.840057,0000,018560,0.024706,-0.0010,0.1572
2026-08-10T11:09:45.281935,0000,018568,0.013838,0.0002,0.1176
2026-08-10T11:09:47.593233,0000,018576,0.020529,0.0004,0.1433
2026-08-10T11:09:49.811930,0000,018584,0.014766,-0.0000,0.1215
2026-08-10T11:09:51.784444,0000,018592,0.007641,0.0003,0.0874
2026-08-10T11:09:53.708588,0000,018600,0.007399,-0.0001,0.0860
2026-08-10T11:09:55.690732,0000,018608,0.010485,0.0002,0.1024
2026-08-10T11:09:57.733674,0000,018616,0.011521,-0.0002,0.1073
2026-08-10T11:09:59.824565,0000,018624,0.018925,0.0001,0.1376
2026-08-10T11:10:01.776547,0000,018632,0.011898,-0.0005,0.1091
2026-08-10T11:10:04.023254,0000,018640,0.011440,0.0000,0.1070
2026-08-10T11:10:06.613248,0000,018648,0.030708,-0.0005,0.1752
2026-08-10T11:10:08.650958,0000,018656,0.009826,0.0001,0.0991
2026-08-10T11:10:10.730182,0000,018664,0.012255,-0.0005,0.1107
2026-08-10T11:10:12.627467,0000,018672,0.011712,-0.0000,0.1082
2026-08-10T11:10:14.622889,0000,018680,0.016379,0.0006,0.1280
2026-08-10T11:10:16.712555,0000,018688,0.017081,0.0008,0.1307
2026-08-10T11:10:18.734694,0000,018696,0.017664,0.0003,0.1329
2026-08-10T11:10:20.766896,0000,018704,0.026214,-0.0008,0.1619
2026-08-10T11:10:22.854109,0000,018712,0.025141,-0.0012,0.1586
2026-08-10T11:10:24.998612,0000,018720,0.023223,-0.0007,0.1524
2026-08-10T11:10:27.508430,0000,018728,1.143954,-0.0006,1.0696
2026-08-10T11:10:29.962460,0000,018736,0.087836,0.0019,0.2964
2026-08-10T11:10:32.175992,0000,018744,0.041810,0.0024,0.2045
2026-08-10T11:10:34.558170,0000,018752,0.043142,0.0029,0.2077
2026-08-10T11:10:36.630477,0000,018760,0.030787,0.0016,0.1755
2026-08-10T11:10:38.933095,0000,018768,0.033809,0.0003,0.1839
2026-08-10T11:10:41.125973,0000,018776,0.017558,-0.0013,0.1325
2026-08-10T11:10:43.897590,0000,018784,0.026989,-0.0022,0.1643
2026-08-10T11:10:46.322064,0000,018792,0.027398,-0.0024,0.1655
2026-08-10T11:10:48.343856,0000,018800,0.028780,-0.0020,0.1696
2026-08-10T11:10:50.935199,0000,018808,0.023744,-0.0010,0.1541
2026-08-10T11:10:54.000551,0000,018816,0.017282,0.0007,0.1315
2026-08-10T11:10:56.960198,0000,018824,0.041031,0.0016,0.2026
2026-08-10T11:10:59.629946,0000,018832,0.145003,0.0014,0.3808
2026-08-10T11:11:02.080102,0000,018840,0.025243,0.0009,0.1589
2026-08-10T11:11:04.025032,0000,018848,0.014595,-0.0001,0.1208
2026-08-10T11:11:05.954189,0000,018856,0.016048,-0.0006,0.1267
2026-08-10T11:11:08.081027,0000,018864,0.010290,-0.0002,0.1014
2026-08-10T11:11:10.113341,0000,018872,0.023379,0.0005,0.1529
2026-08-10T11:11:12.206819,0000,018880,0.019046,0.0009,0.1380
2026-08-10T11:11:14.418598,0000,018888,0.022093,0.0002,0.1486
2026-08-10T11:11:16.681083,0000,018896,0.014928,-0.0011,0.1222
2026-08-10T11:11:18.548834,0000,018904,0.022955,-0.0012,0.1515
2026-08-10T11:11:20.431288,0000,018912,0.059005,-0.0010,0.2429
2026-08-10T11:11:22.325298,0000,018920,0.011704,0.0001,0.1082
2026-08-10T11:11:24.183341,0000,018928,0.010279,0.0003,0.1014
2026-08-10T11:11:26.257225,0000,018936,0.034347,-0.0003,0.1853
2026-08-10T11:11:28.290203,0000,018944,0.014977,-0.0001,0.1224
2026-08-10T11:11:30.612570,0000,018952,0.049804,0.0011,0.2232
2026-08-10T11:11:32.709214,0000,018960,0.027924,0.0012,0.1671
2026-08-10T11:11:34.957338,0000,018968,0.035146,0.0002,0.1875
2026-08-10T11:11:37.003342,0000,018976,0.030078,-0.0007,0.1734
2026-08-10T11:11:38.886458,0000,018984,0.012766,-0.0010,0.1130
2026-08-10T11:11:41.022753,0000,018992,0.013513,-0.0006,0.1162
2026-08-10T11:11:43.207634,0000,019000,0.025006,0.0002,0.1581
2026-08-10T11:11:45.400936,0000,019008,0.014736,0.0001,0.1214
2026-08-10T11:11:47.402106,0000,019016,0.010209,0.0012,0.1010
2026-08-10T11:11:49.477186,0000,019024,0.021825,0.0015,0.1477
2026-08-10T11:11:51.222212,0000,019032,0.024064,0.0005,0.1551
2026-08-10T11:11:53.121333,0000,019040,0.052746,-0.0005,0.2297
2026-08-10T11:11:55.194935,0000,019048,0.016803,-0.0013,0.1296
2026-08-10T11:11:57.400585,0000,019056,0.015069,-0.0010,0.1228
2026-08-10T11:11:59.305365,0000,019064,0.010196,0.0002,0.1010
2026-08-10T11:12:01.151971,0000,019072,0.013253,0.0005,0.1151
2026-08-10T11:12:03.314504,0000,019080,0.014385,-0.0001,0.1199
2026-08-10T11:12:05.538165,0000,019088,0.023269,0.0001,0.1525
2026-08-10T11:12:07.823240,0000,019096,0.048984,-0.0004,0.2213
2026-08-10T11:12:09.985255,0000,019104,0.021005,-0.0002,0.1449
2026-08-10T11:12:12.080047,0000,019112,0.010899,0.0007,0.1044
2026-08-10T11:12:13.865586,0000,019120,0.012649,0.0008,0.1125
2026-08-10T11:12:15.668805,0000,019128,0.021435,0.0002,0.1464
2026-08-10T11:12:17.485459,0000,019136,0.020866,-0.0010,0.1445
2026-08-10T11:12:19.363308,0000,019144,0.010559,-0.0011,0.1028
2026-08-10T11:12:21.403205,0000,019152,0.013374,-0.0010,0.1156
2026-08-10T11:12:23.523893,0000,019160,0.049557,-0.0003,0.2226
2026-08-10T11:12:25.747158,0000,019168,0.016892,0.0017,0.1300
2026-08-10T11:12:27.724095,0000,019176,0.023452,0.0024,0.1531
2026-08-10T11:12:29.502050,0000,019184,0.034118,0.0019,0.1847
2026-08-10T11:12:31.428961,0000,019192,0.020707,0.0015,0.1439
2026-08-10T11:12:33.752620,0000,019200,0.022300,0.0005,0.1493
2026-08-10T11:12:35.724917,0000,019208,0.035614,-0.0018,0.1887
2026-08-10T11:12:37.929292,0000,019216,0.038990,-0.0027,0.1975
2026-08-10T11:12:40.069309,0000,019224,0.049140,-0.0033,0.2217
2026-08-10T11:12:41.921948,0000,019232,0.077904,-0.0024,0.2791
2026-08-10T11:12:43.879277,0000,019240,0.032427,-0.0015,0.1801
2026-08-10T11:12:45.759095,0000,019248,0.011015,0.0005,0.1050
2026-08-10T11:12:47.847018,0000,019256,0.016553,0.0013,0.1287
2026-08-10T11:12:49.738624,0000,019264,0.019385,0.0013,0.1392
2026-08-10T11:12:51.923680,0000,019272,0.024086,0.0006,0.1552
2026-08-10T11:12:53.798175,0000,019280,0.017513,-0.0006,0.1323
2026-08-10T11:12:55.825597,0000,019288,0.014451,-0.0009,0.1202
2026-08-10T11:12:57.743860,0000,019296,0.015850,-0.0008,0.1259
2026-08-10T11:12:59.630776,0000,019304,0.013099,0.0001,0.1145
2026-08-10T11:13:01.700868,0000,019312,0.012492,0.0005,0.1118
2026-08-10T11:13:03.612789,0000,019320,0.004203,-0.0001,0.0648
2026-08-10T11:13:05.440671,0000,019328,0.007311,0.0001,0.0855
2026-08-10T11:13:07.189656,0000,019336,0.009939,-0.0004,0.0997
2026-08-10T11:13:08.989634,0000,019344,0.025767,-0.0004,0.1605
2026-08-10T11:13:10.750624,0000,019352,0.028057,0.0006,0.1675
2026-08-10T11:13:12.850781,0000,019360,0.048054,0.0008,0.2192
2026-08-10T11:13:14.612819,0000,019368,0.015826,0.0002,0.1258
2026-08-10T11:13:16.771621,0000,019376,0.013606,-0.0011,0.1166
2026-08-10T11:13:18.638943,0000,019384,0.027589,-0.0013,0.1661
2026-08-10T11:13:20.432206,0000,019392,0.009880,-0.0009,0.0994
2026-08-10T11:13:22.242178,0000,019400,0.076106,-0.0002,0.2759
2026-08-10T11:13:24.052978,0000,019408,1.273540,0.0005,1.1285
2026-08-10T11:13:25.802687,0000,019416,0.024238,0.0020,0.1557
2026-08-10T11:13:27.594937,0000,019424,0.022364,0.0023,0.1495
2026-08-10T11:13:29.549107,0000,019432,0.028662,0.0017,0.1693
2026-08-10T11:13:31.415561,0000,019440,0.016533,0.0003,0.1286
2026-08-10T11:13:33.264024,0000,019448,0.013341,-0.0014,0.1155
2026-08-10T11:13:35.005795,0000,019456,0.034388,-0.0025,0.1854
2026-08-10T11:13:36.759923,0000,019464,0.034738,-0.0027,0.1864
2026-08-10T11:13:38.627079,0000,019472,0.043790,-0.0025,0.2093
2026-08-10T11:13:40.355241,0000,019480,0.013325,-0.0012,0.1154
2026-08-10T11:13:42.108858,0000,019488,0.008805,0.0004,0.0938
2026-08-10T11:13:43.847795,0000,019496,0.015692,0.0010,0.1253
2026-08-10T11:13:46.108615,0000,019504,0.031565,0.0016,0.1777
2026-08-10T11:13:47.966214,0000,019512,0.023279,0.0007,0.1526
2026-08-10T11:13:50.021740,0000,019520,0.031267,-0.0007,0.1768
2026-08-10T11:13:51.753677,0000,019528,0.014039,-0.0009,0.1185
2026-08-10T11:13:53.717735,0000,019536,0.015489,-0.0008,0.1245
2026-08-10T11:13:55.538394,0000,019544,0.017436,0.0002,0.1320
2026-08-10T11:13:57.323506,0000,019552,0.013776,0.0004,0.1174
2026-08-10T11:13:59.558851,0000,019560,0.025520,-0.0000,0.1597
2026-08-10T11:14:01.550303,0000,019568,0.020299,-0.0014,0.1425
2026-08-10T11:14:03.503088,0000,019576,0.010190,-0.0014,0.1009
2026-08-10T11:14:05.981369,0000,019584,0.014967,-0.0013,0.1223
2026-08-10T11:14:07.919634,0000,019592,0.010368,-0.0001,0.1018
2026-08-10T11:14:09.961036,0000,019600,0.022627,0.0013,0.1504
2026-08-10T11:14:12.383559,0000,019608,0.023694,0.0022,0.1539
2026-08-10T11:14:14.583241,0000,019616,0.029080,0.0021,0.1705
2026-08-10T11:14:16.819733,0000,019624,0.022838,0.0016,0.1511
2026-08-10T11:14:18.786651,0000,019632,0.016768,0.0003,0.1295
2026-08-10T11:14:20.899567,0000,019640,0.012783,-0.0014,0.1131
2026-08-10T11:14:22.994551,0000,019648,0.025847,-0.0024,0.1608
2026-08-10T11:14:24.978854,0000,019656,0.027697,-0.0024,0.1664
2026-08-10T11:14:27.065400,0000,019664,0.036728,-0.0020,0.1916
2026-08-10T11:14:29.288577,0000,019672,0.023609,-0.0009,0.1537
2026-08-10T11:14:31.781105,0000,019680,0.029570,0.0006,0.1720
2026-08-10T11:14:33.893570,0000,019688,0.020227,0.0017,0.1422
2026-08-10T11:14:36.151025,0000,019696,0.031266,0.0016,0.1768
2026-08-10T11:14:38.370919,0000,019704,0.039709,0.0008,0.1993
2026-08-10T11:14:40.652479,0000,019712,0.014956,-0.0002,0.1223
2026-08-10T11:14:42.830955,0000,019720,0.019290,-0.0008,0.1389
2026-08-10T11:14:45.022477,0000,019728,0.017139,-0.0004,0.1309
2026-08-10T11:14:46.839311,0000,019736,0.010997,0.0006,0.1049
2026-08-10T11:14:48.993197,0000,019744,0.010605,0.0009,0.1030
2026-08-10T11:14:51.250304,0000,019752,0.019909,0.0006,0.1411
2026-08-10T11:14:53.466691,0000,019760,0.019603,-0.0010,0.1400
2026-08-10T11:14:56.036932,0000,019768,0.033254,-0.0014,0.1824
2026-08-10T11:14:58.070718,0000,019776,0.016811,-0.0008,0.1297
2026-08-10T11:14:59.871448,0000,019784,0.010086,0.0002,0.1004
2026-08-10T11:15:02.037464,0000,019792,0.014318,0.0003,0.1197
2026-08-10T11:15:04.110421,0000,019800,0.029564,-0.0002,0.1719
2026-08-10T11:15:06.028293,0000,019808,0.010515,-0.0001,0.1025
2026-08-10T11:15:08.025824,0000,019816,0.011650,0.0006,0.1079
2026-08-10T11:15:09.836314,0000,019824,0.017167,0.0005,0.1310
2026-08-10T11:15:11.736289,0000,019832,0.018586,-0.0003,0.1363
2026-08-10T11:15:13.820261,0000,019840,0.045078,-0.0006,0.2123
2026-08-10T11:15:15.739381,0000,019848,0.014438,0.0001,0.1202
2026-08-10T11:15:17.569805,0000,019856,0.012635,0.0001,0.1124
2026-08-10T11:15:19.786591,0000,019864,0.017178,-0.0000,0.1311
2026-08-10T11:15:21.777945,0000,019872,0.025426,0.0008,0.1595
2026-08-10T11:15:23.642233,0000,019880,0.022921,0.0008,0.1514
2026-08-10T11:15:25.784347,0000,019888,0.056167,0.0000,0.2370
2026-08-10T11:15:27.678283,0000,019896,0.037445,-0.0008,0.1935
2026-08-10T11:15:29.674756,0000,019904,0.011638,-0.0014,0.1079
2026-08-10T11:15:31.561806,0000,019912,0.025899,-0.0013,0.1609
2026-08-10T11:15:33.744416,0000,019920,0.034744,-0.0005,0.1864
2026-08-10T11:15:35.655871,0000,019928,0.014848,0.0012,0.1219
2026-08-10T11:15:37.505906,0000,019936,0.024604,0.0016,0.1569
2026-08-10T11:15:39.796445,0000,019944,0.020435,0.0017,0.1430
2026-08-10T11:15:41.824185,0000,019952,0.016918,0.0009,0.1301
2026-08-10T11:15:44.700063,0000,019960,0.060808,-0.0007,0.2466
2026-08-10T11:15:46.659034,0000,019968,0.018803,-0.0007,0.1371
2026-08-10T11:15:48.496318,0000,019976,0.015153,-0.0005,0.1231
2026-08-10T11:15:50.338324,0000,019984,0.020622,0.0001,0.1436
2026-08-10T11:15:52.387382,0000,019992,0.075020,-0.0001,0.2739
2026-08-10T11:15:54.232104,0000,020000,0.012523,0.0009,0.1119
2026-08-10T11:15:56.087511,0000,020008,0.010550,0.0009,0.1027
2026-08-10T11:15:58.160463,0000,020016,0.013258,0.0002,0.1151
2026-08-10T11:16:00.307047,0000,020024,0.143129,-0.0013,0.3783
2026-08-10T11:16:02.424867,0000,020032,0.014411,-0.0013,0.1200
2026-08-10T11:16:04.301194,0000,020040,0.057964,-0.0012,0.2408
2026-08-10T11:16:06.154091,0000,020048,0.015772,-0.0004,0.1256
2026-08-10T11:16:08.041383,0000,020056,0.023927,0.0010,0.1547
2026-08-10T11:16:09.909349,0000,020064,0.019154,0.0016,0.1384
2026-08-10T11:16:11.988042,0000,020072,0.028252,0.0015,0.1681
2026-08-10T11:16:14.223298,0000,020080,0.142967,0.0005,0.3781
2026-08-10T11:16:16.220719,0000,020088,0.012680,-0.0005,0.1126
2026-08-10T11:16:18.128081,0000,020096,0.016002,-0.0011,0.1265
2026-08-10T11:16:20.344175,0000,020104,0.011471,-0.0009,0.1071
2026-08-10T11:16:22.381962,0000,020112,0.011184,-0.0001,0.1058
2026-08-10T11:16:24.346521,0000,020120,0.022161,0.0012,0.1489
2026-08-10T11:16:26.593041,0000,020128,0.035601,0.0020,0.1887
2026-08-10T11:16:28.571885,0000,020136,0.017771,0.0016,0.1333
2026-08-10T11:16:30.551324,0000,020144,0.026851,0.0007,0.1639
2026-08-10T11:16:32.481505,0000,020152,0.010572,-0.0007,0.1028
2026-08-10T11:16:34.525905,0000,020160,0.021650,-0.0016,0.1471
2026-08-10T11:16:36.392996,0000,020168,0.018183,-0.0010,0.1348
2026-08-10T11:16:38.701896,0000,020176,0.031954,-0.0007,0.1788
2026-08-10T11:16:40.686424,0000,020184,0.019569,0.0009,0.1399
2026-08-10T11:16:42.551349,0000,020192,0.017547,0.0015,0.1325
2026-08-10T11:16:44.452030,0000,020200,0.025056,0.0014,0.1583
2026-08-10T11:16:46.468637,0000,020208,0.023348,0.0006,0.1528
2026-08-10T11:16:48.325364,0000,020216,0.014471,-0.0008,0.1203
2026-08-10T11:16:50.274263,0000,020224,0.015523,-0.0014,0.1246
2026-08-10T11:16:52.315189,0000,020232,0.027059,-0.0012,0.1645
2026-08-10T11:16:54.450407,0000,020240,0.031260,-0.0008,0.1768
2026-08-10T11:16:56.692057,0000,020248,0.025774,0.0009,0.1605
2026-08-10T11:16:59.672559,0000,020256,0.018175,0.0014,0.1348
2026-08-10T11:17:02.046706,0000,020264,0.011980,0.0011,0.1095
2026-08-10T11:17:04.748180,0000,020272,0.008216,0.0006,0.0906
2026-08-10T11:17:06.746041,0000,020280,0.020426,-0.0009,0.1429
2026-08-10T11:17:08.871047,0000,020288,0.031278,-0.0018,0.1769
2026-08-10T11:17:11.092967,0000,020296,0.027787,-0.0013,0.1667
2026-08-10T11:17:13.037664,0000,020304,0.012160,-0.0005,0.1103
2026-08-10T11:17:14.978779,0000,020312,0.009599,0.0007,0.0980
2026-08-10T11:17:16.815105,0000,020320,0.017608,0.0012,0.1327
2026-08-10T11:17:19.145804,0000,020328,0.018527,0.0011,0.1361
2026-08-10T11:17:21.503503,0000,020336,1.133509,-0.0005,1.0647
2026-08-10T11:17:23.460367,0000,020344,0.010467,0.0004,0.1023
2026-08-10T11:17:25.629658,0000,020352,0.023494,-0.0004,0.1533
2026-08-10T11:17:27.390010,0000,020360,0.014529,-0.0002,0.1205
2026-08-10T11:17:29.252356,0000,020368,0.006310,0.0005,0.0794
2026-08-10T11:17:31.376860,0000,020376,0.007591,0.0004,0.0871
2026-08-10T11:17:33.553250,0000,020384,0.011493,-0.0003,0.1072
2026-08-10T11:17:35.323671,0000,020392,0.012360,-0.0002,0.1112
2026-08-10T11:17:37.070650,0000,020400,0.015463,0.0003,0.1244
2026-08-10T11:17:39.040762,0000,020408,0.009667,0.0002,0.0983
2026-08-10T11:17:40.787914,0000,020416,0.139783,-0.0004,0.3739
2026-08-10T11:17:42.593089,0000,020424,0.017406,-0.0003,0.1319
2026-08-10T11:17:44.323960,0000,020432,1.133636,-0.0007,1.0647
2026-08-10T11:17:46.236716,0000,020440,0.031203,0.0016,0.1766
2026-08-10T11:17:47.988846,0000,020448,0.022371,0.0022,0.1496
2026-08-10T11:17:50.045191,0000,020456,0.023424,0.0022,0.1530
2026-08-10T11:17:51.829281,0000,020464,0.063574,0.0011,0.2521
2026-08-10T11:17:53.621594,0000,020472,0.007522,-0.0002,0.0867
2026-08-10T11:17:55.361715,0000,020480,0.014322,-0.0007,0.1197
2026-08-10T11:17:57.167019,0000,020488,1.138287,-0.0017,1.0669
2026-08-10T11:17:58.897432,0000,020496,0.021120,0.0000,0.1453
2026-08-10T11:18:00.694035,0000,020504,0.008394,0.0001,0.0916
2026-08-10T11:18:02.740720,0000,020512,0.013172,-0.0006,0.1148
2026-08-10T11:18:04.823647,0000,020520,0.024187,-0.0002,0.1555
2026-08-10T11:18:06.602667,0000,020528,0.016974,-0.0009,0.1303
2026-08-10T11:18:08.465804,0000,020536,0.009956,-0.0009,0.0998
2026-08-10T11:18:10.441279,0000,020544,0.018780,-0.0004,0.1370
2026-08-10T11:18:12.328779,0000,020552,0.027270,0.0011,0.1651
2026-08-10T11:18:14.175134,0000,020560,0.036677,0.0015,0.1915
2026-08-10T11:18:16.108756,0000,020568,0.029386,0.0016,0.1714
2026-08-10T11:18:17.851415,0000,020576,0.137203,0.0005,0.3704
2026-08-10T11:18:19.756537,0000,020584,0.012955,-0.0006,0.1138
2026-08-10T11:18:21.732757,0000,020592,0.017022,-0.0013,0.1305
2026-08-10T11:18:23.490739,0000,020600,0.018118,-0.0010,0.1346
2026-08-10T11:18:25.263663,0000,020608,0.010373,-0.0003,0.1018
2026-08-10T11:18:27.114584,0000,020616,0.015630,0.0010,0.1250
2026-08-10T11:18:29.266190,0000,020624,0.045318,0.0020,0.2129
2026-08-10T11:18:31.258215,0000,020632,1.143710,0.0005,1.0694
2026-08-10T11:18:33.152542,0000,020640,0.014291,0.0007,0.1195
2026-08-10T11:18:35.055692,0000,020648,0.013893,-0.0006,0.1179
2026-08-10T11:18:37.814604,0000,020656,0.014394,-0.0009,0.1200
2026-08-10T11:18:40.474598,0000,020664,0.011052,-0.0010,0.1051
2026-08-10T11:18:42.777694,0000,020672,0.011396,-0.0003,0.1068
2026-08-10T11:18:44.763568,0000,020680,0.021838,0.0010,0.1478
2026-08-10T11:18:46.727457,0000,020688,0.013992,0.0015,0.1183
2026-08-10T11:18:48.888522,0000,020696,0.027781,0.0015,0.1667
2026-08-10T11:18:50.791749,0000,020704,0.027626,0.0006,0.1662
2026-08-10T11:18:52.737117,0000,020712,0.013290,-0.0007,0.1153
2026-08-10T11:18:54.840786,0000,020720,0.008569,-0.0011,0.0926
2026-08-10T11:18:57.044336,0000,020728,0.010588,-0.0010,0.1029
2026-08-10T11:18:59.138511,0000,020736,0.027030,-0.0005,0.1644
2026-08-10T11:19:01.559388,0000,020744,0.020902,0.0009,0.1446
2026-08-10T11:19:04.049103,0000,020752,0.025199,0.0017,0.1587
2026-08-10T11:19:06.275156,0000,020760,0.040889,0.0013,0.2022
2026-08-10T11:19:08.108476,0000,020768,0.021504,0.0006,0.1466
2026-08-10T11:19:10.002482,0000,020776,0.009681,-0.0006,0.0984
2026-08-10T11:19:12.152421,0000,020784,0.011865,-0.0011,0.1089
2026-08-10T11:19:14.515497,0000,020792,0.016482,-0.0012,0.1284
2026-08-10T11:19:16.507939,0000,020800,0.014889,-0.0003,0.1220
2026-08-10T11:19:18.257762,0000,020808,0.010069,0.0010,0.1003
2026-08-10T11:19:20.253722,0000,020816,0.017644,0.0016,0.1328
2026-08-10T11:19:22.057605,0000,020824,0.012775,0.0014,0.1130
2026-08-10T11:19:24.016548,0000,020832,0.018248,0.0008,0.1351
2026-08-10T11:19:25.842744,0000,020840,0.013269,-0.0007,0.1152
2026-08-10T11:19:27.693540,0000,020848,0.031568,-0.0013,0.1777
2026-08-10T11:19:30.111040,0000,020856,0.030310,-0.0013,0.1741
2026-08-10T11:19:32.424504,0000,020864,0.022906,-0.0005,0.1513
2026-08-10T11:19:34.412579,0000,020872,0.021362,0.0009,0.1462
2026-08-10T11:19:36.339449,0000,020880,0.018779,0.0016,0.1370
2026-08-10T11:19:38.212952,0000,020888,0.050076,0.0014,0.2238
2026-08-10T11:19:40.081821,0000,020896,0.010387,0.0007,0.1019
2026-08-10T11:19:42.105008,0000,020904,0.009973,-0.0007,0.0999
2026-08-10T11:19:43.881853,0000,020912,0.010427,-0.0011,0.1021
2026-08-10T11:19:45.949147,0000,020920,0.024262,-0.0012,0.1558
2026-08-10T11:19:47.904544,0000,020928,0.008316,-0.0003,0.0912
2026-08-10T11:19:49.966821,0000,020936,0.010049,0.0009,0.1002
2026-08-10T11:19:51.890624,0000,020944,0.017287,0.0016,0.1315
2026-08-10T11:19:53.827900,0000,020952,0.023955,0.0013,0.1548
2026-08-10T11:19:55.735691,0000,020960,0.015924,0.0006,0.1262
2026-08-10T11:19:57.650818,0000,020968,0.016254,-0.0007,0.1275
2026-08-10T11:19:59.746986,0000,020976,0.033537,-0.0015,0.1831
2026-08-10T11:20:01.793094,0000,020984,0.012089,-0.0010,0.1099
2026-08-10T11:20:03.689522,0000,020992,0.021514,-0.0003,0.1467
2026-08-10T11:20:05.609694,0000,021000,0.016308,0.0008,0.1277
2026-08-10T11:20:07.666979,0000,021008,0.036905,0.0015,0.1921
2026-08-10T11:20:09.972001,0000,021016,0.021700,0.0017,0.1473
2026-08-10T11:20:12.059904,0000,021024,0.030937,0.0006,0.1759
2026-08-10T11:20:14.053173,0000,021032,0.013005,-0.0006,0.1140
2026-08-10T11:20:16.062321,0000,021040,0.033099,-0.0013,0.1819
2026-08-10T11:20:18.228439,0000,021048,0.012241,-0.0012,0.1106
2026-08-10T11:20:20.362535,0000,021056,0.009782,-0.0002,0.0989
2026-08-10T11:20:22.614208,0000,021064,0.013809,0.0011,0.1175
2026-08-10T11:20:24.761819,0000,021072,0.024797,0.0015,0.1575
2026-08-10T11:20:26.765086,0000,021080,0.020103,0.0014,0.1418
2026-08-10T11:20:28.960511,0000,021088,0.019447,0.0009,0.1395
2026-08-10T11:20:31.023364,0000,021096,0.014472,-0.0006,0.1203
2026-08-10T11:20:32.994104,0000,021104,0.021708,-0.0013,0.1473
2026-08-10T11:20:34.846878,0000,021112,0.013446,-0.0010,0.1160
2026-08-10T11:20:36.719576,0000,021120,0.009358,-0.0004,0.0967
2026-08-10T11:20:38.670217,0000,021128,0.010753,0.0011,0.1037
2026-08-10T11:20:40.541800,0000,021136,0.029472,0.0014,0.1717
2026-08-10T11:20:42.535197,0000,021144,0.029903,0.0014,0.1729
2026-08-10T11:20:44.384771,0000,021152,0.006964,0.0005,0.0835
2026-08-10T11:20:46.402175,0000,021160,0.030131,-0.0008,0.1736
2026-08-10T11:20:48.195358,0000,021168,0.020849,-0.0012,0.1444
2026-08-10T11:20:50.090981,0000,021176,0.011876,-0.0010,0.1090
2026-08-10T11:20:51.853141,0000,021184,0.026665,-0.0004,0.1633
2026-08-10T11:20:53.764346,0000,021192,0.025470,0.0010,0.1596
2026-08-10T11:20:55.616880,0000,021200,0.016620,0.0014,0.1289
2026-08-10T11:20:57.400290,0000,021208,0.014130,0.0013,0.1189
2026-08-10T11:20:59.783304,0000,021216,0.011387,0.0009,0.1067
2026-08-10T11:21:01.728381,0000,021224,0.012269,-0.0006,0.1108
2026-08-10T11:21:03.782532,0000,021232,0.017111,-0.0013,0.1308
2026-08-10T11:21:05.554071,0000,021240,0.066846,-0.0011,0.2585
2026-08-10T11:21:07.427629,0000,021248,1.135457,-0.0013,1.0656
2026-08-10T11:21:09.308191,0000,021256,0.028168,0.0010,0.1678
2026-08-10T11:21:11.369470,0000,021264,0.046927,0.0015,0.2166
2026-08-10T11:21:13.371661,0000,021272,0.023975,0.0013,0.1548
2026-08-10T11:21:15.542670,0000,021280,0.008666,0.0006,0.0931
2026-08-10T11:21:17.657790,0000,021288,0.014765,-0.0006,0.1215
2026-08-10T11:21:19.603616,0000,021296,0.015935,-0.0013,0.1262
2026-08-10T11:21:21.661773,0000,021304,0.011860,-0.0011,0.1089
2026-08-10T11:21:23.604956,0000,021312,0.016262,-0.0004,0.1275
2026-08-10T11:21:25.589304,0000,021320,0.019665,0.0008,0.1402
2026-08-10T11:21:27.862705,0000,021328,0.031019,0.0020,0.1761
2026-08-10T11:21:30.055157,0000,021336,0.022847,0.0015,0.1512
2026-08-10T11:21:31.934810,0000,021344,0.010712,0.0006,0.1035
2026-08-10T11:21:34.062336,0000,021352,0.063667,-0.0008,0.2523
2026-08-10T11:21:35.949076,0000,021360,0.015889,-0.0013,0.1261
2026-08-10T11:21:37.895299,0000,021368,0.010866,-0.0010,0.1042
2026-08-10T11:21:39.956521,0000,021376,0.010699,-0.0003,0.1034
2026-08-10T11:21:41.982134,0000,021384,0.022001,0.0010,0.1483
2026-08-10T11:21:43.861567,0000,021392,0.023520,0.0017,0.1534
2026-08-10T11:21:45.635141,0000,021400,0.011637,0.0013,0.1079
2026-08-10T11:21:47.816602,0000,021408,0.008115,0.0006,0.0901
2026-08-10T11:21:49.704955,0000,021416,0.014854,-0.0007,0.1219
2026-08-10T11:21:52.546362,0000,021424,0.018467,-0.0018,0.1359
2026-08-10T11:21:54.477571,0000,021432,0.010803,-0.0010,0.1039
2026-08-10T11:21:56.700082,0000,021440,0.039138,-0.0006,0.1978
2026-08-10T11:21:58.571868,0000,021448,0.011875,0.0010,0.1090
2026-08-10T11:22:00.483208,0000,021456,0.019919,0.0016,0.1411
2026-08-10T11:22:02.351495,0000,021464,0.019591,0.0014,0.1400
2026-08-10T11:22:04.157907,0000,021472,0.012478,0.0006,0.1117
2026-08-10T11:22:06.070972,0000,021480,0.015328,-0.0006,0.1238
2026-08-10T11:22:07.939646,0000,021488,0.018576,-0.0012,0.1363
2026-08-10T11:22:09.862541,0000,021496,0.008671,-0.0009,0.0931
2026-08-10T11:22:11.969297,0000,021504,0.018162,-0.0003,0.1348
2026-08-10T11:22:13.882945,0000,021512,0.011377,0.0009,0.1067
2026-08-10T11:22:16.242915,0000,021520,0.021342,0.0018,0.1461
2026-08-10T11:22:18.024044,0000,021528,0.015057,0.0014,0.1227
2026-08-10T11:22:19.773823,0000,021536,0.010891,0.0004,0.1044
2026-08-10T11:22:21.524822,0000,021544,0.013054,-0.0007,0.1143
2026-08-10T11:22:23.519665,0000,021552,0.058565,-0.0015,0.2420
2026-08-10T11:22:25.489874,0000,021560,0.013383,-0.0010,0.1157
2026-08-10T11:22:27.469834,0000,021568,0.015931,-0.0004,0.1262
2026-08-10T11:22:29.535764,0000,021576,0.020938,0.0011,0.1447
2026-08-10T11:22:31.339599,0000,021584,0.027917,0.0015,0.1671
2026-08-10T11:22:33.282188,0000,021592,0.024649,0.0012,0.1570
2026-08-10T11:22:35.321940,0000,021600,0.016318,0.0006,0.1277
2026-08-10T11:22:37.400191,0000,021608,0.022621,-0.0008,0.1504
2026-08-10T11:22:39.510760,0000,021616,0.012655,-0.0011,0.1125
2026-08-10T11:22:41.335722,0000,021624,0.020660,-0.0010,0.1437
2026-08-10T11:22:43.428747,0000,021632,0.035657,-0.0005,0.1888
2026-08-10T11:22:45.715362,0000,021640,0.022973,0.0009,0.1516
2026-08-10T11:22:48.728785,0000,021648,0.047014,0.0019,0.2168
2026-08-10T11:22:50.532894,0000,021656,0.040073,0.0013,0.2002
2026-08-10T11:22:52.606110,0000,021664,0.016710,0.0006,0.1293
2026-08-10T11:22:54.327771,0000,021672,0.015929,-0.0007,0.1262
2026-08-10T11:22:56.390551,0000,021680,0.021440,-0.0011,0.1464
2026-08-10T11:22:58.909408,0000,021688,0.021624,-0.0012,0.1470
2026-08-10T11:23:01.405514,0000,021696,0.006634,-0.0003,0.0815
2026-08-10T11:23:03.347067,0000,021704,0.010688,0.0010,0.1034
2026-08-10T11:23:05.069849,0000,021712,0.031637,0.0014,0.1779
2026-08-10T11:23:06.843383,0000,021720,0.011580,0.0014,0.1076
2026-08-10T11:23:08.605780,0000,021728,0.022303,0.0006,0.1493
2026-08-10T11:23:10.316599,0000,021736,0.007708,-0.0007,0.0878
2026-08-10T11:23:12.102320,0000,021744,0.015698,-0.0012,0.1253
2026-08-10T11:23:13.933554,0000,021752,0.011164,-0.0011,0.1057
2026-08-10T11:23:15.893653,0000,021760,0.017145,-0.0004,0.1309
2026-08-10T11:23:17.777676,0000,021768,0.015446,0.0011,0.1243
2026-08-10T11:23:19.716620,0000,021776,0.035259,0.0015,0.1878
2026-08-10T11:23:21.568753,0000,021784,0.024197,0.0014,0.1556
2026-08-10T11:23:23.375428,0000,021792,0.006612,0.0006,0.0813
2026-08-10T11:23:25.575737,0000,021800,0.021323,-0.0009,0.1460
2026-08-10T11:23:27.641565,0000,021808,0.017474,-0.0010,0.1322
2026-08-10T11:23:30.046952,0000,021816,0.023837,-0.0013,0.1544
2026-08-10T11:23:32.171741,0000,021824,0.011833,-0.0005,0.1088
2026-08-10T11:23:34.166316,0000,021832,0.021233,0.0011,0.1457
2026-08-10T11:23:36.126553,0000,021840,0.023806,0.0017,0.1543
2026-08-10T11:23:38.113767,0000,021848,0.011494,0.0014,0.1072
2026-08-10T11:23:39.859724,0000,021856,0.013768,0.0005,0.1173
2026-08-10T11:23:41.830681,0000,021864,0.014702,-0.0008,0.1213
2026-08-10T11:23:43.650704,0000,021872,0.021024,-0.0013,0.1450
2026-08-10T11:23:45.833983,0000,021880,0.015198,-0.0013,0.1233
2026-08-10T11:23:48.019238,0000,021888,0.008892,-0.0003,0.0943
2026-08-10T11:23:50.145383,0000,021896,0.026424,0.0010,0.1626
2026-08-10T11:23:52.594707,0000,021904,0.016594,0.0018,0.1288
2026-08-10T11:23:54.692619,0000,021912,0.016489,0.0015,0.1284
2026-08-10T11:23:56.486405,0000,021920,0.010833,0.0004,0.1041
2026-08-10T11:23:58.885185,0000,021928,0.019107,-0.0008,0.1382
2026-08-10T11:24:00.808562,0000,021936,0.018654,-0.0011,0.1366
2026-08-10T11:24:03.046747,0000,021944,0.022362,-0.0010,0.1495
2026-08-10T11:24:04.965251,0000,021952,0.009640,-0.0002,0.0982
2026-08-10T11:24:06.972971,0000,021960,0.026700,0.0010,0.1634
2026-08-10T11:24:09.247072,0000,021968,0.020404,0.0018,0.1428
2026-08-10T11:24:11.248852,0000,021976,0.025632,0.0014,0.1601
2026-08-10T11:24:13.257180,0000,021984,0.009637,0.0006,0.0982
2026-08-10T11:24:15.322499,0000,021992,0.007264,-0.0007,0.0852
2026-08-10T11:24:17.280344,0000,022000,0.015465,-0.0012,0.1244
2026-08-10T11:24:19.270167,0000,022008,0.020117,-0.0012,0.1418
2026-08-10T11:24:21.068313,0000,022016,0.010591,-0.0002,0.1029
2026-08-10T11:24:22.967802,0000,022024,0.021319,0.0010,0.1460
2026-08-10T11:24:24.721424,0000,022032,0.026273,0.0014,0.1621
2026-08-10T11:24:26.594350,0000,022040,0.015385,0.0015,0.1240
2026-08-10T11:24:28.405707,0000,022048,0.014302,0.0006,0.1196
2026-08-10T11:24:30.134282,0000,022056,0.063543,-0.0007,0.2521
2026-08-10T11:24:31.843734,0000,022064,0.014181,-0.0012,0.1191
2026-08-10T11:24:33.710147,0000,022072,0.017856,-0.0010,0.1336
2026-08-10T11:24:35.723692,0000,022080,0.007492,-0.0003,0.0866
2026-08-10T11:24:38.005327,0000,022088,0.013860,0.0010,0.1177
2026-08-10T11:24:39.804812,0000,022096,0.013400,0.0014,0.1158
2026-08-10T11:24:41.875148,0000,022104,0.034202,0.0014,0.1849
2026-08-10T11:24:43.677067,0000,022112,0.011525,0.0007,0.1074
2026-08-10T11:24:45.444359,0000,022120,0.021770,-0.0008,0.1475
2026-08-10T11:24:47.256530,0000,022128,0.025571,-0.0012,0.1599
2026-08-10T11:24:49.453348,0000,022136,0.021825,-0.0011,0.1477
2026-08-10T11:24:51.737796,0000,022144,0.007099,-0.0003,0.0843
2026-08-10T11:24:53.992554,0000,022152,0.019459,0.0010,0.1395
2026-08-10T11:24:56.571899,0000,022160,0.016346,0.0014,0.1278
2026-08-10T11:24:58.743172,0000,022168,0.043743,0.0012,0.2091
2026-08-10T11:25:00.662931,0000,022176,0.019113,0.0006,0.1382
2026-08-10T11:25:02.629603,0000,022184,0.150192,-0.0008,0.3875
2026-08-10T11:25:04.790557,0000,022192,0.017310,-0.0013,0.1316
2026-08-10T11:25:06.915669,0000,022200,0.015079,-0.0009,0.1228
2026-08-10T11:25:09.023592,0000,022208,0.017580,-0.0002,0.1326
2026-08-10T11:25:11.031293,0000,022216,0.013618,0.0009,0.1167
2026-08-10T11:25:12.985572,0000,022224,0.019287,0.0014,0.1389
2026-08-10T11:25:14.990406,0000,022232,0.019087,0.0014,0.1382
2026-08-10T11:25:17.109347,0000,022240,0.020043,0.0007,0.1416
2026-08-10T11:25:19.401118,0000,022248,0.017034,-0.0008,0.1305
2026-08-10T11:25:21.379483,0000,022256,0.031067,-0.0013,0.1763
2026-08-10T11:25:23.338763,0000,022264,0.034585,-0.0013,0.1860
2026-08-10T11:25:25.185112,0000,022272,0.157611,-0.0006,0.3970
2026-08-10T11:25:26.988056,0000,022280,0.010709,0.0010,0.1035
2026-08-10T11:25:28.834018,0000,022288,0.015362,0.0015,0.1239
2026-08-10T11:25:30.898525,0000,022296,0.014094,0.0013,0.1187
2026-08-10T11:25:32.838790,0000,022304,0.010118,0.0007,0.1006
2026-08-10T11:25:35.013315,0000,022312,0.012531,-0.0007,0.1119
2026-08-10T11:25:36.828796,0000,022320,0.015087,-0.0012,0.1228
2026-08-10T11:25:38.661437,0000,022328,0.011420,-0.0009,0.1069
2026-08-10T11:25:40.893108,0000,022336,0.019254,-0.0005,0.1388
2026-08-10T11:25:42.992296,0000,022344,0.009919,0.0011,0.0996
2026-08-10T11:25:44.714196,0000,022352,0.018689,0.0015,0.1367
2026-08-10T11:25:46.440693,0000,022360,0.014639,0.0014,0.1210
2026-08-10T11:25:48.181336,0000,022368,0.013666,0.0006,0.1169
2026-08-10T11:25:49.964563,0000,022376,0.013980,-0.0006,0.1182
2026-08-10T11:25:51.778602,0000,022384,0.035111,-0.0013,0.1874
2026-08-10T11:25:53.591704,0000,022392,0.016546,-0.0010,0.1286
2026-08-10T11:25:55.372253,0000,022400,0.015849,-0.0003,0.1259
2026-08-10T11:25:57.188947,0000,022408,0.019365,0.0009,0.1392
2026-08-10T11:25:59.039178,0000,022416,0.056020,0.0015,0.2367
2026-08-10T11:26:01.165850,0000,022424,0.026370,0.0016,0.1624
2026-08-10T11:26:02.979941,0000,022432,0.017653,0.0005,0.1329
2026-08-10T11:26:04.942244,0000,022440,0.014244,-0.0007,0.1193
2026-08-10T11:26:06.993902,0000,022448,0.032227,-0.0013,0.1795
2026-08-10T11:26:08.808760,0000,022456,0.013244,-0.0011,0.1151
2026-08-10T11:26:10.636259,0000,022464,0.019165,-0.0004,0.1384
2026-08-10T11:26:12.736001,0000,022472,0.018039,0.0010,0.1343
2026-08-10T11:26:14.690120,0000,022480,0.015737,0.0012,0.1254
2026-08-10T11:26:16.543976,0000,022488,0.013758,0.0014,0.1173
2026-08-10T11:26:18.371215,0000,022496,0.014582,0.0006,0.1208
2026-08-10T11:26:20.319136,0000,022504,0.009824,-0.0006,0.0991
2026-08-10T11:26:22.405556,0000,022512,0.045314,-0.0016,0.2129
2026-08-10T11:26:24.466441,0000,022520,0.028354,-0.0012,0.1684
2026-08-10T11:26:26.356243,0000,022528,0.016170,-0.0004,0.1272
2026-08-10T11:26:28.262974,0000,022536,0.009544,0.0011,0.0977
2026-08-10T11:26:30.249101,0000,022544,0.011907,0.0014,0.1091
2026-08-10T11:26:32.136007,0000,022552,0.016824,0.0013,0.1297
2026-08-10T11:26:34.353589,0000,022560,0.029313,0.0007,0.1712
2026-08-10T11:26:36.166168,0000,022568,0.017556,-0.0006,0.1325
2026-08-10T11:26:38.169828,0000,022576,0.025363,-0.0014,0.1593
2026-08-10T11:26:40.189098,0000,022584,0.013044,-0.0012,0.1142
2026-08-10T11:26:42.158521,0000,022592,0.023043,-0.0006,0.1518
2026-08-10T11:26:44.298993,0000,022600,0.019131,0.0010,0.1383
2026-08-10T11:26:46.255920,0000,022608,0.030341,0.0015,0.1742
2026-08-10T11:26:48.250000,0000,022616,0.021905,0.0014,0.1480
2026-08-10T11:26:50.249010,0000,022624,0.039069,0.0005,0.1977
2026-08-10T11:26:52.149367,0000,022632,0.015381,-0.0007,0.1240
2026-08-10T11:26:54.063746,0000,022640,0.013473,-0.0012,0.1161
2026-08-10T11:26:55.881949,0000,022648,0.019709,-0.0010,0.1404
2026-08-10T11:26:57.822913,0000,022656,0.010645,-0.0004,0.1032
2026-08-10T11:27:00.064254,0000,022664,0.019360,0.0011,0.1391
2026-08-10T11:27:01.993721,0000,022672,0.013317,0.0015,0.1154
2026-08-10T11:27:04.249674,0000,022680,0.018953,0.0015,0.1377
2026-08-10T11:27:06.319671,0000,022688,0.025224,0.0004,0.1588
2026-08-10T11:27:08.160301,0000,022696,0.012145,-0.0007,0.1102
2026-08-10T11:27:10.037903,0000,022704,0.043969,-0.0015,0.2097
2026-08-10T11:27:11.767531,0000,022712,0.024316,-0.0011,0.1559
2026-08-10T11:27:13.531621,0000,022720,0.008183,-0.0002,0.0905
2026-08-10T11:27:15.513784,0000,022728,0.019289,0.0010,0.1389
2026-08-10T11:27:17.637539,0000,022736,0.032573,0.0018,0.1805
2026-08-10T11:27:19.508599,0000,022744,0.012582,0.0014,0.1122
2026-08-10T11:27:21.582856,0000,022752,0.026050,0.0005,0.1614
2026-08-10T11:27:23.913618,0000,022760,0.071747,-0.0009,0.2679
2026-08-10T11:27:25.899482,0000,022768,0.011183,-0.0012,0.1057
2026-08-10T11:27:27.723670,0000,022776,0.015398,-0.0011,0.1241
2026-08-10T11:27:29.853600,0000,022784,0.039395,-0.0007,0.1985
2026-08-10T11:27:31.974416,0000,022792,0.013071,0.0008,0.1143
2026-08-10T11:27:33.898131,0000,022800,0.014606,0.0015,0.1209
2026-08-10T11:27:35.722960,0000,022808,0.011321,0.0013,0.1064
2026-08-10T11:27:37.670690,0000,022816,0.020352,0.0006,0.1427
2026-08-10T11:27:39.453900,0000,022824,0.023457,-0.0008,0.1532
2026-08-10T11:27:41.437760,0000,022832,0.013010,-0.0012,0.1141
2026-08-10T11:27:43.317789,0000,022840,0.010505,-0.0011,0.1025
2026-08-10T11:27:45.179710,0000,022848,0.007525,-0.0003,0.0867
2026-08-10T11:27:47.012815,0000,022856,0.032852,0.0007,0.1813
2026-08-10T11:27:48.928781,0000,022864,0.035360,0.0014,0.1880
2026-08-10T11:27:50.671637,0000,022872,0.015191,0.0013,0.1233
2026-08-10T11:27:52.566754,0000,022880,0.014969,0.0007,0.1223
2026-08-10T11:27:54.578710,0000,022888,0.026990,-0.0009,0.1643
2026-08-10T11:27:56.562858,0000,022896,0.018925,-0.0012,0.1376
2026-08-10T11:27:58.638263,0000,022904,0.033122,-0.0014,0.1820
2026-08-10T11:28:00.576861,0000,022912,0.027580,-0.0005,0.1661
2026-08-10T11:28:02.670805,0000,022920,0.019429,0.0009,0.1394
2026-08-10T11:28:04.551792,0000,022928,0.017123,0.0013,0.1309
2026-08-10T11:28:06.390620,0000,022936,0.012758,0.0014,0.1130
2026-08-10T11:28:08.372677,0000,022944,0.014193,0.0006,0.1191
2026-08-10T11:28:10.521774,0000,022952,0.022018,-0.0008,0.1484
2026-08-10T11:28:12.555323,0000,022960,0.016291,-0.0012,0.1276
2026-08-10T11:28:14.415328,0000,022968,0.018346,-0.0012,0.1354
2026-08-10T11:28:16.582519,0000,022976,0.013153,-0.0002,0.1147
2026-08-10T11:28:18.473428,0000,022984,0.008431,0.0009,0.0918
2026-08-10T11:28:20.339961,0000,022992,0.013965,0.0014,0.1182
2026-08-10T11:28:22.601084,0000,023000,0.022844,0.0015,0.1511
2026-08-10T11:28:24.555446,0000,023008,0.021694,0.0007,0.1473
2026-08-10T11:28:26.553468,0000,023016,0.100268,-0.0009,0.3167
2026-08-10T11:28:28.856521,0000,023024,0.034160,-0.0016,0.1848
2026-08-10T11:28:30.637530,0000,023032,0.019114,-0.0011,0.1383
2026-08-10T11:28:32.503613,0000,023040,0.019569,-0.0004,0.1399
2026-08-10T11:28:34.347576,0000,023048,0.020024,0.0008,0.1415
2026-08-10T11:28:36.571222,0000,023056,0.028788,0.0016,0.1697
2026-08-10T11:28:38.475722,0000,023064,0.020452,0.0014,0.1430
2026-08-10T11:28:40.368698,0000,023072,0.017881,0.0005,0.1337
2026-08-10T11:28:42.347630,0000,023080,0.039240,-0.0010,0.1981
2026-08-10T11:28:44.361186,0000,023088,0.013899,-0.0013,0.1179
2026-08-10T11:28:46.248575,0000,023096,0.022396,-0.0010,0.1497
2026-08-10T11:28:48.495019,0000,023104,0.011356,-0.0002,0.1066
2026-08-10T11:28:50.427725,0000,023112,0.012517,0.0008,0.1119
2026-08-10T11:28:52.979272,0000,023120,0.034121,0.0017,0.1847
2026-08-10T11:28:54.888931,0000,023128,0.034441,0.0012,0.1856
2026-08-10T11:28:57.146562,0000,023136,0.013565,0.0009,0.1165
2026-08-10T11:28:59.023193,0000,023144,0.016361,-0.0007,0.1279
2026-08-10T11:29:00.906691,0000,023152,0.016728,-0.0012,0.1293
2026-08-10T11:29:02.740457,0000,023160,0.013002,-0.0010,0.1140
2026-08-10T11:29:04.585176,0000,023168,0.010480,-0.0004,0.1024
2026-08-10T11:29:06.456967,0000,023176,0.021425,0.0009,0.1464
2026-08-10T11:29:08.339586,0000,023184,0.016482,0.0014,0.1284
2026-08-10T11:29:10.334305,0000,023192,0.015567,0.0013,0.1248
2026-08-10T11:29:12.302192,0000,023200,0.014724,0.0006,0.1213
2026-08-10T11:29:14.160450,0000,023208,0.030886,-0.0007,0.1757
2026-08-10T11:29:16.309024,0000,023216,0.019861,-0.0014,0.1409
2026-08-10T11:29:18.085444,0000,023224,0.010835,-0.0011,0.1041
2026-08-10T11:29:20.118740,0000,023232,0.015075,-0.0004,0.1228
2026-08-10T11:29:22.070472,0000,023240,0.006694,0.0008,0.0818
2026-08-10T11:29:23.944611,0000,023248,0.020531,0.0015,0.1433
2026-08-10T11:29:25.971705,0000,023256,0.026586,0.0014,0.1631
2026-08-10T11:29:27.829675,0000,023264,0.013621,0.0006,0.1167
2026-08-10T11:29:29.793384,0000,023272,0.010360,-0.0007,0.1018
2026-08-10T11:29:31.619918,0000,023280,0.020175,-0.0012,0.1420
2026-08-10T11:29:33.432084,0000,023288,0.008387,-0.0010,0.0916
2026-08-10T11:29:35.317698,0000,023296,0.009217,-0.0003,0.0960
2026-08-10T11:29:37.215224,0000,023304,0.021206,0.0009,0.1456
2026-08-10T11:29:39.178654,0000,023312,0.021409,0.0016,0.1463
2026-08-10T11:29:41.149008,0000,023320,1.129823,0.0003,1.0629
2026-08-10T11:29:43.151203,0000,023328,0.020158,0.0006,0.1420
2026-08-10T11:29:45.158945,0000,023336,0.027297,-0.0010,0.1652
2026-08-10T11:29:47.106614,0000,023344,0.032482,-0.0012,0.1802
2026-08-10T11:29:49.015226,0000,023352,0.011831,-0.0010,0.1088
2026-08-10T11:29:51.141230,0000,023360,0.052098,-0.0004,0.2282
2026-08-10T11:29:53.060336,0000,023368,0.032999,0.0007,0.1817
2026-08-10T11:29:55.176224,0000,023376,0.020879,0.0017,0.1445
2026-08-10T11:29:57.189080,0000,023384,0.016939,0.0015,0.1301
2026-08-10T11:29:59.256089,0000,023392,0.011261,0.0007,0.1061
2026-08-10T11:30:01.115317,0000,023400,0.013770,-0.0006,0.1173
2026-08-10T11:30:03.362294,0000,023408,0.016819,-0.0013,0.1297
2026-08-10T11:30:05.165599,0000,023416,0.019496,-0.0011,0.1396
2026-08-10T11:30:07.154314,0000,023424,0.023875,-0.0006,0.1545
2026-08-10T11:30:09.046112,0000,023432,0.024404,0.0010,0.1562
2026-08-10T11:30:11.097497,0000,023440,0.022219,0.0016,0.1491
2026-08-10T11:30:12.939386,0000,023448,0.018498,0.0014,0.1360
2026-08-10T11:30:14.807491,0000,023456,0.011804,0.0006,0.1086
2026-08-10T11:30:16.724478,0000,023464,0.024435,-0.0006,0.1563
2026-08-10T11:30:18.689486,0000,023472,0.012157,-0.0011,0.1103
2026-08-10T11:30:20.610740,0000,023480,0.008841,-0.0010,0.0940
2026-08-10T11:30:22.510412,0000,023488,0.013830,-0.0003,0.1176
2026-08-10T11:30:24.699004,0000,023496,0.012163,0.0010,0.1103
2026-08-10T11:30:26.554464,0000,023504,0.031014,0.0013,0.1761
2026-08-10T11:30:28.366290,0000,023512,0.031484,0.0012,0.1774
2026-08-10T11:30:30.277300,0000,023520,0.008273,0.0006,0.0910
2026-08-10T11:30:32.343124,0000,023528,0.166510,-0.0011,0.4081
2026-08-10T11:30:34.546488,0000,023536,0.017182,-0.0014,0.1311
2026-08-10T11:30:36.352313,0000,023544,0.007322,-0.0009,0.0856
2026-08-10T11:30:38.092415,0000,023552,0.013238,-0.0003,0.1151
2026-08-10T11:30:40.262072,0000,023560,0.009011,0.0011,0.0949
2026-08-10T11:30:42.229045,0000,023568,0.019110,0.0016,0.1382
2026-08-10T11:30:44.221063,0000,023576,0.029878,0.0013,0.1729
2026-08-10T11:30:46.189850,0000,023584,0.031066,0.0004,0.1763
2026-08-10T11:30:48.240290,0000,023592,0.009544,-0.0007,0.0977
2026-08-10T11:30:50.158524,0000,023600,0.012499,-0.0012,0.1118
2026-08-10T11:30:52.234261,0000,023608,0.018707,-0.0011,0.1368
2026-08-10T11:30:54.396619,0000,023616,0.009602,-0.0006,0.0980
2026-08-10T11:30:56.425161,0000,023624,0.012046,0.0010,0.1098
2026-08-10T11:30:58.351925,0000,023632,0.016798,0.0014,0.1296
2026-08-10T11:31:00.535577,0000,023640,0.020223,0.0013,0.1422
2026-08-10T11:31:02.747673,0000,023648,0.036103,0.0005,0.1900
2026-08-10T11:31:04.845833,0000,023656,0.030013,-0.0008,0.1732
2026-08-10T11:31:06.815087,0000,023664,0.013308,-0.0012,0.1154
2026-08-10T11:31:08.730482,0000,023672,0.015224,-0.0010,0.1234
2026-08-10T11:31:10.548044,0000,023680,1.166686,-0.0015,1.0801
2026-08-10T11:31:12.790855,0000,023688,0.016345,0.0010,0.1278
2026-08-10T11:31:15.148105,0000,023696,0.027473,0.0017,0.1657
2026-08-10T11:31:17.180358,0000,023704,0.018476,0.0015,0.1359
2026-08-10T11:31:19.588870,0000,023712,0.008883,0.0006,0.0943
2026-08-10T11:31:21.510416,0000,023720,0.024850,-0.0005,0.1576
2026-08-10T11:31:23.644361,0000,023728,0.059328,-0.0013,0.2436
2026-08-10T11:31:25.497030,0000,023736,0.019699,-0.0010,0.1404
2026-08-10T11:31:27.508333,0000,023744,0.050347,-0.0007,0.2244
2026-08-10T11:31:29.586505,0000,023752,0.011239,0.0010,0.1060
2026-08-10T11:31:31.375668,0000,023760,0.022456,0.0013,0.1499
2026-08-10T11:31:33.291972,0000,023768,0.029694,0.0013,0.1723
2026-08-10T11:31:35.217331,0000,023776,0.013409,0.0006,0.1158
2026-08-10T11:31:37.245761,0000,023784,0.013912,-0.0006,0.1179
2026-08-10T11:31:39.478183,0000,023792,0.022296,-0.0016,0.1493
2026-08-10T11:31:42.062721,0000,023800,0.023687,-0.0013,0.1539
2026-08-10T11:31:44.025099,0000,023808,0.058699,-0.0004,0.2423
2026-08-10T11:31:45.859101,0000,023816,0.016510,0.0009,0.1285
2026-08-10T11:31:48.215241,0000,023824,0.028661,0.0019,0.1693
2026-08-10T11:31:50.366737,0000,023832,0.017060,0.0013,0.1306
2026-08-10T11:31:53.147661,0000,023840,0.013425,0.0006,0.1159
2026-08-10T11:31:55.155501,0000,023848,0.011794,-0.0007,0.1086
2026-08-10T11:31:57.661024,0000,023856,0.010153,-0.0012,0.1008
2026-08-10T11:31:59.607846,0000,023864,1.163744,-0.0022,1.0788
2026-08-10T11:32:01.626761,0000,023872,0.023932,-0.0004,0.1547
2026-08-10T11:32:03.378716,0000,023880,0.062970,0.0007,0.2509
2026-08-10T11:32:05.211870,0000,023888,0.016145,0.0014,0.1271
2026-08-10T11:32:07.049763,0000,023896,0.033760,0.0012,0.1837
2026-08-10T11:32:09.201611,0000,023904,0.024761,0.0006,0.1574
2026-08-10T11:32:11.305835,0000,023912,0.014496,-0.0006,0.1204
2026-08-10T11:32:13.306809,0000,023920,0.020926,-0.0011,0.1447
2026-08-10T11:32:15.368776,0000,023928,0.035458,-0.0015,0.1883
2026-08-10T11:32:17.377216,0000,023936,0.019260,-0.0004,0.1388
2026-08-10T11:32:19.276874,0000,023944,0.024246,0.0009,0.1557
2026-08-10T11:32:21.236000,0000,023952,0.015595,0.0015,0.1249
2026-08-10T11:32:23.264213,0000,023960,0.016589,0.0015,0.1288
2026-08-10T11:32:25.176245,0000,023968,0.011282,0.0007,0.1062
2026-08-10T11:32:27.147550,0000,023976,0.014816,-0.0008,0.1217
2026-08-10T11:32:29.159706,0000,023984,0.014524,-0.0014,0.1205
2026-08-10T11:32:31.063374,0000,023992,0.019274,-0.0012,0.1388
2026-08-10T11:32:32.982548,0000,024000,0.016367,-0.0003,0.1279
2026-08-10T11:32:34.737325,0000,024008,0.009630,0.0008,0.0981
2026-08-10T11:32:36.541735,0000,024016,0.042903,0.0015,0.2071
2026-08-10T11:32:38.317947,0000,024024,0.012894,0.0013,0.1136
2026-08-10T11:32:40.349930,0000,024032,0.013778,0.0007,0.1174
2026-08-10T11:32:42.451098,0000,024040,0.018948,-0.0009,0.1377
2026-08-10T11:32:44.498910,0000,024048,0.023336,-0.0012,0.1528
2026-08-10T11:32:46.563616,0000,024056,0.023576,-0.0010,0.1535
2026-08-10T11:32:48.642913,0000,024064,0.026583,-0.0003,0.1630
2026-08-10T11:32:50.815182,0000,024072,0.009724,0.0009,0.0986
2026-08-10T11:32:53.028519,0000,024080,0.032258,0.0013,0.1796
2026-08-10T11:32:54.920690,0000,024088,0.028599,0.0013,0.1691
2026-08-10T11:32:56.865132,0000,024096,0.009625,0.0006,0.0981
2026-08-10T11:32:58.876531,0000,024104,0.019140,-0.0008,0.1383
2026-08-10T11:33:00.708707,0000,024112,0.014011,-0.0012,0.1184
2026-08-10T11:33:02.915753,0000,024120,1.142080,-0.0023,1.0687
2026-08-10T11:33:04.697566,0000,024128,0.024402,-0.0003,0.1562
2026-08-10T11:33:06.533404,0000,024136,0.048857,0.0008,0.2210
2026-08-10T11:33:08.553577,0000,024144,0.025676,0.0014,0.1602
2026-08-10T11:33:10.701633,0000,024152,1.148133,0.0003,1.0715
2026-08-10T11:33:12.648192,0000,024160,0.074678,0.0003,0.2733
2026-08-10T11:33:15.088856,0000,024168,0.024566,-0.0006,0.1567
2026-08-10T11:33:17.248716,0000,024176,0.031662,-0.0013,0.1779
2026-08-10T11:33:19.200694,0000,024184,0.014636,-0.0011,0.1210
2026-08-10T11:33:21.102914,0000,024192,0.159472,-0.0008,0.3993
2026-08-10T11:33:22.977532,0000,024200,1.144128,-0.0000,1.0696
2026-08-10T11:33:24.849715,0000,024208,0.019783,0.0014,0.1407
2026-08-10T11:33:27.088248,0000,024216,0.019384,0.0015,0.1392
2026-08-10T11:33:29.361680,0000,024224,0.015704,0.0007,0.1253
2026-08-10T11:33:31.698935,0000,024232,0.012309,-0.0008,0.1109
2026-08-10T11:33:33.642641,0000,024240,0.013985,-0.0013,0.1183
2026-08-10T11:33:35.743971,0000,024248,0.042099,-0.0014,0.2052
2026-08-10T11:33:37.982937,0000,024256,0.011224,-0.0005,0.1059
2026-08-10T11:33:40.271920,0000,024264,0.020425,0.0010,0.1429
2026-08-10T11:33:42.313156,0000,024272,0.035883,0.0012,0.1894
2026-08-10T11:33:44.223786,0000,024280,0.022715,0.0011,0.1507
2026-08-10T11:33:46.105449,0000,024288,0.062387,0.0003,0.2498
2026-08-10T11:33:48.204297,0000,024296,0.019144,-0.0008,0.1384
2026-08-10T11:33:49.938368,0000,024304,0.021883,-0.0014,0.1479
2026-08-10T11:33:51.764327,0000,024312,0.019352,-0.0012,0.1391
2026-08-10T11:33:53.751287,0000,024320,0.028495,-0.0004,0.1688
2026-08-10T11:33:56.263877,0000,024328,0.010573,0.0012,0.1028
2026-08-10T11:33:58.103032,0000,024336,0.032762,0.0014,0.1810
2026-08-10T11:33:59.850434,0000,024344,0.008699,0.0012,0.0933
2026-08-10T11:34:02.032012,0000,024352,0.020408,0.0009,0.1429
2026-08-10T11:34:03.836794,0000,024360,0.019615,-0.0007,0.1401
2026-08-10T11:34:05.592482,0000,024368,0.059183,-0.0012,0.2433
2026-08-10T11:34:07.474564,0000,024376,0.012345,-0.0009,0.1111
2026-08-10T11:34:09.211835,0000,024384,0.011595,-0.0005,0.1077
2026-08-10T11:34:11.067777,0000,024392,0.017496,0.0009,0.1323
2026-08-10T11:34:12.900412,0000,024400,0.025849,0.0015,0.1608
2026-08-10T11:34:14.634635,0000,024408,0.020604,0.0012,0.1435
2026-08-10T11:34:16.462465,0000,024416,0.007105,0.0007,0.0843
2026-08-10T11:34:18.239212,0000,024424,0.024534,-0.0008,0.1566
2026-08-10T11:34:20.038550,0000,024432,0.018965,-0.0012,0.1377
2026-08-10T11:34:21.848902,0000,024440,0.015812,-0.0010,0.1257
2026-08-10T11:34:23.586099,0000,024448,0.141123,-0.0005,0.3757
2026-08-10T11:34:25.565308,0000,024456,0.020010,0.0011,0.1415
2026-08-10T11:34:27.433218,0000,024464,0.016904,0.0015,0.1300
2026-08-10T11:34:29.259315,0000,024472,0.070759,0.0013,0.2660
2026-08-10T11:34:31.252899,0000,024480,0.010663,0.0006,0.1033
2026-08-10T11:34:32.978460,0000,024488,0.010969,-0.0007,0.1047
2026-08-10T11:34:34.710989,0000,024496,0.015637,-0.0012,0.1250
2026-08-10T11:34:36.455496,0000,024504,0.014963,-0.0010,0.1223
2026-08-10T11:34:38.177518,0000,024512,0.008247,-0.0004,0.0908
2026-08-10T11:34:40.063218,0000,024520,0.028359,0.0006,0.1684
2026-08-10T11:34:41.787175,0000,024528,0.025773,0.0013,0.1605
2026-08-10T11:34:43.622290,0000,024536,0.016105,0.0013,0.1269
2026-08-10T11:34:45.440468,0000,024544,0.042920,0.0005,0.2072
2026-08-10T11:34:47.512336,0000,024552,0.030126,-0.0008,0.1736
2026-08-10T11:34:49.464791,0000,024560,0.015606,-0.0013,0.1249
2026-08-10T11:34:51.294630,0000,024568,0.010007,-0.0010,0.1000
2026-08-10T11:34:53.112090,0000,024576,0.014607,-0.0003,0.1209
2026-08-10T11:34:54.846172,0000,024584,0.015989,0.0008,0.1264
2026-08-10T11:34:56.564175,0000,024592,0.025984,0.0013,0.1612
2026-08-10T11:34:58.802772,0000,024600,0.059565,0.0015,0.2441
2026-08-10T11:35:00.557761,0000,024608,0.008673,0.0006,0.0931
2026-08-10T11:35:02.352955,0000,024616,0.013629,-0.0007,0.1167
2026-08-10T11:35:04.116119,0000,024624,0.035801,-0.0014,0.1892
2026-08-10T11:35:05.991489,0000,024632,1.122856,-0.0021,1.0596
2026-08-10T11:35:07.754311,0000,024640,0.009798,-0.0002,0.0990
2026-08-10T11:35:09.569548,0000,024648,0.016109,0.0008,0.1269
2026-08-10T11:35:11.327681,0000,024656,0.012708,0.0013,0.1127
2026-08-10T11:35:13.136004,0000,024664,0.011812,0.0014,0.1087
2026-08-10T11:35:14.880466,0000,024672,0.063579,0.0003,0.2521
2026-08-10T11:35:16.697718,0000,024680,0.011281,-0.0007,0.1062
2026-08-10T11:35:18.494139,0000,024688,0.010443,-0.0012,0.1022
2026-08-10T11:35:20.464161,0000,024696,0.017800,-0.0012,0.1334
2026-08-10T11:35:22.193856,0000,024704,0.014305,-0.0004,0.1196
2026-08-10T11:35:23.927184,0000,024712,0.012214,0.0008,0.1105
2026-08-10T11:35:25.717821,0000,024720,0.029442,0.0014,0.1716
2026-08-10T11:35:27.469763,0000,024728,0.013106,0.0014,0.1145
2026-08-10T11:35:29.231119,0000,024736,0.012050,0.0006,0.1098
2026-08-10T11:35:30.979067,0000,024744,0.015660,-0.0006,0.1251
2026-08-10T11:35:32.824205,0000,024752,0.016987,-0.0012,0.1303
2026-08-10T11:35:34.769703,0000,024760,0.017607,-0.0011,0.1327
2026-08-10T11:35:36.773195,0000,024768,0.010601,-0.0006,0.1030
2026-08-10T11:35:38.760082,0000,024776,0.015873,0.0012,0.1260
2026-08-10T11:35:40.762995,0000,024784,0.038249,0.0017,0.1956
2026-08-10T11:35:42.545077,0000,024792,0.020594,0.0013,0.1435
2026-08-10T11:35:44.737053,0000,024800,0.009873,0.0008,0.0994
2026-08-10T11:35:46.615118,0000,024808,0.014139,-0.0007,0.1189
2026-08-10T11:35:48.492741,0000,024816,0.024462,-0.0012,0.1564
2026-08-10T11:35:50.310200,0000,024824,0.015605,-0.0010,0.1249
2026-08-10T11:35:52.081520,0000,024832,0.007672,-0.0003,0.0876
2026-08-10T11:35:53.896241,0000,024840,0.011008,0.0010,0.1049
2026-08-10T11:35:55.679913,0000,024848,0.015097,0.0015,0.1229
2026-08-10T11:35:57.818368,0000,024856,0.013359,0.0013,0.1156
2026-08-10T11:35:59.589260,0000,024864,0.010416,0.0006,0.1021
2026-08-10T11:36:01.349627,0000,024872,0.018708,-0.0008,0.1368
2026-08-10T11:36:03.174805,0000,024880,0.025490,-0.0013,0.1597
2026-08-10T11:36:04.899015,0000,024888,0.032742,-0.0012,0.1809
2026-08-10T11:36:06.678036,0000,024896,0.012092,-0.0002,0.1100
2026-08-10T11:36:08.623858,0000,024904,0.159168,0.0009,0.3990
2026-08-10T11:36:10.395992,0000,024912,0.017511,0.0015,0.1323
2026-08-10T11:36:12.123153,0000,024920,0.016224,0.0013,0.1274
2026-08-10T11:36:13.894048,0000,024928,0.015814,0.0006,0.1258
2026-08-10T11:36:15.666105,0000,024936,0.006413,-0.0006,0.0801
2026-08-10T11:36:17.535045,0000,024944,0.013727,-0.0012,0.1172
2026-08-10T11:36:19.558963,0000,024952,0.036791,-0.0013,0.1918
2026-08-10T11:36:21.333867,0000,024960,0.023674,-0.0004,0.1539
2026-08-10T11:36:23.083957,0000,024968,0.006156,0.0009,0.0785
2026-08-10T11:36:24.886848,0000,024976,0.044940,0.0015,0.2120
2026-08-10T11:36:26.876916,0000,024984,0.032605,0.0011,0.1806
2026-08-10T11:36:28.905597,0000,024992,0.009059,0.0007,0.0952
2026-08-10T11:36:30.712122,0000,025000,0.018771,-0.0006,0.1370
2026-08-10T11:36:32.694247,0000,025008,0.042903,-0.0014,0.2071
2026-08-10T11:36:34.815761,0000,025016,0.019013,-0.0013,0.1379
2026-08-10T11:36:36.843796,0000,025024,0.024748,-0.0004,0.1573
2026-08-10T11:36:38.616774,0000,025032,0.016197,0.0010,0.1273
2026-08-10T11:36:40.378795,0000,025040,0.016932,0.0015,0.1301
2026-08-10T11:36:42.328739,0000,025048,0.021482,0.0014,0.1466
2026-08-10T11:36:44.314094,0000,025056,0.008708,0.0008,0.0933
2026-08-10T11:36:46.347798,0000,025064,0.022743,-0.0010,0.1508
2026-08-10T11:36:48.060785,0000,025072,0.012285,-0.0012,0.1108
2026-08-10T11:36:50.094931,0000,025080,0.027468,-0.0013,0.1657
2026-08-10T11:36:51.829926,0000,025088,0.015417,-0.0003,0.1242
2026-08-10T11:36:53.566538,0000,025096,0.019974,0.0008,0.1413
2026-08-10T11:36:55.353712,0000,025104,0.019729,0.0015,0.1405
2026-08-10T11:36:57.314718,0000,025112,0.029850,0.0013,0.1728
2026-08-10T11:36:59.100918,0000,025120,0.016685,0.0006,0.1292
2026-08-10T11:37:01.086829,0000,025128,0.018730,-0.0007,0.1369
2026-08-10T11:37:03.039006,0000,025136,0.014456,-0.0013,0.1202
2026-08-10T11:37:04.801766,0000,025144,0.013219,-0.0010,0.1150
2026-08-10T11:37:06.725368,0000,025152,0.008557,-0.0004,0.0925
2026-08-10T11:37:08.461888,0000,025160,0.010601,0.0010,0.1030
2026-08-10T11:37:10.384715,0000,025168,0.029718,0.0015,0.1724
2026-08-10T11:37:12.096800,0000,025176,0.023754,0.0012,0.1541
2026-08-10T11:37:13.942733,0000,025184,0.028658,0.0006,0.1693
2026-08-10T11:37:15.682225,0000,025192,0.008204,-0.0007,0.0906
2026-08-10T11:37:17.501472,0000,025200,0.024369,-0.0012,0.1561
2026-08-10T11:37:19.292517,0000,025208,0.028133,-0.0012,0.1677
2026-08-10T11:37:21.055743,0000,025216,0.011877,-0.0003,0.1090
2026-08-10T11:37:22.855659,0000,025224,0.014741,0.0010,0.1214
2026-08-10T11:37:24.744829,0000,025232,0.020745,0.0016,0.1440
2026-08-10T11:37:26.760837,0000,025240,0.016756,0.0016,0.1294
2026-08-10T11:37:28.508759,0000,025248,1.149271,-0.0004,1.0720
2026-08-10T11:37:30.371435,0000,025256,0.010734,0.0006,0.1036
2026-08-10T11:37:32.183975,0000,025264,0.017694,-0.0003,0.1330
2026-08-10T11:37:34.248629,0000,025272,0.023773,-0.0002,0.1542
2026-08-10T11:37:35.994372,0000,025280,0.008537,0.0004,0.0924
2026-08-10T11:37:38.180830,0000,025288,0.011046,0.0005,0.1051
2026-08-10T11:37:40.156040,0000,025296,0.008136,-0.0004,0.0902
2026-08-10T11:37:41.890019,0000,025304,0.010869,-0.0003,0.1043
2026-08-10T11:37:43.705952,0000,025312,0.006456,0.0004,0.0804
2026-08-10T11:37:45.477429,0000,025320,0.006908,0.0004,0.0831
2026-08-10T11:37:47.489591,0000,025328,0.016560,-0.0005,0.1287
2026-08-10T11:37:49.212602,0000,025336,0.017429,-0.0004,0.1320
2026-08-10T11:37:50.958939,0000,025344,0.009782,0.0003,0.0989
2026-08-10T11:37:52.841993,0000,025352,0.011589,0.0003,0.1077
2026-08-10T11:37:54.910479,0000,025360,0.022185,-0.0005,0.1489
2026-08-10T11:37:56.854431,0000,025368,0.014335,-0.0004,0.1197
2026-08-10T11:37:58.925909,0000,025376,0.010525,0.0003,0.1026
2026-08-10T11:38:00.837134,0000,025384,0.010019,0.0002,0.1001
2026-08-10T11:38:02.588295,0000,025392,0.020055,-0.0003,0.1416
2026-08-10T11:38:04.499953,0000,025400,0.047517,-0.0006,0.2180
2026-08-10T11:38:06.432814,0000,025408,0.037525,0.0001,0.1937
2026-08-10T11:38:08.450861,0000,025416,0.019811,0.0002,0.1408
2026-08-10T11:38:10.236586,0000,025424,0.021337,-0.0003,0.1461
2026-08-10T11:38:11.967536,0000,025432,0.005644,-0.0003,0.0751
2026-08-10T11:38:13.684752,0000,025440,0.013868,0.0002,0.1178
2026-08-10T11:38:15.488733,0000,025448,0.009091,0.0004,0.0953
2026-08-10T11:38:17.373789,0000,025456,0.024597,-0.0003,0.1568
2026-08-10T11:38:19.215056,0000,025464,0.025237,-0.0004,0.1589
2026-08-10T11:38:21.012439,0000,025472,0.011587,0.0003,0.1076
2026-08-10T11:38:22.897492,0000,025480,0.006449,0.0001,0.0803
2026-08-10T11:38:24.618738,0000,025488,0.010235,-0.0004,0.1012
2026-08-10T11:38:26.414324,0000,025496,0.031901,-0.0005,0.1786
2026-08-10T11:38:28.193400,0000,025504,0.026419,0.0003,0.1625
2026-08-10T11:38:29.980465,0000,025512,0.017396,0.0003,0.1319
2026-08-10T11:38:32.033199,0000,025520,0.020920,-0.0005,0.1446
2026-08-10T11:38:33.776456,0000,025528,0.009628,-0.0004,0.0981
2026-08-10T11:38:35.506695,0000,025536,0.018644,0.0002,0.1365
2026-08-10T11:38:37.700680,0000,025544,0.016413,-0.0000,0.1281
2026-08-10T11:38:39.631101,0000,025552,0.032146,0.0007,0.1793
2026-08-10T11:38:41.422360,0000,025560,0.009489,0.0008,0.0974
2026-08-10T11:38:43.443309,0000,025568,0.015058,0.0002,0.1227
2026-08-10T11:38:45.441626,0000,025576,0.038709,-0.0016,0.1967
2026-08-10T11:38:47.321614,0000,025584,0.021377,-0.0018,0.1462
2026-08-10T11:38:49.048638,0000,025592,0.032005,-0.0015,0.1789
2026-08-10T11:38:51.022771,0000,025600,1.121843,-0.0021,1.0592
2026-08-10T11:38:52.751415,0000,025608,0.024930,0.0003,0.1579
2026-08-10T11:38:54.557511,0000,025616,0.016795,0.0010,0.1296
2026-08-10T11:38:56.392255,0000,025624,0.028128,0.0007,0.1677
2026-08-10T11:38:58.111508,0000,025632,0.010209,0.0002,0.1010
2026-08-10T11:38:59.981278,0000,025640,0.030764,-0.0013,0.1754
2026-08-10T11:39:01.795728,0000,025648,0.018085,-0.0014,0.1345
2026-08-10T11:39:03.709518,0000,025656,0.018989,-0.0013,0.1378
2026-08-10T11:39:05.435606,0000,025664,0.009100,-0.0006,0.0954
2026-08-10T11:39:07.229281,0000,025672,0.012527,0.0007,0.1119
2026-08-10T11:39:08.989135,0000,025680,0.014072,0.0010,0.1186
2026-08-10T11:39:10.739714,0000,025688,0.010930,0.0010,0.1045
2026-08-10T11:39:12.459607,0000,025696,0.011081,0.0003,0.1053
2026-08-10T11:39:14.241036,0000,025704,0.020493,-0.0010,0.1432
2026-08-10T11:39:15.985648,0000,025712,0.020407,-0.0015,0.1429
2026-08-10T11:39:17.731778,0000,025720,0.064148,-0.0014,0.2533
2026-08-10T11:39:19.719455,0000,025728,0.037271,-0.0009,0.1931
2026-08-10T11:39:21.608736,0000,025736,0.025701,0.0006,0.1603
2026-08-10T11:39:23.454038,0000,025744,0.038375,0.0011,0.1959
2026-08-10T11:39:25.442422,0000,025752,0.019950,0.0010,0.1412
2026-08-10T11:39:27.261180,0000,025760,0.009633,0.0004,0.0981
2026-08-10T11:39:29.102409,0000,025768,0.017629,-0.0009,0.1328
2026-08-10T11:39:30.982450,0000,025776,0.015999,-0.0014,0.1265
2026-08-10T11:39:33.010053,0000,025784,0.030511,-0.0015,0.1747
2026-08-10T11:39:34.787503,0000,025792,0.034162,-0.0006,0.1848
2026-08-10T11:39:36.565979,0000,025800,0.012398,0.0006,0.1113
2026-08-10T11:39:38.293217,0000,025808,0.014748,0.0011,0.1214
2026-08-10T11:39:40.048601,0000,025816,0.020816,0.0010,0.1443
2026-08-10T11:39:42.013154,0000,025824,0.013967,0.0002,0.1182
2026-08-10T11:39:43.849143,0000,025832,0.013214,-0.0008,0.1150
2026-08-10T11:39:45.603514,0000,025840,0.019740,-0.0013,0.1405
2026-08-10T11:39:47.325492,0000,025848,0.013763,-0.0013,0.1173
2026-08-10T11:39:49.526533,0000,025856,0.024735,-0.0006,0.1573
2026-08-10T11:39:51.276433,0000,025864,0.030384,0.0007,0.1743
2026-08-10T11:39:53.049725,0000,025872,0.025650,0.0011,0.1602
2026-08-10T11:39:54.993926,0000,025880,0.014579,0.0010,0.1207
2026-08-10T11:39:56.791571,0000,025888,0.009748,0.0003,0.0987
2026-08-10T11:39:58.531391,0000,025896,0.057348,-0.0008,0.2395
2026-08-10T11:40:00.270553,0000,025904,0.014528,-0.0014,0.1205
2026-08-10T11:40:02.313959,0000,025912,0.016354,-0.0015,0.1279
2026-08-10T11:40:04.046534,0000,025920,0.010547,-0.0006,0.1027
2026-08-10T11:40:05.825515,0000,025928,0.008556,0.0008,0.0925
2026-08-10T11:40:07.671388,0000,025936,0.031736,0.0010,0.1781
2026-08-10T11:40:09.549464,0000,025944,0.052190,0.0011,0.2285
2026-08-10T11:40:11.319391,0000,025952,0.010204,0.0004,0.1010
2026-08-10T11:40:13.092268,0000,025960,0.011262,-0.0010,0.1061
2026-08-10T11:40:14.823336,0000,025968,0.020931,-0.0015,0.1447
2026-08-10T11:40:16.680399,0000,025976,0.024094,-0.0012,0.1552
2026-08-10T11:40:18.674276,0000,025984,0.014938,-0.0006,0.1222
2026-08-10T11:40:20.399366,0000,025992,0.007019,0.0006,0.0838
2026-08-10T11:40:22.389496,0000,026000,0.018552,0.0015,0.1362
2026-08-10T11:40:24.362381,0000,026008,0.033900,0.0012,0.1841
2026-08-10T11:40:26.091052,0000,026016,0.057584,0.0002,0.2400
2026-08-10T11:40:27.841678,0000,026024,0.042053,-0.0009,0.2051
2026-08-10T11:40:29.569383,0000,026032,0.017530,-0.0015,0.1324
2026-08-10T11:40:31.376279,0000,026040,0.013500,-0.0012,0.1162
2026-08-10T11:40:33.188778,0000,026048,0.015599,-0.0006,0.1249
2026-08-10T11:40:35.010135,0000,026056,0.021481,0.0007,0.1466
2026-08-10T11:40:36.847241,0000,026064,0.014032,0.0013,0.1185
2026-08-10T11:40:38.819416,0000,026072,0.018568,0.0010,0.1363
2026-08-10T11:40:40.933076,0000,026080,1.120855,-0.0008,1.0587
2026-08-10T11:40:42.861530,0000,026088,0.015524,0.0004,0.1246
2026-08-10T11:40:44.638248,0000,026096,0.012693,-0.0004,0.1127
2026-08-10T11:40:46.351303,0000,026104,0.010820,-0.0003,0.1040
2026-08-10T11:40:48.162241,0000,026112,0.008652,0.0004,0.0930
2026-08-10T11:40:49.913313,0000,026120,0.007216,0.0003,0.0849
2026-08-10T11:40:51.654506,0000,026128,0.008321,-0.0004,0.0912
2026-08-10T11:40:53.438389,0000,026136,1.135397,-0.0014,1.0656
2026-08-10T11:40:55.325472,0000,026144,0.022712,0.0002,0.1507
2026-08-10T11:40:57.106518,0000,026152,0.016496,0.0003,0.1284
2026-08-10T11:40:59.146373,0000,026160,0.023307,-0.0007,0.1527
2026-08-10T11:41:00.863294,0000,026168,0.007232,-0.0003,0.0850
2026-08-10T11:41:02.716034,0000,026176,0.021152,0.0002,0.1454
2026-08-10T11:41:04.518653,0000,026184,0.007279,0.0004,0.0853
2026-08-10T11:41:06.252066,0000,026192,0.014187,-0.0004,0.1191
2026-08-10T11:41:07.979080,0000,026200,0.012028,-0.0004,0.1097
2026-08-10T11:41:09.791454,0000,026208,0.041974,0.0001,0.2049
2026-08-10T11:41:11.853054,0000,026216,0.020193,0.0003,0.1421
2026-08-10T11:41:13.707215,0000,026224,0.029601,-0.0005,0.1721
2026-08-10T11:41:15.417265,0000,026232,0.013000,-0.0004,0.1140
2026-08-10T11:41:17.224223,0000,026240,0.018415,0.0002,0.1357
2026-08-10T11:41:18.951715,0000,026248,0.028007,0.0001,0.1674
2026-08-10T11:41:20.917289,0000,026256,0.013864,-0.0003,0.1177
2026-08-10T11:41:22.644407,0000,026264,0.006645,-0.0003,0.0815
2026-08-10T11:41:24.446025,0000,026272,0.031103,0.0001,0.1764
2026-08-10T11:41:26.200368,0000,026280,0.021184,0.0002,0.1455
2026-08-10T11:41:28.131551,0000,026288,0.078093,-0.0007,0.2795
2026-08-10T11:41:30.029272,0000,026296,0.014300,-0.0003,0.1196
2026-08-10T11:41:31.778854,0000,026304,0.013414,0.0003,0.1158
2026-08-10T11:41:33.611346,0000,026312,0.011195,0.0003,0.1058
2026-08-10T11:41:35.384221,0000,026320,0.007079,-0.0003,0.0841
2026-08-10T11:41:37.350235,0000,026328,0.009146,-0.0003,0.0956
2026-08-10T11:41:39.264119,0000,026336,0.008081,0.0004,0.0899
2026-08-10T11:41:41.357388,0000,026344,0.014341,0.0001,0.1198
2026-08-10T11:41:43.080233,0000,026352,0.006368,-0.0003,0.0798
2026-08-10T11:41:45.007304,0000,026360,0.028704,-0.0005,0.1694
2026-08-10T11:41:46.951247,0000,026368,0.008684,0.0004,0.0932
2026-08-10T11:41:48.668747,0000,026376,0.018486,0.0002,0.1360
2026-08-10T11:41:50.570927,0000,026384,0.010467,-0.0004,0.1023
2026-08-10T11:41:52.316812,0000,026392,0.007742,-0.0005,0.0880
2026-08-10T11:41:54.167971,0000,026400,0.009804,0.0002,0.0990
2026-08-10T11:41:56.025052,0000,026408,0.007989,0.0002,0.0894
2026-08-10T11:41:57.759102,0000,026416,0.028839,-0.0004,0.1698
2026-08-10T11:41:59.549695,0000,026424,0.006302,-0.0004,0.0794
2026-08-10T11:42:01.292044,0000,026432,0.027406,0.0001,0.1655
2026-08-10T11:42:03.054294,0000,026440,0.021923,0.0001,0.1481
2026-08-10T11:42:04.819025,0000,026448,0.011434,-0.0004,0.1069
2026-08-10T11:42:06.652392,0000,026456,0.012565,-0.0002,0.1121
2026-08-10T11:42:08.740967,0000,026464,0.012145,0.0004,0.1102
2026-08-10T11:42:10.500342,0000,026472,0.019044,0.0002,0.1380
2026-08-10T11:42:12.232465,0000,026480,1.143770,-0.0014,1.0695
2026-08-10T11:42:14.044912,0000,026488,0.018947,-0.0003,0.1376
2026-08-10T11:42:15.795885,0000,026496,0.011304,0.0002,0.1063
2026-08-10T11:42:17.543710,0000,026504,0.018625,0.0003,0.1365
2026-08-10T11:42:19.269832,0000,026512,0.008794,-0.0003,0.0938
2026-08-10T11:42:21.010012,0000,026520,0.029710,-0.0005,0.1724
2026-08-10T11:42:22.843486,0000,026528,0.020595,0.0004,0.1435
2026-08-10T11:42:24.644937,0000,026536,0.020988,0.0003,0.1449
2026-08-10T11:42:26.373863,0000,026544,0.014861,-0.0004,0.1219
2026-08-10T11:42:28.138783,0000,026552,0.012992,-0.0003,0.1140
2026-08-10T11:42:29.874932,0000,026560,0.010178,0.0002,0.1009
2026-08-10T11:42:31.831394,0000,026568,0.026685,0.0002,0.1634
2026-08-10T11:42:33.744911,0000,026576,0.010829,-0.0003,0.1041
2026-08-10T11:42:35.824421,0000,026584,0.009317,-0.0003,0.0965
2026-08-10T11:42:37.576051,0000,026592,0.032454,0.0002,0.1802
2026-08-10T11:42:39.609087,0000,026600,0.028413,0.0001,0.1686
2026-08-10T11:42:41.319154,0000,026608,0.048607,-0.0004,0.2205
2026-08-10T11:42:43.221402,0000,026616,0.008365,-0.0005,0.0915
2026-08-10T11:42:45.094197,0000,026624,0.011634,0.0002,0.1079
2026-08-10T11:42:46.835006,0000,026632,0.016386,0.0002,0.1280
2026-08-10T11:42:48.654822,0000,026640,0.070120,-0.0005,0.2648
2026-08-10T11:42:50.767030,0000,026648,0.014847,-0.0005,0.1218
2026-08-10T11:42:52.499080,0000,026656,0.047252,0.0002,0.2174
2026-08-10T11:42:54.229078,0000,026664,0.008688,0.0003,0.0932
2026-08-10T11:42:55.952442,0000,026672,0.021304,-0.0004,0.1460
2026-08-10T11:42:57.805631,0000,026680,0.013121,-0.0005,0.1145
2026-08-10T11:42:59.558081,0000,026688,0.009538,0.0002,0.0977
2026-08-10T11:43:01.640478,0000,026696,0.014609,0.0002,0.1209
2026-08-10T11:43:03.381178,0000,026704,0.013282,-0.0004,0.1152
2026-08-10T11:43:05.112738,0000,026712,0.009496,-0.0003,0.0974
2026-08-10T11:43:06.865619,0000,026720,0.008808,0.0004,0.0939
2026-08-10T11:43:08.605209,0000,026728,0.007632,0.0002,0.0874
2026-08-10T11:43:10.318300,0000,026736,0.018922,-0.0006,0.1376
2026-08-10T11:43:12.108799,0000,026744,0.016570,-0.0004,0.1287
2026-08-10T11:43:14.195208,0000,026752,0.015515,0.0004,0.1246
2026-08-10T11:43:16.074866,0000,026760,0.012357,0.0002,0.1112
2026-08-10T11:43:17.856646,0000,026768,0.014789,-0.0002,0.1216
2026-08-10T11:43:19.668938,0000,026776,0.013882,-0.0002,0.1178
2026-08-10T11:43:21.409205,0000,026784,0.008969,0.0002,0.0947
2026-08-10T11:43:23.175794,0000,026792,0.015415,0.0003,0.1242
2026-08-10T11:43:24.951772,0000,026800,0.019536,-0.0005,0.1398
2026-08-10T11:43:26.826806,0000,026808,0.010468,-0.0002,0.1023
2026-08-10T11:43:28.700966,0000,026816,0.014848,0.0003,0.1219
2026-08-10T11:43:30.587738,0000,026824,0.067236,0.0000,0.2593
2026-08-10T11:43:32.965813,0000,026832,0.010529,-0.0005,0.1026
2026-08-10T11:43:34.707832,0000,026840,0.013537,-0.0003,0.1163
2026-08-10T11:43:36.808934,0000,026848,0.011899,0.0004,0.1091
2026-08-10T11:43:38.542837,0000,026856,0.013027,0.0003,0.1141
2026-08-10T11:43:40.264882,0000,026864,0.006690,-0.0003,0.0818
2026-08-10T11:43:42.025892,0000,026872,0.013334,-0.0001,0.1155
2026-08-10T11:43:43.750938,0000,026880,0.010757,0.0003,0.1037
2026-08-10T11:43:45.464702,0000,026888,0.017651,0.0001,0.1329
2026-08-10T11:43:47.210827,0000,026896,0.006309,-0.0003,0.0794
2026-08-10T11:43:49.034164,0000,026904,0.015239,-0.0002,0.1234
2026-08-10T11:43:50.937741,0000,026912,0.008826,0.0002,0.0939
2026-08-10T11:43:52.911806,0000,026920,0.006227,0.0006,0.0789
2026-08-10T11:43:54.706857,0000,026928,0.008944,-0.0002,0.0946
2026-08-10T11:43:56.468780,0000,026936,0.019482,-0.0003,0.1396
2026-08-10T11:43:58.300292,0000,026944,0.011751,0.0005,0.1084
2026-08-10T11:44:00.177830,0000,026952,0.018111,0.0005,0.1346
2026-08-10T11:44:02.040827,0000,026960,0.018769,-0.0003,0.1370
2026-08-10T11:44:03.928720,0000,026968,0.020221,-0.0001,0.1422
2026-08-10T11:44:05.826765,0000,026976,0.022456,0.0004,0.1499
2026-08-10T11:44:07.556226,0000,026984,0.008562,0.0003,0.0925
2026-08-10T11:44:09.370597,0000,026992,0.019105,-0.0003,0.1382
2026-08-10T11:44:11.230151,0000,027000,0.018997,-0.0002,0.1378
2026-08-10T11:44:13.371786,0000,027008,0.008102,0.0005,0.0900
2026-08-10T11:44:15.234444,0000,027016,0.010917,0.0004,0.1045
2026-08-10T11:44:17.042688,0000,027024,0.018214,-0.0003,0.1350
2026-08-10T11:44:18.872426,0000,027032,0.007455,-0.0001,0.0863
2026-08-10T11:44:20.834669,0000,027040,0.023885,0.0005,0.1545
2026-08-10T11:44:22.643463,0000,027048,0.006202,0.0005,0.0788
2026-08-10T11:44:24.370784,0000,027056,0.019166,-0.0002,0.1384
2026-08-10T11:44:26.164937,0000,027064,0.013809,-0.0001,0.1175
2026-08-10T11:44:28.041676,0000,027072,0.043581,0.0002,0.2088
2026-08-10T11:44:30.189532,0000,027080,0.014195,0.0004,0.1191
2026-08-10T11:44:31.964608,0000,027088,0.012340,-0.0002,0.1111
2026-08-10T11:44:33.775714,0000,027096,0.145853,-0.0002,0.3819
2026-08-10T11:44:35.500509,0000,027104,0.029121,0.0004,0.1706
2026-08-10T11:44:37.287592,0000,027112,0.007746,0.0006,0.0880
2026-08-10T11:44:39.516264,0000,027120,0.006060,-0.0004,0.0778
2026-08-10T11:44:41.879075,0000,027128,0.007109,-0.0002,0.0843
2026-08-10T11:44:43.602513,0000,027136,0.012106,0.0005,0.1100
2026-08-10T11:44:45.339469,0000,027144,0.011535,0.0004,0.1074
2026-08-10T11:44:47.226553,0000,027152,0.011128,-0.0004,0.1055
2026-08-10T11:44:49.154449,0000,027160,0.023564,-0.0002,0.1535
2026-08-10T11:44:51.054012,0000,027168,0.025361,0.0004,0.1593
2026-08-10T11:44:52.806578,0000,027176,0.013081,0.0005,0.1144
2026-08-10T11:44:54.544577,0000,027184,0.014045,-0.0003,0.1185
2026-08-10T11:44:56.586254,0000,027192,0.022855,-0.0003,0.1512
2026-08-10T11:44:58.485371,0000,027200,0.035124,0.0004,0.1874
2026-08-10T11:45:00.483132,0000,027208,0.011404,0.0005,0.1068
2026-08-10T11:45:02.555539,0000,027216,0.016864,0.0001,0.1299
2026-08-10T11:45:04.270339,0000,027224,0.019730,-0.0014,0.1405
2026-08-10T11:45:06.149460,0000,027232,0.024182,-0.0018,0.1555
2026-08-10T11:45:07.931760,0000,027240,0.015599,-0.0016,0.1249
2026-08-10T11:45:10.079762,0000,027248,0.020763,-0.0009,0.1441
2026-08-10T11:45:11.963706,0000,027256,0.011436,0.0004,0.1069
2026-08-10T11:45:14.025375,0000,027264,0.023433,0.0012,0.1531
2026-08-10T11:45:16.113532,0000,027272,0.016764,0.0010,0.1295
2026-08-10T11:45:18.075611,0000,027280,0.056616,0.0002,0.2379
2026-08-10T11:45:19.871893,0000,027288,0.017784,-0.0010,0.1334
2026-08-10T11:45:21.609415,0000,027296,0.024760,-0.0013,0.1574
2026-08-10T11:45:23.585574,0000,027304,0.035912,-0.0016,0.1895
2026-08-10T11:45:25.325502,0000,027312,0.009089,-0.0006,0.0953
2026-08-10T11:45:27.161020,0000,027320,0.021956,0.0007,0.1482
2026-08-10T11:45:28.954396,0000,027328,0.019835,0.0013,0.1408
2026-08-10T11:45:30.958318,0000,027336,0.034695,0.0014,0.1863
2026-08-10T11:45:32.741386,0000,027344,0.004917,0.0004,0.0701
2026-08-10T11:45:34.489733,0000,027352,0.015797,-0.0008,0.1257
2026-08-10T11:45:36.216118,0000,027360,0.028977,-0.0012,0.1702
2026-08-10T11:45:37.950613,0000,027368,0.013865,-0.0011,0.1178
2026-08-10T11:45:39.685631,0000,027376,0.009288,-0.0004,0.0964
2026-08-10T11:45:41.415501,0000,027384,0.008956,0.0007,0.0946
2026-08-10T11:45:43.184378,0000,027392,0.016513,0.0014,0.1285
2026-08-10T11:45:44.965398,0000,027400,0.019102,0.0012,0.1382
2026-08-10T11:45:46.842552,0000,027408,0.010943,0.0008,0.1046
2026-08-10T11:45:48.625312,0000,027416,0.022828,-0.0008,0.1511
2026-08-10T11:45:50.366477,0000,027424,0.011261,-0.0012,0.1061
2026-08-10T11:45:52.319286,0000,027432,0.011774,-0.0011,0.1085
2026-08-10T11:45:54.092068,0000,027440,0.007657,-0.0003,0.0875
2026-08-10T11:45:55.850300,0000,027448,0.037276,0.0007,0.1931
2026-08-10T11:45:57.613108,0000,027456,0.020157,0.0014,0.1420
2026-08-10T11:45:59.590392,0000,027464,0.058054,0.0016,0.2409
2026-08-10T11:46:01.365716,0000,027472,0.012826,0.0005,0.1133
2026-08-10T11:46:03.117233,0000,027480,0.012320,-0.0007,0.1110
2026-08-10T11:46:05.187980,0000,027488,0.013102,-0.0012,0.1145
2026-08-10T11:46:07.131376,0000,027496,0.014844,-0.0012,0.1218
2026-08-10T11:46:09.024210,0000,027504,0.029177,-0.0005,0.1708
2026-08-10T11:46:10.821512,0000,027512,0.013419,0.0009,0.1158
2026-08-10T11:46:12.814244,0000,027520,0.032350,0.0014,0.1799
2026-08-10T11:46:14.856311,0000,027528,0.020520,0.0016,0.1432
2026-08-10T11:46:16.718045,0000,027536,0.045335,0.0006,0.2129
2026-08-10T11:46:18.555199,0000,027544,0.011581,-0.0005,0.1076
2026-08-10T11:46:20.458244,0000,027552,0.014376,-0.0012,0.1199
2026-08-10T11:46:22.314945,0000,027560,0.025683,-0.0011,0.1603
2026-08-10T11:46:24.080345,0000,027568,0.007985,-0.0003,0.0894
2026-08-10T11:46:26.201564,0000,027576,0.021497,0.0014,0.1466
2026-08-10T11:46:28.143415,0000,027584,0.024561,0.0014,0.1567
2026-08-10T11:46:30.113174,0000,027592,0.029261,0.0014,0.1711
2026-08-10T11:46:32.092290,0000,027600,0.013666,0.0006,0.1169
2026-08-10T11:46:33.925414,0000,027608,0.020291,-0.0006,0.1424
2026-08-10T11:46:35.871073,0000,027616,0.009976,-0.0010,0.0999
2026-08-10T11:46:37.695234,0000,027624,0.011691,-0.0010,0.1081
2026-08-10T11:46:39.763887,0000,027632,0.015590,-0.0004,0.1249
2026-08-10T11:46:41.513428,0000,027640,0.012943,0.0009,0.1138
2026-08-10T11:46:43.241080,0000,027648,0.024905,0.0014,0.1578
2026-08-10T11:46:45.095948,0000,027656,0.064264,0.0012,0.2535
2026-08-10T11:46:47.184512,0000,027664,0.021923,0.0006,0.1481
2026-08-10T11:46:48.909275,0000,027672,0.016410,-0.0007,0.1281
2026-08-10T11:46:50.738235,0000,027680,0.010977,-0.0011,0.1048
2026-08-10T11:46:52.599464,0000,027688,0.022206,-0.0010,0.1490
2026-08-10T11:46:54.508533,0000,027696,0.014128,-0.0004,0.1189
2026-08-10T11:46:56.327457,0000,027704,0.016342,0.0011,0.1278
2026-08-10T11:46:58.156344,0000,027712,0.025233,0.0016,0.1588
2026-08-10T11:46:59.967452,0000,027720,0.016142,0.0014,0.1271
2026-08-10T11:47:01.682227,0000,027728,0.007673,0.0006,0.0876
2026-08-10T11:47:03.400076,0000,027736,1.135119,-0.0016,1.0654
2026-08-10T11:47:05.129967,0000,027744,0.016766,-0.0010,0.1295
2026-08-10T11:47:07.141023,0000,027752,0.033703,-0.0014,0.1836
2026-08-10T11:47:08.991952,0000,027760,0.007840,-0.0002,0.0885
2026-08-10T11:47:11.125891,0000,027768,0.052206,0.0008,0.2285
2026-08-10T11:47:13.162456,0000,027776,0.020488,0.0017,0.1431
2026-08-10T11:47:14.993996,0000,027784,0.027750,0.0012,0.1666
2026-08-10T11:47:16.888190,0000,027792,0.007561,0.0007,0.0870
2026-08-10T11:47:18.664868,0000,027800,0.017762,-0.0006,0.1333
2026-08-10T11:47:20.390150,0000,027808,0.019117,-0.0012,0.1383
2026-08-10T11:47:22.120193,0000,027816,0.014331,-0.0010,0.1197
2026-08-10T11:47:23.961250,0000,027824,0.004223,-0.0002,0.0650
2026-08-10T11:47:25.850155,0000,027832,0.022999,0.0007,0.1517
2026-08-10T11:47:27.625218,0000,027840,0.013775,0.0015,0.1174
2026-08-10T11:47:29.505868,0000,027848,0.023761,0.0014,0.1541
2026-08-10T11:47:31.223141,0000,027856,0.014530,0.0006,0.1205
2026-08-10T11:47:33.039922,0000,027864,0.013249,-0.0005,0.1151
2026-08-10T11:47:34.846099,0000,027872,0.025089,-0.0010,0.1584
2026-08-10T11:47:36.566608,0000,027880,0.007075,-0.0009,0.0841
2026-08-10T11:47:38.428090,0000,027888,0.009576,-0.0002,0.0979
2026-08-10T11:47:40.290344,0000,027896,0.033708,0.0008,0.1836
2026-08-10T11:47:42.410939,0000,027904,0.032384,0.0018,0.1800
2026-08-10T11:47:44.154327,0000,027912,0.038713,0.0013,0.1968
2026-08-10T11:47:45.986129,0000,027920,0.010303,0.0008,0.1015
2026-08-10T11:47:48.138411,0000,027928,0.033281,-0.0006,0.1824
2026-08-10T11:47:50.060073,0000,027936,0.012265,-0.0011,0.1107
2026-08-10T11:47:51.778223,0000,027944,0.007412,-0.0008,0.0861
2026-08-10T11:47:54.066447,0000,027952,0.033039,-0.0007,0.1818
2026-08-10T11:47:56.038911,0000,027960,0.018048,0.0010,0.1343
2026-08-10T11:47:57.909953,0000,027968,0.028958,0.0014,0.1702
2026-08-10T11:47:59.630755,0000,027976,0.015943,0.0012,0.1263
2026-08-10T11:48:01.391130,0000,027984,0.012612,0.0007,0.1123
2026-08-10T11:48:03.160960,0000,027992,0.023530,-0.0006,0.1534
2026-08-10T11:48:05.286600,0000,028000,0.032544,-0.0013,0.1804
2026-08-10T11:48:07.029003,0000,028008,0.012904,-0.0010,0.1136
2026-08-10T11:48:08.826442,0000,028016,0.022188,-0.0001,0.1490
2026-08-10T11:48:10.599057,0000,028024,0.012734,0.0011,0.1128
2026-08-10T11:48:12.327977,0000,028032,0.014807,0.0015,0.1217
2026-08-10T11:48:14.054819,0000,028040,0.013168,0.0014,0.1148
2026-08-10T11:48:15.792217,0000,028048,0.021438,0.0006,0.1464
2026-08-10T11:48:17.516824,0000,028056,0.011346,-0.0006,0.1065
2026-08-10T11:48:19.330100,0000,028064,0.027031,-0.0011,0.1644
2026-08-10T11:48:21.541205,0000,028072,0.054422,-0.0015,0.2333
2026-08-10T11:48:23.284916,0000,028080,0.011309,-0.0002,0.1063
2026-08-10T11:48:25.002878,0000,028088,0.016108,0.0009,0.1269
2026-08-10T11:48:27.026906,0000,028096,0.042547,0.0016,0.2063
2026-08-10T11:48:28.763098,0000,028104,0.013437,0.0013,0.1159
2026-08-10T11:48:30.509982,0000,028112,0.012931,0.0006,0.1137
2026-08-10T11:48:32.242382,0000,028120,0.019217,-0.0005,0.1386
2026-08-10T11:48:33.990976,0000,028128,0.010809,-0.0011,0.1040
2026-08-10T11:48:35.828609,0000,028136,0.011156,-0.0010,0.1056
2026-08-10T11:48:37.554304,0000,028144,0.009928,-0.0003,0.0996
2026-08-10T11:48:39.505855,0000,028152,0.023190,0.0009,0.1523
2026-08-10T11:48:41.561404,0000,028160,0.014954,0.0016,0.1223
2026-08-10T11:48:43.357774,0000,028168,0.015686,0.0014,0.1252
2026-08-10T11:48:45.076287,0000,028176,0.013679,0.0006,0.1170
2026-08-10T11:48:46.820749,0000,028184,0.018830,-0.0006,0.1372
2026-08-10T11:48:48.774113,0000,028192,0.017131,-0.0012,0.1309
2026-08-10T11:48:50.578983,0000,028200,0.012258,-0.0010,0.1107
2026-08-10T11:48:52.312692,0000,028208,0.006279,-0.0002,0.0792
2026-08-10T11:48:54.095786,0000,028216,0.015612,0.0011,0.1249
2026-08-10T11:48:55.989910,0000,028224,0.032303,0.0016,0.1797
2026-08-10T11:48:57.896245,0000,028232,0.031650,0.0014,0.1779
2026-08-10T11:48:59.836458,0000,028240,0.143610,0.0005,0.3790
2026-08-10T11:49:01.674711,0000,028248,0.009274,-0.0007,0.0963
2026-08-10T11:49:03.562802,0000,028256,0.012605,-0.0011,0.1123
2026-08-10T11:49:05.645997,0000,028264,0.016620,-0.0012,0.1289
2026-08-10T11:49:07.562285,0000,028272,0.009124,-0.0003,0.0955
2026-08-10T11:49:09.429441,0000,028280,0.034412,0.0010,0.1855
2026-08-10T11:49:11.180292,0000,028288,1.144621,0.0004,1.0699
2026-08-10T11:49:12.942638,0000,028296,0.017800,0.0012,0.1334
2026-08-10T11:49:14.781874,0000,028304,0.025526,0.0005,0.1598
2026-08-10T11:49:16.654694,0000,028312,0.010178,-0.0004,0.1009
2026-08-10T11:49:18.487571,0000,028320,0.033831,-0.0014,0.1839
2026-08-10T11:49:20.395699,0000,028328,0.023288,-0.0011,0.1526
2026-08-10T11:49:22.206959,0000,028336,0.019716,-0.0004,0.1404
2026-08-10T11:49:24.208399,0000,028344,0.012663,0.0011,0.1125
2026-08-10T11:49:26.380693,0000,028352,0.054626,0.0018,0.2337
2026-08-10T11:49:28.334957,0000,028360,0.035135,0.0014,0.1874
2026-08-10T11:49:30.073582,0000,028368,0.008595,0.0006,0.0927
2026-08-10T11:49:31.875874,0000,028376,0.024243,-0.0006,0.1557
2026-08-10T11:49:33.954554,0000,028384,0.038971,-0.0013,0.1974
2026-08-10T11:49:35.799340,0000,028392,0.012800,-0.0010,0.1131
2026-08-10T11:49:37.878831,0000,028400,0.026394,-0.0006,0.1625
2026-08-10T11:49:39.693222,0000,028408,0.014246,0.0009,0.1194
2026-08-10T11:49:41.578850,0000,028416,0.017660,0.0014,0.1329
2026-08-10T11:49:43.620526,0000,028424,0.032618,0.0014,0.1806
2026-08-10T11:49:45.415265,0000,028432,0.008768,0.0007,0.0936
2026-08-10T11:49:47.318006,0000,028440,0.027792,-0.0009,0.1667
2026-08-10T11:49:49.046641,0000,028448,0.020580,-0.0011,0.1435
2026-08-10T11:49:50.859665,0000,028456,0.012551,-0.0009,0.1120
2026-08-10T11:49:52.749128,0000,028464,0.011806,-0.0005,0.1087
2026-08-10T11:49:54.476714,0000,028472,0.015061,0.0009,0.1227
2026-08-10T11:49:56.303688,0000,028480,0.038338,0.0014,0.1958
2026-08-10T11:49:58.115712,0000,028488,0.019896,0.0015,0.1411
2026-08-10T11:50:00.030891,0000,028496,0.008462,0.0007,0.0920
2026-08-10T11:50:01.956767,0000,028504,0.031386,-0.0007,0.1772
2026-08-10T11:50:03.783590,0000,028512,0.019193,-0.0011,0.1385
2026-08-10T11:50:05.517752,0000,028520,0.021933,-0.0010,0.1481
2026-08-10T11:50:07.252673,0000,028528,0.007065,-0.0003,0.0841
2026-08-10T11:50:09.063743,0000,028536,0.013250,0.0009,0.1151
2026-08-10T11:50:11.177701,0000,028544,0.029466,0.0015,0.1717
2026-08-10T11:50:13.094271,0000,028552,0.011527,0.0013,0.1074
2026-08-10T11:50:14.940581,0000,028560,0.019980,0.0007,0.1414
2026-08-10T11:50:16.663411,0000,028568,0.011112,-0.0005,0.1054
2026-08-10T11:50:18.408549,0000,028576,0.021012,-0.0011,0.1450
2026-08-10T11:50:20.206124,0000,028584,0.014316,-0.0009,0.1196
2026-08-10T11:50:22.040696,0000,028592,0.027546,-0.0004,0.1660
2026-08-10T11:50:24.080298,0000,028600,0.022725,0.0010,0.1507
2026-08-10T11:50:25.923834,0000,028608,0.021252,0.0015,0.1458
2026-08-10T11:50:27.656480,0000,028616,0.011004,0.0012,0.1049
2026-08-10T11:50:29.445849,0000,028624,0.009591,0.0006,0.0979
2026-08-10T11:50:31.443667,0000,028632,0.010223,-0.0006,0.1011
2026-08-10T11:50:33.865663,0000,028640,0.061435,-0.0021,0.2479
2026-08-10T11:50:35.838381,0000,028648,0.029501,-0.0012,0.1718
2026-08-10T11:50:37.626981,0000,028656,0.006678,-0.0001,0.0817
2026-08-10T11:50:39.348818,0000,028664,0.013365,0.0009,0.1156
2026-08-10T11:50:41.167069,0000,028672,0.017323,0.0015,0.1316
2026-08-10T11:50:43.051207,0000,028680,0.018696,0.0014,0.1367
2026-08-10T11:50:44.862328,0000,028688,0.019058,0.0005,0.1380
2026-08-10T11:50:46.781621,0000,028696,0.029453,-0.0008,0.1716
2026-08-10T11:50:48.627391,0000,028704,0.007677,-0.0010,0.0876
2026-08-10T11:50:50.571473,0000,028712,0.029242,-0.0012,0.1710
2026-08-10T11:50:52.335599,0000,028720,0.017657,-0.0003,0.1329
2026-08-10T11:50:54.086555,0000,028728,0.008306,0.0009,0.0911
2026-08-10T11:50:55.795585,0000,028736,0.013042,0.0014,0.1142
2026-08-10T11:50:57.632951,0000,028744,0.011513,0.0014,0.1073
2026-08-10T11:50:59.684182,0000,028752,0.013514,0.0008,0.1163
2026-08-10T11:51:01.520589,0000,028760,0.052196,-0.0005,0.2285
2026-08-10T11:51:03.241252,0000,028768,0.009614,-0.0010,0.0981
2026-08-10T11:51:05.092275,0000,028776,0.017750,-0.0010,0.1332
2026-08-10T11:51:07.147051,0000,028784,0.036557,-0.0003,0.1912
2026-08-10T11:51:09.346054,0000,028792,0.027500,0.0010,0.1658
2026-08-10T11:51:11.091404,0000,028800,0.024523,0.0014,0.1566
2026-08-10T11:51:12.916240,0000,028808,0.014578,0.0014,0.1207
2026-08-10T11:51:14.629406,0000,028816,0.013174,0.0006,0.1148
2026-08-10T11:51:16.529251,0000,028824,0.013584,-0.0006,0.1166
2026-08-10T11:51:18.319763,0000,028832,0.054940,-0.0012,0.2344
2026-08-10T11:51:20.043527,0000,028840,0.014662,-0.0009,0.1211
2026-08-10T11:51:21.853692,0000,028848,0.018927,-0.0003,0.1376
2026-08-10T11:51:24.156277,0000,028856,0.012552,0.0011,0.1120
2026-08-10T11:51:25.996079,0000,028864,0.055825,0.0014,0.2363
2026-08-10T11:51:27.731076,0000,028872,0.028634,0.0012,0.1692
2026-08-10T11:51:29.522352,0000,028880,0.012920,0.0007,0.1137
2026-08-10T11:51:31.258414,0000,028888,0.008358,-0.0006,0.0914
2026-08-10T11:51:33.483280,0000,028896,0.034281,-0.0014,0.1852
2026-08-10T11:51:35.482411,0000,028904,0.017711,-0.0010,0.1331
2026-08-10T11:51:37.368037,0000,028912,0.010452,-0.0004,0.1022
2026-08-10T11:51:39.142035,0000,028920,0.021097,0.0010,0.1452
2026-08-10T11:51:41.160460,0000,028928,0.040494,0.0016,0.2012
2026-08-10T11:51:43.010273,0000,028936,0.030918,0.0014,0.1758
2026-08-10T11:51:45.016528,0000,028944,0.015226,0.0008,0.1234
2026-08-10T11:51:46.757392,0000,028952,0.047356,-0.0007,0.2176
2026-08-10T11:51:48.697489,0000,028960,0.032950,-0.0012,0.1815
2026-08-10T11:51:50.661063,0000,028968,0.024237,-0.0013,0.1557
2026-08-10T11:51:52.441533,0000,028976,0.016543,-0.0003,0.1286
2026-08-10T11:51:54.405188,0000,028984,0.025765,0.0008,0.1605
2026-08-10T11:51:56.234662,0000,028992,0.028025,0.0014,0.1674
2026-08-10T11:51:58.013413,0000,029000,0.023046,0.0012,0.1518
2026-08-10T11:51:59.759315,0000,029008,0.007870,0.0007,0.0887
2026-08-10T11:52:01.578703,0000,029016,0.012025,-0.0006,0.1097
2026-08-10T11:52:03.335246,0000,029024,0.015904,-0.0012,0.1261
2026-08-10T11:52:05.270227,0000,029032,0.018592,-0.0012,0.1364
2026-08-10T11:52:07.071118,0000,029040,0.005728,-0.0002,0.0757
2026-08-10T11:52:08.805159,0000,029048,0.008857,0.0009,0.0941
2026-08-10T11:52:10.566179,0000,029056,0.034285,0.0014,0.1852
2026-08-10T11:52:12.569566,0000,029064,0.013906,0.0015,0.1179
2026-08-10T11:52:14.655808,0000,029072,0.036146,0.0007,0.1901
2026-08-10T11:52:16.550278,0000,029080,0.021719,-0.0008,0.1474
2026-08-10T11:52:18.594474,0000,029088,0.031125,-0.0012,0.1764
2026-08-10T11:52:20.427381,0000,029096,0.011648,-0.0009,0.1079
2026-08-10T11:52:22.153856,0000,029104,0.020129,-0.0004,0.1419
2026-08-10T11:52:24.029220,0000,029112,0.027461,0.0009,0.1657
2026-08-10T11:52:25.789231,0000,029120,0.151028,0.0013,0.3886
2026-08-10T11:52:27.680876,0000,029128,0.019987,0.0014,0.1414
2026-08-10T11:52:29.534440,0000,029136,0.026943,0.0006,0.1641
2026-08-10T11:52:31.286893,0000,029144,0.011318,-0.0005,0.1064
2026-08-10T11:52:33.292244,0000,029152,0.019802,-0.0013,0.1407
2026-08-10T11:52:35.179091,0000,029160,0.042830,-0.0013,0.2070
2026-08-10T11:52:37.059954,0000,029168,0.010373,-0.0003,0.1018
2026-08-10T11:52:38.897471,0000,029176,0.014406,0.0010,0.1200
2026-08-10T11:52:40.923300,0000,029184,0.019804,0.0014,0.1407
2026-08-10T11:52:42.664498,0000,029192,0.023290,0.0012,0.1526
2026-08-10T11:52:44.654587,0000,029200,0.007449,0.0007,0.0863
2026-08-10T11:52:46.523243,0000,029208,0.010429,-0.0005,0.1021
2026-08-10T11:52:48.254398,0000,029216,0.010228,-0.0010,0.1011
2026-08-10T11:52:50.190800,0000,029224,0.010884,-0.0011,0.1043
2026-08-10T11:52:52.039413,0000,029232,0.019020,-0.0002,0.1379
2026-08-10T11:52:53.785780,0000,029240,0.020393,0.0009,0.1428
2026-08-10T11:52:55.557324,0000,029248,0.027200,0.0013,0.1649
2026-08-10T11:52:57.341663,0000,029256,0.016516,0.0013,0.1285
2026-08-10T11:52:59.064273,0000,029264,0.009339,0.0006,0.0966
2026-08-10T11:53:00.782900,0000,029272,0.010611,-0.0005,0.1030
2026-08-10T11:53:02.673801,0000,029280,0.031172,-0.0014,0.1766
2026-08-10T11:53:04.842076,0000,029288,0.020477,-0.0014,0.1431
2026-08-10T11:53:06.854949,0000,029296,0.018317,-0.0006,0.1353
2026-08-10T11:53:08.718271,0000,029304,0.017703,0.0009,0.1331
2026-08-10T11:53:10.466932,0000,029312,0.027716,0.0012,0.1665
2026-08-10T11:53:12.233489,0000,029320,0.019801,0.0013,0.1407
2026-08-10T11:53:14.320191,0000,029328,0.013666,0.0005,0.1169
2026-08-10T11:53:16.044102,0000,029336,0.010884,-0.0007,0.1043
2026-08-10T11:53:17.749663,0000,029344,0.047753,-0.0010,0.2185
2026-08-10T11:53:19.568956,0000,029352,0.024406,-0.0009,0.1562
2026-08-10T11:53:21.326425,0000,029360,0.016569,-0.0003,0.1287
2026-08-10T11:53:23.416095,0000,029368,0.021452,0.0011,0.1465
2026-08-10T11:53:25.176159,0000,029376,0.015529,0.0013,0.1246
2026-08-10T11:53:27.173126,0000,029384,0.029491,0.0014,0.1717
2026-08-10T11:53:28.963999,0000,029392,0.012987,0.0006,0.1140
2026-08-10T11:53:30.789232,0000,029400,0.026060,-0.0008,0.1614
2026-08-10T11:53:32.518425,0000,029408,0.012148,-0.0010,0.1102
2026-08-10T11:53:34.346011,0000,029416,0.027310,-0.0010,0.1653
2026-08-10T11:53:36.124007,0000,029424,0.027205,-0.0003,0.1649
2026-08-10T11:53:37.848935,0000,029432,0.010545,0.0010,0.1027
2026-08-10T11:53:39.616082,0000,029440,0.018488,0.0015,0.1360
2026-08-10T11:53:41.548128,0000,029448,0.028964,0.0013,0.1702
2026-08-10T11:53:43.410847,0000,029456,0.014765,0.0006,0.1215
2026-08-10T11:53:45.194055,0000,029464,0.009026,-0.0005,0.0950
2026-08-10T11:53:46.949178,0000,029472,0.015592,-0.0011,0.1249
2026-08-10T11:53:48.941327,0000,029480,0.035973,-0.0012,0.1897
2026-08-10T11:53:50.762658,0000,029488,0.025255,-0.0005,0.1589
2026-08-10T11:53:52.614216,0000,029496,0.010772,0.0009,0.1038
2026-08-10T11:53:54.373060,0000,029504,0.030537,0.0014,0.1747
2026-08-10T11:53:56.252861,0000,029512,0.028397,0.0014,0.1685
2026-08-10T11:53:57.997030,0000,029520,0.006875,0.0006,0.0829
2026-08-10T11:53:59.956787,0000,029528,0.007786,-0.0008,0.0882
2026-08-10T11:54:01.678811,0000,029536,0.018867,-0.0012,0.1374
2026-08-10T11:54:03.545523,0000,029544,0.016350,-0.0010,0.1279
2026-08-10T11:54:05.280042,0000,029552,0.018852,-0.0004,0.1373
2026-08-10T11:54:07.390293,0000,029560,0.017019,0.0010,0.1305
2026-08-10T11:54:09.134133,0000,029568,0.015618,0.0013,0.1250
2026-08-10T11:54:11.105235,0000,029576,0.016433,0.0014,0.1282
2026-08-10T11:54:13.054475,0000,029584,0.015768,0.0006,0.1256
2026-08-10T11:54:14.931555,0000,029592,0.011865,-0.0006,0.1089
2026-08-10T11:54:16.922655,0000,029600,0.020486,-0.0014,0.1431
2026-08-10T11:54:18.709222,0000,029608,0.009406,-0.0009,0.0970
2026-08-10T11:54:20.662733,0000,029616,0.005004,-0.0002,0.0707
2026-08-10T11:54:22.441012,0000,029624,0.010390,0.0010,0.1019
2026-08-10T11:54:24.346224,0000,029632,0.022003,0.0015,0.1483
2026-08-10T11:54:26.155816,0000,029640,0.011722,0.0013,0.1083
2026-08-10T11:54:27.906775,0000,029648,0.010266,0.0005,0.1013
2026-08-10T11:54:29.716729,0000,029656,0.017714,-0.0007,0.1331
2026-08-10T11:54:31.519558,0000,029664,0.015281,-0.0011,0.1236
2026-08-10T11:54:33.250699,0000,029672,0.024917,-0.0009,0.1579
2026-08-10T11:54:35.034867,0000,029680,0.012518,-0.0003,0.1119
2026-08-10T11:54:36.826896,0000,029688,0.011504,0.0009,0.1073
2026-08-10T11:54:38.826505,0000,029696,0.024639,0.0015,0.1570
2026-08-10T11:54:40.557628,0000,029704,0.018308,0.0013,0.1353
2026-08-10T11:54:42.280259,0000,029712,0.009045,0.0006,0.0951
2026-08-10T11:54:44.031586,0000,029720,0.019972,-0.0005,0.1413
2026-08-10T11:54:45.996758,0000,029728,0.061627,-0.0015,0.2482
2026-08-10T11:54:47.711404,0000,029736,0.015723,-0.0009,0.1254
2026-08-10T11:54:49.587775,0000,029744,0.017823,-0.0003,0.1335
2026-08-10T11:54:51.398486,0000,029752,0.017694,0.0009,0.1330
2026-08-10T11:54:53.290721,0000,029760,0.020961,0.0014,0.1448
2026-08-10T11:54:55.247330,0000,029768,0.018440,0.0014,0.1358
2026-08-10T11:54:56.964825,0000,029776,0.015568,0.0007,0.1248
2026-08-10T11:54:58.987550,0000,029784,0.032344,-0.0008,0.1798
2026-08-10T11:55:00.749290,0000,029792,0.020795,-0.0010,0.1442
2026-08-10T11:55:02.723767,0000,029800,0.020154,-0.0009,0.1420
2026-08-10T11:55:04.480906,0000,029808,0.017173,-0.0004,0.1310
2026-08-10T11:55:06.293568,0000,029816,0.019761,0.0009,0.1406
2026-08-10T11:55:08.005712,0000,029824,0.014063,0.0013,0.1186
2026-08-10T11:55:09.839922,0000,029832,0.017415,0.0014,0.1320
2026-08-10T11:55:12.054572,0000,029840,0.034756,0.0005,0.1864
2026-08-10T11:55:13.966345,0000,029848,0.013430,-0.0006,0.1159
2026-08-10T11:55:15.711104,0000,029856,0.011764,-0.0012,0.1085
2026-08-10T11:55:17.464612,0000,029864,0.014048,-0.0009,0.1185
2026-08-10T11:55:19.258526,0000,029872,0.017995,-0.0002,0.1341
2026-08-10T11:55:21.191725,0000,029880,0.014418,0.0010,0.1201
2026-08-10T11:55:22.972340,0000,029888,0.025567,0.0013,0.1599
2026-08-10T11:55:24.980076,0000,029896,0.033623,0.0013,0.1834
2026-08-10T11:55:26.711585,0000,029904,0.012309,0.0006,0.1109
2026-08-10T11:55:28.596655,0000,029912,0.009953,-0.0006,0.0998
2026-08-10T11:55:30.871698,0000,029920,0.021130,-0.0013,0.1454
2026-08-10T11:55:32.751201,0000,029928,0.067661,-0.0011,0.2601
2026-08-10T11:55:34.612278,0000,029936,0.007847,-0.0002,0.0886
2026-08-10T11:55:36.397783,0000,029944,0.020411,0.0009,0.1429
2026-08-10T11:55:38.194694,0000,029952,0.018742,0.0014,0.1369
2026-08-10T11:55:39.900287,0000,029960,0.017001,0.0011,0.1304
2026-08-10T11:55:41.643890,0000,029968,0.022076,0.0006,0.1486
2026-08-10T11:55:43.404617,0000,029976,0.012534,-0.0006,0.1120
2026-08-10T11:55:45.372541,0000,029984,0.016093,-0.0013,0.1269
2026-08-10T11:55:47.177306,0000,029992,0.021265,-0.0009,0.1458
2026-08-10T11:55:48.909388,0000,030000,0.010489,-0.0003,0.1024
2026-08-10T11:55:50.880813,0000,030008,0.007704,0.0010,0.0878
2026-08-10T11:55:52.711966,0000,030016,0.016799,0.0014,0.1296
2026-08-10T11:55:54.476469,0000,030024,0.022738,0.0014,0.1508
2026-08-10T11:55:56.229520,0000,030032,0.017145,0.0005,0.1309
2026-08-10T11:55:58.123703,0000,030040,0.017364,-0.0006,0.1318
2026-08-10T11:55:59.987001,0000,030048,0.037173,-0.0012,0.1928
2026-08-10T11:56:01.744668,0000,030056,0.007979,-0.0009,0.0893
2026-08-10T11:56:03.477526,0000,030064,0.009482,-0.0004,0.0974
2026-08-10T11:56:05.329719,0000,030072,0.013993,0.0010,0.1183
2026-08-10T11:56:07.113271,0000,030080,0.018340,0.0014,0.1354
2026-08-10T11:56:08.863659,0000,030088,0.012542,0.0012,0.1120
2026-08-10T11:56:10.751889,0000,030096,0.009062,0.0007,0.0952
2026-08-10T11:56:12.477550,0000,030104,0.007954,-0.0006,0.0892
2026-08-10T11:56:14.380379,0000,030112,0.015883,-0.0012,0.1260
2026-08-10T11:56:16.130625,0000,030120,0.022795,-0.0009,0.1510
2026-08-10T11:56:17.860285,0000,030128,0.014345,-0.0003,0.1198
2026-08-10T11:56:19.600321,0000,030136,0.016891,0.0009,0.1300
2026-08-10T11:56:21.551538,0000,030144,0.026078,0.0015,0.1615
2026-08-10T11:56:23.425614,0000,030152,0.017343,0.0014,0.1317
2026-08-10T11:56:25.343145,0000,030160,0.016577,0.0007,0.1288
2026-08-10T11:56:27.092487,0000,030168,0.015690,-0.0006,0.1253
2026-08-10T11:56:29.348998,0000,030176,0.024263,-0.0014,0.1558
2026-08-10T11:56:31.096705,0000,030184,0.012164,-0.0010,0.1103
2026-08-10T11:56:32.917881,0000,030192,0.007043,-0.0003,0.0839
2026-08-10T11:56:34.677302,0000,030200,0.011897,0.0009,0.1091
2026-08-10T11:56:36.425541,0000,030208,0.016536,0.0012,0.1286
2026-08-10T11:56:38.189218,0000,030216,0.011972,0.0012,0.1094
2026-08-10T11:56:39.998276,0000,030224,0.013936,0.0006,0.1181
2026-08-10T11:56:42.220435,0000,030232,0.015378,-0.0009,0.1240
2026-08-10T11:56:44.016646,0000,030240,0.021298,-0.0012,0.1459
2026-08-10T11:56:45.790035,0000,030248,0.013828,-0.0010,0.1176
2026-08-10T11:56:47.708677,0000,030256,0.038933,-0.0005,0.1973
2026-08-10T11:56:49.637248,0000,030264,0.014198,0.0009,0.1192
2026-08-10T11:56:51.414821,0000,030272,0.016373,0.0015,0.1280
2026-08-10T11:56:53.183410,0000,030280,0.019357,0.0013,0.1391
2026-08-10T11:56:55.003996,0000,030288,0.013043,0.0007,0.1142
2026-08-10T11:56:57.073448,0000,030296,0.022876,-0.0007,0.1512
2026-08-10T11:56:58.815282,0000,030304,0.022564,-0.0011,0.1502
2026-08-10T11:57:00.581433,0000,030312,0.008591,-0.0009,0.0927
2026-08-10T11:57:02.327355,0000,030320,0.017986,-0.0003,0.1341
2026-08-10T11:57:04.510407,0000,030328,0.024505,0.0009,0.1565
2026-08-10T11:57:06.280097,0000,030336,0.020479,0.0013,0.1431
2026-08-10T11:57:08.118215,0000,030344,0.018828,0.0013,0.1372
2026-08-10T11:57:10.021601,0000,030352,0.020857,0.0005,0.1444
2026-08-10T11:57:11.759373,0000,030360,0.012436,-0.0006,0.1115
2026-08-10T11:57:13.482318,0000,030368,0.045648,-0.0011,0.2137
2026-08-10T11:57:15.262094,0000,030376,0.028074,-0.0009,0.1676
2026-08-10T11:57:17.045153,0000,030384,0.017750,-0.0003,0.1332
2026-08-10T11:57:18.921326,0000,030392,0.050734,0.0007,0.2252
2026-08-10T11:57:20.658680,0000,030400,0.016623,0.0013,0.1289
2026-08-10T11:57:22.442363,0000,030408,0.017514,0.0012,0.1323
2026-08-10T11:57:24.297173,0000,030416,0.007748,0.0006,0.0880
2026-08-10T11:57:26.441864,0000,030424,0.066311,-0.0012,0.2575
2026-08-10T11:57:28.197036,0000,030432,0.023521,-0.0011,0.1534
2026-08-10T11:57:29.960208,0000,030440,0.020480,-0.0009,0.1431
2026-08-10T11:57:31.815339,0000,030448,0.018338,-0.0004,0.1354
2026-08-10T11:57:33.547919,0000,030456,0.012303,0.0009,0.1109
2026-08-10T11:57:35.287525,0000,030464,0.017682,0.0012,0.1330
2026-08-10T11:57:37.096467,0000,030472,0.022156,0.0014,0.1488
2026-08-10T11:57:38.832430,0000,030480,0.007912,0.0006,0.0889
2026-08-10T11:57:40.594452,0000,030488,0.011064,-0.0005,0.1052
2026-08-10T11:57:42.339222,0000,030496,0.012528,-0.0012,0.1119
2026-08-10T11:57:44.269120,0000,030504,0.009173,-0.0010,0.0958
2026-08-10T11:57:46.047467,0000,030512,0.013674,-0.0003,0.1169
2026-08-10T11:57:47.872130,0000,030520,0.038823,0.0009,0.1970
2026-08-10T11:57:49.855057,0000,030528,0.018920,0.0016,0.1376
2026-08-10T11:57:52.186309,0000,030536,0.035569,0.0015,0.1886
2026-08-10T11:57:54.060780,0000,030544,0.012805,0.0008,0.1132
2026-08-10T11:57:55.796574,0000,030552,0.015638,-0.0006,0.1251
2026-08-10T11:57:57.713182,0000,030560,0.014607,-0.0012,0.1209
2026-08-10T11:57:59.452523,0000,030568,0.013655,-0.0009,0.1169
2026-08-10T11:58:01.758316,0000,030576,0.028364,-0.0003,0.1684
2026-08-10T11:58:03.536038,0000,030584,0.024445,0.0010,0.1563
2026-08-10T11:58:05.366791,0000,030592,1.132303,0.0003,1.0641
2026-08-10T11:58:07.156041,0000,030600,0.029490,0.0011,0.1717
2026-08-10T11:58:08.911307,0000,030608,0.018200,0.0006,0.1349
2026-08-10T11:58:10.796941,0000,030616,0.018480,-0.0007,0.1359
2026-08-10T11:58:12.552377,0000,030624,0.016447,-0.0011,0.1282
2026-08-10T11:58:14.381499,0000,030632,0.013373,-0.0010,0.1156
2026-08-10T11:58:16.349085,0000,030640,0.013409,-0.0005,0.1158
2026-08-10T11:58:18.085995,0000,030648,0.028056,0.0009,0.1675
2026-08-10T11:58:19.956120,0000,030656,0.022999,0.0016,0.1517
2026-08-10T11:58:21.735860,0000,030664,0.010556,0.0014,0.1027
2026-08-10T11:58:23.612119,0000,030672,0.008229,0.0006,0.0907
2026-08-10T11:58:25.787047,0000,030680,0.014864,-0.0010,0.1219
2026-08-10T11:58:27.669083,0000,030688,0.013974,-0.0013,0.1182
2026-08-10T11:58:29.726084,0000,030696,0.028167,-0.0011,0.1678
2026-08-10T11:58:31.707939,0000,030704,0.008340,-0.0004,0.0913
2026-08-10T11:58:33.550083,0000,030712,0.024505,0.0009,0.1565
2026-08-10T11:58:35.353005,0000,030720,0.031504,0.0014,0.1775
2026-08-10T11:58:37.263301,0000,030728,0.013257,0.0013,0.1151
2026-08-10T11:58:39.124179,0000,030736,0.015897,0.0007,0.1261
2026-08-10T11:58:41.023060,0000,030744,0.009464,-0.0007,0.0973
2026-08-10T11:58:42.771744,0000,030752,0.019142,-0.0010,0.1384
2026-08-10T11:58:44.721854,0000,030760,0.026766,-0.0012,0.1636
2026-08-10T11:58:46.634187,0000,030768,0.008601,-0.0004,0.0927
2026-08-10T11:58:48.456853,0000,030776,0.010365,0.0009,0.1018
2026-08-10T11:58:50.428000,0000,030784,0.028969,0.0012,0.1702
2026-08-10T11:58:52.438792,0000,030792,0.026901,0.0011,0.1640
2026-08-10T11:58:54.268050,0000,030800,0.009496,0.0005,0.0974
2026-08-10T11:58:56.246101,0000,030808,0.027358,-0.0007,0.1654
2026-08-10T11:58:58.102552,0000,030816,0.029678,-0.0012,0.1723
2026-08-10T11:58:59.909282,0000,030824,0.015773,-0.0010,0.1256
2026-08-10T11:59:01.721962,0000,030832,0.022880,-0.0004,0.1513
2026-08-10T11:59:03.465807,0000,030840,0.019114,0.0008,0.1383
2026-08-10T11:59:05.510746,0000,030848,0.023719,0.0016,0.1540
2026-08-10T11:59:07.510188,0000,030856,0.013728,0.0013,0.1172
2026-08-10T11:59:09.339945,0000,030864,0.008609,0.0007,0.0928
2026-08-10T11:59:11.116020,0000,030872,0.013224,-0.0007,0.1150
2026-08-10T11:59:12.894869,0000,030880,0.031030,-0.0011,0.1762
2026-08-10T11:59:14.639775,0000,030888,0.021391,-0.0011,0.1463
2026-08-10T11:59:16.428410,0000,030896,0.027827,-0.0003,0.1668
2026-08-10T11:59:18.184810,0000,030904,0.012626,0.0008,0.1124
2026-08-10T11:59:19.973721,0000,030912,0.017285,0.0015,0.1315
2026-08-10T11:59:21.788436,0000,030920,0.016486,0.0014,0.1284
2026-08-10T11:59:23.738227,0000,030928,0.011164,0.0007,0.1057
2026-08-10T11:59:25.459776,0000,030936,0.007108,-0.0006,0.0843
2026-08-10T11:59:27.399053,0000,030944,0.074358,-0.0015,0.2727
2026-08-10T11:59:29.154091,0000,030952,0.017117,-0.0011,0.1308
2026-08-10T11:59:30.864895,0000,030960,0.011077,-0.0004,0.1052
2026-08-10T11:59:32.701260,0000,030968,0.024995,0.0008,0.1581
2026-08-10T11:59:34.636820,0000,030976,0.029493,0.0012,0.1717
2026-08-10T11:59:36.526688,0000,030984,0.052521,0.0011,0.2292
2026-08-10T11:59:38.509872,0000,030992,0.025919,0.0007,0.1610
2026-08-10T11:59:40.279542,0000,031000,0.012779,-0.0004,0.1130
2026-08-10T11:59:41.998771,0000,031008,0.008907,-0.0010,0.0944
2026-08-10T11:59:43.743630,0000,031016,0.025723,-0.0010,0.1604
2026-08-10T11:59:45.748432,0000,031024,0.020847,-0.0002,0.1444
2026-08-10T11:59:47.527251,0000,031032,0.011487,0.0009,0.1072
2026-08-10T11:59:49.415229,0000,031040,0.027658,0.0014,0.1663
2026-08-10T11:59:51.215482,0000,031048,0.022893,0.0012,0.1513
2026-08-10T11:59:53.283378,0000,031056,0.015695,0.0010,0.1253
2026-08-10T11:59:55.432000,0000,031064,0.022898,-0.0007,0.1513
2026-08-10T11:59:57.221725,0000,031072,0.025491,-0.0012,0.1597
2026-08-10T11:59:59.169973,0000,031080,0.011596,-0.0012,0.1077
2026-08-10T12:00:00.907789,0000,031088,0.018003,-0.0003,0.1342
2026-08-10T12:00:02.936207,0000,031096,0.024807,0.0010,0.1575
2026-08-10T12:00:04.688853,0000,031104,0.017636,0.0015,0.1328
2026-08-10T12:00:06.417706,0000,031112,0.017454,0.0013,0.1321
2026-08-10T12:00:08.182653,0000,031120,0.013925,0.0006,0.1180
2026-08-10T12:00:09.920680,0000,031128,0.007590,-0.0005,0.0871
2026-08-10T12:00:11.689646,0000,031136,0.027970,-0.0010,0.1672
2026-08-10T12:00:13.432626,0000,031144,0.013433,-0.0009,0.1159
2026-08-10T12:00:15.190146,0000,031152,0.011150,-0.0003,0.1056
2026-08-10T12:00:16.997731,0000,031160,0.016251,0.0010,0.1275
2026-08-10T12:00:18.944753,0000,031168,0.037652,0.0014,0.1940
2026-08-10T12:00:20.709529,0000,031176,0.019133,0.0012,0.1383
2026-08-10T12:00:22.562632,0000,031184,0.033516,0.0005,0.1831
2026-08-10T12:00:24.320454,0000,031192,0.015792,-0.0003,0.1257
2026-08-10T12:00:26.056605,0000,031200,0.012007,-0.0010,0.1096
2026-08-10T12:00:27.827832,0000,031208,0.022805,-0.0009,0.1510
2026-08-10T12:00:29.551418,0000,031216,0.006408,-0.0003,0.0800
2026-08-10T12:00:31.309782,0000,031224,0.012457,0.0011,0.1116
2026-08-10T12:00:33.048709,0000,031232,0.017197,0.0015,0.1311
2026-08-10T12:00:35.082828,0000,031240,0.021309,0.0014,0.1460
2026-08-10T12:00:36.820966,0000,031248,0.017908,0.0005,0.1338
2026-08-10T12:00:38.721635,0000,031256,0.010937,-0.0005,0.1046
2026-08-10T12:00:40.652737,0000,031264,0.018974,-0.0011,0.1377
2026-08-10T12:00:42.595381,0000,031272,0.014623,-0.0011,0.1209
2026-08-10T12:00:44.610084,0000,031280,0.020241,-0.0004,0.1423
2026-08-10T12:00:46.391707,0000,031288,0.016017,0.0010,0.1266
2026-08-10T12:00:48.222547,0000,031296,0.016296,0.0016,0.1277
2026-08-10T12:00:50.067483,0000,031304,0.022035,0.0013,0.1484
2026-08-10T12:00:51.861542,0000,031312,0.015804,0.0008,0.1257
2026-08-10T12:00:53.606800,0000,031320,0.007480,-0.0005,0.0865
2026-08-10T12:00:55.387649,0000,031328,0.013863,-0.0011,0.1177
2026-08-10T12:00:57.220168,0000,031336,0.015227,-0.0008,0.1234
2026-08-10T12:00:58.943163,0000,031344,0.014991,-0.0002,0.1224
2026-08-10T12:01:00.770024,0000,031352,0.016592,0.0010,0.1288
2026-08-10T12:01:02.494827,0000,031360,0.018814,0.0013,0.1372
2026-08-10T12:01:04.215907,0000,031368,0.016100,0.0012,0.1269
2026-08-10T12:01:06.109079,0000,031376,0.014954,0.0005,0.1223
2026-08-10T12:01:07.868553,0000,031384,1.144069,-0.0016,1.0696
2026-08-10T12:01:09.588472,0000,031392,0.032624,-0.0011,0.1806
2026-08-10T12:01:11.355566,0000,031400,0.016277,-0.0010,0.1276
2026-08-10T12:01:13.449427,0000,031408,0.008040,-0.0003,0.0897
2026-08-10T12:01:15.273845,0000,031416,0.022608,0.0010,0.1504
2026-08-10T12:01:17.009526,0000,031424,0.011351,0.0014,0.1065
2026-08-10T12:01:18.766974,0000,031432,0.027869,0.0013,0.1669
2026-08-10T12:01:20.777427,0000,031440,0.051816,0.0005,0.2276
2026-08-10T12:01:22.506362,0000,031448,0.019766,-0.0005,0.1406
2026-08-10T12:01:24.453008,0000,031456,0.021153,-0.0011,0.1454
2026-08-10T12:01:26.205141,0000,031464,0.019004,-0.0008,0.1379
2026-08-10T12:01:28.003574,0000,031472,0.028775,-0.0004,0.1696
2026-08-10T12:01:29.744004,0000,031480,0.015346,0.0009,0.1239
2026-08-10T12:01:31.542503,0000,031488,0.022502,0.0014,0.1500
2026-08-10T12:01:33.691563,0000,031496,0.022364,0.0016,0.1495
2026-08-10T12:01:35.448434,0000,031504,0.010886,0.0006,0.1043
2026-08-10T12:01:37.234890,0000,031512,0.010160,-0.0005,0.1008
2026-08-10T12:01:38.959465,0000,031520,0.010889,-0.0010,0.1043
2026-08-10T12:01:40.847617,0000,031528,0.012905,-0.0008,0.1136
2026-08-10T12:01:42.566124,0000,031536,0.027056,-0.0003,0.1645
2026-08-10T12:01:44.281380,0000,031544,0.011620,0.0009,0.1078
2026-08-10T12:01:46.468449,0000,031552,0.048370,0.0016,0.2199
2026-08-10T12:01:48.486149,0000,031560,0.014680,0.0013,0.1212
2026-08-10T12:01:50.198444,0000,031568,0.045358,0.0005,0.2130
2026-08-10T12:01:51.932902,0000,031576,0.019882,-0.0005,0.1410
2026-08-10T12:01:53.857278,0000,031584,0.019418,-0.0011,0.1393
2026-08-10T12:01:55.850327,0000,031592,0.048450,-0.0012,0.2201
2026-08-10T12:01:57.712895,0000,031600,0.018140,-0.0003,0.1347
2026-08-10T12:01:59.477355,0000,031608,0.057724,0.0008,0.2403
2026-08-10T12:02:01.215894,0000,031616,0.025274,0.0014,0.1590
2026-08-10T12:02:03.034481,0000,031624,0.012746,0.0014,0.1129
2026-08-10T12:02:04.784642,0000,031632,0.019121,0.0006,0.1383
2026-08-10T12:02:06.865167,0000,031640,0.037367,-0.0008,0.1933
2026-08-10T12:02:08.750363,0000,031648,0.025666,-0.0011,0.1602
2026-08-10T12:02:10.509345,0000,031656,0.015083,-0.0009,0.1228
2026-08-10T12:02:12.464561,0000,031664,0.015442,-0.0004,0.1243
2026-08-10T12:02:14.198415,0000,031672,0.015580,0.0009,0.1248
2026-08-10T12:02:15.929335,0000,031680,0.047800,0.0013,0.2186
2026-08-10T12:02:17.646922,0000,031688,0.036198,0.0010,0.1903
2026-08-10T12:02:19.400496,0000,031696,0.031793,0.0005,0.1783
2026-08-10T12:02:21.229078,0000,031704,0.007947,-0.0004,0.0891
2026-08-10T12:02:23.051089,0000,031712,0.034446,-0.0014,0.1856
2026-08-10T12:02:24.788279,0000,031720,0.034950,-0.0009,0.1869
2026-08-10T12:02:26.871432,0000,031728,0.029561,-0.0005,0.1719
2026-08-10T12:02:28.809383,0000,031736,0.029074,0.0010,0.1705
2026-08-10T12:02:30.725721,0000,031744,0.018398,0.0013,0.1356
2026-08-10T12:02:32.672105,0000,031752,0.015024,0.0012,0.1226
2026-08-10T12:02:34.416418,0000,031760,0.009407,0.0005,0.0970
2026-08-10T12:02:36.356396,0000,031768,0.008227,-0.0006,0.0907
2026-08-10T12:02:38.457220,0000,031776,0.017821,-0.0012,0.1335
2026-08-10T12:02:40.271231,0000,031784,0.010791,-0.0009,0.1039
2026-08-10T12:02:42.096882,0000,031792,0.016131,-0.0003,0.1270
2026-08-10T12:02:44.101196,0000,031800,0.016427,0.0010,0.1282
2026-08-10T12:02:45.862270,0000,031808,0.023410,0.0013,0.1530
2026-08-10T12:02:47.673535,0000,031816,0.013019,0.0013,0.1141
2026-08-10T12:02:49.509328,0000,031824,0.022390,0.0005,0.1496
2026-08-10T12:02:51.243521,0000,031832,0.011517,-0.0006,0.1073
2026-08-10T12:02:53.021321,0000,031840,0.028875,-0.0011,0.1699
2026-08-10T12:02:55.000710,0000,031848,0.026197,-0.0011,0.1619
2026-08-10T12:02:57.021141,0000,031856,0.021179,-0.0002,0.1455
2026-08-10T12:02:58.805765,0000,031864,0.015475,0.0008,0.1244
2026-08-10T12:03:00.755144,0000,031872,0.032245,0.0013,0.1796
2026-08-10T12:03:02.485617,0000,031880,0.137125,0.0010,0.3703
2026-08-10T12:03:04.278343,0000,031888,0.013384,0.0007,0.1157
2026-08-10T12:03:06.440495,0000,031896,0.058714,-0.0008,0.2423
2026-08-10T12:03:08.191744,0000,031904,0.025560,-0.0011,0.1599
2026-08-10T12:03:10.125211,0000,031912,0.016510,-0.0013,0.1285
2026-08-10T12:03:11.928687,0000,031920,0.013829,-0.0003,0.1176
2026-08-10T12:03:13.722233,0000,031928,0.015493,0.0010,0.1245
2026-08-10T12:03:15.464151,0000,031936,0.014864,0.0014,0.1219
2026-08-10T12:03:17.419578,0000,031944,0.013563,0.0014,0.1165
2026-08-10T12:03:19.235167,0000,031952,0.008038,0.0006,0.0897
2026-08-10T12:03:21.005960,0000,031960,0.014096,-0.0006,0.1187
2026-08-10T12:03:22.788254,0000,031968,0.016156,-0.0011,0.1271
2026-08-10T12:03:24.596677,0000,031976,0.056718,-0.0010,0.2382
2026-08-10T12:03:26.396074,0000,031984,0.026111,-0.0005,0.1616
2026-08-10T12:03:28.127693,0000,031992,0.009666,0.0008,0.0983
2026-08-10T12:03:29.910252,0000,032000,0.019819,0.0014,0.1408
2026-08-10T12:03:31.734293,0000,032008,0.027894,0.0012,0.1670
2026-08-10T12:03:33.574887,0000,032016,0.015362,0.0006,0.1239
2026-08-10T12:03:35.318621,0000,032024,0.016388,-0.0006,0.1280
2026-08-10T12:03:37.029961,0000,032032,1.143195,-0.0021,1.0692
2026-08-10T12:03:39.072124,0000,032040,0.010361,-0.0011,0.1018
2026-08-10T12:03:40.866257,0000,032048,0.015821,-0.0002,0.1258
2026-08-10T12:03:42.655485,0000,032056,0.009007,0.0010,0.0949
2026-08-10T12:03:44.574026,0000,032064,0.016161,0.0014,0.1271
2026-08-10T12:03:46.317253,0000,032072,0.022706,0.0011,0.1507
2026-08-10T12:03:48.137442,0000,032080,0.007566,0.0007,0.0870
2026-08-10T12:03:50.130800,0000,032088,0.014478,-0.0006,0.1203
2026-08-10T12:03:52.284017,0000,032096,0.033159,-0.0015,0.1821
2026-08-10T12:03:54.148832,0000,032104,0.027771,-0.0012,0.1666
2026-08-10T12:03:55.935866,0000,032112,0.013628,-0.0003,0.1167
2026-08-10T12:03:58.037917,0000,032120,0.012617,0.0008,0.1123
2026-08-10T12:03:59.801842,0000,032128,0.019867,0.0013,0.1410
2026-08-10T12:04:01.584053,0000,032136,0.017446,0.0013,0.1321
2026-08-10T12:04:03.469203,0000,032144,0.014820,0.0005,0.1217
2026-08-10T12:04:05.210001,0000,032152,0.007703,-0.0007,0.0878
2026-08-10T12:04:06.967209,0000,032160,0.061716,-0.0012,0.2484
2026-08-10T12:04:08.730350,0000,032168,0.023017,-0.0010,0.1517
2026-08-10T12:04:10.474912,0000,032176,0.011510,-0.0003,0.1073
2026-08-10T12:04:12.272169,0000,032184,0.023717,0.0010,0.1540
2026-08-10T12:04:13.987968,0000,032192,0.013477,0.0013,0.1161
2026-08-10T12:04:15.920161,0000,032200,0.037774,0.0010,0.1944
2026-08-10T12:04:17.645734,0000,032208,0.018344,0.0006,0.1354
2026-08-10T12:04:19.548603,0000,032216,0.013584,-0.0006,0.1166
2026-08-10T12:04:21.270476,0000,032224,0.015891,-0.0011,0.1261
2026-08-10T12:04:23.008460,0000,032232,0.026226,-0.0010,0.1619
2026-08-10T12:04:24.816870,0000,032240,0.011953,-0.0002,0.1093
2026-08-10T12:04:26.712948,0000,032248,0.018401,0.0007,0.1357
2026-08-10T12:04:28.743067,0000,032256,0.038534,0.0013,0.1963
2026-08-10T12:04:30.489915,0000,032264,0.013155,0.0011,0.1147
2026-08-10T12:04:32.347991,0000,032272,0.013510,0.0009,0.1162
2026-08-10T12:04:34.222815,0000,032280,0.014607,-0.0006,0.1209
2026-08-10T12:04:35.964547,0000,032288,0.034486,-0.0011,0.1857
2026-08-10T12:04:38.094644,0000,032296,0.014035,-0.0006,0.1185
2026-08-10T12:04:39.854342,0000,032304,0.013035,-0.0004,0.1142
2026-08-10T12:04:41.730912,0000,032312,0.015969,0.0010,0.1264
2026-08-10T12:04:44.042544,0000,032320,0.027552,0.0019,0.1660
2026-08-10T12:04:45.849000,0000,032328,0.026884,0.0012,0.1640
2026-08-10T12:04:47.620044,0000,032336,0.014240,0.0007,0.1193
2026-08-10T12:04:49.682222,0000,032344,0.012984,-0.0008,0.1139
2026-08-10T12:04:51.497876,0000,032352,0.032229,-0.0009,0.1795
2026-08-10T12:04:53.212981,0000,032360,0.052875,-0.0009,0.2299
2026-08-10T12:04:54.959538,0000,032368,0.015790,-0.0003,0.1257
2026-08-10T12:04:57.006825,0000,032376,0.022350,0.0008,0.1495
2026-08-10T12:04:58.883820,0000,032384,0.020252,0.0015,0.1423
2026-08-10T12:05:00.717175,0000,032392,0.015973,0.0013,0.1264
2026-08-10T12:05:02.442804,0000,032400,0.018049,0.0006,0.1343
2026-08-10T12:05:04.356352,0000,032408,0.035347,-0.0008,0.1880
2026-08-10T12:05:06.073735,0000,032416,0.061953,-0.0011,0.2489
2026-08-10T12:05:07.955941,0000,032424,0.016808,-0.0009,0.1296
2026-08-10T12:05:09.859783,0000,032432,0.013340,-0.0003,0.1155
2026-08-10T12:05:11.608570,0000,032440,0.026125,0.0008,0.1616
2026-08-10T12:05:13.657747,0000,032448,0.020080,0.0016,0.1417
2026-08-10T12:05:15.402711,0000,032456,0.023571,0.0012,0.1535
2026-08-10T12:05:17.179616,0000,032464,0.011029,0.0007,0.1050
2026-08-10T12:05:19.133801,0000,032472,0.012836,-0.0007,0.1133
2026-08-10T12:05:20.877573,0000,032480,0.023229,-0.0011,0.1524
2026-08-10T12:05:22.683589,0000,032488,0.012693,-0.0010,0.1127
2026-08-10T12:05:24.714604,0000,032496,0.028937,-0.0004,0.1701
2026-08-10T12:05:26.551591,0000,032504,0.017714,0.0009,0.1331
2026-08-10T12:05:28.301624,0000,032512,0.014234,0.0014,0.1193
2026-08-10T12:05:30.032461,0000,032520,0.013978,0.0011,0.1182
2026-08-10T12:05:31.753125,0000,032528,0.011931,0.0005,0.1092
2026-08-10T12:05:33.503612,0000,032536,0.021305,-0.0006,0.1460
2026-08-10T12:05:35.215612,0000,032544,0.018564,-0.0011,0.1363
2026-08-10T12:05:37.084426,0000,032552,0.013723,-0.0010,0.1171
2026-08-10T12:05:38.867776,0000,032560,0.014285,-0.0003,0.1195
2026-08-10T12:05:40.672643,0000,032568,0.036481,0.0008,0.1910
2026-08-10T12:05:42.521651,0000,032576,0.021867,0.0016,0.1479
2026-08-10T12:05:44.451354,0000,032584,0.013449,0.0013,0.1160
2026-08-10T12:05:46.580595,0000,032592,0.008046,0.0007,0.0897
2026-08-10T12:05:48.304869,0000,032600,0.010202,-0.0006,0.1010
2026-08-10T12:05:50.140895,0000,032608,0.019226,-0.0011,0.1387
2026-08-10T12:05:51.940565,0000,032616,0.027697,-0.0010,0.1664
2026-08-10T12:05:53.723564,0000,032624,0.009182,-0.0001,0.0958
2026-08-10T12:05:55.480923,0000,032632,0.021210,0.0009,0.1456
2026-08-10T12:05:57.415724,0000,032640,0.016330,0.0014,0.1278
2026-08-10T12:05:59.268522,0000,032648,0.011639,0.0014,0.1079
2026-08-10T12:06:01.095590,0000,032656,0.015198,0.0007,0.1233
2026-08-10T12:06:02.972039,0000,032664,0.010926,-0.0006,0.1045
2026-08-10T12:06:04.705495,0000,032672,0.017592,-0.0010,0.1326
2026-08-10T12:06:06.457411,0000,032680,0.008194,-0.0009,0.0905
2026-08-10T12:06:08.178606,0000,032688,0.016816,-0.0003,0.1297
2026-08-10T12:06:09.971792,0000,032696,0.018823,0.0009,0.1372
2026-08-10T12:06:11.726556,0000,032704,0.022352,0.0013,0.1495
2026-08-10T12:06:13.769402,0000,032712,0.022226,0.0013,0.1491
2026-08-10T12:06:15.511756,0000,032720,0.012660,0.0006,0.1125
2026-08-10T12:06:17.510526,0000,032728,0.048328,-0.0010,0.2198
2026-08-10T12:06:19.235405,0000,032736,0.013849,-0.0011,0.1177
2026-08-10T12:06:21.002438,0000,032744,0.039802,-0.0010,0.1995
2026-08-10T12:06:22.814405,0000,032752,0.011362,-0.0002,0.1066
2026-08-10T12:06:24.685271,0000,032760,0.014323,0.0009,0.1197
2026-08-10T12:06:26.722670,0000,032768,0.048100,0.0014,0.2193
2026-08-10T12:06:28.688220,0000,032776,0.016063,0.0012,0.1267
2026-08-10T12:06:30.511391,0000,032784,0.011973,0.0005,0.1094
2026-08-10T12:06:32.275461,0000,032792,0.019163,-0.0006,0.1384
2026-08-10T12:06:34.024282,0000,032800,0.016499,-0.0010,0.1284
2026-08-10T12:06:36.459659,0000,032808,0.020625,-0.0012,0.1436
2026-08-10T12:06:38.186673,0000,032816,0.011062,-0.0001,0.1052
2026-08-10T12:06:39.994414,0000,032824,0.024407,0.0008,0.1562
2026-08-10T12:06:41.710220,0000,032832,0.016780,0.0013,0.1295
2026-08-10T12:06:43.476405,0000,032840,0.014587,0.0013,0.1208
2026-08-10T12:06:45.262358,0000,032848,0.011871,0.0006,0.1090
2026-08-10T12:06:47.032453,0000,032856,0.025202,-0.0007,0.1588
2026-08-10T12:06:48.761424,0000,032864,0.013234,-0.0009,0.1150
2026-08-10T12:06:50.483058,0000,032872,0.012744,-0.0009,0.1129
2026-08-10T12:06:52.644226,0000,032880,0.008930,-0.0003,0.0945
2026-08-10T12:06:54.371234,0000,032888,0.014148,0.0008,0.1189
2026-08-10T12:06:56.300413,0000,032896,0.033724,0.0014,0.1836
2026-08-10T12:06:58.042394,0000,032904,0.023190,0.0013,0.1523
2026-08-10T12:07:00.351117,0000,032912,0.019245,0.0007,0.1387
2026-08-10T12:07:02.308507,0000,032920,0.019426,-0.0006,0.1394
2026-08-10T12:07:04.156535,0000,032928,0.030361,-0.0013,0.1742
2026-08-10T12:07:05.896495,0000,032936,0.018155,-0.0009,0.1347
2026-08-10T12:07:07.703777,0000,032944,0.025476,-0.0003,0.1596
2026-08-10T12:07:09.568909,0000,032952,0.008753,0.0011,0.0936
2026-08-10T12:07:11.560306,0000,032960,0.025906,0.0015,0.1610
2026-08-10T12:07:13.316282,0000,032968,0.019538,0.0012,0.1398
2026-08-10T12:07:15.217093,0000,032976,0.010853,0.0007,0.1042
2026-08-10T12:07:17.112255,0000,032984,0.013285,-0.0006,0.1153
2026-08-10T12:07:18.843085,0000,032992,0.016499,-0.0010,0.1284
2026-08-10T12:07:20.608332,0000,033000,0.009327,-0.0008,0.0966
2026-08-10T12:07:22.412401,0000,033008,0.009531,-0.0002,0.0976
2026-08-10T12:07:24.534762,0000,033016,0.035191,0.0011,0.1876
2026-08-10T12:07:26.344357,0000,033024,0.023591,0.0014,0.1536
2026-08-10T12:07:28.102501,0000,033032,0.052348,0.0012,0.2288
2026-08-10T12:07:30.141350,0000,033040,0.010593,0.0005,0.1029
2026-08-10T12:07:31.869036,0000,033048,0.014926,-0.0006,0.1222
2026-08-10T12:07:33.633202,0000,033056,1.155532,-0.0020,1.0750
2026-08-10T12:07:35.817583,0000,033064,0.034960,-0.0010,0.1870
2026-08-10T12:07:37.968906,0000,033072,1.145213,-0.0016,1.0701
2026-08-10T12:07:39.755724,0000,033080,0.014706,0.0009,0.1213
2026-08-10T12:07:41.498818,0000,033088,0.028889,0.0011,0.1700
2026-08-10T12:07:43.231116,0000,033096,0.015722,0.0012,0.1254
2026-08-10T12:07:44.957217,0000,033104,0.008444,0.0006,0.0919
2026-08-10T12:07:46.684177,0000,033112,0.024901,-0.0006,0.1578
2026-08-10T12:07:48.465047,0000,033120,0.016085,-0.0010,0.1268
2026-08-10T12:07:50.585132,0000,033128,0.013738,-0.0013,0.1172
2026-08-10T12:07:52.326325,0000,033136,0.008506,-0.0002,0.0922
2026-08-10T12:07:54.329079,0000,033144,0.020157,0.0009,0.1420
2026-08-10T12:07:56.237967,0000,033152,0.014226,0.0013,0.1193
2026-08-10T12:07:58.334266,0000,033160,0.021706,0.0014,0.1473
2026-08-10T12:08:00.135282,0000,033168,0.012753,0.0006,0.1129
2026-08-10T12:08:01.879363,0000,033176,0.055823,-0.0005,0.2363
2026-08-10T12:08:04.009273,0000,033184,0.013671,-0.0013,0.1169
2026-08-10T12:08:06.064899,0000,033192,0.020152,-0.0010,0.1420
2026-08-10T12:08:08.116202,0000,033200,0.012273,-0.0003,0.1108
2026-08-10T12:08:10.206201,0000,033208,0.031990,0.0012,0.1789
2026-08-10T12:08:12.261126,0000,033216,0.015496,0.0015,0.1245
2026-08-10T12:08:14.212817,0000,033224,0.013333,0.0012,0.1155
2026-08-10T12:08:16.048973,0000,033232,0.022646,0.0007,0.1505
2026-08-10T12:08:17.879021,0000,033240,0.009034,-0.0006,0.0950
2026-08-10T12:08:19.759970,0000,033248,0.013290,-0.0011,0.1153
2026-08-10T12:08:21.607873,0000,033256,0.009870,-0.0009,0.0993
2026-08-10T12:08:23.412248,0000,033264,0.016752,-0.0003,0.1294
2026-08-10T12:08:25.137159,0000,033272,0.027610,0.0008,0.1662
2026-08-10T12:08:27.069230,0000,033280,1.145306,0.0005,1.0702
2026-08-10T12:08:28.891016,0000,033288,0.022400,0.0013,0.1497
2026-08-10T12:08:30.732188,0000,033296,0.027301,0.0005,0.1652
2026-08-10T12:08:32.495968,0000,033304,0.006719,-0.0005,0.0820
2026-08-10T12:08:34.427155,0000,033312,1.147242,-0.0022,1.0711
2026-08-10T12:08:36.243087,0000,033320,0.013349,-0.0008,0.1155
2026-08-10T12:08:38.162588,0000,033328,0.006976,-0.0003,0.0835
2026-08-10T12:08:39.913036,0000,033336,0.007008,0.0008,0.0837
2026-08-10T12:08:41.909015,0000,033344,0.030812,0.0015,0.1755
2026-08-10T12:08:43.725970,0000,033352,0.025616,0.0012,0.1600
2026-08-10T12:08:45.462158,0000,033360,0.009030,0.0006,0.0950
2026-08-10T12:08:47.463199,0000,033368,0.022917,-0.0006,0.1514
2026-08-10T12:08:49.192790,0000,033376,0.011099,-0.0009,0.1054
2026-08-10T12:08:51.169847,0000,033384,0.030414,-0.0010,0.1744
2026-08-10T12:08:53.045736,0000,033392,0.010072,-0.0002,0.1004
2026-08-10T12:08:55.098739,0000,033400,0.020076,0.0011,0.1417
2026-08-10T12:08:56.873941,0000,033408,0.023241,0.0013,0.1524
2026-08-10T12:08:58.622129,0000,033416,0.013894,0.0013,0.1179
2026-08-10T12:09:00.381533,0000,033424,0.012458,0.0006,0.1116
2026-08-10T12:09:02.118946,0000,033432,0.008321,-0.0005,0.0912
2026-08-10T12:09:03.873287,0000,033440,0.020791,-0.0011,0.1442
2026-08-10T12:09:05.746105,0000,033448,0.039993,-0.0009,0.2000
2026-08-10T12:09:07.575210,0000,033456,0.006479,-0.0001,0.0805
2026-08-10T12:09:09.297842,0000,033464,0.015575,0.0008,0.1248
2026-08-10T12:09:11.108585,0000,033472,0.013743,0.0016,0.1172
2026-08-10T12:09:12.880365,0000,033480,0.014321,0.0012,0.1197
2026-08-10T12:09:14.986882,0000,033488,0.012079,0.0008,0.1099
2026-08-10T12:09:16.757440,0000,033496,0.018170,-0.0005,0.1348
2026-08-10T12:09:18.634610,0000,033504,0.024788,-0.0012,0.1574
2026-08-10T12:09:20.632744,0000,033512,0.017274,-0.0011,0.1314
2026-08-10T12:09:22.461719,0000,033520,0.017177,-0.0003,0.1311
2026-08-10T12:09:24.593377,0000,033528,0.018179,0.0009,0.1348
2026-08-10T12:09:26.401823,0000,033536,0.015684,0.0015,0.1252
2026-08-10T12:09:28.200094,0000,033544,0.040258,0.0012,0.2006
2026-08-10T12:09:29.939980,0000,033552,0.006938,0.0005,0.0833
2026-08-10T12:09:31.714907,0000,033560,0.018058,-0.0004,0.1344
2026-08-10T12:09:33.767606,0000,033568,0.021955,-0.0014,0.1482
2026-08-10T12:09:35.922295,0000,033576,1.144047,-0.0021,1.0696
2026-08-10T12:09:37.643010,0000,033584,0.007630,-0.0002,0.0873
2026-08-10T12:09:39.416266,0000,033592,0.013861,0.0009,0.1177
2026-08-10T12:09:41.283490,0000,033600,0.015269,0.0015,0.1236
2026-08-10T12:09:43.246771,0000,033608,0.065753,0.0014,0.2564
2026-08-10T12:09:45.090324,0000,033616,0.016296,0.0006,0.1277
2026-08-10T12:09:46.968630,0000,033624,0.010471,-0.0006,0.1023
2026-08-10T12:09:48.873414,0000,033632,0.044218,-0.0013,0.2103
2026-08-10T12:09:50.679913,0000,033640,0.013149,-0.0009,0.1147
2026-08-10T12:09:52.433295,0000,033648,0.010026,-0.0003,0.1001
2026-08-10T12:09:54.348827,0000,033656,0.015918,0.0009,0.1262
2026-08-10T12:09:56.061969,0000,033664,0.020786,0.0013,0.1442
2026-08-10T12:09:57.834771,0000,033672,0.018285,0.0013,0.1352
2026-08-10T12:09:59.614929,0000,033680,0.008669,0.0005,0.0931
2026-08-10T12:10:01.383814,0000,033688,0.009609,-0.0005,0.0980
2026-08-10T12:10:03.288908,0000,033696,0.024219,-0.0011,0.1556
2026-08-10T12:10:05.053968,0000,033704,0.037893,-0.0010,0.1947
2026-08-10T12:10:07.149905,0000,033712,0.014306,-0.0005,0.1196
2026-08-10T12:10:08.971073,0000,033720,0.019847,0.0010,0.1409
2026-08-10T12:10:10.805834,0000,033728,0.016223,0.0014,0.1274
2026-08-10T12:10:12.641948,0000,033736,0.014569,0.0013,0.1207
2026-08-10T12:10:14.417806,0000,033744,0.014600,0.0006,0.1208
2026-08-10T12:10:16.145095,0000,033752,0.014111,-0.0005,0.1188
2026-08-10T12:10:17.913703,0000,033760,0.008881,-0.0010,0.0942
2026-08-10T12:10:19.646097,0000,033768,0.012062,-0.0009,0.1098
2026-08-10T12:10:21.363901,0000,033776,0.152395,-0.0004,0.3904
2026-08-10T12:10:23.098373,0000,033784,0.015649,0.0008,0.1251
2026-08-10T12:10:25.113221,0000,033792,0.060167,0.0014,0.2453
2026-08-10T12:10:26.935394,0000,033800,0.018519,0.0013,0.1361
2026-08-10T12:10:28.702173,0000,033808,0.014576,0.0006,0.1207
2026-08-10T12:10:30.475016,0000,033816,0.015771,-0.0006,0.1256
2026-08-10T12:10:32.348077,0000,033824,0.026097,-0.0009,0.1615
2026-08-10T12:10:34.780412,0000,033832,0.030445,-0.0013,0.1745
2026-08-10T12:10:36.488775,0000,033840,0.007992,-0.0003,0.0894
2026-08-10T12:10:38.269932,0000,033848,0.014684,0.0008,0.1212
2026-08-10T12:10:40.038960,0000,033856,0.018780,0.0014,0.1370
2026-08-10T12:10:42.098003,0000,033864,0.016993,0.0012,0.1304
2026-08-10T12:10:43.879755,0000,033872,1.155025,-0.0004,1.0747
2026-08-10T12:10:45.618977,0000,033880,0.014519,0.0006,0.1205
2026-08-10T12:10:47.478472,0000,033888,0.033613,-0.0004,0.1833
2026-08-10T12:10:49.279167,0000,033896,0.011294,-0.0001,0.1063
2026-08-10T12:10:51.011761,0000,033904,0.007360,0.0004,0.0858
2026-08-10T12:10:52.766455,0000,033912,0.020634,0.0003,0.1436
2026-08-10T12:10:54.548996,0000,033920,0.013254,-0.0002,0.1151
2026-08-10T12:10:56.520735,0000,033928,0.026724,-0.0004,0.1635
2026-08-10T12:10:58.636988,0000,033936,0.014162,0.0004,0.1190
2026-08-10T12:11:00.434877,0000,033944,0.011673,0.0004,0.1080
2026-08-10T12:11:02.168763,0000,033952,0.021565,-0.0003,0.1469
2026-08-10T12:11:04.177761,0000,033960,0.009462,-0.0004,0.0973
2026-08-10T12:11:06.041437,0000,033968,0.014905,0.0003,0.1221
2026-08-10T12:11:08.154807,0000,033976,0.009483,0.0003,0.0974
2026-08-10T12:11:10.065106,0000,033984,0.179810,-0.0004,0.4240
2026-08-10T12:11:11.830056,0000,033992,0.017624,-0.0004,0.1328
2026-08-10T12:11:13.852956,0000,034000,0.009614,0.0004,0.0981
2026-08-10T12:11:15.714305,0000,034008,0.017739,0.0002,0.1332
2026-08-10T12:11:17.655126,0000,034016,0.007811,-0.0005,0.0884
2026-08-10T12:11:19.593039,0000,034024,0.031290,-0.0007,0.1769
2026-08-10T12:11:21.316512,0000,034032,0.009857,0.0001,0.0993
2026-08-10T12:11:23.032644,0000,034040,0.006191,0.0003,0.0787
2026-08-10T12:11:25.164225,0000,034048,1.152872,-0.0014,1.0737
2026-08-10T12:11:26.970188,0000,034056,0.011566,-0.0003,0.1075
2026-08-10T12:11:28.740832,0000,034064,0.020145,0.0001,0.1419
2026-08-10T12:11:30.668027,0000,034072,0.006625,0.0002,0.0814
2026-08-10T12:11:32.487394,0000,034080,0.014038,-0.0004,0.1185
2026-08-10T12:11:34.513569,0000,034088,0.056981,-0.0010,0.2387
2026-08-10T12:11:36.563246,0000,034096,0.010960,0.0002,0.1047
2026-08-10T12:11:38.693221,0000,034104,0.028301,0.0000,0.1682
2026-08-10T12:11:40.421990,0000,034112,0.018716,-0.0006,0.1368
2026-08-10T12:11:42.188126,0000,034120,0.023705,-0.0004,0.1540
2026-08-10T12:11:43.928418,0000,034128,0.015289,0.0001,0.1236
2026-08-10T12:11:45.676959,0000,034136,0.015893,0.0002,0.1261
2026-08-10T12:11:47.873966,0000,034144,0.037745,-0.0008,0.1943
2026-08-10T12:11:49.803497,0000,034152,0.017810,-0.0005,0.1335
2026-08-10T12:11:51.514174,0000,034160,0.010333,0.0001,0.1017
2026-08-10T12:11:53.237752,0000,034168,0.006935,0.0002,0.0833
2026-08-10T12:11:54.970784,0000,034176,0.009364,-0.0005,0.0968
2026-08-10T12:11:56.706933,0000,034184,0.014515,-0.0003,0.1205
2026-08-10T12:11:58.471868,0000,034192,0.016769,0.0001,0.1295
2026-08-10T12:12:00.190955,0000,034200,0.013795,0.0001,0.1175
2026-08-10T12:12:01.996741,0000,034208,0.026194,-0.0003,0.1618
2026-08-10T12:12:03.759939,0000,034216,0.016646,-0.0003,0.1290
2026-08-10T12:12:05.476483,0000,034224,0.015830,0.0002,0.1258
2026-08-10T12:12:07.283757,0000,034232,0.007816,0.0002,0.0884
2026-08-10T12:12:09.141144,0000,034240,0.061106,-0.0006,0.2472
2026-08-10T12:12:11.124354,0000,034248,0.022793,-0.0004,0.1510
2026-08-10T12:12:12.911634,0000,034256,0.030032,0.0002,0.1733
2026-08-10T12:12:14.716684,0000,034264,0.021352,-0.0001,0.1461
2026-08-10T12:12:16.605231,0000,034272,0.011218,0.0006,0.1059
2026-08-10T12:12:18.323858,0000,034280,0.017721,0.0006,0.1331
2026-08-10T12:12:20.170134,0000,034288,0.013088,-0.0001,0.1144
2026-08-10T12:12:22.009849,0000,034296,0.009854,0.0000,0.0993
2026-08-10T12:12:23.831808,0000,034304,0.007403,-0.0007,0.0860
2026-08-10T12:12:25.560462,0000,034312,0.010422,-0.0006,0.1021
2026-08-10T12:12:27.295984,0000,034320,0.015277,0.0000,0.1236
2026-08-10T12:12:29.041810,0000,034328,0.021407,-0.0001,0.1463
2026-08-10T12:12:30.862011,0000,034336,0.019463,0.0004,0.1395
2026-08-10T12:12:32.677806,0000,034344,0.008165,0.0006,0.0904
2026-08-10T12:12:34.467857,0000,034352,0.010864,-0.0001,0.1042
2026-08-10T12:12:36.210959,0000,034360,0.014045,-0.0001,0.1185
2026-08-10T12:12:38.413286,0000,034368,0.023216,0.0003,0.1524
2026-08-10T12:12:40.206373,0000,034376,0.020458,0.0003,0.1430
2026-08-10T12:12:42.001278,0000,034384,0.010847,-0.0003,0.1041
2026-08-10T12:12:43.725791,0000,034392,0.014002,-0.0001,0.1183
2026-08-10T12:12:45.451209,0000,034400,0.015460,0.0003,0.1243
2026-08-10T12:12:47.261813,0000,034408,0.016220,0.0002,0.1274
2026-08-10T12:12:48.986984,0000,034416,0.016579,-0.0004,0.1288
2026-08-10T12:12:51.080288,0000,034424,0.011387,0.0001,0.1067
2026-08-10T12:12:52.849148,0000,034432,0.015406,-0.0006,0.1241
2026-08-10T12:12:54.569324,0000,034440,0.012075,-0.0007,0.1099
2026-08-10T12:12:56.295939,0000,034448,0.012534,-0.0002,0.1120
2026-08-10T12:12:58.030964,0000,034456,0.016053,0.0010,0.1267
2026-08-10T12:12:59.754785,0000,034464,0.027789,0.0013,0.1667
2026-08-10T12:13:01.676491,0000,034472,0.017203,0.0013,0.1312
2026-08-10T12:13:03.653012,0000,034480,0.021937,0.0006,0.1481
2026-08-10T12:13:05.396595,0000,034488,0.010660,-0.0004,0.1032
2026-08-10T12:13:07.164406,0000,034496,0.021165,-0.0010,0.1455
2026-08-10T12:13:08.900878,0000,034504,0.014502,-0.0010,0.1204
2026-08-10T12:13:10.656807,0000,034512,0.022028,-0.0003,0.1484
2026-08-10T12:13:12.446064,0000,034520,0.146250,0.0008,0.3824
2026-08-10T12:13:14.316063,0000,034528,0.021248,0.0014,0.1458
2026-08-10T12:13:16.061115,0000,034536,0.024376,0.0011,0.1561
2026-08-10T12:13:17.815175,0000,034544,0.011367,0.0006,0.1066
2026-08-10T12:13:19.596316,0000,034552,0.017469,-0.0006,0.1322
2026-08-10T12:13:21.501039,0000,034560,0.019994,-0.0013,0.1414
2026-08-10T12:13:23.254059,0000,034568,0.022346,-0.0012,0.1495
2026-08-10T12:13:25.066948,0000,034576,0.008236,-0.0004,0.0908
2026-08-10T12:13:26.792780,0000,034584,0.029792,0.0006,0.1726
2026-08-10T12:13:28.634589,0000,034592,0.019203,0.0013,0.1386
2026-08-10T12:13:30.384107,0000,034600,0.014620,0.0010,0.1209
2026-08-10T12:13:32.117895,0000,034608,0.009008,0.0004,0.0949
2026-08-10T12:13:33.902093,0000,034616,0.012929,-0.0007,0.1137
2026-08-10T12:13:35.893137,0000,034624,0.016927,-0.0013,0.1301
2026-08-10T12:13:37.673130,0000,034632,0.029015,-0.0011,0.1703
2026-08-10T12:13:39.589859,0000,034640,0.033627,-0.0008,0.1834
2026-08-10T12:13:41.349048,0000,034648,0.009892,0.0007,0.0995
2026-08-10T12:13:43.214466,0000,034656,0.013534,0.0012,0.1163
2026-08-10T12:13:44.957534,0000,034664,0.013424,0.0010,0.1159
2026-08-10T12:13:46.736370,0000,034672,0.021618,0.0004,0.1470
2026-08-10T12:13:48.622876,0000,034680,0.011670,-0.0009,0.1080
2026-08-10T12:13:50.738774,0000,034688,0.018010,-0.0014,0.1342
2026-08-10T12:13:52.620900,0000,034696,0.037245,-0.0015,0.1930
2026-08-10T12:13:54.384215,0000,034704,0.009135,-0.0004,0.0956
2026-08-10T12:13:56.094976,0000,034712,0.011898,0.0006,0.1091
2026-08-10T12:13:57.847985,0000,034720,0.017700,0.0010,0.1330
2026-08-10T12:13:59.664672,0000,034728,0.016847,0.0010,0.1298
2026-08-10T12:14:01.463258,0000,034736,0.008085,0.0003,0.0899
2026-08-10T12:14:03.591454,0000,034744,0.012661,-0.0008,0.1125
2026-08-10T12:14:05.329545,0000,034752,0.016121,-0.0013,0.1270
2026-08-10T12:14:07.130827,0000,034760,0.038327,-0.0014,0.1958
2026-08-10T12:14:08.932039,0000,034768,0.016917,-0.0005,0.1301
2026-08-10T12:14:10.678949,0000,034776,0.012532,0.0006,0.1119
2026-08-10T12:14:12.404452,0000,034784,0.011613,0.0011,0.1078
2026-08-10T12:14:14.118924,0000,034792,0.008702,0.0009,0.0933
2026-08-10T12:14:15.852098,0000,034800,0.021360,0.0003,0.1462
2026-08-10T12:14:17.902824,0000,034808,0.033439,-0.0010,0.1829
2026-08-10T12:14:19.623476,0000,034816,0.013633,-0.0013,0.1168
2026-08-10T12:14:21.379542,0000,034824,0.011803,-0.0010,0.1086
2026-08-10T12:14:23.411397,0000,034832,0.019651,-0.0005,0.1402
2026-08-10T12:14:25.209110,0000,034840,0.016246,0.0005,0.1275
2026-08-10T12:14:26.972237,0000,034848,0.021307,0.0010,0.1460
2026-08-10T12:14:28.741892,0000,034856,0.022274,0.0009,0.1492
2026-08-10T12:14:30.469997,0000,034864,0.012022,0.0003,0.1096
2026-08-10T12:14:32.352837,0000,034872,0.016783,-0.0009,0.1296
2026-08-10T12:14:34.110756,0000,034880,0.019964,-0.0012,0.1413
2026-08-10T12:14:35.881249,0000,034888,0.022589,-0.0012,0.1503
2026-08-10T12:14:37.702949,0000,034896,0.008741,-0.0006,0.0935
2026-08-10T12:14:39.430393,0000,034904,0.010477,0.0006,0.1024
2026-08-10T12:14:41.147593,0000,034912,0.016365,0.0010,0.1279
2026-08-10T12:14:43.090623,0000,034920,0.012043,0.0009,0.1097
2026-08-10T12:14:44.966772,0000,034928,0.021875,0.0002,0.1479
2026-08-10T12:14:46.952116,0000,034936,0.016311,-0.0011,0.1277
2026-08-10T12:14:48.678834,0000,034944,0.011037,-0.0011,0.1051
2026-08-10T12:14:50.567145,0000,034952,0.016170,-0.0014,0.1272
2026-08-10T12:14:52.534037,0000,034960,0.012269,-0.0006,0.1108
2026-08-10T12:14:54.272945,0000,034968,0.024677,0.0005,0.1571
2026-08-10T12:14:56.009481,0000,034976,0.013258,0.0011,0.1151
2026-08-10T12:14:57.913690,0000,034984,0.015541,0.0010,0.1247
2026-08-10T12:14:59.675541,0000,034992,0.017620,0.0003,0.1327
2026-08-10T12:15:01.957498,0000,035000,0.016668,-0.0012,0.1291
2026-08-10T12:15:03.830756,0000,035008,0.015158,-0.0013,0.1231
2026-08-10T12:15:05.596838,0000,035016,0.014537,-0.0011,0.1206
2026-08-10T12:15:07.369907,0000,035024,0.010902,-0.0004,0.1044
2026-08-10T12:15:09.260987,0000,035032,0.010738,0.0004,0.1036
2026-08-10T12:15:11.040972,0000,035040,0.021570,0.0010,0.1469
2026-08-10T12:15:12.893501,0000,035048,0.276434,0.0006,0.5258
2026-08-10T12:15:14.792046,0000,035056,0.017554,0.0003,0.1325
2026-08-10T12:15:16.878035,0000,035064,0.013996,-0.0010,0.1183
2026-08-10T12:15:18.863849,0000,035072,0.016640,-0.0016,0.1290
2026-08-10T12:15:20.611789,0000,035080,0.009904,-0.0012,0.0995
2026-08-10T12:15:22.846684,0000,035088,0.025799,-0.0009,0.1606
2026-08-10T12:15:24.868810,0000,035096,0.037719,0.0004,0.1942
2026-08-10T12:15:26.582857,0000,035104,0.139298,0.0009,0.3732
2026-08-10T12:15:28.671564,0000,035112,0.014928,0.0011,0.1222
2026-08-10T12:15:30.674910,0000,035120,0.035119,0.0000,0.1874
2026-08-10T12:15:32.483959,0000,035128,0.057159,0.0001,0.2391
2026-08-10T12:15:34.457956,0000,035136,0.005994,-0.0004,0.0774
2026-08-10T12:15:36.366421,0000,035144,0.022211,-0.0005,0.1490
2026-08-10T12:15:38.171487,0000,035152,0.006884,0.0001,0.0830
2026-08-10T12:15:40.192309,0000,035160,0.019566,-0.0000,0.1399
2026-08-10T12:15:42.281678,0000,035168,0.032172,0.0005,0.1794
2026-08-10T12:15:44.279901,0000,035176,0.016159,0.0005,0.1271
2026-08-10T12:15:46.257690,0000,035184,0.024727,-0.0003,0.1572
2026-08-10T12:15:47.990901,0000,035192,0.016754,-0.0002,0.1294
2026-08-10T12:15:49.734718,0000,035200,0.021691,0.0003,0.1473
2026-08-10T12:15:51.527028,0000,035208,0.020328,0.0001,0.1426
2026-08-10T12:15:53.552317,0000,035216,0.085610,-0.0005,0.2926
2026-08-10T12:15:55.551189,0000,035224,0.027937,-0.0006,0.1671
2026-08-10T12:15:57.321741,0000,035232,0.018083,0.0002,0.1345
2026-08-10T12:15:59.121466,0000,035240,0.014898,0.0001,0.1221
2026-08-10T12:16:01.276887,0000,035248,0.010490,-0.0008,0.1024
2026-08-10T12:16:03.314214,0000,035256,0.024759,-0.0005,0.1574
2026-08-10T12:16:05.044136,0000,035264,0.010015,-0.0000,0.1001
2026-08-10T12:16:07.037925,0000,035272,0.028937,0.0011,0.1701
2026-08-10T12:16:08.817755,0000,035280,0.011151,0.0014,0.1056
2026-08-10T12:16:10.768026,0000,035288,0.026354,0.0016,0.1623
2026-08-10T12:16:12.506919,0000,035296,0.018183,0.0006,0.1348
2026-08-10T12:16:14.722230,0000,035304,0.006739,-0.0006,0.0821
2026-08-10T12:16:16.433608,0000,035312,0.021932,-0.0012,0.1481
2026-08-10T12:16:18.291698,0000,035320,0.016014,-0.0011,0.1265
2026-08-10T12:16:20.102759,0000,035328,0.018650,-0.0005,0.1366
2026-08-10T12:16:21.936951,0000,035336,0.015940,0.0006,0.1263
2026-08-10T12:16:23.670531,0000,035344,0.017538,0.0010,0.1324
2026-08-10T12:16:25.593406,0000,035352,0.016973,0.0010,0.1303
2026-08-10T12:16:27.448328,0000,035360,0.017912,0.0002,0.1338
2026-08-10T12:16:29.340695,0000,035368,0.009893,-0.0008,0.0995
2026-08-10T12:16:31.177818,0000,035376,0.054451,-0.0014,0.2333
2026-08-10T12:16:32.920641,0000,035384,0.015952,-0.0013,0.1263
2026-08-10T12:16:34.736094,0000,035392,0.030240,-0.0008,0.1739
2026-08-10T12:16:36.723453,0000,035400,0.024779,0.0002,0.1574
2026-08-10T12:16:38.504913,0000,035408,0.013346,0.0009,0.1155
2026-08-10T12:16:40.395427,0000,035416,0.011177,0.0009,0.1057
2026-08-10T12:16:42.276488,0000,035424,0.034880,-0.0000,0.1868
2026-08-10T12:16:44.114713,0000,035432,0.023697,-0.0001,0.1539
2026-08-10T12:16:45.950700,0000,035440,0.014660,0.0005,0.1211
2026-08-10T12:16:47.742670,0000,035448,0.011548,0.0005,0.1075
2026-08-10T12:16:49.523831,0000,035456,0.008730,-0.0002,0.0934
2026-08-10T12:16:51.295765,0000,035464,0.015450,-0.0002,0.1243
2026-08-10T12:16:53.151737,0000,035472,0.012256,0.0003,0.1107
2026-08-10T12:16:54.887865,0000,035480,0.019872,0.0000,0.1410
2026-08-10T12:16:56.789065,0000,035488,0.008932,-0.0004,0.0945
2026-08-10T12:16:58.701341,0000,035496,0.011269,-0.0004,0.1062
2026-08-10T12:17:00.536749,0000,035504,0.007192,0.0003,0.0848
2026-08-10T12:17:02.520387,0000,035512,0.021035,0.0000,0.1450
2026-08-10T12:17:04.648674,0000,035520,0.015350,-0.0005,0.1239
2026-08-10T12:17:06.363530,0000,035528,0.015982,-0.0006,0.1264
2026-08-10T12:17:08.125838,0000,035536,0.008396,0.0000,0.0916
2026-08-10T12:17:10.058072,0000,035544,0.014201,-0.0001,0.1192
2026-08-10T12:17:11.783958,0000,035552,0.009838,-0.0006,0.0992
2026-08-10T12:17:13.581733,0000,035560,0.011113,-0.0004,0.1054
2026-08-10T12:17:15.763006,0000,035568,0.013655,0.0001,0.1169
2026-08-10T12:17:17.510050,0000,035576,0.019130,-0.0001,0.1383
2026-08-10T12:17:19.318765,0000,035584,0.025308,0.0004,0.1591
2026-08-10T12:17:21.389546,0000,035592,0.006680,0.0006,0.0817
2026-08-10T12:17:23.387797,0000,035600,0.005970,-0.0001,0.0773
2026-08-10T12:17:25.211491,0000,035608,0.028802,-0.0002,0.1697
2026-08-10T12:17:26.964429,0000,035616,0.052933,0.0003,0.2301
2026-08-10T12:17:28.673630,0000,035624,0.009536,0.0003,0.0977
2026-08-10T12:17:30.634897,0000,035632,0.017168,-0.0003,0.1310
2026-08-10T12:17:32.675519,0000,035640,0.007574,-0.0002,0.0870
2026-08-10T12:17:34.445838,0000,035648,0.032191,0.0002,0.1794
2026-08-10T12:17:36.270692,0000,035656,0.017059,0.0004,0.1306
2026-08-10T12:17:38.062739,0000,035664,0.017797,-0.0003,0.1334
2026-08-10T12:17:39.855163,0000,035672,0.024875,-0.0002,0.1577
2026-08-10T12:17:41.626095,0000,035680,0.056144,0.0001,0.2369
2026-08-10T12:17:43.360838,0000,035688,0.013828,0.0002,0.1176
2026-08-10T12:17:45.188677,0000,035696,0.033023,-0.0005,0.1817
2026-08-10T12:17:46.907285,0000,035704,0.011294,-0.0003,0.1063
2026-08-10T12:17:48.724724,0000,035712,0.016350,0.0002,0.1279
2026-08-10T12:17:50.681705,0000,035720,0.008438,0.0002,0.0919
2026-08-10T12:17:52.570224,0000,035728,0.007537,-0.0002,0.0868
2026-08-10T12:17:54.529728,0000,035736,0.020526,-0.0005,0.1433
2026-08-10T12:17:56.278587,0000,035744,0.017527,0.0002,0.1324
2026-08-10T12:17:58.299748,0000,035752,0.009806,0.0002,0.0990
2026-08-10T12:18:00.105334,0000,035760,0.017491,-0.0004,0.1323
2026-08-10T12:18:01.885706,0000,035768,0.012887,-0.0004,0.1135
2026-08-10T12:18:03.638621,0000,035776,0.055185,0.0003,0.2349
2026-08-10T12:18:05.761848,0000,035784,0.011496,0.0003,0.1072
2026-08-10T12:18:07.597669,0000,035792,0.024324,-0.0004,0.1560
2026-08-10T12:18:09.343930,0000,035800,1.142557,-0.0014,1.0689
2026-08-10T12:18:11.145833,0000,035808,0.010292,0.0002,0.1015
2026-08-10T12:18:12.894348,0000,035816,0.013899,0.0001,0.1179
2026-08-10T12:18:14.693696,0000,035824,0.151565,-0.0005,0.3893
2026-08-10T12:18:16.507519,0000,035832,0.045651,-0.0002,0.2137
2026-08-10T12:18:18.413012,0000,035840,0.014372,0.0003,0.1199
2026-08-10T12:18:20.260767,0000,035848,0.017232,0.0002,0.1313
2026-08-10T12:18:22.219609,0000,035856,0.013715,-0.0004,0.1171
2026-08-10T12:18:24.077873,0000,035864,0.008229,-0.0003,0.0907
2026-08-10T12:18:26.205712,0000,035872,0.033034,0.0001,0.1818
2026-08-10T12:18:28.263907,0000,035880,0.008029,0.0002,0.0896
2026-08-10T12:18:30.243619,0000,035888,0.055301,-0.0004,0.2352
2026-08-10T12:18:32.514679,0000,035896,0.023650,-0.0003,0.1538
2026-08-10T12:18:34.363402,0000,035904,0.012207,0.0002,0.1105
2026-08-10T12:18:36.122715,0000,035912,0.007143,0.0002,0.0845
2026-08-10T12:18:37.864618,0000,035920,0.008353,-0.0003,0.0914
2026-08-10T12:18:40.004047,0000,035928,0.012155,-0.0006,0.1102
2026-08-10T12:18:41.751060,0000,035936,0.017258,0.0002,0.1314
2026-08-10T12:18:43.536753,0000,035944,0.013054,0.0002,0.1143
2026-08-10T12:18:45.529582,0000,035952,0.034663,-0.0005,0.1862
2026-08-10T12:18:47.372866,0000,035960,0.013868,-0.0003,0.1178
2026-08-10T12:18:49.090329,0000,035968,0.011117,0.0002,0.1054
2026-08-10T12:18:50.946538,0000,035976,0.017030,0.0003,0.1305
2026-08-10T12:18:52.948560,0000,035984,0.008171,-0.0005,0.0904
2026-08-10T12:18:54.675013,0000,035992,0.017815,-0.0004,0.1335
2026-08-10T12:18:56.449581,0000,036000,0.022285,0.0001,0.1493
2026-08-10T12:18:58.389621,0000,036008,0.014797,0.0001,0.1216
2026-08-10T12:19:00.415648,0000,036016,0.014111,-0.0005,0.1188
2026-08-10T12:19:02.464662,0000,036024,0.017922,-0.0005,0.1339
2026-08-10T12:19:04.411716,0000,036032,0.014391,0.0002,0.1200
2026-08-10T12:19:06.350451,0000,036040,0.015437,0.0001,0.1242
2026-08-10T12:19:08.238743,0000,036048,0.030945,-0.0004,0.1759
2026-08-10T12:19:09.990253,0000,036056,0.013106,-0.0004,0.1145
2026-08-10T12:19:11.966733,0000,036064,0.009159,0.0002,0.0957
2026-08-10T12:19:13.720783,0000,036072,0.018520,0.0002,0.1361
2026-08-10T12:19:15.716064,0000,036080,0.027528,-0.0005,0.1659
2026-08-10T12:19:17.499077,0000,036088,0.015382,-0.0003,0.1240
2026-08-10T12:19:19.356679,0000,036096,0.024415,0.0002,0.1563
2026-08-10T12:19:21.069600,0000,036104,0.008528,0.0000,0.0923
2026-08-10T12:19:22.796740,0000,036112,0.009765,-0.0004,0.0988
2026-08-10T12:19:24.789370,0000,036120,0.030084,-0.0004,0.1734
2026-08-10T12:19:26.541342,0000,036128,0.020273,0.0002,0.1424
2026-08-10T12:19:28.418309,0000,036136,0.014744,0.0001,0.1214
2026-08-10T12:19:30.417104,0000,036144,0.016319,-0.0004,0.1277
2026-08-10T12:19:32.161990,0000,036152,0.009476,-0.0004,0.0973
2026-08-10T12:19:33.896478,0000,036160,0.006654,0.0003,0.0816
2026-08-10T12:19:36.030206,0000,036168,0.029842,0.0002,0.1727
2026-08-10T12:19:38.075252,0000,036176,0.021230,-0.0004,0.1457
2026-08-10T12:19:39.803189,0000,036184,0.010807,-0.0004,0.1040
2026-08-10T12:19:41.801280,0000,036192,0.041802,-0.0002,0.2045
2026-08-10T12:19:43.699947,0000,036200,0.023887,0.0012,0.1546
2026-08-10T12:19:45.578929,0000,036208,0.019678,0.0017,0.1403
2026-08-10T12:19:47.399156,0000,036216,0.022072,0.0015,0.1486
2026-08-10T12:19:49.193213,0000,036224,0.019372,0.0008,0.1392
2026-08-10T12:19:51.089482,0000,036232,0.010487,-0.0005,0.1024
2026-08-10T12:19:52.827698,0000,036240,0.017314,-0.0009,0.1316
2026-08-10T12:19:54.537483,0000,036248,0.016793,-0.0010,0.1296
2026-08-10T12:19:56.265539,0000,036256,0.009783,-0.0003,0.0989
2026-08-10T12:19:58.004205,0000,036264,0.017386,0.0007,0.1319
2026-08-10T12:19:59.830539,0000,036272,0.018251,0.0015,0.1351
2026-08-10T12:20:01.743270,0000,036280,0.061021,0.0010,0.2470
2026-08-10T12:20:03.866985,0000,036288,0.036431,0.0004,0.1909
2026-08-10T12:20:05.798640,0000,036296,0.015855,-0.0007,0.1259
2026-08-10T12:20:07.556497,0000,036304,0.014211,-0.0011,0.1192
2026-08-10T12:20:09.314015,0000,036312,0.018968,-0.0009,0.1377
2026-08-10T12:20:11.188312,0000,036320,0.013512,-0.0006,0.1162
2026-08-10T12:20:13.211299,0000,036328,0.022536,0.0006,0.1501
2026-08-10T12:20:15.344825,0000,036336,0.028306,0.0012,0.1682
2026-08-10T12:20:17.133341,0000,036344,0.009888,0.0010,0.0994
2026-08-10T12:20:19.005305,0000,036352,0.007248,0.0005,0.0851
2026-08-10T12:20:20.737380,0000,036360,0.049157,-0.0008,0.2217
2026-08-10T12:20:22.479571,0000,036368,0.056793,-0.0012,0.2383
2026-08-10T12:20:24.425551,0000,036376,0.023555,-0.0012,0.1535
2026-08-10T12:20:26.410440,0000,036384,0.010619,-0.0004,0.1030
2026-08-10T12:20:28.162307,0000,036392,0.017903,0.0008,0.1338
2026-08-10T12:20:30.108479,0000,036400,0.009322,0.0009,0.0965
2026-08-10T12:20:32.208107,0000,036408,0.026531,0.0015,0.1629
2026-08-10T12:20:33.948402,0000,036416,0.006473,0.0002,0.0805
2026-08-10T12:20:35.829028,0000,036424,0.037588,-0.0010,0.1939
2026-08-10T12:20:38.022664,0000,036432,0.025811,-0.0017,0.1607
2026-08-10T12:20:39.861617,0000,036440,0.012600,-0.0011,0.1122
2026-08-10T12:20:41.681958,0000,036448,0.033632,-0.0007,0.1834
2026-08-10T12:20:43.609340,0000,036456,0.026162,0.0004,0.1617
2026-08-10T12:20:45.497551,0000,036464,0.009639,0.0011,0.0982
2026-08-10T12:20:47.278590,0000,036472,0.023487,0.0009,0.1533
2026-08-10T12:20:49.188417,0000,036480,0.008261,0.0004,0.0909
2026-08-10T12:20:50.974425,0000,036488,0.012328,-0.0008,0.1110
2026-08-10T12:20:52.752945,0000,036496,0.035503,-0.0014,0.1884
2026-08-10T12:20:54.656315,0000,036504,0.017530,-0.0012,0.1324
2026-08-10T12:20:56.631856,0000,036512,0.023233,-0.0005,0.1524
2026-08-10T12:20:58.705398,0000,036520,0.009179,0.0007,0.0958
2026-08-10T12:21:00.650000,0000,036528,0.029564,0.0010,0.1719
2026-08-10T12:21:02.442439,0000,036536,0.010576,0.0009,0.1028
2026-08-10T12:21:04.257088,0000,036544,0.013175,0.0002,0.1148
2026-08-10T12:21:06.030503,0000,036552,0.021916,-0.0008,0.1480
2026-08-10T12:21:07.979749,0000,036560,0.019508,-0.0015,0.1397
2026-08-10T12:21:09.813339,0000,036568,0.013735,-0.0012,0.1172
2026-08-10T12:21:11.590189,0000,036576,0.010607,-0.0006,0.1030
2026-08-10T12:21:13.323169,0000,036584,0.019325,0.0005,0.1390
2026-08-10T12:21:15.071329,0000,036592,0.012013,0.0010,0.1096
2026-08-10T12:21:16.958203,0000,036600,0.030077,0.0008,0.1734
2026-08-10T12:21:18.932340,0000,036608,0.059001,0.0003,0.2429
2026-08-10T12:21:20.702401,0000,036616,0.016812,-0.0008,0.1297
2026-08-10T12:21:22.503299,0000,036624,0.017490,-0.0012,0.1323
2026-08-10T12:21:24.314257,0000,036632,0.052603,-0.0012,0.2294
2026-08-10T12:21:26.197418,0000,036640,0.027708,-0.0006,0.1665
2026-08-10T12:21:27.939769,0000,036648,0.013234,0.0005,0.1150
2026-08-10T12:21:29.990237,0000,036656,0.032933,0.0009,0.1815
2026-08-10T12:21:31.743451,0000,036664,0.018526,0.0008,0.1361
2026-08-10T12:21:33.589231,0000,036672,0.017207,0.0001,0.1312
2026-08-10T12:21:35.326814,0000,036680,0.021378,-0.0009,0.1462
2026-08-10T12:21:37.367590,0000,036688,0.021160,-0.0017,0.1455
2026-08-10T12:21:39.291618,0000,036696,0.027738,-0.0015,0.1665
2026-08-10T12:21:41.160737,0000,036704,0.008561,-0.0005,0.0925
2026-08-10T12:21:42.970295,0000,036712,1.135675,-0.0004,1.0657
2026-08-10T12:21:45.108679,0000,036720,0.017514,0.0012,0.1323
2026-08-10T12:21:47.065853,0000,036728,0.006888,0.0010,0.0830
2026-08-10T12:21:49.322916,0000,036736,0.021658,0.0006,0.1472
2026-08-10T12:21:51.477802,0000,036744,0.010756,-0.0009,0.1037
2026-08-10T12:21:53.381351,0000,036752,0.015215,-0.0014,0.1234
2026-08-10T12:21:55.123322,0000,036760,0.018668,-0.0011,0.1366
2026-08-10T12:21:56.994180,0000,036768,0.007622,-0.0003,0.0873
2026-08-10T12:21:58.742326,0000,036776,0.019865,0.0007,0.1409
2026-08-10T12:22:00.577517,0000,036784,0.024992,0.0013,0.1581
2026-08-10T12:22:02.889850,0000,036792,0.023427,0.0015,0.1531
2026-08-10T12:22:04.765260,0000,036800,0.011612,0.0005,0.1078
2026-08-10T12:22:06.605461,0000,036808,0.019247,-0.0007,0.1387
2026-08-10T12:22:08.344057,0000,036816,0.016513,-0.0010,0.1285
2026-08-10T12:22:10.395310,0000,036824,0.024239,-0.0011,0.1557
2026-08-10T12:22:12.144927,0000,036832,0.008120,-0.0003,0.0901
2026-08-10T12:22:13.899410,0000,036840,0.016207,0.0008,0.1273
2026-08-10T12:22:15.843063,0000,036848,0.050320,0.0010,0.2243
2026-08-10T12:22:17.637155,0000,036856,0.020751,0.0012,0.1441
2026-08-10T12:22:19.400382,0000,036864,0.011395,0.0006,0.1067
2026-08-10T12:22:21.325980,0000,036872,0.008435,-0.0006,0.0918
2026-08-10T12:22:23.110371,0000,036880,0.007986,-0.0009,0.0894
2026-08-10T12:22:25.025206,0000,036888,0.022819,-0.0009,0.1511
2026-08-10T12:22:26.863496,0000,036896,0.022351,-0.0001,0.1495
2026-08-10T12:22:28.787407,0000,036904,0.025242,0.0009,0.1589
2026-08-10T12:22:30.518991,0000,036912,0.035549,0.0012,0.1885
2026-08-10T12:22:32.264307,0000,036920,0.032660,0.0010,0.1807
2026-08-10T12:22:33.984012,0000,036928,0.047456,0.0005,0.2178
2026-08-10T12:22:35.815445,0000,036936,0.031869,-0.0007,0.1785
2026-08-10T12:22:37.689227,0000,036944,0.012660,-0.0011,0.1125
2026-08-10T12:22:39.421024,0000,036952,0.012923,-0.0009,0.1137
2026-08-10T12:22:41.145134,0000,036960,0.017279,-0.0003,0.1314
2026-08-10T12:22:42.900912,0000,036968,0.010746,0.0009,0.1037
2026-08-10T12:22:44.793159,0000,036976,0.024986,0.0013,0.1581
2026-08-10T12:22:46.926376,0000,036984,0.022218,0.0014,0.1491
2026-08-10T12:22:48.672111,0000,036992,0.012898,0.0006,0.1136
2026-08-10T12:22:50.704070,0000,037000,0.015979,-0.0005,0.1264
2026-08-10T12:22:52.622060,0000,037008,0.011686,-0.0010,0.1081
2026-08-10T12:22:54.377790,0000,037016,0.017313,-0.0009,0.1316
2026-08-10T12:22:56.103134,0000,037024,0.017117,-0.0003,0.1308
2026-08-10T12:22:58.048520,0000,037032,0.015188,0.0009,0.1232
2026-08-10T12:22:59.852574,0000,037040,0.026401,0.0015,0.1625
2026-08-10T12:23:02.016237,0000,037048,0.012958,0.0014,0.1138
2026-08-10T12:23:04.097189,0000,037056,0.010997,0.0007,0.1049
2026-08-10T12:23:05.815575,0000,037064,0.007526,-0.0005,0.0868
2026-08-10T12:23:07.571645,0000,037072,0.014000,-0.0010,0.1183
2026-08-10T12:23:09.285808,0000,037080,0.017120,-0.0009,0.1308
2026-08-10T12:23:11.033240,0000,037088,0.010828,-0.0002,0.1041
2026-08-10T12:23:12.754099,0000,037096,0.027557,0.0008,0.1660
2026-08-10T12:23:14.556703,0000,037104,0.016793,0.0014,0.1296
2026-08-10T12:23:16.277804,0000,037112,0.023311,0.0012,0.1527
2026-08-10T12:23:18.208630,0000,037120,0.007912,0.0009,0.0889
2026-08-10T12:23:20.282160,0000,037128,0.056316,-0.0005,0.2373
2026-08-10T12:23:22.212329,0000,037136,0.013093,-0.0010,0.1144
2026-08-10T12:23:24.094062,0000,037144,0.009380,-0.0008,0.0969
2026-08-10T12:23:25.831453,0000,037152,0.011894,-0.0002,0.1091
2026-08-10T12:23:27.831125,0000,037160,0.025331,0.0008,0.1592
2026-08-10T12:23:29.750136,0000,037168,0.014737,0.0013,0.1214
2026-08-10T12:23:31.514507,0000,037176,0.020261,0.0013,0.1423
2026-08-10T12:23:33.474162,0000,037184,0.009297,0.0006,0.0964
2026-08-10T12:23:35.297514,0000,037192,0.011986,-0.0004,0.1095
2026-08-10T12:23:37.023115,0000,037200,0.008001,-0.0008,0.0894
2026-08-10T12:23:38.835135,0000,037208,0.011175,-0.0007,0.1057
2026-08-10T12:23:40.669024,0000,037216,0.008771,-0.0001,0.0937
2026-08-10T12:23:42.688934,0000,037224,0.012921,0.0009,0.1137
2026-08-10T12:23:44.509113,0000,037232,0.034575,0.0011,0.1859
2026-08-10T12:23:46.484143,0000,037240,0.014355,0.0014,0.1198
2026-08-10T12:23:48.199276,0000,037248,0.009662,0.0006,0.0983
2026-08-10T12:23:50.076099,0000,037256,0.010701,-0.0003,0.1034
2026-08-10T12:23:51.933210,0000,037264,0.010220,-0.0008,0.1011
2026-08-10T12:23:53.683180,0000,037272,0.022632,-0.0008,0.1504
2026-08-10T12:23:55.445501,0000,037280,0.026162,-0.0001,0.1617
2026-08-10T12:23:57.235955,0000,037288,0.011620,0.0010,0.1078
2026-08-10T12:23:59.051176,0000,037296,0.012336,0.0014,0.1111
2026-08-10T12:24:00.861139,0000,037304,0.022227,0.0013,0.1491
2026-08-10T12:24:03.064438,0000,037312,0.004126,0.0007,0.0642
2026-08-10T12:24:05.008152,0000,037320,0.016019,-0.0004,0.1266
2026-08-10T12:24:07.252376,0000,037328,0.025673,-0.0013,0.1602
2026-08-10T12:24:09.118153,0000,037336,0.016358,-0.0009,0.1279
2026-08-10T12:24:10.898156,0000,037344,0.010116,-0.0002,0.1006
2026-08-10T12:24:12.674044,0000,037352,0.013306,0.0011,0.1154
2026-08-10T12:24:14.633001,0000,037360,0.023439,0.0014,0.1531
2026-08-10T12:24:16.584577,0000,037368,0.029345,0.0013,0.1713
2026-08-10T12:24:18.649274,0000,037376,0.030662,0.0006,0.1751
2026-08-10T12:24:20.702001,0000,037384,0.009281,-0.0006,0.0963
2026-08-10T12:24:22.686801,0000,037392,0.038403,-0.0012,0.1960
2026-08-10T12:24:24.512054,0000,037400,0.051969,-0.0008,0.2280
2026-08-10T12:24:26.299127,0000,037408,0.019743,-0.0000,0.1405
2026-08-10T12:24:28.135762,0000,037416,0.029411,0.0007,0.1715
2026-08-10T12:24:29.854837,0000,037424,0.023092,0.0013,0.1520
2026-08-10T12:24:31.614966,0000,037432,0.011328,0.0011,0.1064
2026-08-10T12:24:33.363897,0000,037440,0.054326,0.0003,0.2331
2026-08-10T12:24:35.088021,0000,037448,0.010971,-0.0007,0.1047
2026-08-10T12:24:37.323032,0000,037456,0.028270,-0.0015,0.1681
2026-08-10T12:24:39.070516,0000,037464,0.017640,-0.0011,0.1328
2026-08-10T12:24:41.103171,0000,037472,0.023814,-0.0008,0.1543
2026-08-10T12:24:42.862863,0000,037480,0.019350,0.0005,0.1391
2026-08-10T12:24:44.700994,0000,037488,0.022753,0.0009,0.1508
2026-08-10T12:24:46.526277,0000,037496,0.014060,0.0008,0.1186
2026-08-10T12:24:48.549887,0000,037504,0.008678,-0.0001,0.0932
2026-08-10T12:24:50.438947,0000,037512,0.026500,-0.0001,0.1628
2026-08-10T12:24:52.329137,0000,037520,0.019600,0.0005,0.1400
2026-08-10T12:24:54.189835,0000,037528,0.018231,0.0002,0.1350
2026-08-10T12:24:55.902787,0000,037536,0.007490,-0.0002,0.0865
2026-08-10T12:24:57.736538,0000,037544,0.029933,-0.0005,0.1730
2026-08-10T12:24:59.626326,0000,037552,0.016251,0.0001,0.1275
2026-08-10T12:25:01.616930,0000,037560,0.009684,0.0002,0.0984
2026-08-10T12:25:03.357045,0000,037568,0.020646,-0.0005,0.1437
2026-08-10T12:25:05.301802,0000,037576,0.020115,-0.0006,0.1418
2026-08-10T12:25:07.123648,0000,037584,0.009189,-0.0000,0.0959
2026-08-10T12:25:08.908042,0000,037592,0.030258,0.0009,0.1739
2026-08-10T12:25:10.676980,0000,037600,0.011265,0.0013,0.1061
2026-08-10T12:25:12.479951,0000,037608,0.030005,0.0009,0.1732
2026-08-10T12:25:14.660808,0000,037616,0.011692,0.0002,0.1081
2026-08-10T12:25:16.423955,0000,037624,0.010481,-0.0007,0.1024
2026-08-10T12:25:18.155963,0000,037632,0.019110,-0.0014,0.1382
2026-08-10T12:25:20.095321,0000,037640,0.015201,-0.0015,0.1233
2026-08-10T12:25:22.050664,0000,037648,0.015838,-0.0007,0.1258
2026-08-10T12:25:23.768761,0000,037656,0.010135,0.0003,0.1007
2026-08-10T12:25:25.530904,0000,037664,0.018736,0.0007,0.1369
2026-08-10T12:25:27.818375,0000,037672,0.019097,0.0008,0.1382
2026-08-10T12:25:29.588956,0000,037680,0.009797,-0.0000,0.0990
2026-08-10T12:25:31.362832,0000,037688,0.021353,-0.0001,0.1461
2026-08-10T12:25:33.089067,0000,037696,0.006054,0.0003,0.0778
2026-08-10T12:25:34.997557,0000,037704,0.024454,0.0001,0.1564
2026-08-10T12:25:36.799498,0000,037712,0.012161,-0.0005,0.1103
2026-08-10T12:25:38.566923,0000,037720,0.017506,-0.0005,0.1323
2026-08-10T12:25:40.475921,0000,037728,0.041858,-0.0002,0.2046
2026-08-10T12:25:42.181771,0000,037736,0.011908,0.0010,0.1091
2026-08-10T12:25:43.917461,0000,037744,0.021247,0.0013,0.1458
2026-08-10T12:25:45.646048,0000,037752,0.010085,0.0011,0.1004
2026-08-10T12:25:47.460846,0000,037760,0.029187,0.0002,0.1708
2026-08-10T12:25:49.197791,0000,037768,0.015526,-0.0008,0.1246
2026-08-10T12:25:51.042653,0000,037776,0.013688,-0.0013,0.1170
2026-08-10T12:25:52.923794,0000,037784,0.031269,-0.0015,0.1768
2026-08-10T12:25:54.680126,0000,037792,0.068063,-0.0008,0.2609
2026-08-10T12:25:56.441937,0000,037800,0.023226,0.0002,0.1524
2026-08-10T12:25:58.277907,0000,037808,0.018680,0.0009,0.1367
2026-08-10T12:26:00.013866,0000,037816,0.032624,0.0004,0.1806
2026-08-10T12:26:01.872236,0000,037824,0.017475,-0.0002,0.1322
2026-08-10T12:26:03.795792,0000,037832,0.011504,-0.0003,0.1073
2026-08-10T12:26:05.806597,0000,037840,0.155934,0.0004,0.3949
2026-08-10T12:26:07.523696,0000,037848,0.009244,0.0002,0.0961
2026-08-10T12:26:09.481419,0000,037856,0.008032,-0.0006,0.0896
2026-08-10T12:26:11.226758,0000,037864,0.013452,-0.0005,0.1160
2026-08-10T12:26:12.950135,0000,037872,0.006951,0.0000,0.0834
2026-08-10T12:26:14.679650,0000,037880,0.014730,-0.0002,0.1214
2026-08-10T12:26:16.435239,0000,037888,0.006554,0.0003,0.0810
2026-08-10T12:26:18.177770,0000,037896,0.007600,0.0002,0.0872
2026-08-10T12:26:19.938642,0000,037904,0.018930,-0.0004,0.1376
2026-08-10T12:26:21.676509,0000,037912,0.011375,-0.0004,0.1067
2026-08-10T12:26:23.578651,0000,037920,0.008523,-0.0002,0.0923
2026-08-10T12:26:25.363293,0000,037928,0.022759,0.0008,0.1509
2026-08-10T12:26:27.099752,0000,037936,0.011437,0.0012,0.1069
2026-08-10T12:26:29.059588,0000,037944,0.021359,0.0011,0.1461
2026-08-10T12:26:31.012728,0000,037952,1.133174,-0.0006,1.0645
2026-08-10T12:26:32.780441,0000,037960,0.015448,0.0002,0.1243
2026-08-10T12:26:34.543728,0000,037968,0.019383,-0.0005,0.1392
2026-08-10T12:26:36.486637,0000,037976,0.030213,-0.0007,0.1738
2026-08-10T12:26:38.298794,0000,037984,0.023298,-0.0003,0.1526
2026-08-10T12:26:40.362429,0000,037992,0.024765,0.0010,0.1574
2026-08-10T12:26:42.145677,0000,038000,0.014051,0.0012,0.1185
2026-08-10T12:26:43.938708,0000,038008,0.022372,0.0012,0.1496
2026-08-10T12:26:45.712539,0000,038016,0.005033,0.0003,0.0709
2026-08-10T12:26:47.478476,0000,038024,0.010970,-0.0009,0.1047
2026-08-10T12:26:49.218477,0000,038032,0.018210,-0.0014,0.1349
2026-08-10T12:26:50.962068,0000,038040,0.036704,-0.0014,0.1916
2026-08-10T12:26:52.694738,0000,038048,0.013916,-0.0008,0.1180
2026-08-10T12:26:54.513704,0000,038056,0.008402,0.0002,0.0917
2026-08-10T12:26:56.263716,0000,038064,0.012645,0.0006,0.1125
2026-08-10T12:26:58.132809,0000,038072,1.118340,-0.0006,1.0575
2026-08-10T12:26:59.908323,0000,038080,0.011959,0.0009,0.1094
2026-08-10T12:27:01.634489,0000,038088,0.010350,0.0006,0.1017
2026-08-10T12:27:03.761426,0000,038096,0.018365,-0.0001,0.1355
2026-08-10T12:27:05.550529,0000,038104,0.018741,-0.0001,0.1369
2026-08-10T12:27:07.273875,0000,038112,0.008590,0.0002,0.0927
2026-08-10T12:27:09.265008,0000,038120,0.019610,0.0000,0.1400
2026-08-10T12:27:11.183653,0000,038128,0.026596,0.0003,0.1631
2026-08-10T12:27:12.996727,0000,038136,0.009507,0.0005,0.0975
2026-08-10T12:27:14.748125,0000,038144,0.011012,-0.0003,0.1049
2026-08-10T12:27:16.729281,0000,038152,0.017520,-0.0005,0.1324
2026-08-10T12:27:18.623535,0000,038160,0.018153,0.0003,0.1347
2026-08-10T12:27:20.415522,0000,038168,0.005139,0.0001,0.0717
2026-08-10T12:27:22.226935,0000,038176,0.010996,-0.0006,0.1049
2026-08-10T12:27:24.137063,0000,038184,0.031603,-0.0008,0.1778
2026-08-10T12:27:25.932651,0000,038192,0.010960,-0.0000,0.1047
2026-08-10T12:27:27.662618,0000,038200,0.020215,0.0009,0.1422
2026-08-10T12:27:29.775755,0000,038208,0.026935,0.0014,0.1641
2026-08-10T12:27:31.866588,0000,038216,0.016429,0.0011,0.1282
2026-08-10T12:27:33.660420,0000,038224,0.034181,0.0001,0.1849
2026-08-10T12:27:35.668633,0000,038232,0.033439,-0.0010,0.1829
2026-08-10T12:27:37.449994,0000,038240,0.022274,-0.0014,0.1492
2026-08-10T12:27:39.483057,0000,038248,0.043705,-0.0019,0.2091
2026-08-10T12:27:41.262531,0000,038256,0.007354,-0.0009,0.0858
2026-08-10T12:27:43.125909,0000,038264,0.012760,0.0003,0.1130
2026-08-10T12:27:44.961702,0000,038272,0.017632,0.0005,0.1328
2026-08-10T12:27:46.878642,0000,038280,0.026252,0.0004,0.1620
2026-08-10T12:27:48.716450,0000,038288,0.016856,-0.0002,0.1298
2026-08-10T12:27:50.473182,0000,038296,0.016648,-0.0003,0.1290
2026-08-10T12:27:52.325216,0000,038304,0.008072,0.0002,0.0898
2026-08-10T12:27:54.081548,0000,038312,0.013789,-0.0001,0.1174
2026-08-10T12:27:55.856560,0000,038320,0.020667,0.0004,0.1438
2026-08-10T12:27:57.867726,0000,038328,0.014723,0.0002,0.1213
2026-08-10T12:27:59.600009,0000,038336,0.021061,-0.0003,0.1451
2026-08-10T12:28:01.578975,0000,038344,0.022235,-0.0006,0.1491
2026-08-10T12:28:03.441426,0000,038352,0.007612,-0.0001,0.0872
2026-08-10T12:28:05.285424,0000,038360,0.010429,0.0011,0.1021
2026-08-10T12:28:07.004525,0000,038368,1.165124,0.0002,1.0794
2026-08-10T12:28:09.080385,0000,038376,0.016068,0.0013,0.1268
2026-08-10T12:28:10.859485,0000,038384,0.019696,0.0003,0.1403
2026-08-10T12:28:12.722485,0000,038392,1.137524,-0.0019,1.0665
2026-08-10T12:28:14.657479,0000,038400,0.020876,-0.0015,0.1445
2026-08-10T12:28:16.489886,0000,038408,0.026783,-0.0016,0.1637
2026-08-10T12:28:18.276021,0000,038416,0.013476,-0.0007,0.1161
2026-08-10T12:28:20.069977,0000,038424,0.016907,0.0002,0.1300
2026-08-10T12:28:22.188963,0000,038432,0.017399,0.0007,0.1319
2026-08-10T12:28:24.158370,0000,038440,0.022691,0.0005,0.1506
2026-08-10T12:28:25.911449,0000,038448,0.011254,-0.0002,0.1061
2026-08-10T12:28:27.671603,0000,038456,0.008855,-0.0003,0.0941
2026-08-10T12:28:29.416442,0000,038464,0.016483,0.0001,0.1284
2026-08-10T12:28:31.146343,0000,038472,0.016504,0.0000,0.1285
2026-08-10T12:28:32.982591,0000,038480,0.007447,-0.0006,0.0863
2026-08-10T12:28:34.776533,0000,038488,0.007140,-0.0007,0.0845
2026-08-10T12:28:36.619942,0000,038496,0.038178,-0.0004,0.1954
2026-08-10T12:28:38.353575,0000,038504,0.019616,0.0008,0.1401
2026-08-10T12:28:40.103547,0000,038512,0.019766,0.0011,0.1406
2026-08-10T12:28:42.019316,0000,038520,0.011745,0.0010,0.1084
2026-08-10T12:28:43.874060,0000,038528,0.012592,0.0002,0.1122
2026-08-10T12:28:45.607433,0000,038536,0.030439,-0.0010,0.1745
2026-08-10T12:28:47.465895,0000,038544,0.025564,-0.0015,0.1599
2026-08-10T12:28:49.403820,0000,038552,0.021722,-0.0015,0.1474
2026-08-10T12:28:51.156217,0000,038560,0.016028,-0.0009,0.1266
2026-08-10T12:28:52.920379,0000,038568,0.007684,0.0003,0.0877
2026-08-10T12:28:54.693363,0000,038576,0.018962,0.0004,0.1377
2026-08-10T12:28:56.687536,0000,038584,0.015269,0.0005,0.1236
2026-08-10T12:28:58.423369,0000,038592,0.009802,-0.0004,0.0990
2026-08-10T12:29:00.372334,0000,038600,0.013734,-0.0004,0.1172
2026-08-10T12:29:02.098312,0000,038608,0.008610,0.0002,0.0928
2026-08-10T12:29:03.861435,0000,038616,0.006873,-0.0000,0.0829
2026-08-10T12:29:05.590797,0000,038624,0.137979,0.0003,0.3715
2026-08-10T12:29:07.471002,0000,038632,0.032712,-0.0001,0.1809
2026-08-10T12:29:09.264664,0000,038640,0.024643,0.0006,0.1570
2026-08-10T12:29:11.009490,0000,038648,0.014994,0.0004,0.1224
2026-08-10T12:29:12.791942,0000,038656,0.009365,-0.0002,0.0968
2026-08-10T12:29:14.868937,0000,038664,0.039195,-0.0005,0.1980
2026-08-10T12:29:16.723197,0000,038672,0.024060,0.0002,0.1551
2026-08-10T12:29:18.639109,0000,038680,0.022983,-0.0000,0.1516
2026-08-10T12:29:20.461550,0000,038688,0.013559,-0.0005,0.1164
2026-08-10T12:29:22.249169,0000,038696,0.010293,-0.0007,0.1015
2026-08-10T12:29:24.314382,0000,038704,0.012979,-0.0000,0.1139
2026-08-10T12:29:26.216372,0000,038712,0.017192,0.0009,0.1311
2026-08-10T12:29:27.945948,0000,038720,0.025765,0.0013,0.1605
2026-08-10T12:29:29.735807,0000,038728,0.013857,0.0010,0.1177
2026-08-10T12:29:31.481198,0000,038736,0.013706,0.0002,0.1171
2026-08-10T12:29:33.200081,0000,038744,0.009137,-0.0007,0.0956
2026-08-10T12:29:35.055909,0000,038752,0.039756,-0.0014,0.1994
2026-08-10T12:29:36.861086,0000,038760,1.114772,-0.0023,1.0558
2026-08-10T12:29:38.682284,0000,038768,0.016359,-0.0008,0.1279
2026-08-10T12:29:40.925174,0000,038776,0.012751,0.0003,0.1129
2026-08-10T12:29:42.696053,0000,038784,0.017009,0.0007,0.1304
2026-08-10T12:29:44.538332,0000,038792,0.015657,0.0006,0.1251
2026-08-10T12:29:46.283768,0000,038800,0.011202,-0.0001,0.1058
2026-08-10T12:29:48.206937,0000,038808,0.016343,-0.0002,0.1278
2026-08-10T12:29:50.013842,0000,038816,0.055987,0.0002,0.2366
2026-08-10T12:29:51.827352,0000,038824,0.014408,0.0002,0.1200
2026-08-10T12:29:54.005565,0000,038832,0.010091,-0.0005,0.1005
2026-08-10T12:29:56.166126,0000,038840,0.011139,-0.0007,0.1055
2026-08-10T12:29:57.948471,0000,038848,0.018616,0.0001,0.1364
2026-08-10T12:29:59.691092,0000,038856,0.023422,-0.0001,0.1530
2026-08-10T12:30:01.585166,0000,038864,0.041638,0.0002,0.2041
2026-08-10T12:30:03.357189,0000,038872,0.010392,0.0003,0.1019
2026-08-10T12:30:05.093352,0000,038880,0.064012,-0.0005,0.2530
2026-08-10T12:30:06.823235,0000,038888,0.027275,-0.0004,0.1652
2026-08-10T12:30:08.694174,0000,038896,0.019559,0.0001,0.1399
2026-08-10T12:30:10.727917,0000,038904,0.024944,-0.0002,0.1579
2026-08-10T12:30:12.494154,0000,038912,0.015425,0.0005,0.1242
2026-08-10T12:30:14.223196,0000,038920,0.013414,0.0003,0.1158
2026-08-10T12:30:15.958783,0000,038928,0.015114,-0.0002,0.1229
2026-08-10T12:30:17.713511,0000,038936,0.006064,-0.0004,0.0779
2026-08-10T12:30:19.700278,0000,038944,0.016873,0.0000,0.1299
2026-08-10T12:30:21.558238,0000,038952,0.017678,0.0008,0.1330
2026-08-10T12:30:23.332333,0000,038960,0.063768,0.0011,0.2525
2026-08-10T12:30:25.225291,0000,038968,0.007885,0.0008,0.0888
2026-08-10T12:30:27.202737,0000,038976,0.022898,-0.0000,0.1513
2026-08-10T12:30:29.481328,0000,038984,0.011694,-0.0003,0.1081
2026-08-10T12:30:31.488286,0000,038992,0.008518,-0.0001,0.0923
2026-08-10T12:30:33.341152,0000,039000,0.021419,0.0005,0.1464
2026-08-10T12:30:35.076942,0000,039008,0.012280,0.0005,0.1108
2026-08-10T12:30:36.840258,0000,039016,0.010276,0.0000,0.1014
2026-08-10T12:30:38.649037,0000,039024,0.015246,0.0002,0.1235
2026-08-10T12:30:40.513040,0000,039032,0.023427,-0.0004,0.1531
2026-08-10T12:30:42.514448,0000,039040,0.012316,-0.0003,0.1110
2026-08-10T12:30:44.437113,0000,039048,0.017486,0.0006,0.1322
2026-08-10T12:30:46.146024,0000,039056,0.014569,0.0004,0.1207
2026-08-10T12:30:48.130256,0000,039064,0.022404,0.0001,0.1497
2026-08-10T12:30:49.870362,0000,039072,0.019168,0.0001,0.1384
2026-08-10T12:30:51.592175,0000,039080,0.011740,-0.0001,0.1084
2026-08-10T12:30:53.327107,0000,039088,0.007785,0.0001,0.0882
2026-08-10T12:30:55.071020,0000,039096,0.017586,-0.0003,0.1326
2026-08-10T12:30:56.814142,0000,039104,0.010428,0.0002,0.1021
2026-08-10T12:30:58.692143,0000,039112,0.006751,-0.0001,0.0822
2026-08-10T12:31:00.454230,0000,039120,0.018284,0.0002,0.1352
2026-08-10T12:31:02.337809,0000,039128,0.026529,-0.0005,0.1629
2026-08-10T12:31:04.393500,0000,039136,0.007770,-0.0001,0.0881
2026-08-10T12:31:06.225938,0000,039144,0.014088,0.0007,0.1187
2026-08-10T12:31:08.026051,0000,039152,0.022589,0.0009,0.1503
2026-08-10T12:31:10.044892,0000,039160,0.020095,0.0005,0.1418
2026-08-10T12:31:11.789066,0000,039168,0.021318,-0.0004,0.1460
2026-08-10T12:31:13.617761,0000,039176,0.035691,-0.0009,0.1889
2026-08-10T12:31:15.360945,0000,039184,0.018438,-0.0003,0.1358
2026-08-10T12:31:17.084259,0000,039192,0.011218,0.0005,0.1059
2026-08-10T12:31:19.107947,0000,039200,0.023126,0.0006,0.1521
2026-08-10T12:31:20.896879,0000,039208,0.009821,0.0003,0.0991
2026-08-10T12:31:22.766055,0000,039216,0.029016,-0.0007,0.1703
2026-08-10T12:31:24.498966,0000,039224,0.019130,-0.0008,0.1383
2026-08-10T12:31:26.522067,0000,039232,0.021551,-0.0007,0.1468
2026-08-10T12:31:28.560990,0000,039240,0.022088,0.0003,0.1486
2026-08-10T12:31:30.338759,0000,039248,0.015581,0.0004,0.1248
2026-08-10T12:31:32.210873,0000,039256,0.047047,0.0001,0.2169
2026-08-10T12:31:34.048854,0000,039264,0.018166,-0.0008,0.1348
2026-08-10T12:31:35.769801,0000,039272,0.012045,-0.0011,0.1098
2026-08-10T12:31:37.675054,0000,039280,0.012421,-0.0007,0.1115
2026-08-10T12:31:39.502036,0000,039288,0.006974,0.0001,0.0835
2026-08-10T12:31:41.362864,0000,039296,0.019261,0.0003,0.1388
2026-08-10T12:31:43.376523,0000,039304,0.016496,-0.0001,0.1284
2026-08-10T12:31:45.192938,0000,039312,0.018398,0.0001,0.1356
2026-08-10T12:31:47.007009,0000,039320,0.021204,-0.0002,0.1456
2026-08-10T12:31:49.020142,0000,039328,0.018007,-0.0002,0.1342
2026-08-10T12:31:50.751867,0000,039336,0.017800,0.0005,0.1334
2026-08-10T12:31:52.835211,0000,039344,0.010385,0.0009,0.1019
2026-08-10T12:31:54.627908,0000,039352,0.011540,0.0003,0.1074
2026-08-10T12:31:56.400360,0000,039360,0.010620,-0.0005,0.1031
2026-08-10T12:31:58.130716,0000,039368,0.011836,-0.0008,0.1088
2026-08-10T12:31:59.909832,0000,039376,0.024397,-0.0006,0.1562
2026-08-10T12:32:01.706255,0000,039384,0.017113,0.0001,0.1308
2026-08-10T12:32:03.478378,0000,039392,0.013161,0.0002,0.1147
2026-08-10T12:32:05.209046,0000,039400,0.015968,-0.0001,0.1264
2026-08-10T12:32:07.437730,0000,039408,0.032614,0.0001,0.1806
2026-08-10T12:32:09.189876,0000,039416,0.021670,-0.0002,0.1472
2026-08-10T12:32:11.114302,0000,039424,0.019046,-0.0000,0.1380
2026-08-10T12:32:12.933785,0000,039432,0.019404,0.0006,0.1393
2026-08-10T12:32:14.798857,0000,039440,0.020945,0.0009,0.1447
2026-08-10T12:32:16.515756,0000,039448,0.017402,0.0006,0.1319
2026-08-10T12:32:18.356904,0000,039456,0.015608,-0.0004,0.1249
2026-08-10T12:32:20.142316,0000,039464,0.013602,-0.0005,0.1166
2026-08-10T12:32:21.858601,0000,039472,0.005476,-0.0002,0.0740
2026-08-10T12:32:23.635607,0000,039480,0.013705,0.0003,0.1171
2026-08-10T12:32:25.507518,0000,039488,0.017134,0.0006,0.1309
2026-08-10T12:32:27.296432,0000,039496,0.011570,0.0003,0.1076
2026-08-10T12:32:29.064862,0000,039504,0.016524,-0.0005,0.1285
2026-08-10T12:32:30.788877,0000,039512,0.015666,-0.0008,0.1252
2026-08-10T12:32:32.523602,0000,039520,0.010335,-0.0005,0.1017
2026-08-10T12:32:34.256972,0000,039528,0.010385,0.0002,0.1019
2026-08-10T12:32:36.206671,0000,039536,0.015985,0.0004,0.1264
2026-08-10T12:32:37.931919,0000,039544,0.009580,0.0002,0.0979
2026-08-10T12:32:39.727604,0000,039552,0.013946,-0.0007,0.1181
2026-08-10T12:32:41.524796,0000,039560,0.018241,-0.0009,0.1351
2026-08-10T12:32:43.404761,0000,039568,0.017265,-0.0008,0.1314
2026-08-10T12:32:45.321857,0000,039576,0.015044,0.0003,0.1227
2026-08-10T12:32:47.312609,0000,039584,0.027968,0.0003,0.1672
2026-08-10T12:32:49.242802,0000,039592,0.013997,-0.0001,0.1183
2026-08-10T12:32:51.094601,0000,039600,0.037217,0.0001,0.1929
2026-08-10T12:32:53.244036,0000,039608,0.029099,-0.0003,0.1706
2026-08-10T12:32:55.178822,0000,039616,0.028947,0.0001,0.1701
2026-08-10T12:32:56.901702,0000,039624,0.008944,-0.0003,0.0946
2026-08-10T12:32:58.693068,0000,039632,0.012682,0.0001,0.1126
2026-08-10T12:33:00.446993,0000,039640,0.016675,-0.0002,0.1291
2026-08-10T12:33:02.566392,0000,039648,0.009408,-0.0000,0.0970
2026-08-10T12:33:04.322801,0000,039656,0.016791,-0.0003,0.1296
2026-08-10T12:33:06.117053,0000,039664,0.011428,-0.0000,0.1069
2026-08-10T12:33:07.919751,0000,039672,0.015697,0.0006,0.1253
2026-08-10T12:33:09.740475,0000,039680,0.014626,0.0007,0.1209
2026-08-10T12:33:11.513019,0000,039688,0.014480,0.0003,0.1203
2026-08-10T12:33:13.402196,0000,039696,1.143969,-0.0015,1.0696
2026-08-10T12:33:15.203523,0000,039704,0.025493,-0.0007,0.1597
2026-08-10T12:33:16.914504,0000,039712,0.058971,-0.0005,0.2428
2026-08-10T12:33:18.835981,0000,039720,0.008092,0.0003,0.0900
2026-08-10T12:33:20.557132,0000,039728,0.005610,0.0005,0.0749
2026-08-10T12:33:22.404222,0000,039736,0.022020,0.0001,0.1484
2026-08-10T12:33:24.188914,0000,039744,0.020402,-0.0007,0.1428
2026-08-10T12:33:25.953448,0000,039752,0.014911,-0.0009,0.1221
2026-08-10T12:33:27.676800,0000,039760,0.004334,-0.0005,0.0658
2026-08-10T12:33:29.438591,0000,039768,0.017760,0.0003,0.1333
2026-08-10T12:33:31.355247,0000,039776,0.008032,0.0004,0.0896
2026-08-10T12:33:33.211762,0000,039784,0.024446,-0.0001,0.1564
2026-08-10T12:33:35.383117,0000,039792,0.009425,0.0004,0.0971
2026-08-10T12:33:37.151674,0000,039800,0.011455,0.0000,0.1070
2026-08-10T12:33:38.981551,0000,039808,0.017915,-0.0009,0.1338
2026-08-10T12:33:41.253772,0000,039816,0.019609,-0.0015,0.1400
2026-08-10T12:33:43.217325,0000,039824,0.017145,-0.0009,0.1309
2026-08-10T12:33:45.097117,0000,039832,1.139916,-0.0008,1.0677
2026-08-10T12:33:47.005394,0000,039840,0.018380,0.0014,0.1356
2026-08-10T12:33:48.907199,0000,039848,0.021650,0.0019,0.1471
2026-08-10T12:33:50.677793,0000,039856,0.021379,0.0019,0.1462
2026-08-10T12:33:52.674633,0000,039864,0.019055,0.0016,0.1380
2026-08-10T12:33:54.704731,0000,039872,0.013924,0.0006,0.1180
2026-08-10T12:33:56.569948,0000,039880,0.050195,-0.0011,0.2240
2026-08-10T12:33:58.342819,0000,039888,0.019879,-0.0016,0.1410
2026-08-10T12:34:00.556745,0000,039896,0.032677,-0.0023,0.1808
2026-08-10T12:34:02.342477,0000,039904,1.154301,-0.0024,1.0744
2026-08-10T12:34:04.100547,0000,039912,0.009516,-0.0005,0.0976
2026-08-10T12:34:05.840402,0000,039920,0.015212,0.0006,0.1233
2026-08-10T12:34:07.546219,0000,039928,0.013737,0.0014,0.1172
2026-08-10T12:34:09.380088,0000,039936,0.156040,0.0013,0.3950
2026-08-10T12:34:11.285927,0000,039944,0.027793,0.0012,0.1667
2026-08-10T12:34:13.251697,0000,039952,0.020260,0.0002,0.1423
2026-08-10T12:34:15.025640,0000,039960,0.024149,-0.0012,0.1554
2026-08-10T12:34:16.959528,0000,039968,0.023750,-0.0020,0.1541
2026-08-10T12:34:18.759682,0000,039976,0.021610,-0.0019,0.1470
2026-08-10T12:34:20.496602,0000,039984,0.018699,-0.0015,0.1367
2026-08-10T12:34:22.361446,0000,039992,0.018230,-0.0007,0.1350
2026-08-10T12:34:24.135345,0000,040000,0.010943,0.0006,0.1046
2026-08-10T12:34:25.938104,0000,040008,0.018581,0.0011,0.1363
2026-08-10T12:34:28.033618,0000,040016,0.027399,0.0013,0.1655
2026-08-10T12:34:30.322900,0000,040024,0.017525,0.0010,0.1324
2026-08-10T12:34:32.483656,0000,040032,0.013118,0.0000,0.1145
2026-08-10T12:34:34.878362,0000,040040,0.018474,-0.0015,0.1359
2026-08-10T12:34:37.167975,0000,040048,0.029277,-0.0023,0.1711
2026-08-10T12:34:39.362667,0000,040056,0.025137,-0.0022,0.1585
2026-08-10T12:34:41.342250,0000,040064,0.019363,-0.0016,0.1392
2026-08-10T12:34:43.291624,0000,040072,0.016369,-0.0007,0.1279
2026-08-10T12:34:45.316924,0000,040080,0.018860,0.0004,0.1373
2026-08-10T12:34:47.103149,0000,040088,0.017285,0.0012,0.1315
2026-08-10T12:34:48.888574,0000,040096,0.035677,0.0011,0.1889
2026-08-10T12:34:50.600447,0000,040104,0.012161,0.0008,0.1103
2026-08-10T12:34:52.373573,0000,040112,0.018365,-0.0000,0.1355
2026-08-10T12:34:54.474540,0000,040120,0.024761,-0.0005,0.1574
2026-08-10T12:34:56.257433,0000,040128,0.009976,-0.0001,0.0999
2026-08-10T12:34:58.039737,0000,040136,0.015377,0.0005,0.1240
2026-08-10T12:34:59.900106,0000,040144,0.018696,0.0007,0.1367
2026-08-10T12:35:01.978596,0000,040152,0.022230,0.0005,0.1491
2026-08-10T12:35:03.880492,0000,040160,0.031168,-0.0009,0.1765
2026-08-10T12:35:05.638309,0000,040168,0.144928,-0.0007,0.3807
2026-08-10T12:35:07.382275,0000,040176,0.008961,-0.0004,0.0947
2026-08-10T12:35:09.421598,0000,040184,0.022342,0.0001,0.1495
2026-08-10T12:35:11.294466,0000,040192,0.027948,0.0003,0.1672
2026-08-10T12:35:13.206663,0000,040200,0.016430,0.0001,0.1282
2026-08-10T12:35:14.952481,0000,040208,0.061887,-0.0007,0.2488
2026-08-10T12:35:16.970733,0000,040216,0.034042,-0.0010,0.1845
2026-08-10T12:35:18.852952,0000,040224,0.007955,-0.0005,0.0892
2026-08-10T12:35:21.088449,0000,040232,0.007223,0.0000,0.0850
2026-08-10T12:35:23.003735,0000,040240,0.018735,0.0003,0.1369
2026-08-10T12:35:25.079778,0000,040248,0.012346,0.0001,0.1111
2026-08-10T12:35:27.626657,0000,040256,0.008581,-0.0006,0.0926
2026-08-10T12:35:29.821867,0000,040264,0.016173,-0.0008,0.1272
2026-08-10T12:35:31.585830,0000,040272,0.012534,-0.0004,0.1120
2026-08-10T12:35:33.511423,0000,040280,0.013462,0.0004,0.1160
2026-08-10T12:35:35.852611,0000,040288,0.012077,0.0010,0.1099
2026-08-10T12:35:37.886314,0000,040296,0.008487,0.0004,0.0921
2026-08-10T12:35:39.927897,0000,040304,0.018229,-0.0004,0.1350
2026-08-10T12:35:41.832672,0000,040312,0.022059,-0.0006,0.1485
2026-08-10T12:35:43.941369,0000,040320,0.012356,-0.0002,0.1112
2026-08-10T12:35:46.028200,0000,040328,0.011664,0.0006,0.1080
2026-08-10T12:35:48.392817,0000,040336,0.010765,0.0011,0.1038
2026-08-10T12:35:50.450193,0000,040344,0.027558,0.0006,0.1660
2026-08-10T12:35:52.404959,0000,040352,0.010706,-0.0002,0.1035
2026-08-10T12:35:54.438551,0000,040360,0.017091,-0.0003,0.1307
2026-08-10T12:35:56.648465,0000,040368,1.146277,-0.0011,1.0706
2026-08-10T12:35:58.973006,0000,040376,0.027583,0.0016,0.1661
2026-08-10T12:36:01.081315,0000,040384,0.010835,0.0012,0.1041
2026-08-10T12:36:02.862381,0000,040392,0.019131,0.0007,0.1383
2026-08-10T12:36:04.713748,0000,040400,0.009064,0.0000,0.0952
2026-08-10T12:36:06.852472,0000,040408,0.021601,-0.0005,0.1470
2026-08-10T12:36:08.608278,0000,040416,0.016367,-0.0003,0.1279
2026-08-10T12:36:10.504656,0000,040424,0.011974,0.0003,0.1094
2026-08-10T12:36:12.287280,0000,040432,0.025582,0.0004,0.1599
2026-08-10T12:36:14.123511,0000,040440,0.013616,0.0000,0.1167
2026-08-10T12:36:15.948442,0000,040448,0.025646,-0.0010,0.1601
2026-08-10T12:36:17.725349,0000,040456,0.013618,-0.0012,0.1167
2026-08-10T12:36:19.499745,0000,040464,0.013317,-0.0010,0.1154
2026-08-10T12:36:21.408188,0000,040472,0.049965,-0.0002,0.2235
2026-08-10T12:36:23.320159,0000,040480,0.028538,0.0011,0.1689
2026-08-10T12:36:25.088860,0000,040488,0.013397,0.0013,0.1157
2026-08-10T12:36:27.140556,0000,040496,0.037907,0.0013,0.1947
2026-08-10T12:36:29.247137,0000,040504,0.020733,0.0012,0.1440
2026-08-10T12:36:31.174282,0000,040512,0.017725,-0.0002,0.1331
2026-08-10T12:36:32.889719,0000,040520,0.012600,-0.0007,0.1122
2026-08-10T12:36:34.638066,0000,040528,0.013192,-0.0004,0.1149
2026-08-10T12:36:36.769278,0000,040536,0.010472,0.0002,0.1023
2026-08-10T12:36:38.653248,0000,040544,0.018313,0.0001,0.1353
2026-08-10T12:36:40.531883,0000,040552,0.005871,-0.0003,0.0766
2026-08-10T12:36:42.554403,0000,040560,0.043082,-0.0001,0.2076
2026-08-10T12:36:44.630178,0000,040568,0.030543,0.0001,0.1748
2026-08-10T12:36:47.109456,0000,040576,0.041979,-0.0004,0.2049
2026-08-10T12:36:49.230797,0000,040584,0.014542,0.0003,0.1206
2026-08-10T12:36:51.131992,0000,040592,0.013645,0.0000,0.1168
2026-08-10T12:36:53.026690,0000,040600,0.022119,0.0003,0.1487
2026-08-10T12:36:54.968662,0000,040608,0.006839,0.0000,0.0827
2026-08-10T12:36:57.212024,0000,040616,0.020896,-0.0004,0.1446
2026-08-10T12:36:59.217377,0000,040624,0.011121,0.0000,0.1055
2026-08-10T12:37:01.502731,0000,040632,0.017249,0.0007,0.1313
2026-08-10T12:37:03.562023,0000,040640,0.012877,0.0008,0.1135
2026-08-10T12:37:05.784397,0000,040648,0.014923,0.0005,0.1222
2026-08-10T12:37:08.289382,0000,040656,0.020087,-0.0004,0.1417
2026-08-10T12:37:10.589995,0000,040664,0.029093,-0.0006,0.1706
2026-08-10T12:37:13.642519,0000,040672,0.009733,-0.0002,0.0987
2026-08-10T12:37:15.814148,0000,040680,0.011475,-0.0008,0.1071
2026-08-10T12:37:17.951363,0000,040688,0.019180,-0.0006,0.1385
2026-08-10T12:37:19.884792,0000,040696,0.008766,0.0003,0.0936
2026-08-10T12:37:21.982576,0000,040704,0.010757,0.0005,0.1037
2026-08-10T12:37:24.350272,0000,040712,0.007633,-0.0000,0.0874
2026-08-10T12:37:26.432408,0000,040720,0.013250,-0.0007,0.1151
2026-08-10T12:37:28.596904,0000,040728,0.034102,-0.0011,0.1847
2026-08-10T12:37:30.613409,0000,040736,0.026058,-0.0006,0.1614
2026-08-10T12:37:32.925444,0000,040744,0.007168,0.0001,0.0847
2026-08-10T12:37:35.168206,0000,040752,0.007513,0.0004,0.0867
2026-08-10T12:37:37.282473,0000,040760,0.017401,0.0000,0.1319
2026-08-10T12:37:39.658782,0000,040768,0.007788,-0.0009,0.0882
2026-08-10T12:37:41.736168,0000,040776,0.021268,-0.0012,0.1458
2026-08-10T12:37:43.704820,0000,040784,0.033865,-0.0010,0.1840
2026-08-10T12:37:45.959106,0000,040792,0.010493,-0.0001,0.1024
2026-08-10T12:37:48.173512,0000,040800,0.016863,0.0013,0.1299
2026-08-10T12:37:50.198909,0000,040808,0.029253,0.0018,0.1710
2026-08-10T12:37:52.142610,0000,040816,0.034718,0.0016,0.1863
2026-08-10T12:37:54.198929,0000,040824,0.021355,0.0013,0.1461
2026-08-10T12:37:56.399160,0000,040832,0.005297,0.0003,0.0728
2026-08-10T12:37:58.768905,0000,040840,0.014586,-0.0012,0.1208
2026-08-10T12:38:00.929097,0000,040848,0.021853,-0.0018,0.1478
2026-08-10T12:38:03.287745,0000,040856,0.030685,-0.0021,0.1752
2026-08-10T12:38:05.356341,0000,040864,0.015012,-0.0016,0.1225
2026-08-10T12:38:07.783931,0000,040872,0.008524,-0.0007,0.0923
2026-08-10T12:38:10.093056,0000,040880,0.009734,0.0004,0.0987
2026-08-10T12:38:12.801643,0000,040888,0.016682,0.0014,0.1292
2026-08-10T12:38:15.422510,0000,040896,0.020886,0.0012,0.1445
2026-08-10T12:38:17.592099,0000,040904,0.014445,0.0007,0.1202
2026-08-10T12:38:19.679596,0000,040912,0.019400,-0.0002,0.1393
2026-08-10T12:38:22.408709,0000,040920,0.014623,-0.0006,0.1209
2026-08-10T12:38:24.611231,0000,040928,0.006333,-0.0002,0.0796
2026-08-10T12:38:27.083123,0000,040936,0.023018,0.0006,0.1517
2026-08-10T12:38:29.106683,0000,040944,0.008928,0.0005,0.0945
2026-08-10T12:38:31.263793,0000,040952,0.008919,0.0002,0.0944
2026-08-10T12:38:33.268014,0000,040960,0.016010,-0.0007,0.1265
2026-08-10T12:38:35.348932,0000,040968,0.010988,-0.0008,0.1048
2026-08-10T12:38:37.434347,0000,040976,0.013318,-0.0005,0.1154
2026-08-10T12:38:39.437182,0000,040984,0.007805,0.0001,0.0883
2026-08-10T12:38:41.375846,0000,040992,0.009929,0.0003,0.0996
2026-08-10T12:38:43.249578,0000,041000,0.009542,0.0000,0.0977
2026-08-10T12:38:45.283294,0000,041008,0.009783,-0.0009,0.0989
2026-08-10T12:38:47.318836,0000,041016,0.020666,-0.0010,0.1438
2026-08-10T12:38:49.350104,0000,041024,0.010312,-0.0008,0.1015
2026-08-10T12:38:51.626776,0000,041032,0.158213,-0.0003,0.3978
2026-08-10T12:38:54.099207,0000,041040,0.024322,0.0011,0.1560
2026-08-10T12:38:56.234012,0000,041048,0.019681,0.0015,0.1403
2026-08-10T12:38:58.263902,0000,041056,0.018429,0.0017,0.1358
2026-08-10T12:39:00.528418,0000,041064,0.017453,0.0013,0.1321
2026-08-10T12:39:02.837490,0000,041072,0.005933,0.0003,0.0770
2026-08-10T12:39:04.969680,0000,041080,0.013562,-0.0009,0.1165
2026-08-10T12:39:07.156008,0000,041088,0.022346,-0.0019,0.1495
2026-08-10T12:39:09.163276,0000,041096,0.024731,-0.0018,0.1573
2026-08-10T12:39:11.177525,0000,041104,0.028009,-0.0016,0.1674
2026-08-10T12:39:13.277168,0000,041112,0.023205,-0.0007,0.1523
2026-08-10T12:39:15.419445,0000,041120,0.019377,0.0006,0.1392
2026-08-10T12:39:17.437717,0000,041128,0.024597,0.0011,0.1568
2026-08-10T12:39:19.570812,0000,041136,0.061558,0.0012,0.2481
2026-08-10T12:39:22.137629,0000,041144,0.027387,0.0007,0.1655
2026-08-10T12:39:24.326845,0000,041152,0.019485,-0.0001,0.1396
2026-08-10T12:39:26.310130,0000,041160,0.015942,-0.0003,0.1263
2026-08-10T12:39:29.154311,0000,041168,0.006507,-0.0002,0.0807
2026-08-10T12:39:31.229843,0000,041176,0.014501,0.0006,0.1204
2026-08-10T12:39:33.217319,0000,041184,0.011893,0.0005,0.1091
2026-08-10T12:39:35.284539,0000,041192,0.008611,0.0003,0.0928
2026-08-10T12:39:37.583549,0000,041200,0.015597,-0.0007,0.1249
2026-08-10T12:39:39.508424,0000,041208,0.008149,-0.0008,0.0903
2026-08-10T12:39:41.878591,0000,041216,0.010145,-0.0006,0.1007
2026-08-10T12:39:43.968463,0000,041224,0.011319,0.0002,0.1064
2026-08-10T12:39:46.078611,0000,041232,1.142400,-0.0006,1.0688
2026-08-10T12:39:48.136588,0000,041240,0.008405,0.0010,0.0917
2026-08-10T12:39:50.266618,0000,041248,0.015318,0.0011,0.1238
2026-08-10T12:39:52.460908,0000,041256,0.008444,0.0005,0.0919
2026-08-10T12:39:54.527813,0000,041264,0.031698,-0.0006,0.1780
2026-08-10T12:39:57.058064,0000,041272,0.005210,-0.0005,0.0722
2026-08-10T12:39:59.146517,0000,041280,0.008678,-0.0003,0.0932
2026-08-10T12:40:01.218910,0000,041288,0.008988,0.0004,0.0948
2026-08-10T12:40:03.273766,0000,041296,0.016383,0.0005,0.1280
2026-08-10T12:40:05.337584,0000,041304,0.019394,0.0002,0.1393
2026-08-10T12:40:07.355354,0000,041312,0.010129,-0.0007,0.1006
2026-08-10T12:40:09.469469,0000,041320,0.023236,-0.0011,0.1524
2026-08-10T12:40:11.500608,0000,041328,0.008362,-0.0007,0.0914
2026-08-10T12:40:13.842083,0000,041336,0.010837,0.0001,0.1041
2026-08-10T12:40:16.054537,0000,041344,0.011689,0.0003,0.1081
2026-08-10T12:40:18.108388,0000,041352,0.009798,-0.0001,0.0990
2026-08-10T12:40:20.409039,0000,041360,0.010681,0.0002,0.1033
2026-08-10T12:40:22.477507,0000,041368,0.005789,-0.0003,0.0761
2026-08-10T12:40:24.502931,0000,041376,0.014886,0.0001,0.1220
2026-08-10T12:40:26.498743,0000,041384,0.051571,-0.0004,0.2271
2026-08-10T12:40:28.765470,0000,041392,0.013919,-0.0003,0.1180
2026-08-10T12:40:30.879561,0000,041400,0.025155,0.0004,0.1586
2026-08-10T12:40:32.886302,0000,041408,0.008734,0.0007,0.0935
2026-08-10T12:40:34.993635,0000,041416,0.020447,0.0002,0.1430
2026-08-10T12:40:36.965636,0000,041424,0.011645,-0.0005,0.1079
2026-08-10T12:40:38.902454,0000,041432,0.013557,-0.0008,0.1164
2026-08-10T12:40:41.137447,0000,041440,0.011575,-0.0007,0.1076
2026-08-10T12:40:43.079784,0000,041448,0.022029,0.0001,0.1484
2026-08-10T12:40:45.075387,0000,041456,0.008144,0.0004,0.0902
2026-08-10T12:40:47.293676,0000,041464,1.130933,-0.0011,1.0635
2026-08-10T12:40:49.463005,0000,041472,0.013179,0.0002,0.1148
2026-08-10T12:40:51.622629,0000,041480,0.007665,-0.0001,0.0876
2026-08-10T12:40:54.317564,0000,041488,0.016238,-0.0002,0.1274
2026-08-10T12:40:56.643649,0000,041496,0.020931,0.0010,0.1447
2026-08-10T12:40:58.800728,0000,041504,0.009521,0.0007,0.0976
2026-08-10T12:41:01.087332,0000,041512,0.032145,0.0002,0.1793
2026-08-10T12:41:03.161800,0000,041520,0.012482,-0.0004,0.1117
2026-08-10T12:41:05.401358,0000,041528,0.014577,-0.0010,0.1207
2026-08-10T12:41:07.565375,0000,041536,0.019347,-0.0006,0.1391
2026-08-10T12:41:09.782462,0000,041544,0.010910,0.0000,0.1044
2026-08-10T12:41:11.712924,0000,041552,0.018898,0.0013,0.1375
2026-08-10T12:41:13.767014,0000,041560,0.016940,0.0018,0.1302
2026-08-10T12:41:15.729577,0000,041568,0.026277,0.0018,0.1621
2026-08-10T12:41:18.020160,0000,041576,0.022673,0.0018,0.1506
2026-08-10T12:41:20.150139,0000,041584,0.016885,0.0004,0.1299
2026-08-10T12:41:22.142556,0000,041592,0.011562,-0.0009,0.1075
2026-08-10T12:41:24.185878,0000,041600,0.026302,-0.0016,0.1622
2026-08-10T12:41:26.382616,0000,041608,0.029109,-0.0020,0.1706
2026-08-10T12:41:28.540598,0000,041616,0.044257,-0.0017,0.2104
2026-08-10T12:41:30.731154,0000,041624,0.022565,-0.0008,0.1502
2026-08-10T12:41:32.732585,0000,041632,0.008978,0.0006,0.0948
2026-08-10T12:41:34.707251,0000,041640,0.018405,0.0011,0.1357
2026-08-10T12:41:36.874548,0000,041648,0.034041,0.0011,0.1845
2026-08-10T12:41:39.052375,0000,041656,0.017455,0.0010,0.1321
2026-08-10T12:41:41.047147,0000,041664,0.012520,-0.0002,0.1119
2026-08-10T12:41:43.321316,0000,041672,0.057729,-0.0004,0.2403
2026-08-10T12:41:45.363083,0000,041680,0.018131,-0.0003,0.1347
2026-08-10T12:41:47.466246,0000,041688,0.007333,0.0005,0.0856
2026-08-10T12:41:49.539146,0000,041696,0.011207,0.0006,0.1059
2026-08-10T12:41:51.419441,0000,041704,0.008242,0.0002,0.0908
2026-08-10T12:41:53.336573,0000,041712,0.018907,-0.0007,0.1375
2026-08-10T12:41:55.598114,0000,041720,0.012597,-0.0010,0.1122
2026-08-10T12:41:57.559471,0000,041728,0.019628,-0.0006,0.1401
2026-08-10T12:41:59.541498,0000,041736,0.007750,0.0001,0.0880
2026-08-10T12:42:01.556166,0000,041744,1.173313,-0.0008,1.0832
2026-08-10T12:42:04.073399,0000,041752,0.020478,0.0010,0.1431
2026-08-10T12:42:06.002552,0000,041760,0.010229,0.0008,0.1011
2026-08-10T12:42:08.077501,0000,041768,0.028237,0.0005,0.1680
2026-08-10T12:42:10.821221,0000,041776,0.014660,-0.0003,0.1211
2026-08-10T12:42:12.878569,0000,041784,0.024022,-0.0007,0.1550
2026-08-10T12:42:14.791695,0000,041792,0.018116,-0.0004,0.1346
2026-08-10T12:42:16.855800,0000,041800,0.034483,0.0003,0.1857
2026-08-10T12:42:18.976219,0000,041808,0.013348,0.0004,0.1155
2026-08-10T12:42:21.065426,0000,041816,0.021282,0.0001,0.1459
2026-08-10T12:42:23.319049,0000,041824,0.017435,-0.0007,0.1320
2026-08-10T12:42:25.231716,0000,041832,0.013065,-0.0010,0.1143
2026-08-10T12:42:27.653056,0000,041840,0.016889,-0.0007,0.1300
2026-08-10T12:42:30.125595,0000,041848,0.072754,-0.0002,0.2697
2026-08-10T12:42:32.354829,0000,041856,0.013172,0.0012,0.1148
2026-08-10T12:42:34.805950,0000,041864,0.060412,0.0017,0.2458
2026-08-10T12:42:37.663968,0000,041872,0.021077,0.0020,0.1452
2026-08-10T12:42:40.037826,0000,041880,0.010816,0.0013,0.1040
2026-08-10T12:42:42.122091,0000,041888,0.012394,0.0003,0.1113
2026-08-10T12:42:44.265534,0000,041896,0.024642,-0.0014,0.1570
2026-08-10T12:42:46.198320,0000,041904,0.023642,-0.0018,0.1538
2026-08-10T12:42:48.203085,0000,041912,0.019831,-0.0020,0.1408
2026-08-10T12:42:50.078306,0000,041920,0.021246,-0.0015,0.1458
2026-08-10T12:42:51.896425,0000,041928,0.009537,-0.0007,0.0977
2026-08-10T12:42:54.013702,0000,041936,0.023701,0.0005,0.1540
2026-08-10T12:42:55.940413,0000,041944,0.014316,0.0013,0.1196
2026-08-10T12:42:57.906409,0000,041952,0.025777,0.0011,0.1606
2026-08-10T12:43:00.245364,0000,041960,0.034864,0.0006,0.1867
2026-08-10T12:43:02.123541,0000,041968,0.021997,-0.0003,0.1483
2026-08-10T12:43:04.033521,0000,041976,0.014804,-0.0005,0.1217
2026-08-10T12:43:06.242787,0000,041984,0.008269,0.0000,0.0909
2026-08-10T12:43:08.292405,0000,041992,0.021809,-0.0005,0.1477
2026-08-10T12:43:10.355171,0000,042000,0.045022,-0.0008,0.2122
2026-08-10T12:43:12.125052,0000,042008,0.026107,0.0003,0.1616
2026-08-10T12:43:13.939369,0000,042016,0.015204,0.0004,0.1233
2026-08-10T12:43:15.883602,0000,042024,0.020699,0.0002,0.1439
2026-08-10T12:43:17.763590,0000,042032,0.020446,-0.0007,0.1430
2026-08-10T12:43:19.668311,0000,042040,0.014503,-0.0009,0.1204
2026-08-10T12:43:21.568258,0000,042048,0.023145,-0.0007,0.1521
2026-08-10T12:43:23.644206,0000,042056,0.009689,-0.0001,0.0984
2026-08-10T12:43:25.540530,0000,042064,0.031413,0.0010,0.1772
2026-08-10T12:43:27.473276,0000,042072,0.031957,0.0017,0.1788
2026-08-10T12:43:29.333165,0000,042080,0.027681,0.0017,0.1664
2026-08-10T12:43:31.223373,0000,042088,0.046566,0.0011,0.2158
2026-08-10T12:43:33.321352,0000,042096,0.006035,0.0003,0.0777
2026-08-10T12:43:35.727237,0000,042104,0.021907,-0.0012,0.1480
2026-08-10T12:43:38.088015,0000,042112,0.050583,-0.0022,0.2249
2026-08-10T12:43:39.975582,0000,042120,0.036881,-0.0020,0.1920
2026-08-10T12:43:42.016221,0000,042128,0.016044,-0.0015,0.1267
2026-08-10T12:43:44.294151,0000,042136,0.036373,-0.0011,0.1907
2026-08-10T12:43:46.196983,0000,042144,0.017611,0.0004,0.1327
2026-08-10T12:43:48.277001,0000,042152,0.013808,0.0012,0.1175
2026-08-10T12:43:50.375379,0000,042160,0.029913,0.0012,0.1730
2026-08-10T12:43:53.390345,0000,042168,0.029835,0.0005,0.1727
2026-08-10T12:43:56.195255,0000,042176,0.017326,-0.0001,0.1316
2026-08-10T12:43:58.459895,0000,042184,0.021163,-0.0005,0.1455
2026-08-10T12:44:01.067448,0000,042192,0.008159,-0.0003,0.0903
2026-08-10T12:44:03.877168,0000,042200,0.012306,0.0005,0.1109
2026-08-10T12:44:05.846970,0000,042208,1.163614,-0.0007,1.0787
2026-08-10T12:44:07.823723,0000,042216,0.016880,0.0012,0.1299
2026-08-10T12:44:09.700910,0000,042224,0.012601,0.0012,0.1123
2026-08-10T12:44:11.674411,0000,042232,0.018536,0.0007,0.1361
2026-08-10T12:44:13.884501,0000,042240,0.010146,-0.0001,0.1007
2026-08-10T12:44:15.827095,0000,042248,0.022507,-0.0005,0.1500
2026-08-10T12:44:17.671179,0000,042256,0.007640,-0.0003,0.0874
2026-08-10T12:44:19.707299,0000,042264,0.008935,0.0006,0.0945
2026-08-10T12:44:21.648406,0000,042272,0.020015,0.0005,0.1415
2026-08-10T12:44:23.547970,0000,042280,0.015875,0.0002,0.1260
2026-08-10T12:44:25.516732,0000,042288,0.012201,-0.0007,0.1105
2026-08-10T12:44:27.957642,0000,042296,0.030030,-0.0012,0.1733
2026-08-10T12:44:30.056218,0000,042304,0.015608,-0.0008,0.1249
2026-08-10T12:44:32.131915,0000,042312,0.010090,-0.0001,0.1004
2026-08-10T12:44:34.208860,0000,042320,0.013929,0.0012,0.1180
2026-08-10T12:44:36.055855,0000,042328,0.024937,0.0017,0.1579
2026-08-10T12:44:37.903000,0000,042336,0.018628,0.0016,0.1365
2026-08-10T12:44:39.800921,0000,042344,0.015317,0.0014,0.1238
2026-08-10T12:44:42.013281,0000,042352,0.016185,0.0003,0.1272
2026-08-10T12:44:44.316025,0000,042360,0.019351,-0.0011,0.1391
2026-08-10T12:44:46.553695,0000,042368,0.028209,-0.0018,0.1680
2026-08-10T12:44:49.117753,0000,042376,0.032887,-0.0021,0.1813
2026-08-10T12:44:51.605202,0000,042384,0.020767,-0.0016,0.1441
2026-08-10T12:44:54.468751,0000,042392,0.010271,-0.0011,0.1013
2026-08-10T12:44:56.564722,0000,042400,0.017117,0.0004,0.1308
2026-08-10T12:44:59.106071,0000,042408,0.044557,0.0009,0.2111
2026-08-10T12:45:01.474152,0000,042416,0.018353,0.0013,0.1355
2026-08-10T12:45:03.611697,0000,042424,0.007430,0.0008,0.0862
2026-08-10T12:45:05.360715,0000,042432,0.005780,-0.0002,0.0760
2026-08-10T12:45:07.241770,0000,042440,0.018925,-0.0007,0.1376
2026-08-10T12:45:09.515251,0000,042448,0.015196,-0.0002,0.1233
2026-08-10T12:45:12.021653,0000,042456,0.067342,0.0003,0.2595
2026-08-10T12:45:14.269518,0000,042464,0.013312,0.0006,0.1154
2026-08-10T12:45:16.658695,0000,042472,0.008567,0.0001,0.0926
2026-08-10T12:45:19.350227,0000,042480,0.008317,-0.0008,0.0912
2026-08-10T12:45:21.534540,0000,042488,0.013449,-0.0010,0.1160
2026-08-10T12:45:23.461624,0000,042496,0.012046,-0.0006,0.1098
2026-08-10T12:45:25.355023,0000,042504,0.008291,-0.0000,0.0911
2026-08-10T12:45:27.419175,0000,042512,0.011614,0.0011,0.1078
2026-08-10T12:45:29.325228,0000,042520,0.021064,0.0016,0.1451
2026-08-10T12:45:31.702637,0000,042528,0.035158,0.0021,0.1875
2026-08-10T12:45:33.748572,0000,042536,0.015108,0.0011,0.1229
2026-08-10T12:45:35.964952,0000,042544,0.010520,0.0004,0.1026
2026-08-10T12:45:38.101847,0000,042552,0.036906,-0.0013,0.1921
2026-08-10T12:45:40.560037,0000,042560,0.025516,-0.0018,0.1597
2026-08-10T12:45:43.082043,0000,042568,0.189840,-0.0026,0.4357
2026-08-10T12:45:45.062661,0000,042576,0.026878,-0.0015,0.1639
2026-08-10T12:45:47.342404,0000,042584,0.017101,-0.0010,0.1308
2026-08-10T12:45:49.581362,0000,042592,0.010251,0.0005,0.1012
2026-08-10T12:45:51.649350,0000,042600,0.014349,0.0012,0.1198
2026-08-10T12:45:54.048277,0000,042608,0.030954,0.0009,0.1759
2026-08-10T12:45:56.070518,0000,042616,0.034187,0.0006,0.1849
2026-08-10T12:45:58.153417,0000,042624,0.016596,-0.0004,0.1288
2026-08-10T12:46:00.480159,0000,042632,0.012072,-0.0006,0.1099
2026-08-10T12:46:02.773624,0000,042640,0.137839,-0.0004,0.3713
2026-08-10T12:46:05.140721,0000,042648,0.013847,0.0004,0.1177
2026-08-10T12:46:07.238255,0000,042656,0.006832,0.0006,0.0827
2026-08-10T12:46:09.036507,0000,042664,0.006933,0.0000,0.0833
2026-08-10T12:46:11.236734,0000,042672,0.013246,-0.0009,0.1151
2026-08-10T12:46:13.241941,0000,042680,0.011747,-0.0008,0.1084
2026-08-10T12:46:15.117496,0000,042688,0.029031,-0.0008,0.1704
2026-08-10T12:46:17.219485,0000,042696,0.014041,0.0000,0.1185
2026-08-10T12:46:19.704885,0000,042704,0.019323,0.0001,0.1390
2026-08-10T12:46:21.921597,0000,042712,0.005039,-0.0001,0.0710
2026-08-10T12:46:24.320273,0000,042720,0.018187,0.0002,0.1349
2026-08-10T12:46:26.066474,0000,042728,0.014238,-0.0002,0.1193
2026-08-10T12:46:27.960273,0000,042736,0.012615,-0.0002,0.1123
2026-08-10T12:46:29.918211,0000,042744,0.006625,0.0006,0.0814
2026-08-10T12:46:32.152537,0000,042752,0.010007,0.0007,0.1000
2026-08-10T12:46:34.253805,0000,042760,0.023426,0.0002,0.1531
2026-08-10T12:46:36.109462,0000,042768,0.152457,-0.0008,0.3905
2026-08-10T12:46:38.059057,0000,042776,0.015251,-0.0008,0.1235
2026-08-10T12:46:40.202004,0000,042784,0.009295,-0.0006,0.0964
2026-08-10T12:46:42.357899,0000,042792,0.013843,0.0001,0.1177
2026-08-10T12:46:44.311303,0000,042800,0.020695,0.0003,0.1439
2026-08-10T12:46:46.278182,0000,042808,0.012794,-0.0000,0.1131
2026-08-10T12:46:48.911895,0000,042816,0.009574,0.0001,0.0978
2026-08-10T12:46:51.233531,0000,042824,0.016286,-0.0003,0.1276
2026-08-10T12:46:54.001400,0000,042832,0.013856,0.0002,0.1177
2026-08-10T12:46:56.220578,0000,042840,0.007316,-0.0004,0.0855
2026-08-10T12:46:58.328391,0000,042848,0.019618,-0.0002,0.1401
2026-08-10T12:47:00.443334,0000,042856,0.011445,0.0004,0.1070
2026-08-10T12:47:02.307188,0000,042864,0.022371,0.0005,0.1496
2026-08-10T12:47:04.138077,0000,042872,0.007233,0.0002,0.0850
2026-08-10T12:47:06.243950,0000,042880,0.051882,-0.0007,0.2278
2026-08-10T12:47:08.121274,0000,042888,0.015844,-0.0009,0.1259
2026-08-10T12:47:10.618548,0000,042896,0.018638,-0.0008,0.1365
2026-08-10T12:47:13.254347,0000,042904,0.027279,-0.0002,0.1652
2026-08-10T12:47:15.670069,0000,042912,0.016522,0.0010,0.1285
2026-08-10T12:47:18.048192,0000,042920,0.023485,0.0016,0.1532
2026-08-10T12:47:20.708610,0000,042928,0.026928,0.0016,0.1641
2026-08-10T12:47:23.271753,0000,042936,0.013265,0.0012,0.1152
2026-08-10T12:47:25.503571,0000,042944,0.007512,0.0002,0.0867
2026-08-10T12:47:28.003294,0000,042952,0.014147,-0.0012,0.1189
2026-08-10T12:47:30.196343,0000,042960,0.024989,-0.0020,0.1581
2026-08-10T12:47:32.216327,0000,042968,0.027064,-0.0020,0.1645
2026-08-10T12:47:34.172790,0000,042976,0.015415,-0.0018,0.1242
2026-08-10T12:47:36.133223,0000,042984,0.035960,-0.0011,0.1896
2026-08-10T12:47:38.107890,0000,042992,0.015676,0.0003,0.1252
2026-08-10T12:47:39.992070,0000,043000,0.025057,0.0011,0.1583
2026-08-10T12:47:41.908880,0000,043008,0.015997,0.0010,0.1265
2026-08-10T12:47:43.714213,0000,043016,0.011147,0.0006,0.1056
2026-08-10T12:47:45.643889,0000,043024,0.012479,-0.0003,0.1117
2026-08-10T12:47:47.842601,0000,043032,0.008351,-0.0007,0.0914
2026-08-10T12:47:50.088046,0000,043040,0.021455,-0.0006,0.1465
2026-08-10T12:47:52.439880,0000,043048,0.009547,0.0003,0.0977
2026-08-10T12:47:54.448624,0000,043056,0.018377,0.0004,0.1356
2026-08-10T12:47:57.090528,0000,043064,0.006493,0.0000,0.0806
2026-08-10T12:47:59.327085,0000,043072,0.020351,0.0001,0.1427
2026-08-10T12:48:01.446983,0000,043080,0.012639,-0.0001,0.1124
2026-08-10T12:48:04.196776,0000,043088,0.137852,-0.0001,0.3713
2026-08-10T12:48:06.145477,0000,043096,0.008426,0.0006,0.0918
2026-08-10T12:48:08.420756,0000,043104,0.008737,0.0008,0.0935
2026-08-10T12:48:10.706597,0000,043112,0.009606,0.0003,0.0980
2026-08-10T12:48:12.854496,0000,043120,0.010361,-0.0005,0.1018
2026-08-10T12:48:15.073930,0000,043128,0.016141,-0.0008,0.1270
2026-08-10T12:48:17.209913,0000,043136,0.012059,-0.0005,0.1098
2026-08-10T12:48:19.259405,0000,043144,0.009210,0.0000,0.0960
2026-08-10T12:48:21.299525,0000,043152,0.026712,0.0012,0.1634
2026-08-10T12:48:23.379853,0000,043160,0.029088,0.0018,0.1706
2026-08-10T12:48:25.342165,0000,043168,0.016611,0.0017,0.1289
2026-08-10T12:48:27.309834,0000,043176,0.016981,0.0011,0.1303
2026-08-10T12:48:29.439905,0000,043184,0.019253,0.0002,0.1388
2026-08-10T12:48:31.665136,0000,043192,0.031176,-0.0013,0.1766
2026-08-10T12:48:33.795628,0000,043200,0.026906,-0.0020,0.1640
2026-08-10T12:48:35.961974,0000,043208,0.037936,-0.0023,0.1948
2026-08-10T12:48:37.924302,0000,043216,0.026066,-0.0016,0.1615
2026-08-10T12:48:39.864454,0000,043224,0.018788,-0.0007,0.1371
2026-08-10T12:48:41.867410,0000,043232,0.018323,0.0003,0.1354
2026-08-10T12:48:43.909982,0000,043240,0.026877,0.0009,0.1639
2026-08-10T12:48:46.059312,0000,043248,0.011556,0.0010,0.1075
2026-08-10T12:48:48.164201,0000,043256,0.009675,0.0006,0.0984
2026-08-10T12:48:50.266108,0000,043264,0.023295,-0.0003,0.1526
2026-08-10T12:48:52.453751,0000,043272,0.010402,-0.0007,0.1020
2026-08-10T12:48:54.444195,0000,043280,0.141742,-0.0005,0.3765
2026-08-10T12:48:56.494478,0000,043288,0.009313,0.0002,0.0965
2026-08-10T12:48:58.659172,0000,043296,0.010314,0.0003,0.1016
2026-08-10T12:49:00.583773,0000,043304,0.010407,-0.0000,0.1020
2026-08-10T12:49:02.619822,0000,043312,0.018548,-0.0009,0.1362
2026-08-10T12:49:04.622739,0000,043320,0.011321,-0.0010,0.1064
2026-08-10T12:49:06.629772,0000,043328,0.015166,-0.0009,0.1231
2026-08-10T12:49:08.569939,0000,043336,0.011770,-0.0000,0.1085
2026-08-10T12:49:10.592692,0000,043344,0.016423,0.0012,0.1282
2026-08-10T12:49:12.680726,0000,043352,0.023640,0.0016,0.1538
2026-08-10T12:49:15.421726,0000,043360,0.034065,0.0025,0.1846
2026-08-10T12:49:17.717854,0000,043368,0.017987,0.0012,0.1341
2026-08-10T12:49:20.486009,0000,043376,0.022025,0.0002,0.1484
2026-08-10T12:49:22.981034,0000,043384,0.042873,-0.0017,0.2071
2026-08-10T12:49:25.087881,0000,043392,0.023088,-0.0018,0.1519
2026-08-10T12:49:27.259797,0000,043400,0.024590,-0.0022,0.1568
2026-08-10T12:49:29.329624,0000,043408,0.021787,-0.0016,0.1476
2026-08-10T12:49:31.677565,0000,043416,0.017896,-0.0006,0.1338
2026-08-10T12:49:34.097082,0000,043424,0.155771,0.0005,0.3947
2026-08-10T12:49:36.129312,0000,043432,0.022394,0.0010,0.1496
2026-08-10T12:49:38.044724,0000,043440,0.011044,0.0010,0.1051
2026-08-10T12:49:40.053818,0000,043448,0.013842,0.0007,0.1177
2026-08-10T12:49:41.899711,0000,043456,0.004950,-0.0002,0.0704
2026-08-10T12:49:44.145346,0000,043464,0.019934,-0.0008,0.1412
2026-08-10T12:49:46.151134,0000,043472,0.007504,-0.0002,0.0866
2026-08-10T12:49:48.329225,0000,043480,0.010896,0.0003,0.1044
2026-08-10T12:49:50.336629,0000,043488,0.011250,0.0004,0.1061
2026-08-10T12:49:52.473105,0000,043496,0.010144,0.0002,0.1007
2026-08-10T12:49:54.423225,0000,043504,0.010726,-0.0007,0.1036
2026-08-10T12:49:56.660890,0000,043512,0.030350,-0.0013,0.1742
2026-08-10T12:49:58.672936,0000,043520,1.150124,-0.0018,1.0724
2026-08-10T12:50:00.684361,0000,043528,0.013774,0.0002,0.1174
2026-08-10T12:50:02.813198,0000,043536,0.011675,0.0000,0.1081
2026-08-10T12:50:04.938873,0000,043544,0.023262,0.0008,0.1525
2026-08-10T12:50:06.877733,0000,043552,0.006344,0.0009,0.0796
2026-08-10T12:50:08.959473,0000,043560,0.009674,0.0004,0.0984
2026-08-10T12:50:10.905224,0000,043568,0.026239,-0.0003,0.1620
2026-08-10T12:50:13.031622,0000,043576,0.010312,-0.0006,0.1016
2026-08-10T12:50:15.303971,0000,043584,0.039287,-0.0005,0.1982
2026-08-10T12:50:17.335198,0000,043592,0.006604,0.0003,0.0813
2026-08-10T12:50:19.543683,0000,043600,0.014431,0.0004,0.1201
2026-08-10T12:50:21.620503,0000,043608,0.065046,-0.0001,0.2550
2026-08-10T12:50:23.785727,0000,043616,0.030361,-0.0000,0.1742
2026-08-10T12:50:26.059490,0000,043624,0.006505,0.0009,0.0807
2026-08-10T12:50:28.468698,0000,043632,1.157904,-0.0002,1.0761
2026-08-10T12:50:30.527556,0000,043640,0.011854,0.0005,0.1089
2026-08-10T12:50:32.431689,0000,043648,0.016275,-0.0004,0.1276
2026-08-10T12:50:34.499490,0000,043656,0.038792,-0.0009,0.1970
2026-08-10T12:50:36.473628,0000,043664,0.010083,-0.0004,0.1004
2026-08-10T12:50:38.428592,0000,043672,0.011851,0.0003,0.1089
2026-08-10T12:50:40.423607,0000,043680,0.019088,0.0004,0.1382
2026-08-10T12:50:42.490545,0000,043688,0.029920,-0.0001,0.1730
2026-08-10T12:50:44.419649,0000,043696,0.008177,0.0002,0.0904
2026-08-10T12:50:46.447407,0000,043704,0.044969,-0.0001,0.2121
2026-08-10T12:50:48.886681,0000,043712,0.025814,0.0000,0.1607
2026-08-10T12:50:51.178195,0000,043720,0.022930,0.0006,0.1514
2026-08-10T12:50:53.348756,0000,043728,0.012061,0.0008,0.1098
2026-08-10T12:50:55.513853,0000,043736,0.006376,0.0003,0.0799
2026-08-10T12:50:57.598316,0000,043744,0.012483,-0.0005,0.1117
2026-08-10T12:50:59.509627,0000,043752,0.017905,-0.0008,0.1338
2026-08-10T12:51:01.510214,0000,043760,0.147985,-0.0009,0.3847
2026-08-10T12:51:03.411405,0000,043768,0.009386,0.0001,0.0969
2026-08-10T12:51:05.548939,0000,043776,0.024421,0.0000,0.1563
2026-08-10T12:51:07.489716,0000,043784,0.023976,0.0007,0.1548
2026-08-10T12:51:09.466575,0000,043792,0.014151,0.0009,0.1190
2026-08-10T12:51:11.468485,0000,043800,0.005262,0.0005,0.0725
2026-08-10T12:51:13.554494,0000,043808,0.007383,-0.0004,0.0859
2026-08-10T12:51:15.534299,0000,043816,0.015649,-0.0008,0.1251
2026-08-10T12:51:17.464544,0000,043824,0.022515,-0.0006,0.1500
2026-08-10T12:51:19.377943,0000,043832,0.005569,0.0001,0.0746
2026-08-10T12:51:21.387304,0000,043840,0.017463,0.0003,0.1321
2026-08-10T12:51:23.384209,0000,043848,0.024788,-0.0001,0.1574
2026-08-10T12:51:25.812213,0000,043856,0.022615,0.0003,0.1504
2026-08-10T12:51:28.172970,0000,043864,0.010866,-0.0001,0.1042
2026-08-10T12:51:30.236215,0000,043872,0.014516,-0.0000,0.1205
2026-08-10T12:51:32.156208,0000,043880,0.018384,0.0005,0.1356
2026-08-10T12:51:34.062670,0000,043888,0.010695,0.0006,0.1034
2026-08-10T12:51:36.426347,0000,043896,0.035516,0.0002,0.1885
2026-08-10T12:51:38.397625,0000,043904,0.009769,-0.0006,0.0988
2026-08-10T12:51:40.656058,0000,043912,0.028242,-0.0010,0.1681
2026-08-10T12:51:42.817743,0000,043920,1.163741,-0.0016,1.0788
2026-08-10T12:51:44.936885,0000,043928,0.010325,0.0001,0.1016
2026-08-10T12:51:46.959985,0000,043936,0.007978,0.0003,0.0893
2026-08-10T12:51:49.334853,0000,043944,0.020900,-0.0002,0.1446
2026-08-10T12:51:51.338184,0000,043952,0.011052,-0.0000,0.1051
2026-08-10T12:51:53.453635,0000,043960,0.043387,0.0005,0.2083
2026-08-10T12:51:55.518236,0000,043968,0.038743,0.0006,0.1968
2026-08-10T12:51:57.822228,0000,043976,0.005887,0.0004,0.0767
2026-08-10T12:52:00.156259,0000,043984,0.022725,-0.0006,0.1507
2026-08-10T12:52:02.234458,0000,043992,0.012281,-0.0007,0.1108
2026-08-10T12:52:04.450139,0000,044000,0.023611,-0.0008,0.1537
2026-08-10T12:52:06.718836,0000,044008,0.015194,0.0000,0.1233
2026-08-10T12:52:08.717969,0000,044016,0.155692,0.0000,0.3946
2026-08-10T12:52:10.851362,0000,044024,0.005705,-0.0001,0.0755
2026-08-10T12:52:12.918268,0000,044032,0.010313,0.0001,0.1016
2026-08-10T12:52:14.942737,0000,044040,0.008875,-0.0003,0.0942
2026-08-10T12:52:16.887827,0000,044048,0.004772,-0.0000,0.0691
2026-08-10T12:52:18.900980,0000,044056,0.023537,0.0004,0.1534
2026-08-10T12:52:20.941311,0000,044064,0.009832,0.0005,0.0992
2026-08-10T12:52:23.065795,0000,044072,0.145897,0.0002,0.3820
2026-08-10T12:52:25.108658,0000,044080,0.012397,-0.0005,0.1113
2026-08-10T12:52:27.261273,0000,044088,0.014107,-0.0008,0.1188
2026-08-10T12:52:29.315205,0000,044096,0.158298,-0.0009,0.3979
2026-08-10T12:52:31.510547,0000,044104,0.016764,0.0000,0.1295
2026-08-10T12:52:33.453085,0000,044112,0.006125,0.0001,0.0783
2026-08-10T12:52:35.478110,0000,044120,0.009384,-0.0002,0.0969
2026-08-10T12:52:37.414085,0000,044128,0.015202,0.0000,0.1233
2026-08-10T12:52:39.529878,0000,044136,0.042866,-0.0005,0.2070
2026-08-10T12:52:41.513052,0000,044144,0.010367,-0.0001,0.1018
2026-08-10T12:52:43.675027,0000,044152,0.006525,0.0006,0.0808
2026-08-10T12:52:45.556928,0000,044160,0.008991,0.0006,0.0948
2026-08-10T12:52:47.785667,0000,044168,0.015048,0.0007,0.1227
2026-08-10T12:52:49.683727,0000,044176,0.017976,-0.0006,0.1341
2026-08-10T12:52:52.209761,0000,044184,0.050599,-0.0015,0.2249
2026-08-10T12:52:54.256428,0000,044192,0.006735,-0.0006,0.0821
2026-08-10T12:52:56.261568,0000,044200,0.018708,0.0000,0.1368
2026-08-10T12:52:58.659160,0000,044208,0.055333,0.0003,0.2352
2026-08-10T12:53:00.637734,0000,044216,0.019578,-0.0001,0.1399
2026-08-10T12:53:02.850655,0000,044224,0.036753,-0.0001,0.1917
2026-08-10T12:53:04.936013,0000,044232,0.014509,0.0006,0.1205
2026-08-10T12:53:06.963487,0000,044240,0.014068,0.0007,0.1186
2026-08-10T12:53:09.278785,0000,044248,0.027375,0.0005,0.1655
2026-08-10T12:53:11.174057,0000,044256,0.005495,-0.0004,0.0741
2026-08-10T12:53:13.599859,0000,044264,0.011461,-0.0009,0.1071
2026-08-10T12:53:15.930048,0000,044272,0.151154,-0.0006,0.3888
2026-08-10T12:53:17.970932,0000,044280,0.016825,0.0002,0.1297
2026-08-10T12:53:20.156734,0000,044288,0.017337,0.0003,0.1317
2026-08-10T12:53:22.178740,0000,044296,0.037816,-0.0002,0.1945
2026-08-10T12:53:24.130263,0000,044304,0.047943,0.0002,0.2190
2026-08-10T12:53:26.123577,0000,044312,0.006087,-0.0002,0.0780
2026-08-10T12:53:28.141832,0000,044320,0.013778,-0.0001,0.1174
2026-08-10T12:53:30.689357,0000,044328,0.013175,0.0009,0.1148
2026-08-10T12:53:32.994753,0000,044336,0.026627,0.0006,0.1632
2026-08-10T12:53:34.962035,0000,044344,0.010438,0.0002,0.1022
2026-08-10T12:53:37.202502,0000,044352,0.009399,-0.0006,0.0969
2026-08-10T12:53:39.144928,0000,044360,0.026416,-0.0008,0.1625
2026-08-10T12:53:41.068763,0000,044368,0.015782,-0.0007,0.1256
2026-08-10T12:53:42.979931,0000,044376,0.026338,0.0001,0.1623
2026-08-10T12:53:45.461769,0000,044384,0.007528,0.0003,0.0868
2026-08-10T12:53:47.677734,0000,044392,0.013286,-0.0000,0.1153
2026-08-10T12:53:49.669551,0000,044400,0.016528,0.0001,0.1286
2026-08-10T12:53:51.590728,0000,044408,0.006975,-0.0002,0.0835
2026-08-10T12:53:53.528075,0000,044416,0.008615,-0.0001,0.0928
2026-08-10T12:53:55.442597,0000,044424,0.010856,0.0005,0.1042
2026-08-10T12:53:57.306814,0000,044432,0.013112,0.0007,0.1145
2026-08-10T12:53:59.273118,0000,044440,0.017861,0.0003,0.1336
2026-08-10T12:54:01.446681,0000,044448,0.010359,-0.0006,0.1018
2026-08-10T12:54:03.492256,0000,044456,0.014709,-0.0009,0.1213
2026-08-10T12:54:05.564428,0000,044464,0.007645,-0.0006,0.0874
2026-08-10T12:54:07.641325,0000,044472,0.010306,-0.0000,0.1015
2026-08-10T12:54:09.720781,0000,044480,0.017006,0.0012,0.1304
2026-08-10T12:54:11.750549,0000,044488,0.020050,0.0018,0.1416
2026-08-10T12:54:14.001742,0000,044496,0.025365,0.0019,0.1593
2026-08-10T12:54:15.948719,0000,044504,0.014526,0.0012,0.1205
2026-08-10T12:54:17.919725,0000,044512,0.008673,0.0003,0.0931
2026-08-10T12:54:19.863007,0000,044520,0.012138,-0.0010,0.1102
2026-08-10T12:54:22.109210,0000,044528,0.023323,-0.0018,0.1527
2026-08-10T12:54:24.020678,0000,044536,0.015787,-0.0017,0.1256
2026-08-10T12:54:26.125575,0000,044544,0.040030,-0.0018,0.2001
2026-08-10T12:54:28.109657,0000,044552,0.011702,-0.0008,0.1082
2026-08-10T12:54:30.116600,0000,044560,0.006936,0.0004,0.0833
2026-08-10T12:54:32.145092,0000,044568,0.009705,0.0009,0.0985
2026-08-10T12:54:34.047275,0000,044576,0.020274,0.0010,0.1424
2026-08-10T12:54:36.072234,0000,044584,0.011483,0.0006,0.1072
2026-08-10T12:54:38.069445,0000,044592,0.011460,-0.0003,0.1071
2026-08-10T12:54:40.074492,0000,044600,0.009265,-0.0006,0.0963
2026-08-10T12:54:42.033372,0000,044608,0.012332,-0.0003,0.1110
2026-08-10T12:54:44.006717,0000,044616,0.009910,0.0004,0.0995
2026-08-10T12:54:46.374512,0000,044624,0.027547,0.0004,0.1660
2026-08-10T12:54:48.532959,0000,044632,0.006545,0.0001,0.0809
2026-08-10T12:54:50.821517,0000,044640,0.009137,-0.0007,0.0956
2026-08-10T12:54:52.927999,0000,044648,0.014757,-0.0009,0.1215
2026-08-10T12:54:55.122860,0000,044656,0.014939,-0.0008,0.1222
2026-08-10T12:54:57.081297,0000,044664,0.015663,0.0000,0.1252
2026-08-10T12:54:59.317164,0000,044672,0.042170,0.0000,0.2054
2026-08-10T12:55:01.647610,0000,044680,0.014512,0.0002,0.1205
2026-08-10T12:55:03.583343,0000,044688,0.014745,-0.0009,0.1214
2026-08-10T12:55:05.536440,0000,044696,0.026675,-0.0012,0.1633
2026-08-10T12:55:07.993681,0000,044704,0.015291,-0.0012,0.1237
2026-08-10T12:55:10.047661,0000,044712,0.031173,-0.0004,0.1766
2026-08-10T12:55:12.211740,0000,044720,0.028441,0.0009,0.1686
2026-08-10T12:55:14.153528,0000,044728,0.018838,0.0015,0.1373
2026-08-10T12:55:16.151279,0000,044736,0.020201,0.0016,0.1421
2026-08-10T12:55:18.111639,0000,044744,0.017199,0.0010,0.1311
2026-08-10T12:55:20.183747,0000,044752,0.010251,0.0001,0.1012
2026-08-10T12:55:22.286597,0000,044760,0.009483,-0.0011,0.0974
2026-08-10T12:55:24.669463,0000,044768,0.027506,-0.0021,0.1659
2026-08-10T12:55:26.876737,0000,044776,0.025955,-0.0020,0.1611
2026-08-10T12:55:28.834327,0000,044784,0.020323,-0.0016,0.1426
2026-08-10T12:55:31.111567,0000,044792,0.012101,-0.0009,0.1100
2026-08-10T12:55:33.310563,0000,044800,0.044383,0.0002,0.2107
2026-08-10T12:55:35.585303,0000,044808,0.032545,0.0010,0.1804
2026-08-10T12:55:37.857213,0000,044816,0.020960,0.0010,0.1448
2026-08-10T12:55:40.217225,0000,044824,0.006805,0.0007,0.0825
2026-08-10T12:55:42.512744,0000,044832,0.009663,-0.0002,0.0983
2026-08-10T12:55:44.468027,0000,044840,0.010718,-0.0005,0.1035
2026-08-10T12:55:46.333004,0000,044848,0.017634,-0.0004,0.1328
2026-08-10T12:55:48.438209,0000,044856,0.019894,0.0004,0.1410
2026-08-10T12:55:50.393191,0000,044864,0.015576,0.0005,0.1248
2026-08-10T12:55:52.501452,0000,044872,0.016090,0.0000,0.1268
2026-08-10T12:55:54.876435,0000,044880,0.013117,0.0005,0.1145
2026-08-10T12:55:57.430884,0000,044888,0.012900,-0.0002,0.1136
2026-08-10T12:55:59.777526,0000,044896,0.042678,-0.0004,0.2066
2026-08-10T12:56:01.741972,0000,044904,0.016552,0.0005,0.1287
2026-08-10T12:56:03.660765,0000,044912,0.012263,0.0007,0.1107
2026-08-10T12:56:05.597335,0000,044920,0.007844,0.0001,0.0886
2026-08-10T12:56:07.444163,0000,044928,0.008562,-0.0007,0.0925
2026-08-10T12:56:09.338353,0000,044936,0.063876,-0.0010,0.2527
2026-08-10T12:56:11.494171,0000,044944,0.015508,-0.0007,0.1245
2026-08-10T12:56:13.539352,0000,044952,0.024549,-0.0003,0.1567
2026-08-10T12:56:15.582384,0000,044960,0.021331,0.0009,0.1461
2026-08-10T12:56:17.666240,0000,044968,0.191425,0.0012,0.4375
2026-08-10T12:56:19.750456,0000,044976,0.064346,0.0014,0.2537
2026-08-10T12:56:21.733469,0000,044984,0.011791,0.0008,0.1086
2026-08-10T12:56:23.999265,0000,044992,0.019555,-0.0001,0.1398
2026-08-10T12:56:25.919196,0000,045000,0.022811,-0.0005,0.1510
2026-08-10T12:56:28.065352,0000,045008,0.006699,-0.0002,0.0818
2026-08-10T12:56:30.084937,0000,045016,0.007530,0.0003,0.0868
2026-08-10T12:56:32.362370,0000,045024,0.007400,0.0004,0.0860
2026-08-10T12:56:34.540604,0000,045032,0.011738,0.0001,0.1083
2026-08-10T12:56:36.662212,0000,045040,0.013106,-0.0008,0.1145
2026-08-10T12:56:38.616494,0000,045048,1.165227,-0.0023,1.0795
2026-08-10T12:56:40.655313,0000,045056,0.018050,-0.0009,0.1344
2026-08-10T12:56:42.573403,0000,045064,0.011749,-0.0003,0.1084
2026-08-10T12:56:44.677963,0000,045072,0.026859,0.0010,0.1639
2026-08-10T12:56:46.577216,0000,045080,0.020133,0.0013,0.1419
2026-08-10T12:56:48.580195,0000,045088,0.036920,0.0013,0.1921
2026-08-10T12:56:50.590216,0000,045096,0.023527,0.0008,0.1534
2026-08-10T12:56:52.812210,0000,045104,0.012113,0.0001,0.1101
2026-08-10T12:56:54.760025,0000,045112,0.024192,-0.0014,0.1555
2026-08-10T12:56:56.774110,0000,045120,0.025896,-0.0021,0.1609
2026-08-10T12:56:58.788044,0000,045128,0.022581,-0.0021,0.1503
2026-08-10T12:57:00.834209,0000,045136,0.016884,-0.0019,0.1299
2026-08-10T12:57:03.001374,0000,045144,1.133742,-0.0020,1.0648
2026-08-10T12:57:05.057970,0000,045152,0.012981,0.0000,0.1139
2026-08-10T12:57:07.109108,0000,045160,0.012089,0.0006,0.1099
2026-08-10T12:57:09.117311,0000,045168,0.011708,0.0007,0.1082
2026-08-10T12:57:11.182912,0000,045176,0.014457,0.0003,0.1202
2026-08-10T12:57:13.408594,0000,045184,0.012733,-0.0007,0.1128
2026-08-10T12:57:15.554147,0000,045192,0.013485,-0.0008,0.1161
2026-08-10T12:57:17.537248,0000,045200,0.024964,-0.0007,0.1580
2026-08-10T12:57:19.523033,0000,045208,0.017410,-0.0001,0.1319
2026-08-10T12:57:21.530913,0000,045216,0.018758,0.0010,0.1370
2026-08-10T12:57:23.542093,0000,045224,0.038960,0.0016,0.1974
2026-08-10T12:57:25.516178,0000,045232,0.033465,0.0016,0.1829
2026-08-10T12:57:27.524811,0000,045240,0.017159,0.0009,0.1310
2026-08-10T12:57:29.813832,0000,045248,0.038041,-0.0001,0.1950
2026-08-10T12:57:32.225395,0000,045256,0.012415,-0.0003,0.1114
2026-08-10T12:57:34.426138,0000,045264,0.028924,-0.0003,0.1701
2026-08-10T12:57:36.585541,0000,045272,0.020744,0.0004,0.1440
2026-08-10T12:57:38.713193,0000,045280,0.006073,0.0005,0.0779
2026-08-10T12:57:40.718708,0000,045288,0.012716,0.0000,0.1128
2026-08-10T12:57:42.996135,0000,045296,0.016413,-0.0009,0.1281
2026-08-10T12:57:45.668172,0000,045304,0.030449,-0.0011,0.1745
2026-08-10T12:57:47.636104,0000,045312,0.014781,-0.0006,0.1216
2026-08-10T12:57:49.506510,0000,045320,0.014210,-0.0002,0.1192
2026-08-10T12:57:51.414000,0000,045328,0.020589,0.0008,0.1435
2026-08-10T12:57:53.440830,0000,045336,0.026484,0.0015,0.1627
2026-08-10T12:57:55.419004,0000,045344,0.014431,0.0014,0.1201
2026-08-10T12:57:57.566729,0000,045352,0.012557,0.0008,0.1121
2026-08-10T12:57:59.760271,0000,045360,0.019138,0.0002,0.1383
2026-08-10T12:58:01.905875,0000,045368,0.013086,-0.0015,0.1144
2026-08-10T12:58:03.779597,0000,045376,0.019713,-0.0019,0.1404
2026-08-10T12:58:05.714752,0000,045384,0.019319,-0.0021,0.1390
2026-08-10T12:58:07.610694,0000,045392,0.019988,-0.0018,0.1414
2026-08-10T12:58:09.503816,0000,045400,0.017580,-0.0010,0.1326
2026-08-10T12:58:11.555118,0000,045408,0.022138,0.0001,0.1488
2026-08-10T12:58:13.949805,0000,045416,0.013207,0.0010,0.1149
2026-08-10T12:58:16.176569,0000,045424,0.019572,0.0009,0.1399
2026-08-10T12:58:18.420575,0000,045432,0.010024,0.0004,0.1001
2026-08-10T12:58:20.647156,0000,045440,0.013060,-0.0005,0.1143
2026-08-10T12:58:22.753717,0000,045448,0.022652,-0.0010,0.1505
2026-08-10T12:58:24.904836,0000,045456,0.032372,-0.0008,0.1799
2026-08-10T12:58:27.038831,0000,045464,0.161018,-0.0001,0.4013
2026-08-10T12:58:29.086483,0000,045472,0.010500,-0.0000,0.1025
2026-08-10T12:58:31.081004,0000,045480,0.007352,-0.0003,0.0857
2026-08-10T12:58:32.992984,0000,045488,0.024299,-0.0001,0.1559
2026-08-10T12:58:35.150698,0000,045496,0.017503,0.0005,0.1323
2026-08-10T12:58:37.149561,0000,045504,0.030340,0.0004,0.1742
2026-08-10T12:58:39.065811,0000,045512,0.020530,0.0002,0.1433
2026-08-10T12:58:41.078381,0000,045520,0.012812,-0.0006,0.1132
2026-08-10T12:58:43.157766,0000,045528,0.017766,-0.0011,0.1333
2026-08-10T12:58:45.079694,0000,045536,0.019283,-0.0008,0.1389
2026-08-10T12:58:47.314543,0000,045544,0.009214,-0.0001,0.0960
2026-08-10T12:58:49.522861,0000,045552,0.018212,0.0009,0.1350
2026-08-10T12:58:51.557081,0000,045560,0.064036,0.0016,0.2531
2026-08-10T12:58:53.670451,0000,045568,0.032718,0.0015,0.1809
2026-08-10T12:58:56.118911,0000,045576,0.022272,0.0011,0.1492
2026-08-10T12:58:58.126943,0000,045584,0.019953,0.0000,0.1413
2026-08-10T12:59:00.288699,0000,045592,0.025349,-0.0014,0.1592
2026-08-10T12:59:02.294870,0000,045600,0.019182,-0.0020,0.1385
2026-08-10T12:59:04.625775,0000,045608,0.024979,-0.0023,0.1580
2026-08-10T12:59:06.712789,0000,045616,0.017362,-0.0017,0.1318
2026-08-10T12:59:09.239035,0000,045624,0.031214,-0.0012,0.1767
2026-08-10T12:59:11.414710,0000,045632,0.016842,0.0003,0.1298
2026-08-10T12:59:13.294676,0000,045640,0.009888,0.0008,0.0994
2026-08-10T12:59:15.487315,0000,045648,0.024752,0.0008,0.1573
2026-08-10T12:59:17.438057,0000,045656,0.009292,0.0003,0.0964
2026-08-10T12:59:19.787858,0000,045664,0.008030,-0.0003,0.0896
2026-08-10T12:59:22.081117,0000,045672,0.017356,-0.0009,0.1317
2026-08-10T12:59:24.415417,0000,045680,0.035291,-0.0005,0.1879
2026-08-10T12:59:26.416763,0000,045688,0.009143,0.0000,0.0956
2026-08-10T12:59:28.662811,0000,045696,0.045775,-0.0001,0.2140
2026-08-10T12:59:30.581687,0000,045704,0.011193,0.0007,0.1058
2026-08-10T12:59:32.572111,0000,045712,0.008283,0.0008,0.0910
2026-08-10T12:59:34.482066,0000,045720,0.012518,0.0004,0.1119
2026-08-10T12:59:36.407791,0000,045728,0.005657,-0.0004,0.0752
2026-08-10T12:59:38.320962,0000,045736,0.013431,-0.0007,0.1159
2026-08-10T12:59:40.429328,0000,045744,0.005120,-0.0005,0.0716
2026-08-10T12:59:42.423256,0000,045752,0.012023,0.0001,0.1097
2026-08-10T12:59:44.565649,0000,045760,0.041360,-0.0000,0.2034
2026-08-10T12:59:46.609574,0000,045768,0.024196,0.0007,0.1555
2026-08-10T12:59:48.963320,0000,045776,0.020370,0.0009,0.1427
2026-08-10T12:59:50.955009,0000,045784,0.014014,0.0005,0.1184
2026-08-10T12:59:53.035851,0000,045792,0.013104,-0.0005,0.1145
2026-08-10T12:59:54.969788,0000,045800,0.011631,-0.0009,0.1078
2026-08-10T12:59:57.213321,0000,045808,0.144797,-0.0007,0.3805
2026-08-10T12:59:59.445626,0000,045816,0.007856,0.0001,0.0886
2026-08-10T13:00:01.375620,0000,045824,0.014844,0.0001,0.1218
2026-08-10T13:00:03.461844,0000,045832,0.049433,-0.0003,0.2223
2026-08-10T13:00:05.654494,0000,045840,0.042678,-0.0001,0.2066
2026-08-10T13:00:07.677617,0000,045848,0.015416,0.0007,0.1242
2026-08-10T13:00:09.755356,0000,045856,0.018935,0.0004,0.1376
2026-08-10T13:00:11.815550,0000,045864,0.020164,0.0002,0.1420
2026-08-10T13:00:13.867819,0000,045872,0.007259,-0.0006,0.0852
2026-08-10T13:00:16.109739,0000,045880,0.009369,-0.0007,0.0968
2026-08-10T13:00:18.284701,0000,045888,0.023769,-0.0007,0.1542
2026-08-10T13:00:20.317177,0000,045896,0.011747,-0.0001,0.1084
2026-08-10T13:00:22.449064,0000,045904,0.023502,0.0011,0.1533
2026-08-10T13:00:24.507564,0000,045912,0.024733,0.0015,0.1573
2026-08-10T13:00:26.841463,0000,045920,0.026135,0.0016,0.1617
2026-08-10T13:00:29.076472,0000,045928,0.026777,0.0011,0.1636
2026-08-10T13:00:31.201371,0000,045936,0.007945,0.0002,0.0891
2026-08-10T13:00:33.264801,0000,045944,0.034049,-0.0013,0.1845
2026-08-10T13:00:35.435259,0000,045952,0.025837,-0.0021,0.1607
2026-08-10T13:00:37.580360,0000,045960,0.044880,-0.0023,0.2118
2026-08-10T13:00:39.561645,0000,045968,0.025308,-0.0018,0.1591
2026-08-10T13:00:41.605650,0000,045976,0.015529,-0.0010,0.1246
2026-08-10T13:00:43.858409,0000,045984,0.037380,0.0002,0.1933
2026-08-10T13:00:45.896450,0000,045992,0.006886,0.0009,0.0830
2026-08-10T13:00:47.913742,0000,046000,0.026956,0.0007,0.1642
2026-08-10T13:00:49.930125,0000,046008,0.023757,0.0004,0.1541
2026-08-10T13:00:51.902429,0000,046016,0.018376,-0.0004,0.1356
2026-08-10T13:00:53.877537,0000,046024,0.008506,-0.0008,0.0922
2026-08-10T13:00:56.457929,0000,046032,0.007658,-0.0008,0.0875
2026-08-10T13:00:58.432617,0000,046040,0.018820,0.0001,0.1372
2026-08-10T13:01:00.726489,0000,046048,0.020085,0.0001,0.1417
2026-08-10T13:01:02.960331,0000,046056,0.006792,-0.0001,0.0824
2026-08-10T13:01:05.300325,0000,046064,0.011158,0.0001,0.1056
2026-08-10T13:01:07.321451,0000,046072,0.022244,-0.0004,0.1491
2026-08-10T13:01:09.342684,0000,046080,0.005276,-0.0002,0.0726
2026-08-10T13:01:11.390874,0000,046088,0.012052,0.0004,0.1098
2026-08-10T13:01:13.363211,0000,046096,0.011355,0.0005,0.1066
2026-08-10T13:01:15.313060,0000,046104,0.012346,0.0001,0.1111
2026-08-10T13:01:17.374016,0000,046112,0.013710,-0.0007,0.1171
2026-08-10T13:01:19.440193,0000,046120,0.012441,-0.0009,0.1115
2026-08-10T13:01:21.513535,0000,046128,0.009426,-0.0007,0.0971
2026-08-10T13:01:23.656912,0000,046136,0.027699,-0.0003,0.1664
2026-08-10T13:01:25.686481,0000,046144,0.017759,0.0010,0.1333
2026-08-10T13:01:27.764459,0000,046152,0.032604,0.0013,0.1806
2026-08-10T13:01:29.956570,0000,046160,0.027561,0.0016,0.1660
2026-08-10T13:01:31.923345,0000,046168,0.012230,0.0010,0.1106
2026-08-10T13:01:34.031929,0000,046176,0.017394,0.0001,0.1319
2026-08-10T13:01:36.313965,0000,046184,0.029542,-0.0016,0.1719
2026-08-10T13:01:38.445947,0000,046192,0.024874,-0.0022,0.1577
2026-08-10T13:01:40.451612,0000,046200,0.025398,-0.0021,0.1594
2026-08-10T13:01:42.400799,0000,046208,0.024730,-0.0017,0.1573
2026-08-10T13:01:44.565039,0000,046216,0.056971,-0.0011,0.2387
2026-08-10T13:01:46.843270,0000,046224,0.009248,0.0002,0.0962
2026-08-10T13:01:49.000451,0000,046232,0.031049,0.0006,0.1762
2026-08-10T13:01:51.140134,0000,046240,0.011241,0.0010,0.1060
2026-08-10T13:01:53.457647,0000,046248,0.022758,0.0006,0.1509
2026-08-10T13:01:55.478697,0000,046256,0.022356,-0.0005,0.1495
2026-08-10T13:01:57.449894,0000,046264,0.008719,-0.0007,0.0934
2026-08-10T13:01:59.537901,0000,046272,0.006798,-0.0006,0.0825
2026-08-10T13:02:01.834116,0000,046280,0.015512,0.0002,0.1245
2026-08-10T13:02:03.926210,0000,046288,0.018177,0.0002,0.1348
2026-08-10T13:02:06.149558,0000,046296,0.016648,-0.0002,0.1290
2026-08-10T13:02:08.178376,0000,046304,0.011120,-0.0000,0.1054
2026-08-10T13:02:10.307614,0000,046312,0.029934,0.0007,0.1730
2026-08-10T13:02:12.523446,0000,046320,0.025830,0.0006,0.1607
2026-08-10T13:02:14.896947,0000,046328,0.018890,0.0000,0.1374
2026-08-10T13:02:16.832020,0000,046336,0.012860,-0.0000,0.1134
2026-08-10T13:02:18.760750,0000,046344,0.017882,0.0001,0.1337
2026-08-10T13:02:20.744008,0000,046352,0.034106,-0.0004,0.1847
2026-08-10T13:02:23.089213,0000,046360,0.007244,0.0001,0.0851
2026-08-10T13:02:25.282899,0000,046368,0.014841,-0.0000,0.1218
2026-08-10T13:02:27.288691,0000,046376,0.021942,-0.0009,0.1481
2026-08-10T13:02:29.432286,0000,046384,0.014195,-0.0011,0.1191
2026-08-10T13:02:31.456848,0000,046392,0.009966,-0.0007,0.0998
2026-08-10T13:02:33.681047,0000,046400,0.008135,-0.0001,0.0902
2026-08-10T13:02:35.737313,0000,046408,0.016024,0.0012,0.1266
2026-08-10T13:02:38.095193,0000,046416,0.033235,0.0021,0.1823
2026-08-10T13:02:40.275960,0000,046424,0.027519,0.0018,0.1659
2026-08-10T13:02:42.281043,0000,046432,0.021383,0.0012,0.1462
2026-08-10T13:02:44.179954,0000,046440,0.032164,0.0005,0.1793
2026-08-10T13:02:46.309084,0000,046448,0.012820,-0.0008,0.1132
2026-08-10T13:02:48.544950,0000,046456,0.032489,-0.0016,0.1802
2026-08-10T13:02:50.620358,0000,046464,0.027529,-0.0018,0.1659
2026-08-10T13:02:52.584209,0000,046472,0.025624,-0.0013,0.1601
2026-08-10T13:02:54.866809,0000,046480,0.024722,-0.0006,0.1572
2026-08-10T13:02:56.754842,0000,046488,0.006433,0.0007,0.0802
2026-08-10T13:02:58.827119,0000,046496,0.017767,0.0015,0.1333
2026-08-10T13:03:00.709695,0000,046504,1.163374,0.0004,1.0786
2026-08-10T13:03:03.028043,0000,046512,0.014111,0.0013,0.1188
2026-08-10T13:03:05.232834,0000,046520,0.028653,0.0003,0.1693
2026-08-10T13:03:07.340716,0000,046528,0.022193,-0.0011,0.1490
2026-08-10T13:03:09.296206,0000,046536,0.035725,-0.0016,0.1890
2026-08-10T13:03:11.418803,0000,046544,0.032314,-0.0018,0.1798
2026-08-10T13:03:13.400010,0000,046552,0.019154,-0.0013,0.1384
2026-08-10T13:03:15.678826,0000,046560,0.012422,-0.0006,0.1115
2026-08-10T13:03:17.570516,0000,046568,0.010447,0.0006,0.1022
2026-08-10T13:03:19.496486,0000,046576,0.027228,0.0014,0.1650
2026-08-10T13:03:21.561997,0000,046584,0.027623,0.0012,0.1662
2026-08-10T13:03:23.808592,0000,046592,0.024123,0.0012,0.1553
2026-08-10T13:03:26.017924,0000,046600,0.145696,0.0003,0.3817
2026-08-10T13:03:28.195590,0000,046608,0.011464,-0.0009,0.1071
2026-08-10T13:03:30.330757,0000,046616,0.020223,-0.0016,0.1422
2026-08-10T13:03:32.179592,0000,046624,0.021149,-0.0017,0.1454
2026-08-10T13:03:34.039765,0000,046632,0.010667,-0.0012,0.1033
2026-08-10T13:03:36.188084,0000,046640,0.007858,-0.0006,0.0886
2026-08-10T13:03:38.293102,0000,046648,0.018054,0.0007,0.1344
2026-08-10T13:03:40.330609,0000,046656,0.028028,0.0014,0.1674
2026-08-10T13:03:42.406397,0000,046664,0.020671,0.0017,0.1438
2026-08-10T13:03:44.438761,0000,046672,0.026935,0.0010,0.1641
2026-08-10T13:03:46.826918,0000,046680,0.008663,0.0004,0.0931
2026-08-10T13:03:49.096555,0000,046688,0.024188,-0.0013,0.1555
2026-08-10T13:03:51.240944,0000,046696,0.019743,-0.0016,0.1405
2026-08-10T13:03:53.523772,0000,046704,0.027602,-0.0017,0.1661
2026-08-10T13:03:55.674735,0000,046712,0.017186,-0.0012,0.1311
2026-08-10T13:03:57.579836,0000,046720,0.014105,-0.0004,0.1188
2026-08-10T13:03:59.731586,0000,046728,0.016925,0.0006,0.1301
2026-08-10T13:04:01.980680,0000,046736,0.023388,0.0015,0.1529
2026-08-10T13:04:04.123321,0000,046744,0.024144,0.0014,0.1554
2026-08-10T13:04:06.274830,0000,046752,0.012556,0.0012,0.1121
2026-08-10T13:04:08.178891,0000,046760,0.053527,0.0002,0.2314
2026-08-10T13:04:10.089474,0000,046768,0.008201,-0.0010,0.0906
2026-08-10T13:04:12.036394,0000,046776,0.036778,-0.0017,0.1918
2026-08-10T13:04:13.949387,0000,046784,0.013788,-0.0016,0.1174
2026-08-10T13:04:16.076585,0000,046792,0.016363,-0.0014,0.1279
2026-08-10T13:04:17.982545,0000,046800,0.021556,-0.0004,0.1468
2026-08-10T13:04:20.076879,0000,046808,0.019557,0.0007,0.1398
2026-08-10T13:04:22.096993,0000,046816,0.013785,0.0016,0.1174
2026-08-10T13:04:24.661007,0000,046824,0.032830,0.0022,0.1812
2026-08-10T13:04:26.803313,0000,046832,0.026474,0.0011,0.1627
2026-08-10T13:04:28.918823,0000,046840,0.012862,0.0002,0.1134
2026-08-10T13:04:30.896615,0000,046848,0.013494,-0.0009,0.1162
2026-08-10T13:04:32.830414,0000,046856,0.015371,-0.0015,0.1240
2026-08-10T13:04:34.861546,0000,046864,0.015305,-0.0016,0.1237
2026-08-10T13:04:36.833605,0000,046872,0.052290,-0.0012,0.2287
2026-08-10T13:04:38.687799,0000,046880,0.013338,-0.0003,0.1155
2026-08-10T13:04:40.620823,0000,046888,0.013178,0.0008,0.1148
2026-08-10T13:04:42.522754,0000,046896,0.010393,0.0013,0.1019
2026-08-10T13:04:44.739178,0000,046904,0.012347,0.0016,0.1111
2026-08-10T13:04:46.736635,0000,046912,0.016268,0.0011,0.1275
2026-08-10T13:04:48.795344,0000,046920,0.014470,0.0003,0.1203
2026-08-10T13:04:50.714744,0000,046928,0.008823,-0.0009,0.0939
2026-08-10T13:04:52.676074,0000,046936,0.022868,-0.0016,0.1512
2026-08-10T13:04:54.574891,0000,046944,0.021381,-0.0016,0.1462
2026-08-10T13:04:56.500327,0000,046952,0.022053,-0.0012,0.1485
2026-08-10T13:04:58.688128,0000,046960,0.011474,-0.0005,0.1071
2026-08-10T13:05:00.595153,0000,046968,0.008741,0.0007,0.0935
2026-08-10T13:05:02.646271,0000,046976,0.031707,0.0013,0.1781
2026-08-10T13:05:05.012294,0000,046984,0.044730,0.0015,0.2115
2026-08-10T13:05:07.298203,0000,046992,0.023288,0.0015,0.1526
2026-08-10T13:05:09.378965,0000,047000,0.012764,0.0003,0.1130
2026-08-10T13:05:11.675017,0000,047008,0.035589,-0.0010,0.1887
2026-08-10T13:05:13.583638,0000,047016,0.016191,-0.0015,0.1272
2026-08-10T13:05:15.657060,0000,047024,0.013917,-0.0016,0.1180
2026-08-10T13:05:17.911422,0000,047032,0.022074,-0.0013,0.1486
2026-08-10T13:05:20.031498,0000,047040,0.032166,-0.0005,0.1793
2026-08-10T13:05:22.249510,0000,047048,0.015173,0.0009,0.1232
2026-08-10T13:05:24.557709,0000,047056,0.025602,0.0018,0.1600
2026-08-10T13:05:26.689623,0000,047064,0.016116,0.0016,0.1269
2026-08-10T13:05:28.742437,0000,047072,0.011115,0.0011,0.1054
2026-08-10T13:05:30.754451,0000,047080,0.021600,0.0002,0.1470
2026-08-10T13:05:32.773803,0000,047088,0.011160,-0.0009,0.1056
2026-08-10T13:05:34.811626,0000,047096,0.011526,-0.0014,0.1074
2026-08-10T13:05:36.805851,0000,047104,0.019219,-0.0016,0.1386
2026-08-10T13:05:38.877457,0000,047112,0.019013,-0.0013,0.1379
2026-08-10T13:05:40.914806,0000,047120,0.018978,-0.0004,0.1378
2026-08-10T13:05:42.989454,0000,047128,0.029562,0.0007,0.1719
2026-08-10T13:05:45.178783,0000,047136,0.018382,0.0015,0.1356
2026-08-10T13:05:47.224681,0000,047144,0.022408,0.0014,0.1497
2026-08-10T13:05:49.237620,0000,047152,0.022926,0.0011,0.1514
2026-08-10T13:05:51.332156,0000,047160,0.010458,0.0003,0.1023
2026-08-10T13:05:53.293833,0000,047168,0.009887,-0.0009,0.0994
2026-08-10T13:05:55.516408,0000,047176,0.022361,-0.0015,0.1495
2026-08-10T13:05:57.499345,0000,047184,0.018742,-0.0016,0.1369
2026-08-10T13:05:59.434459,0000,047192,0.014458,-0.0011,0.1202
2026-08-10T13:06:01.465831,0000,047200,0.033758,-0.0006,0.1837
2026-08-10T13:06:03.604857,0000,047208,0.012402,0.0009,0.1114
2026-08-10T13:06:05.646482,0000,047216,0.016062,0.0015,0.1267
2026-08-10T13:06:07.579198,0000,047224,1.133844,0.0004,1.0648
2026-08-10T13:06:09.696670,0000,047232,0.013160,0.0011,0.1147
2026-08-10T13:06:11.830316,0000,047240,0.010313,0.0002,0.1016
2026-08-10T13:06:13.993689,0000,047248,0.016109,-0.0009,0.1269
2026-08-10T13:06:16.022118,0000,047256,0.027491,-0.0014,0.1658
2026-08-10T13:06:18.405343,0000,047264,0.028232,-0.0019,0.1680
2026-08-10T13:06:20.385315,0000,047272,0.017794,-0.0012,0.1334
2026-08-10T13:06:22.408635,0000,047280,0.021596,-0.0003,0.1470
2026-08-10T13:06:24.374498,0000,047288,0.011540,0.0007,0.1074
2026-08-10T13:06:26.733531,0000,047296,1.154191,0.0006,1.0743
2026-08-10T13:06:28.955473,0000,047304,0.171509,0.0013,0.4141
2026-08-10T13:06:31.240996,0000,047312,0.148418,0.0011,0.3853
2026-08-10T13:06:33.248526,0000,047320,0.011228,0.0002,0.1060
2026-08-10T13:06:35.581337,0000,047328,0.012689,-0.0011,0.1126
2026-08-10T13:06:37.662224,0000,047336,0.019410,-0.0014,0.1393
2026-08-10T13:06:39.962952,0000,047344,0.021211,-0.0018,0.1456
2026-08-10T13:06:42.017755,0000,047352,0.026973,-0.0014,0.1642
2026-08-10T13:06:43.990710,0000,047360,0.026401,-0.0005,0.1625
2026-08-10T13:06:45.982158,0000,047368,0.010066,0.0008,0.1003
2026-08-10T13:06:48.262178,0000,047376,0.020902,0.0015,0.1446
2026-08-10T13:06:50.686855,0000,047384,0.021502,0.0019,0.1466
2026-08-10T13:06:52.923505,0000,047392,0.011374,0.0013,0.1067
2026-08-10T13:06:54.869882,0000,047400,0.029163,0.0002,0.1708
2026-08-10T13:06:56.765931,0000,047408,0.015119,-0.0009,0.1230
2026-08-10T13:06:58.645388,0000,047416,0.030721,-0.0016,0.1753
2026-08-10T13:07:00.544521,0000,047424,0.023151,-0.0017,0.1522
2026-08-10T13:07:02.703230,0000,047432,0.027644,-0.0013,0.1663
2026-08-10T13:07:04.812413,0000,047440,0.033711,-0.0006,0.1836
2026-08-10T13:07:06.872113,0000,047448,0.023071,0.0007,0.1519
2026-08-10T13:07:09.099656,0000,047456,0.032428,0.0015,0.1801
2026-08-10T13:07:11.232490,0000,047464,0.025052,0.0015,0.1583
2026-08-10T13:07:13.130768,0000,047472,0.010268,0.0011,0.1013
2026-08-10T13:07:15.133034,0000,047480,0.010475,0.0004,0.1023
2026-08-10T13:07:17.182317,0000,047488,0.038704,-0.0012,0.1967
2026-08-10T13:07:19.369484,0000,047496,0.021886,-0.0018,0.1479
2026-08-10T13:07:21.364547,0000,047504,0.017031,-0.0016,0.1305
2026-08-10T13:07:23.592947,0000,047512,0.012607,-0.0013,0.1123
2026-08-10T13:07:25.712392,0000,047520,0.011014,-0.0004,0.1049
2026-08-10T13:07:27.705055,0000,047528,0.010763,0.0009,0.1037
2026-08-10T13:07:29.567189,0000,047536,0.025030,0.0013,0.1582
2026-08-10T13:07:31.621033,0000,047544,0.017983,0.0015,0.1341
2026-08-10T13:07:33.997238,0000,047552,0.020306,0.0014,0.1425
2026-08-10T13:07:35.904094,0000,047560,0.007925,0.0002,0.0890
2026-08-10T13:07:38.114095,0000,047568,0.015107,-0.0009,0.1229
2026-08-10T13:07:40.431213,0000,047576,0.040141,-0.0019,0.2004
2026-08-10T13:07:42.563376,0000,047584,0.025872,-0.0017,0.1608
2026-08-10T13:07:44.728186,0000,047592,0.046225,-0.0014,0.2150
2026-08-10T13:07:46.786489,0000,047600,0.051875,-0.0004,0.2278
2026-08-10T13:07:48.764182,0000,047608,0.016254,0.0008,0.1275
2026-08-10T13:07:51.078094,0000,047616,0.015150,0.0015,0.1231
2026-08-10T13:07:53.044125,0000,047624,0.024406,0.0015,0.1562
2026-08-10T13:07:55.029435,0000,047632,0.014161,0.0011,0.1190
2026-08-10T13:07:57.124250,0000,047640,0.012893,0.0002,0.1135
2026-08-10T13:07:59.154220,0000,047648,0.011308,-0.0009,0.1063
2026-08-10T13:08:01.260099,0000,047656,0.013283,-0.0014,0.1153
2026-08-10T13:08:03.272010,0000,047664,0.039205,-0.0017,0.1980
2026-08-10T13:08:05.245398,0000,047672,0.010276,-0.0012,0.1014
2026-08-10T13:08:07.141206,0000,047680,0.011065,-0.0004,0.1052
2026-08-10T13:08:09.162830,0000,047688,0.015764,0.0007,0.1256
2026-08-10T13:08:11.583238,0000,047696,0.027688,0.0016,0.1664
2026-08-10T13:08:13.823739,0000,047704,0.026257,0.0019,0.1620
2026-08-10T13:08:15.910672,0000,047712,0.014445,0.0011,0.1202
2026-08-10T13:08:17.826404,0000,047720,0.008174,0.0003,0.0904
2026-08-10T13:08:19.747970,0000,047728,0.152270,-0.0010,0.3902
2026-08-10T13:08:21.725765,0000,047736,0.012311,-0.0015,0.1110
2026-08-10T13:08:23.868913,0000,047744,0.026869,-0.0018,0.1639
2026-08-10T13:08:25.856888,0000,047752,0.029385,-0.0012,0.1714
2026-08-10T13:08:27.826035,0000,047760,0.006863,-0.0005,0.0828
2026-08-10T13:08:29.944041,0000,047768,0.016015,0.0009,0.1266
2026-08-10T13:08:32.204760,0000,047776,0.084341,0.0012,0.2904
2026-08-10T13:08:34.191375,0000,047784,0.036817,0.0015,0.1919
2026-08-10T13:08:36.100756,0000,047792,0.010958,0.0010,0.1047
2026-08-10T13:08:38.181810,0000,047800,0.009786,0.0003,0.0989
2026-08-10T13:08:40.088404,0000,047808,0.142561,-0.0009,0.3776
2026-08-10T13:08:42.061645,0000,047816,0.024943,-0.0015,0.1579
2026-08-10T13:08:44.164300,0000,047824,0.021303,-0.0017,0.1460
2026-08-10T13:08:46.108734,0000,047832,0.017580,-0.0011,0.1326
2026-08-10T13:08:48.054728,0000,047840,0.008881,-0.0004,0.0942
2026-08-10T13:08:49.914875,0000,047848,0.021103,0.0008,0.1453
2026-08-10T13:08:51.977977,0000,047856,0.018951,0.0015,0.1377
2026-08-10T13:08:53.899809,0000,047864,0.025470,0.0014,0.1596
2026-08-10T13:08:55.943382,0000,047872,0.013980,0.0011,0.1182
2026-08-10T13:08:58.007662,0000,047880,0.008627,0.0002,0.0929
2026-08-10T13:08:59.879405,0000,047888,0.025408,-0.0009,0.1594
2026-08-10T13:09:01.731867,0000,047896,0.015646,-0.0016,0.1251
2026-08-10T13:09:03.587275,0000,047904,0.017647,-0.0014,0.1328
2026-08-10T13:09:05.509798,0000,047912,0.012065,-0.0012,0.1098
2026-08-10T13:09:07.638015,0000,047920,0.036416,-0.0007,0.1908
2026-08-10T13:09:09.560613,0000,047928,0.014090,0.0008,0.1187
2026-08-10T13:09:11.792129,0000,047936,0.015015,0.0015,0.1225
2026-08-10T13:09:13.866819,0000,047944,0.031579,0.0012,0.1777
2026-08-10T13:09:16.016441,0000,047952,0.018332,0.0013,0.1354
2026-08-10T13:09:17.912445,0000,047960,0.019277,0.0002,0.1388
2026-08-10T13:09:20.062968,0000,047968,0.010481,-0.0009,0.1024
2026-08-10T13:09:22.013464,0000,047976,0.015858,-0.0015,0.1259
2026-08-10T13:09:24.084340,0000,047984,0.031493,-0.0017,0.1775
2026-08-10T13:09:26.110910,0000,047992,0.020471,-0.0012,0.1431
2026-08-10T13:09:28.055122,0000,048000,0.009430,-0.0005,0.0971
2026-08-10T13:09:29.950048,0000,048008,0.012430,0.0007,0.1115
2026-08-10T13:09:31.898675,0000,048016,0.025794,0.0013,0.1606
2026-08-10T13:09:33.904861,0000,048024,0.031112,0.0014,0.1764
2026-08-10T13:09:36.285623,0000,048032,0.022889,0.0014,0.1513
2026-08-10T13:09:38.443180,0000,048040,0.014576,0.0003,0.1207
2026-08-10T13:09:40.351070,0000,048048,0.010329,-0.0009,0.1016
2026-08-10T13:09:42.403310,0000,048056,0.014236,-0.0015,0.1193
2026-08-10T13:09:44.524350,0000,048064,0.024501,-0.0017,0.1565
2026-08-10T13:09:46.471197,0000,048072,0.012713,-0.0012,0.1128
2026-08-10T13:09:48.472960,0000,048080,0.011502,-0.0005,0.1072
2026-08-10T13:09:50.457747,0000,048088,0.023763,0.0007,0.1542
2026-08-10T13:09:52.376154,0000,048096,0.020436,0.0013,0.1430
2026-08-10T13:09:54.423859,0000,048104,0.027837,0.0015,0.1668
2026-08-10T13:09:56.581525,0000,048112,0.031220,0.0012,0.1767
2026-08-10T13:09:58.489465,0000,048120,0.006768,0.0003,0.0823
2026-08-10T13:10:00.692683,0000,048128,0.015868,-0.0009,0.1260
2026-08-10T13:10:02.672589,0000,048136,0.035898,-0.0016,0.1895
2026-08-10T13:10:04.969323,0000,048144,0.025088,-0.0017,0.1584
2026-08-10T13:10:06.878584,0000,048152,0.027924,-0.0012,0.1671
2026-08-10T13:10:08.906886,0000,048160,0.022632,-0.0004,0.1504
2026-08-10T13:10:11.178736,0000,048168,0.012633,0.0009,0.1124
2026-08-10T13:10:13.224432,0000,048176,0.018694,0.0014,0.1367
2026-08-10T13:10:15.360450,0000,048184,0.017287,0.0016,0.1315
2026-08-10T13:10:17.522902,0000,048192,0.009517,0.0011,0.0976
2026-08-10T13:10:19.651265,0000,048200,0.008057,0.0002,0.0898
2026-08-10T13:10:21.708652,0000,048208,0.018270,-0.0009,0.1352
2026-08-10T13:10:23.590634,0000,048216,0.013848,-0.0014,0.1177
2026-08-10T13:10:25.479775,0000,048224,0.012222,-0.0015,0.1106
2026-08-10T13:10:27.361159,0000,048232,0.049135,-0.0012,0.2217
2026-08-10T13:10:29.352719,0000,048240,0.006422,-0.0004,0.0801
2026-08-10T13:10:31.606917,0000,048248,0.011588,0.0009,0.1076
2026-08-10T13:10:33.773587,0000,048256,0.020743,0.0016,0.1440
2026-08-10T13:10:35.856616,0000,048264,0.027355,0.0015,0.1654
2026-08-10T13:10:37.752428,0000,048272,1.155454,0.0001,1.0749
2026-08-10T13:10:39.659912,0000,048280,0.023579,0.0001,0.1536
2026-08-10T13:10:41.638336,0000,048288,0.013721,-0.0008,0.1171
2026-08-10T13:10:43.593811,0000,048296,0.019289,-0.0015,0.1389
2026-08-10T13:10:45.661125,0000,048304,0.047057,-0.0019,0.2169
2026-08-10T13:10:47.534691,0000,048312,0.050762,-0.0012,0.2253
2026-08-10T13:10:49.511097,0000,048320,0.025055,-0.0004,0.1583
2026-08-10T13:10:51.669505,0000,048328,0.027110,0.0008,0.1646
2026-08-10T13:10:53.627424,0000,048336,0.017220,0.0013,0.1312
2026-08-10T13:10:55.749986,0000,048344,0.146907,0.0015,0.3833
2026-08-10T13:10:57.856393,0000,048352,0.010974,0.0012,0.1048
2026-08-10T13:10:59.928582,0000,048360,0.153004,0.0002,0.3912
2026-08-10T13:11:01.945669,0000,048368,0.043078,-0.0009,0.2076
2026-08-10T13:11:03.895378,0000,048376,0.042779,-0.0015,0.2068
2026-08-10T13:11:05.803136,0000,048384,0.016205,-0.0015,0.1273
2026-08-10T13:11:07.828259,0000,048392,0.023675,-0.0012,0.1539
2026-08-10T13:11:09.831862,0000,048400,0.005016,-0.0003,0.0708
2026-08-10T13:11:12.008289,0000,048408,0.011196,0.0008,0.1058
2026-08-10T13:11:14.114494,0000,048416,0.026037,0.0014,0.1614
2026-08-10T13:11:16.152754,0000,048424,0.016682,0.0016,0.1292
2026-08-10T13:11:18.205211,0000,048432,0.023163,0.0011,0.1522
2026-08-10T13:11:20.299490,0000,048440,0.013720,0.0002,0.1171
2026-08-10T13:11:22.496226,0000,048448,0.034818,-0.0011,0.1866
2026-08-10T13:11:24.788389,0000,048456,0.022661,-0.0014,0.1505
2026-08-10T13:11:27.036316,0000,048464,0.017024,-0.0015,0.1305
2026-08-10T13:11:29.236147,0000,048472,0.058550,-0.0014,0.2420
2026-08-10T13:11:31.188943,0000,048480,0.012242,-0.0004,0.1106
2026-08-10T13:11:33.068176,0000,048488,0.045440,0.0007,0.2132
2026-08-10T13:11:34.948310,0000,048496,0.013757,0.0014,0.1173
2026-08-10T13:11:37.099606,0000,048504,0.027748,0.0018,0.1666
2026-08-10T13:11:39.215877,0000,048512,0.015798,0.0013,0.1257
2026-08-10T13:11:41.112492,0000,048520,0.016547,0.0002,0.1286
2026-08-10T13:11:43.203851,0000,048528,0.048789,-0.0013,0.2209
2026-08-10T13:11:45.292467,0000,048536,0.013556,-0.0014,0.1164
2026-08-10T13:11:47.472864,0000,048544,0.024032,-0.0017,0.1550
2026-08-10T13:11:49.386002,0000,048552,0.018465,-0.0011,0.1359
2026-08-10T13:11:51.414830,0000,048560,0.014707,-0.0005,0.1213
2026-08-10T13:11:53.406177,0000,048568,0.012613,0.0009,0.1123
2026-08-10T13:11:55.339254,0000,048576,0.013757,0.0014,0.1173
2026-08-10T13:11:57.313697,0000,048584,0.022271,0.0014,0.1492
2026-08-10T13:11:59.252571,0000,048592,0.015982,0.0011,0.1264
2026-08-10T13:12:01.155360,0000,048600,0.018503,0.0004,0.1360
2026-08-10T13:12:03.056243,0000,048608,0.026362,-0.0009,0.1624
2026-08-10T13:12:04.956298,0000,048616,0.015183,-0.0013,0.1232
2026-08-10T13:12:07.145512,0000,048624,0.016858,-0.0017,0.1298
2026-08-10T13:12:09.163922,0000,048632,0.024979,-0.0012,0.1580
2026-08-10T13:12:11.211813,0000,048640,0.012231,-0.0003,0.1106
2026-08-10T13:12:13.142229,0000,048648,0.048137,0.0008,0.2194
2026-08-10T13:12:15.107436,0000,048656,0.027323,0.0014,0.1653
2026-08-10T13:12:17.109762,0000,048664,0.025457,0.0014,0.1596
2026-08-10T13:12:19.090262,0000,048672,0.053167,0.0011,0.2306
2026-08-10T13:12:21.028228,0000,048680,0.010162,0.0004,0.1008
2026-08-10T13:12:22.921188,0000,048688,0.012962,-0.0008,0.1138
2026-08-10T13:12:24.911156,0000,048696,0.016501,-0.0015,0.1285
2026-08-10T13:12:27.190404,0000,048704,0.019932,-0.0016,0.1412
2026-08-10T13:12:29.215824,0000,048712,0.032258,-0.0012,0.1796
2026-08-10T13:12:31.153354,0000,048720,0.014692,-0.0004,0.1212
2026-08-10T13:12:33.061945,0000,048728,0.016371,0.0008,0.1279
2026-08-10T13:12:35.204291,0000,048736,0.026020,0.0016,0.1613
2026-08-10T13:12:37.127039,0000,048744,0.026844,0.0014,0.1638
2026-08-10T13:12:39.160393,0000,048752,1.145986,0.0000,1.0705
2026-08-10T13:12:41.105471,0000,048760,0.018720,0.0002,0.1368
2026-08-10T13:12:43.017050,0000,048768,0.024869,-0.0009,0.1577
2026-08-10T13:12:45.046095,0000,048776,0.021730,-0.0016,0.1474
2026-08-10T13:12:46.948017,0000,048784,0.039322,-0.0015,0.1983
2026-08-10T13:12:49.052873,0000,048792,0.033558,-0.0014,0.1832
2026-08-10T13:12:51.052555,0000,048800,0.013218,-0.0005,0.1150
2026-08-10T13:12:53.122236,0000,048808,0.034031,0.0005,0.1845
2026-08-10T13:12:55.008170,0000,048816,1.153752,0.0003,1.0741
2026-08-10T13:12:56.992526,0000,048824,0.030623,0.0015,0.1750
2026-08-10T13:12:59.213289,0000,048832,0.023633,0.0010,0.1537
2026-08-10T13:13:01.306057,0000,048840,0.026455,0.0002,0.1626
2026-08-10T13:13:03.348582,0000,048848,0.014431,-0.0009,0.1201
2026-08-10T13:13:05.432414,0000,048856,0.154525,-0.0016,0.3931
2026-08-10T13:13:07.600203,0000,048864,0.013745,-0.0016,0.1172
2026-08-10T13:13:09.857803,0000,048872,0.015758,-0.0013,0.1255
2026-08-10T13:13:11.894130,0000,048880,0.021859,-0.0002,0.1478
2026-08-10T13:13:13.863675,0000,048888,0.012513,0.0007,0.1119
2026-08-10T13:13:16.289874,0000,048896,0.033312,0.0018,0.1825
2026-08-10T13:13:18.168441,0000,048904,0.024335,0.0015,0.1560
2026-08-10T13:13:20.052658,0000,048912,0.023949,0.0011,0.1548
2026-08-10T13:13:22.070012,0000,048920,0.007079,0.0003,0.0841
2026-08-10T13:13:24.034023,0000,048928,0.018104,-0.0008,0.1346
2026-08-10T13:13:26.293907,0000,048936,0.025543,-0.0016,0.1598
2026-08-10T13:13:28.210856,0000,048944,0.024534,-0.0015,0.1566
2026-08-10T13:13:30.179004,0000,048952,0.016826,-0.0011,0.1297
2026-08-10T13:13:32.248623,0000,048960,0.010636,-0.0003,0.1031
2026-08-10T13:13:34.381442,0000,048968,0.027204,0.0007,0.1649
2026-08-10T13:13:36.405387,0000,048976,0.017935,0.0015,0.1339
2026-08-10T13:13:38.598811,0000,048984,0.020487,0.0015,0.1431
2026-08-10T13:13:40.647974,0000,048992,0.027708,0.0009,0.1665
2026-08-10T13:13:42.791999,0000,049000,0.009758,0.0002,0.0988
2026-08-10T13:13:44.740651,0000,049008,0.011883,-0.0009,0.1090
2026-08-10T13:13:46.831652,0000,049016,0.017447,-0.0014,0.1321
2026-08-10T13:13:48.960450,0000,049024,0.020937,-0.0017,0.1447
2026-08-10T13:13:50.882965,0000,049032,0.017069,-0.0012,0.1306
2026-08-10T13:13:52.830318,0000,049040,0.013051,-0.0004,0.1142
2026-08-10T13:13:54.851766,0000,049048,0.031693,0.0007,0.1780
2026-08-10T13:13:56.919657,0000,049056,0.011332,0.0014,0.1065
2026-08-10T13:13:59.007862,0000,049064,0.026647,0.0015,0.1632
2026-08-10T13:14:00.984980,0000,049072,0.011311,0.0012,0.1064
2026-08-10T13:14:03.041467,0000,049080,0.009649,0.0004,0.0982
2026-08-10T13:14:05.164939,0000,049088,0.011172,-0.0009,0.1057
2026-08-10T13:14:07.380375,0000,049096,0.027727,-0.0017,0.1665
2026-08-10T13:14:09.659178,0000,049104,0.043292,-0.0016,0.2081
2026-08-10T13:14:12.004433,0000,049112,0.070196,-0.0017,0.2649
2026-08-10T13:14:13.981611,0000,049120,0.005582,-0.0004,0.0747
2026-08-10T13:14:16.262483,0000,049128,0.012399,0.0007,0.1114
2026-08-10T13:14:18.531086,0000,049136,0.022763,0.0017,0.1509
2026-08-10T13:14:20.554145,0000,049144,0.024976,0.0013,0.1580
2026-08-10T13:14:22.834228,0000,049152,0.024266,0.0012,0.1558
2026-08-10T13:14:24.785680,0000,049160,0.011151,0.0003,0.1056
2026-08-10T13:14:27.055220,0000,049168,0.032312,-0.0011,0.1798
2026-08-10T13:14:29.135522,0000,049176,0.032957,-0.0017,0.1815
2026-08-10T13:14:31.149166,0000,049184,0.014633,-0.0015,0.1210
2026-08-10T13:14:33.554212,0000,049192,0.039774,-0.0015,0.1994
2026-08-10T13:14:35.437290,0000,049200,0.018961,-0.0004,0.1377
2026-08-10T13:14:37.339018,0000,049208,0.052482,0.0007,0.2291
2026-08-10T13:14:39.415883,0000,049216,0.013198,0.0015,0.1149
2026-08-10T13:14:41.577755,0000,049224,0.024598,0.0017,0.1568
2026-08-10T13:14:43.539084,0000,049232,0.011592,0.0010,0.1077
2026-08-10T13:14:45.602147,0000,049240,0.020592,0.0002,0.1435
2026-08-10T13:14:47.501388,0000,049248,0.025621,-0.0008,0.1601
2026-08-10T13:14:49.398519,0000,049256,0.015791,-0.0014,0.1257
2026-08-10T13:14:51.383704,0000,049264,0.030355,-0.0016,0.1742
2026-08-10T13:14:53.475018,0000,049272,0.011365,-0.0012,0.1066
2026-08-10T13:14:55.962116,0000,049280,0.024010,-0.0004,0.1550
2026-08-10T13:14:58.451228,0000,049288,0.016339,0.0009,0.1278
2026-08-10T13:15:00.471812,0000,049296,0.012588,0.0013,0.1122
2026-08-10T13:15:02.656941,0000,049304,0.014558,0.0015,0.1207
2026-08-10T13:15:04.812710,0000,049312,0.020058,0.0010,0.1416
2026-08-10T13:15:07.361948,0000,049320,0.027051,0.0004,0.1645
2026-08-10T13:15:09.399708,0000,049328,0.019603,-0.0008,0.1400
2026-08-10T13:15:11.583498,0000,049336,0.029118,-0.0018,0.1706
2026-08-10T13:15:13.527930,0000,049344,0.056359,-0.0015,0.2374
2026-08-10T13:15:15.557834,0000,049352,0.022845,-0.0012,0.1511
2026-08-10T13:15:17.694054,0000,049360,0.016871,-0.0005,0.1299
2026-08-10T13:15:19.642684,0000,049368,0.011038,0.0007,0.1051
2026-08-10T13:15:21.623569,0000,049376,0.027629,0.0014,0.1662
2026-08-10T13:15:23.555507,0000,049384,1.153204,0.0003,1.0739
2026-08-10T13:15:25.810629,0000,049392,0.022899,0.0011,0.1513
2026-08-10T13:15:27.746061,0000,049400,0.009553,0.0003,0.0977
2026-08-10T13:15:29.756243,0000,049408,0.007856,-0.0009,0.0886
2026-08-10T13:15:31.914214,0000,049416,0.023980,-0.0016,0.1549
2026-08-10T13:15:33.849528,0000,049424,0.013009,-0.0015,0.1141
2026-08-10T13:15:35.793269,0000,049432,0.013797,-0.0012,0.1175
2026-08-10T13:15:37.735694,0000,049440,0.017987,-0.0004,0.1341
2026-08-10T13:15:39.774904,0000,049448,0.024100,0.0008,0.1552
2026-08-10T13:15:41.973508,0000,049456,1.160982,0.0005,1.0775
2026-08-10T13:15:44.117021,0000,049464,0.029320,0.0015,0.1712
2026-08-10T13:15:46.053448,0000,049472,0.011774,0.0011,0.1085
2026-08-10T13:15:48.166562,0000,049480,0.012745,0.0002,0.1129
2026-08-10T13:15:50.113854,0000,049488,0.009317,-0.0008,0.0965
2026-08-10T13:15:52.312212,0000,049496,0.033129,-0.0018,0.1820
2026-08-10T13:15:54.478067,0000,049504,0.034943,-0.0020,0.1869
2026-08-10T13:15:56.369479,0000,049512,0.016746,-0.0013,0.1294
2026-08-10T13:15:58.396335,0000,049520,0.012382,-0.0004,0.1113
2026-08-10T13:16:00.324213,0000,049528,0.141557,0.0007,0.3762
2026-08-10T13:16:02.224788,0000,049536,0.013031,0.0013,0.1142
2026-08-10T13:16:04.258486,0000,049544,0.023672,0.0014,0.1539
2026-08-10T13:16:06.321687,0000,049552,0.018195,0.0010,0.1349
2026-08-10T13:16:08.603480,0000,049560,0.007741,0.0002,0.0880
2026-08-10T13:16:11.038251,0000,049568,0.014319,-0.0012,0.1197
2026-08-10T13:16:13.191276,0000,049576,0.033439,-0.0016,0.1829
2026-08-10T13:16:15.501021,0000,049584,0.021433,-0.0018,0.1464
2026-08-10T13:16:17.600441,0000,049592,0.011688,-0.0012,0.1081
2026-08-10T13:16:19.670704,0000,049600,0.022194,-0.0005,0.1490
2026-08-10T13:16:21.586248,0000,049608,0.022975,0.0006,0.1516
2026-08-10T13:16:23.636356,0000,049616,0.022038,0.0014,0.1485
2026-08-10T13:16:25.679879,0000,049624,0.016260,0.0015,0.1275
2026-08-10T13:16:27.886542,0000,049632,0.010815,0.0011,0.1040
2026-08-10T13:16:29.929462,0000,049640,0.005523,0.0002,0.0743
2026-08-10T13:16:31.889390,0000,049648,0.012997,-0.0009,0.1140
2026-08-10T13:16:33.802246,0000,049656,0.020872,-0.0015,0.1445
2026-08-10T13:16:35.878289,0000,049664,0.034728,-0.0018,0.1864
2026-08-10T13:16:37.905216,0000,049672,0.146128,-0.0013,0.3823
2026-08-10T13:16:39.901512,0000,049680,0.026492,-0.0004,0.1628
2026-08-10T13:16:41.835097,0000,049688,0.010141,0.0007,0.1007
2026-08-10T13:16:44.194574,0000,049696,0.021800,0.0014,0.1476
2026-08-10T13:16:46.194114,0000,049704,1.142661,0.0005,1.0690
2026-08-10T13:16:48.091229,0000,049712,0.020048,0.0011,0.1416
2026-08-10T13:16:49.988424,0000,049720,0.015959,0.0001,0.1263
2026-08-10T13:16:52.039686,0000,049728,0.014527,-0.0008,0.1205
2026-08-10T13:16:54.198165,0000,049736,0.017601,-0.0014,0.1327
2026-08-10T13:16:56.679310,0000,049744,0.021210,-0.0018,0.1456
2026-08-10T13:16:58.693551,0000,049752,0.018157,-0.0012,0.1347
2026-08-10T13:17:00.799704,0000,049760,0.007735,-0.0004,0.0879
2026-08-10T13:17:02.808041,0000,049768,0.014046,0.0006,0.1185
2026-08-10T13:17:04.833896,0000,049776,0.019532,0.0012,0.1398
2026-08-10T13:17:06.855360,0000,049784,0.014730,0.0014,0.1214
2026-08-10T13:17:09.153430,0000,049792,0.018930,0.0010,0.1376
2026-08-10T13:17:11.127042,0000,049800,0.016260,0.0002,0.1275
2026-08-10T13:17:13.237489,0000,049808,0.018365,-0.0009,0.1355
2026-08-10T13:17:15.277263,0000,049816,0.017897,-0.0015,0.1338
2026-08-10T13:17:17.367644,0000,049824,0.027119,-0.0017,0.1647
2026-08-10T13:17:19.484246,0000,049832,0.025557,-0.0014,0.1599
2026-08-10T13:17:21.760238,0000,049840,0.018399,-0.0006,0.1356
2026-08-10T13:17:23.886882,0000,049848,0.029063,0.0006,0.1705
2026-08-10T13:17:26.252425,0000,049856,0.017172,0.0016,0.1310
2026-08-10T13:17:28.502715,0000,049864,0.029902,0.0015,0.1729
2026-08-10T13:17:30.678432,0000,049872,0.023678,0.0010,0.1539
2026-08-10T13:17:32.799319,0000,049880,0.030368,0.0001,0.1743
2026-08-10T13:17:34.743877,0000,049888,0.018115,-0.0010,0.1346
2026-08-10T13:17:36.987547,0000,049896,0.024139,-0.0017,0.1554
2026-08-10T13:17:39.366292,0000,049904,0.043975,-0.0017,0.2097
2026-08-10T13:17:41.347830,0000,049912,0.013326,-0.0013,0.1154
2026-08-10T13:17:43.355403,0000,049920,0.018430,-0.0005,0.1358
2026-08-10T13:17:45.325305,0000,049928,0.009582,0.0006,0.0979
2026-08-10T13:17:47.388146,0000,049936,0.029080,0.0014,0.1705
2026-08-10T13:17:49.775320,0000,049944,0.021187,0.0017,0.1456
2026-08-10T13:17:51.740228,0000,049952,0.011852,0.0010,0.1089
2026-08-10T13:17:53.663650,0000,049960,0.010062,0.0002,0.1003
2026-08-10T13:17:55.935489,0000,049968,0.010007,-0.0008,0.1000
2026-08-10T13:17:58.043234,0000,049976,0.029318,-0.0016,0.1712
2026-08-10T13:18:00.401203,0000,049984,0.015213,-0.0017,0.1233
2026-08-10T13:18:02.611628,0000,049992,0.011088,-0.0013,0.1053
2026-08-10T13:18:04.551464,0000,050000,0.010834,-0.0005,0.1041
2026-08-10T13:18:06.687465,0000,050008,0.014249,0.0008,0.1194
2026-08-10T13:18:08.676240,0000,050016,0.015937,0.0014,0.1262
2026-08-10T13:18:10.602373,0000,050024,0.014375,0.0012,0.1199
2026-08-10T13:18:12.913088,0000,050032,0.036311,0.0016,0.1906
2026-08-10T13:18:14.881138,0000,050040,0.006981,0.0002,0.0836
2026-08-10T13:18:16.798494,0000,050048,0.022065,-0.0011,0.1485
2026-08-10T13:18:18.945985,0000,050056,0.051171,-0.0019,0.2262
2026-08-10T13:18:20.938137,0000,050064,0.024716,-0.0017,0.1572
2026-08-10T13:18:22.845802,0000,050072,0.029887,-0.0013,0.1729
2026-08-10T13:18:24.738946,0000,050080,0.006006,-0.0005,0.0775
2026-08-10T13:18:26.801424,0000,050088,0.012557,0.0007,0.1121
2026-08-10T13:18:29.019963,0000,050096,0.018954,0.0012,0.1377
2026-08-10T13:18:31.398845,0000,050104,0.026323,0.0014,0.1622
2026-08-10T13:18:33.468099,0000,050112,0.014370,0.0009,0.1199
2026-08-10T13:18:35.820736,0000,050120,0.023986,0.0003,0.1549
2026-08-10T13:18:37.989827,0000,050128,0.013602,-0.0009,0.1166
2026-08-10T13:18:40.445742,0000,050136,0.018010,-0.0017,0.1342
2026-08-10T13:18:42.534133,0000,050144,0.023109,-0.0016,0.1520
2026-08-10T13:18:44.537416,0000,050152,0.033461,-0.0012,0.1829
2026-08-10T13:18:46.442179,0000,050160,0.146249,-0.0005,0.3824
2026-08-10T13:18:48.416535,0000,050168,0.009667,0.0007,0.0983
2026-08-10T13:18:50.758229,0000,050176,0.025212,0.0016,0.1588
2026-08-10T13:18:52.698940,0000,050184,0.014896,0.0013,0.1220
2026-08-10T13:18:54.664530,0000,050192,0.013592,0.0009,0.1166
2026-08-10T13:18:56.862434,0000,050200,0.013376,0.0004,0.1157
2026-08-10T13:18:59.213369,0000,050208,0.044769,-0.0013,0.2116
2026-08-10T13:19:01.424900,0000,050216,0.025962,-0.0017,0.1611
2026-08-10T13:19:03.386946,0000,050224,0.014030,-0.0015,0.1184
2026-08-10T13:19:05.495157,0000,050232,0.020663,-0.0013,0.1437
2026-08-10T13:19:07.424263,0000,050240,0.007685,-0.0003,0.0877
2026-08-10T13:19:09.385717,0000,050248,0.018729,0.0007,0.1369
2026-08-10T13:19:11.429073,0000,050256,0.022455,0.0012,0.1499
2026-08-10T13:19:13.425967,0000,050264,0.021720,0.0014,0.1474
2026-08-10T13:19:15.372934,0000,050272,0.014791,0.0008,0.1216
2026-08-10T13:19:17.741983,0000,050280,0.011145,0.0003,0.1056
2026-08-10T13:19:20.198488,0000,050288,0.023692,-0.0011,0.1539
2026-08-10T13:19:22.243022,0000,050296,0.028107,-0.0016,0.1677
2026-08-10T13:19:24.098590,0000,050304,0.023623,-0.0017,0.1537
2026-08-10T13:19:25.921609,0000,050312,0.015838,-0.0011,0.1258
2026-08-10T13:19:27.903438,0000,050320,0.016543,-0.0005,0.1286
2026-08-10T13:19:29.897787,0000,050328,0.008845,0.0008,0.0940
2026-08-10T13:19:31.839623,0000,050336,0.030333,0.0012,0.1742
2026-08-10T13:19:33.783602,0000,050344,0.154129,0.0011,0.3926
2026-08-10T13:19:35.636141,0000,050352,0.072461,0.0008,0.2692
2026-08-10T13:19:37.598154,0000,050360,0.011908,0.0004,0.1091
2026-08-10T13:19:39.621027,0000,050368,0.009444,-0.0009,0.0972
2026-08-10T13:19:41.513576,0000,050376,0.024575,-0.0015,0.1568
2026-08-10T13:19:43.416295,0000,050384,0.017032,-0.0015,0.1305
2026-08-10T13:19:45.286531,0000,050392,0.019493,-0.0011,0.1396
2026-08-10T13:19:47.266781,0000,050400,0.017752,-0.0006,0.1332
2026-08-10T13:19:49.650604,0000,050408,0.029522,0.0007,0.1718
2026-08-10T13:19:52.021626,0000,050416,0.025082,0.0015,0.1584
2026-08-10T13:19:54.090098,0000,050424,0.026903,0.0014,0.1640
2026-08-10T13:19:56.210671,0000,050432,0.011560,0.0011,0.1075
2026-08-10T13:19:58.126565,0000,050440,0.012970,0.0003,0.1139
2026-08-10T13:20:00.323682,0000,050448,0.047589,-0.0015,0.2181
2026-08-10T13:20:02.296599,0000,050456,0.014282,-0.0015,0.1195
2026-08-10T13:20:04.463440,0000,050464,0.033402,-0.0020,0.1828
2026-08-10T13:20:06.390145,0000,050472,0.014873,-0.0012,0.1220
2026-08-10T13:20:08.543629,0000,050480,0.019903,-0.0003,0.1411
2026-08-10T13:20:10.463019,0000,050488,0.051635,0.0007,0.2272
2026-08-10T13:20:12.694383,0000,050496,0.029451,0.0014,0.1716
2026-08-10T13:20:14.718191,0000,050504,0.018250,0.0015,0.1351
2026-08-10T13:20:16.703360,0000,050512,0.011783,0.0010,0.1085
2026-08-10T13:20:18.854728,0000,050520,0.007724,0.0002,0.0879
2026-08-10T13:20:20.927503,0000,050528,0.030984,-0.0010,0.1760
2026-08-10T13:20:23.066602,0000,050536,0.013643,-0.0016,0.1168
2026-08-10T13:20:25.091390,0000,050544,0.014363,-0.0015,0.1198
2026-08-10T13:20:26.992307,0000,050552,0.012924,-0.0013,0.1137
2026-08-10T13:20:29.049068,0000,050560,0.010508,-0.0004,0.1025
2026-08-10T13:20:31.269647,0000,050568,0.023634,0.0006,0.1537
2026-08-10T13:20:33.482563,0000,050576,0.026914,0.0012,0.1641
2026-08-10T13:20:35.577526,0000,050584,0.015196,0.0015,0.1233
2026-08-10T13:20:37.645897,0000,050592,0.011211,0.0010,0.1059
2026-08-10T13:20:39.744112,0000,050600,0.007166,0.0003,0.0847
2026-08-10T13:20:41.964170,0000,050608,0.013069,-0.0013,0.1143
2026-08-10T13:20:43.891513,0000,050616,0.019092,-0.0016,0.1382
2026-08-10T13:20:45.793169,0000,050624,0.165530,-0.0018,0.4069
2026-08-10T13:20:47.681072,0000,050632,0.013521,-0.0012,0.1163
2026-08-10T13:20:49.890719,0000,050640,0.018312,-0.0005,0.1353
2026-08-10T13:20:51.759509,0000,050648,0.014712,0.0007,0.1213
2026-08-10T13:20:53.882626,0000,050656,0.024824,0.0015,0.1576
2026-08-10T13:20:55.727254,0000,050664,0.013298,0.0013,0.1153
2026-08-10T13:20:57.687309,0000,050672,0.013413,0.0010,0.1158
2026-08-10T13:20:59.704729,0000,050680,0.035031,0.0001,0.1872
2026-08-10T13:21:01.553816,0000,050688,0.154867,-0.0002,0.3935
2026-08-10T13:21:03.711750,0000,050696,0.006027,0.0002,0.0776
2026-08-10T13:21:05.692327,0000,050704,0.014818,-0.0000,0.1217
2026-08-10T13:21:07.855118,0000,050712,0.022330,0.0000,0.1494
2026-08-10T13:21:09.909013,0000,050720,0.011345,0.0008,0.1065
2026-08-10T13:21:11.808281,0000,050728,0.015251,0.0009,0.1235
2026-08-10T13:21:13.779151,0000,050736,0.032681,0.0004,0.1808
2026-08-10T13:21:15.648907,0000,050744,0.015077,-0.0003,0.1228
2026-08-10T13:21:17.784290,0000,050752,0.008516,-0.0004,0.0923
2026-08-10T13:21:19.749091,0000,050760,0.006631,-0.0001,0.0814
2026-08-10T13:21:21.780906,0000,050768,0.025114,0.0005,0.1585
2026-08-10T13:21:23.837936,0000,050776,0.021152,0.0007,0.1454
2026-08-10T13:21:25.879222,0000,050784,0.014004,0.0002,0.1183
2026-08-10T13:21:27.898474,0000,050792,0.061297,-0.0005,0.2476
2026-08-10T13:21:29.890208,0000,050800,0.012249,-0.0005,0.1107
2026-08-10T13:21:31.934563,0000,050808,0.007460,-0.0004,0.0864
2026-08-10T13:21:33.861249,0000,050816,0.006068,0.0004,0.0779
2026-08-10T13:21:35.983155,0000,050824,0.019954,0.0004,0.1413
2026-08-10T13:21:38.451309,0000,050832,0.016236,0.0003,0.1274
2026-08-10T13:21:40.408335,0000,050840,0.011692,-0.0005,0.1081
2026-08-10T13:21:42.399664,0000,050848,0.007948,-0.0007,0.0891
2026-08-10T13:21:44.703564,0000,050856,0.033013,-0.0005,0.1817
2026-08-10T13:21:46.747056,0000,050864,0.009370,0.0003,0.0968
2026-08-10T13:21:48.956268,0000,050872,0.013188,0.0005,0.1148
2026-08-10T13:21:51.135235,0000,050880,0.010601,0.0001,0.1030
2026-08-10T13:21:53.405496,0000,050888,1.150194,-0.0017,1.0725
2026-08-10T13:21:55.499782,0000,050896,0.009196,-0.0007,0.0959
2026-08-10T13:21:57.832963,0000,050904,0.055156,-0.0005,0.2349
2026-08-10T13:22:00.120220,0000,050912,0.027548,0.0001,0.1660
2026-08-10T13:22:02.416368,0000,050920,0.012159,0.0003,0.1103
2026-08-10T13:22:04.441970,0000,050928,0.014873,0.0000,0.1220
2026-08-10T13:22:06.599556,0000,050936,0.014512,-0.0006,0.1205
2026-08-10T13:22:08.493895,0000,050944,0.010039,-0.0008,0.1002
2026-08-10T13:22:10.362885,0000,050952,0.017396,-0.0006,0.1319
2026-08-10T13:22:12.375979,0000,050960,0.009853,0.0002,0.0993
2026-08-10T13:22:14.411458,0000,050968,0.017572,0.0003,0.1326
2026-08-10T13:22:16.597211,0000,050976,0.011621,0.0000,0.1078
2026-08-10T13:22:18.668971,0000,050984,0.008697,-0.0006,0.0933
2026-08-10T13:22:20.596850,0000,050992,0.012019,-0.0007,0.1096
2026-08-10T13:22:22.763069,0000,051000,0.152489,-0.0006,0.3905
2026-08-10T13:22:24.674235,0000,051008,0.008350,0.0002,0.0914
2026-08-10T13:22:27.202592,0000,051016,0.014298,0.0007,0.1196
2026-08-10T13:22:29.256931,0000,051024,0.011584,0.0002,0.1076
2026-08-10T13:22:31.467015,0000,051032,0.018582,-0.0007,0.1363
2026-08-10T13:22:33.620805,0000,051040,0.010485,-0.0007,0.1024
2026-08-10T13:22:35.693537,0000,051048,0.011859,-0.0003,0.1089
2026-08-10T13:22:37.741862,0000,051056,0.010093,0.0004,0.1005
2026-08-10T13:22:39.696689,0000,051064,0.023160,0.0007,0.1522
2026-08-10T13:22:41.601549,0000,051072,0.017311,0.0003,0.1316
2026-08-10T13:22:43.797507,0000,051080,0.010019,-0.0002,0.1001
2026-08-10T13:22:45.678388,0000,051088,0.016349,-0.0016,0.1279
2026-08-10T13:22:47.623294,0000,051096,0.024094,-0.0019,0.1552
2026-08-10T13:22:49.939000,0000,051104,0.059946,-0.0025,0.2448
2026-08-10T13:22:51.830910,0000,051112,0.016631,-0.0016,0.1290
2026-08-10T13:22:53.808912,0000,051120,0.013439,-0.0007,0.1159
2026-08-10T13:22:55.992912,0000,051128,0.030797,0.0004,0.1755
2026-08-10T13:22:58.048768,0000,051136,0.025823,0.0011,0.1607
2026-08-10T13:23:00.280178,0000,051144,0.019853,0.0013,0.1409
2026-08-10T13:23:02.381561,0000,051152,0.014573,0.0008,0.1207
2026-08-10T13:23:04.650797,0000,051160,0.009318,0.0003,0.0965
2026-08-10T13:23:06.660594,0000,051168,0.016635,-0.0011,0.1290
2026-08-10T13:23:08.693134,0000,051176,0.020358,-0.0015,0.1427
2026-08-10T13:23:10.916619,0000,051184,0.020589,-0.0019,0.1435
2026-08-10T13:23:13.507319,0000,051192,0.040332,-0.0018,0.2008
2026-08-10T13:23:15.585531,0000,051200,0.006116,-0.0003,0.0782
2026-08-10T13:23:17.551623,0000,051208,0.025204,0.0007,0.1588
2026-08-10T13:23:19.841792,0000,051216,0.021153,0.0014,0.1454
2026-08-10T13:23:21.875826,0000,051224,0.044366,0.0014,0.2106
2026-08-10T13:23:23.829244,0000,051232,0.011119,0.0010,0.1054
2026-08-10T13:23:26.014203,0000,051240,0.010646,0.0002,0.1032
2026-08-10T13:23:27.909148,0000,051248,0.013245,-0.0008,0.1151
2026-08-10T13:23:30.030824,0000,051256,0.031912,-0.0016,0.1786
2026-08-10T13:23:32.045996,0000,051264,0.017026,-0.0016,0.1305
2026-08-10T13:23:34.062868,0000,051272,0.021574,-0.0012,0.1469
2026-08-10T13:23:36.217900,0000,051280,0.018168,-0.0004,0.1348
2026-08-10T13:23:38.172316,0000,051288,0.012316,0.0008,0.1110
2026-08-10T13:23:40.175478,0000,051296,0.011340,0.0014,0.1065
2026-08-10T13:23:42.191421,0000,051304,0.014336,0.0015,0.1197
2026-08-10T13:23:44.437522,0000,051312,0.029545,0.0014,0.1719
2026-08-10T13:23:46.438730,0000,051320,0.009762,0.0004,0.0988
2026-08-10T13:23:48.635858,0000,051328,0.008528,-0.0008,0.0923
2026-08-10T13:23:50.607674,0000,051336,0.020564,-0.0014,0.1434
2026-08-10T13:23:52.562422,0000,051344,0.012088,-0.0015,0.1099
2026-08-10T13:23:54.769348,0000,051352,0.012492,-0.0011,0.1118
2026-08-10T13:23:57.456349,0000,051360,0.007386,-0.0004,0.0859
2026-08-10T13:23:59.439052,0000,051368,0.056295,0.0007,0.2373
2026-08-10T13:24:01.828144,0000,051376,0.033148,0.0019,0.1821
2026-08-10T13:24:03.902448,0000,051384,0.014842,0.0016,0.1218
2026-08-10T13:24:05.941550,0000,051392,0.011542,0.0012,0.1074
2026-08-10T13:24:08.059490,0000,051400,0.016383,0.0003,0.1280
2026-08-10T13:24:10.137296,0000,051408,0.011313,-0.0008,0.1064
2026-08-10T13:24:12.399671,0000,051416,0.067888,-0.0015,0.2606
2026-08-10T13:24:14.457240,0000,051424,0.016094,-0.0015,0.1269
2026-08-10T13:24:16.638122,0000,051432,0.019584,-0.0012,0.1399
2026-08-10T13:24:18.883467,0000,051440,0.026491,-0.0006,0.1628
2026-08-10T13:24:20.903039,0000,051448,0.020951,0.0009,0.1447
2026-08-10T13:24:22.976371,0000,051456,0.035589,0.0016,0.1887
2026-08-10T13:24:24.905989,0000,051464,0.017769,0.0015,0.1333
2026-08-10T13:24:26.987830,0000,051472,0.015656,0.0012,0.1251
2026-08-10T13:24:29.179720,0000,051480,0.033396,0.0003,0.1827
2026-08-10T13:24:31.292700,0000,051488,0.028362,-0.0007,0.1684
2026-08-10T13:24:33.269159,0000,051496,0.022135,-0.0013,0.1488
2026-08-10T13:24:35.255494,0000,051504,0.013505,-0.0015,0.1162
2026-08-10T13:24:37.241528,0000,051512,0.018077,-0.0011,0.1345
2026-08-10T13:24:39.509745,0000,051520,0.011285,-0.0004,0.1062
2026-08-10T13:24:41.500513,0000,051528,0.016011,0.0009,0.1265
2026-08-10T13:24:43.539876,0000,051536,0.012543,0.0014,0.1120
2026-08-10T13:24:45.592465,0000,051544,0.012964,0.0016,0.1139
2026-08-10T13:24:47.645359,0000,051552,0.018479,0.0011,0.1359
2026-08-10T13:24:49.677889,0000,051560,0.013401,0.0003,0.1158
2026-08-10T13:24:51.735330,0000,051568,0.015070,-0.0008,0.1228
2026-08-10T13:24:53.919299,0000,051576,0.022807,-0.0015,0.1510
2026-08-10T13:24:55.968380,0000,051584,0.018376,-0.0015,0.1356
2026-08-10T13:24:57.956396,0000,051592,0.013446,-0.0011,0.1160
2026-08-10T13:25:00.097586,0000,051600,0.010884,-0.0003,0.1043
2026-08-10T13:25:02.100419,0000,051608,0.012233,0.0008,0.1106
2026-08-10T13:25:04.142328,0000,051616,0.156178,0.0014,0.3952
2026-08-10T13:25:06.500910,0000,051624,0.029767,0.0018,0.1725
2026-08-10T13:25:08.656300,0000,051632,0.159348,0.0009,0.3992
2026-08-10T13:25:10.861490,0000,051640,0.009952,0.0005,0.0998
2026-08-10T13:25:13.249376,0000,051648,0.015581,-0.0011,0.1248
2026-08-10T13:25:15.128349,0000,051656,0.025101,-0.0014,0.1584
2026-08-10T13:25:17.181989,0000,051664,0.016246,-0.0015,0.1275
2026-08-10T13:25:19.133097,0000,051672,0.011524,-0.0010,0.1074
2026-08-10T13:25:21.050716,0000,051680,0.010835,-0.0004,0.1041
2026-08-10T13:25:23.544265,0000,051688,0.041022,0.0009,0.2025
2026-08-10T13:25:25.760281,0000,051696,0.025158,0.0016,0.1586
2026-08-10T13:25:27.736012,0000,051704,0.021864,0.0014,0.1479
2026-08-10T13:25:29.892148,0000,051712,0.025628,0.0011,0.1601
2026-08-10T13:25:31.828664,0000,051720,0.015192,0.0003,0.1233
2026-08-10T13:25:33.746898,0000,051728,0.014364,-0.0008,0.1199
2026-08-10T13:25:35.687320,0000,051736,0.010058,-0.0013,0.1003
2026-08-10T13:25:37.801698,0000,051744,0.032948,-0.0016,0.1815
2026-08-10T13:25:39.863677,0000,051752,0.035187,-0.0013,0.1876
2026-08-10T13:25:42.114365,0000,051760,0.033242,-0.0003,0.1823
2026-08-10T13:25:44.199963,0000,051768,0.023957,0.0008,0.1548
2026-08-10T13:25:46.162342,0000,051776,0.021621,0.0015,0.1470
2026-08-10T13:25:48.178861,0000,051784,0.027141,0.0015,0.1647
2026-08-10T13:25:50.204064,0000,051792,0.027820,0.0011,0.1668
2026-08-10T13:25:52.442003,0000,051800,0.015306,0.0005,0.1237
2026-08-10T13:25:54.472237,0000,051808,0.022344,-0.0008,0.1495
2026-08-10T13:25:56.736136,0000,051816,0.014377,-0.0013,0.1199
2026-08-10T13:25:59.022013,0000,051824,1.165840,-0.0025,1.0797
2026-08-10T13:26:01.108802,0000,051832,0.013609,-0.0010,0.1167
2026-08-10T13:26:02.988173,0000,051840,0.012029,-0.0004,0.1097
2026-08-10T13:26:04.936331,0000,051848,0.031965,0.0008,0.1788
2026-08-10T13:26:07.134222,0000,051856,0.016903,0.0016,0.1300
2026-08-10T13:26:09.180110,0000,051864,0.013570,0.0014,0.1165
2026-08-10T13:26:11.545721,0000,051872,0.035080,0.0012,0.1873
2026-08-10T13:26:13.824087,0000,051880,0.008111,0.0003,0.0901
2026-08-10T13:26:15.971411,0000,051888,0.015007,-0.0007,0.1225
2026-08-10T13:26:17.846119,0000,051896,1.135789,-0.0021,1.0657
2026-08-10T13:26:20.205585,0000,051904,0.031712,-0.0019,0.1781
2026-08-10T13:26:22.140047,0000,051912,0.023131,-0.0010,0.1521
2026-08-10T13:26:24.123794,0000,051920,0.023380,-0.0003,0.1529
2026-08-10T13:26:26.077505,0000,051928,0.013321,0.0009,0.1154
2026-08-10T13:26:28.230064,0000,051936,0.025496,0.0013,0.1597
2026-08-10T13:26:30.393939,0000,051944,0.024738,0.0016,0.1573
2026-08-10T13:26:32.425945,0000,051952,0.017219,0.0011,0.1312
2026-08-10T13:26:34.652275,0000,051960,0.016346,0.0004,0.1278
2026-08-10T13:26:36.710045,0000,051968,0.019626,-0.0008,0.1401
2026-08-10T13:26:38.948385,0000,051976,0.022683,-0.0015,0.1506
2026-08-10T13:26:40.889919,0000,051984,0.012009,-0.0014,0.1096
2026-08-10T13:26:42.848152,0000,051992,0.019347,-0.0011,0.1391
2026-08-10T13:26:44.957900,0000,052000,0.008818,-0.0003,0.0939
2026-08-10T13:26:47.044238,0000,052008,0.018986,0.0008,0.1378
2026-08-10T13:26:48.989832,0000,052016,0.011741,0.0014,0.1084
2026-08-10T13:26:50.965329,0000,052024,0.020092,0.0015,0.1417
2026-08-10T13:26:53.126355,0000,052032,0.015026,0.0013,0.1226
2026-08-10T13:26:55.119885,0000,052040,0.009038,0.0003,0.0951
2026-08-10T13:26:57.134764,0000,052048,0.012090,-0.0006,0.1100
2026-08-10T13:26:59.244132,0000,052056,0.016486,-0.0015,0.1284
2026-08-10T13:27:01.221983,0000,052064,0.023140,-0.0014,0.1521
2026-08-10T13:27:03.734078,0000,052072,0.013191,-0.0011,0.1149
2026-08-10T13:27:05.817745,0000,052080,0.014797,-0.0003,0.1216
2026-08-10T13:27:08.035061,0000,052088,0.016537,0.0008,0.1286
2026-08-10T13:27:10.252781,0000,052096,0.046133,0.0015,0.2148
2026-08-10T13:27:12.374159,0000,052104,0.024894,0.0016,0.1578
2026-08-10T13:27:14.334936,0000,052112,0.014351,0.0011,0.1198
2026-08-10T13:27:16.404790,0000,052120,0.007505,0.0005,0.0866
2026-08-10T13:27:18.305247,0000,052128,0.137608,-0.0009,0.3710
2026-08-10T13:27:20.568859,0000,052136,0.034319,-0.0017,0.1853
2026-08-10T13:27:22.653959,0000,052144,0.016446,-0.0014,0.1282
2026-08-10T13:27:24.695327,0000,052152,0.029210,-0.0013,0.1709
2026-08-10T13:27:27.012146,0000,052160,0.035253,-0.0006,0.1878
2026-08-10T13:27:29.242702,0000,052168,0.025034,0.0009,0.1582
2026-08-10T13:27:31.142616,0000,052176,0.016067,0.0014,0.1268
2026-08-10T13:27:33.369694,0000,052184,0.019574,0.0017,0.1399
2026-08-10T13:27:35.817550,0000,052192,0.024726,0.0012,0.1572
2026-08-10T13:27:37.869468,0000,052200,0.008092,0.0005,0.0900
2026-08-10T13:27:39.840084,0000,052208,0.012930,-0.0007,0.1137
2026-08-10T13:27:41.710770,0000,052216,0.018593,-0.0015,0.1364
2026-08-10T13:27:43.819899,0000,052224,0.035579,-0.0016,0.1886
2026-08-10T13:27:45.825836,0000,052232,0.013713,-0.0011,0.1171
2026-08-10T13:27:48.347573,0000,052240,0.014170,-0.0003,0.1190
2026-08-10T13:27:50.333824,0000,052248,0.145286,0.0007,0.3812
2026-08-10T13:27:52.332836,0000,052256,0.015343,0.0014,0.1239
2026-08-10T13:27:54.353267,0000,052264,0.015413,0.0014,0.1242
2026-08-10T13:27:56.464572,0000,052272,0.010348,0.0012,0.1017
2026-08-10T13:27:58.425574,0000,052280,0.061682,0.0003,0.2484
2026-08-10T13:28:00.793158,0000,052288,0.023771,-0.0011,0.1542
2026-08-10T13:28:02.819730,0000,052296,0.016590,-0.0013,0.1288
2026-08-10T13:28:04.993690,0000,052304,0.026493,-0.0015,0.1628
2026-08-10T13:28:07.111608,0000,052312,0.011166,-0.0011,0.1057
2026-08-10T13:28:09.139513,0000,052320,0.017325,-0.0003,0.1316
2026-08-10T13:28:11.729555,0000,052328,0.011863,0.0009,0.1089
2026-08-10T13:28:13.865921,0000,052336,0.026249,0.0013,0.1620
2026-08-10T13:28:15.943101,0000,052344,0.018839,0.0016,0.1373
2026-08-10T13:28:18.009577,0000,052352,0.017674,0.0010,0.1329
2026-08-10T13:28:20.153740,0000,052360,0.015480,0.0004,0.1244
2026-08-10T13:28:22.513773,0000,052368,0.027145,-0.0007,0.1648
2026-08-10T13:28:24.525094,0000,052376,0.028090,-0.0013,0.1676
2026-08-10T13:28:26.404657,0000,052384,0.019185,-0.0014,0.1385
2026-08-10T13:28:28.579662,0000,052392,0.010976,-0.0012,0.1048
2026-08-10T13:28:30.718821,0000,052400,0.009181,-0.0003,0.0958
2026-08-10T13:28:32.953020,0000,052408,0.012033,0.0010,0.1097
2026-08-10T13:28:34.908165,0000,052416,0.040350,0.0014,0.2009
2026-08-10T13:28:37.223719,0000,052424,0.017722,0.0016,0.1331
2026-08-10T13:28:39.110843,0000,052432,0.029711,0.0011,0.1724
2026-08-10T13:28:41.152655,0000,052440,0.012132,0.0004,0.1101
2026-08-10T13:28:43.130381,0000,052448,0.015655,-0.0008,0.1251
2026-08-10T13:28:45.306660,0000,052456,0.014728,-0.0013,0.1214
2026-08-10T13:28:47.421657,0000,052464,0.016690,-0.0014,0.1292
2026-08-10T13:28:49.648611,0000,052472,0.019071,-0.0011,0.1381
2026-08-10T13:28:51.751202,0000,052480,0.020840,-0.0004,0.1444
2026-08-10T13:28:53.744143,0000,052488,0.008948,0.0009,0.0946
2026-08-10T13:28:55.936315,0000,052496,0.060349,0.0013,0.2457
2026-08-10T13:28:58.089122,0000,052504,0.015788,0.0015,0.1257
2026-08-10T13:29:00.072626,0000,052512,0.017464,0.0011,0.1322
2026-08-10T13:29:02.107542,0000,052520,0.014287,0.0004,0.1195
2026-08-10T13:29:04.207834,0000,052528,0.030997,-0.0008,0.1761
2026-08-10T13:29:06.476709,0000,052536,0.014869,-0.0013,0.1219
2026-08-10T13:29:08.753672,0000,052544,0.016517,-0.0016,0.1285
2026-08-10T13:29:10.713937,0000,052552,0.015485,-0.0010,0.1244
2026-08-10T13:29:12.699690,0000,052560,0.019214,-0.0004,0.1386
2026-08-10T13:29:14.670258,0000,052568,0.021488,0.0008,0.1466
2026-08-10T13:29:17.032465,0000,052576,0.073290,0.0015,0.2707
2026-08-10T13:29:19.020257,0000,052584,0.017164,0.0015,0.1310
2026-08-10T13:29:21.149681,0000,052592,0.012818,0.0012,0.1132
2026-08-10T13:29:23.169306,0000,052600,0.010618,0.0003,0.1030
2026-08-10T13:29:25.349651,0000,052608,0.011926,-0.0009,0.1092
2026-08-10T13:29:27.573802,0000,052616,0.014340,-0.0016,0.1198
2026-08-10T13:29:29.717889,0000,052624,0.024920,-0.0016,0.1579
2026-08-10T13:29:31.925143,0000,052632,0.016853,-0.0012,0.1298
2026-08-10T13:29:33.835337,0000,052640,0.018563,-0.0005,0.1362
2026-08-10T13:29:35.784711,0000,052648,0.009224,0.0008,0.0960
2026-08-10T13:29:38.187894,0000,052656,0.060684,0.0017,0.2463
2026-08-10T13:29:40.288225,0000,052664,0.157278,0.0013,0.3966
2026-08-10T13:29:42.331227,0000,052672,0.011609,0.0012,0.1077
2026-08-10T13:29:44.844985,0000,052680,0.005454,0.0005,0.0739
2026-08-10T13:29:47.165463,0000,052688,0.012997,-0.0009,0.1140
2026-08-10T13:29:49.143216,0000,052696,1.156364,-0.0026,1.0753
2026-08-10T13:29:51.104623,0000,052704,0.014855,-0.0014,0.1219
2026-08-10T13:29:53.261493,0000,052712,0.016653,-0.0011,0.1290
2026-08-10T13:29:55.411775,0000,052720,0.033377,-0.0006,0.1827
2026-08-10T13:29:57.497126,0000,052728,0.010522,0.0009,0.1026
2026-08-10T13:30:01.051987,0000,052736,0.051771,0.0022,0.2275
2026-08-10T13:30:03.089042,0000,052744,0.019297,0.0015,0.1389
2026-08-10T13:30:05.636438,0000,052752,0.023495,0.0015,0.1533
2026-08-10T13:30:07.752703,0000,052760,0.018788,0.0003,0.1371
2026-08-10T13:30:09.972326,0000,052768,0.008896,-0.0008,0.0943
2026-08-10T13:30:12.076013,0000,052776,0.021082,-0.0014,0.1452
2026-08-10T13:30:14.077853,0000,052784,0.027960,-0.0014,0.1672
2026-08-10T13:30:16.133847,0000,052792,0.012133,-0.0010,0.1101
2026-08-10T13:30:18.548205,0000,052800,0.015225,-0.0003,0.1234
2026-08-10T13:30:20.631125,0000,052808,0.015740,0.0009,0.1255
2026-08-10T13:30:22.497426,0000,052816,0.015981,0.0013,0.1264
2026-08-10T13:30:24.385092,0000,052824,0.017019,0.0014,0.1305
2026-08-10T13:30:26.357758,0000,052832,0.031801,0.0010,0.1783
2026-08-10T13:30:28.446530,0000,052840,0.016466,0.0003,0.1283
2026-08-10T13:30:30.458215,0000,052848,0.015443,-0.0008,0.1243
2026-08-10T13:30:32.588260,0000,052856,0.018271,-0.0014,0.1352
2026-08-10T13:30:34.657042,0000,052864,0.014666,-0.0016,0.1211
2026-08-10T13:30:36.975895,0000,052872,0.023228,-0.0011,0.1524
2026-08-10T13:30:39.183955,0000,052880,0.009205,-0.0003,0.0959
2026-08-10T13:30:41.300882,0000,052888,0.008929,0.0009,0.0945
2026-08-10T13:30:43.291355,0000,052896,0.013328,0.0014,0.1154
2026-08-10T13:30:45.362202,0000,052904,0.146457,0.0014,0.3827
2026-08-10T13:30:47.599703,0000,052912,0.044818,0.0010,0.2117
2026-08-10T13:30:49.600853,0000,052920,0.014680,0.0003,0.1212
2026-08-10T13:30:51.535495,0000,052928,0.023697,-0.0008,0.1539
2026-08-10T13:30:53.619972,0000,052936,0.018147,-0.0014,0.1347
2026-08-10T13:30:55.610641,0000,052944,0.021103,-0.0014,0.1453
2026-08-10T13:30:57.745415,0000,052952,0.016950,-0.0011,0.1302
2026-08-10T13:30:59.895908,0000,052960,0.010788,-0.0002,0.1039
2026-08-10T13:31:01.916938,0000,052968,0.009735,0.0007,0.0987
2026-08-10T13:31:03.907838,0000,052976,0.021662,0.0015,0.1472
2026-08-10T13:31:06.292416,0000,052984,0.026014,0.0018,0.1613
2026-08-10T13:31:08.458282,0000,052992,0.016847,0.0013,0.1298
2026-08-10T13:31:10.372655,0000,053000,0.008699,0.0004,0.0933
2026-08-10T13:31:12.362735,0000,053008,0.014792,-0.0008,0.1216
2026-08-10T13:31:14.337770,0000,053016,0.017269,-0.0013,0.1314
2026-08-10T13:31:16.641959,0000,053024,0.092078,-0.0019,0.3034
2026-08-10T13:31:18.738001,0000,053032,0.023535,-0.0011,0.1534
2026-08-10T13:31:20.829334,0000,053040,0.021481,-0.0004,0.1466
2026-08-10T13:31:23.198895,0000,053048,0.042294,0.0009,0.2057
2026-08-10T13:31:25.140518,0000,053056,0.020977,0.0014,0.1448
2026-08-10T13:31:27.085027,0000,053064,0.013327,0.0015,0.1154
2026-08-10T13:31:29.163113,0000,053072,0.016361,0.0012,0.1279
2026-08-10T13:31:31.077557,0000,053080,0.017957,0.0003,0.1340
2026-08-10T13:31:33.087043,0000,053088,0.019822,-0.0008,0.1408
2026-08-10T13:31:35.020934,0000,053096,0.017026,-0.0012,0.1305
2026-08-10T13:31:36.809883,0000,053104,0.017865,-0.0014,0.1337
2026-08-10T13:31:38.598044,0000,053112,0.014694,-0.0010,0.1212
2026-08-10T13:31:40.612674,0000,053120,0.015690,-0.0005,0.1253
2026-08-10T13:31:42.592603,0000,053128,0.011530,0.0011,0.1074
2026-08-10T13:31:44.675323,0000,053136,0.034417,0.0013,0.1855
2026-08-10T13:31:46.676924,0000,053144,0.022818,0.0015,0.1511
2026-08-10T13:31:48.699523,0000,053152,0.019509,0.0011,0.1397
2026-08-10T13:31:50.588750,0000,053160,0.011036,0.0003,0.1051
2026-08-10T13:31:52.404356,0000,053168,0.015976,-0.0008,0.1264
2026-08-10T13:31:54.264635,0000,053176,0.015554,-0.0013,0.1247
2026-08-10T13:31:56.095688,0000,053184,0.015909,-0.0015,0.1261
2026-08-10T13:31:57.834643,0000,053192,0.015781,-0.0010,0.1256
2026-08-10T13:31:59.869267,0000,053200,0.011478,-0.0003,0.1071
2026-08-10T13:32:01.859699,0000,053208,0.018194,0.0009,0.1349
2026-08-10T13:32:03.919784,0000,053216,0.016024,0.0016,0.1266
2026-08-10T13:32:06.214922,0000,053224,0.019240,0.0018,0.1387
2026-08-10T13:32:08.095937,0000,053232,0.016213,0.0011,0.1273
2026-08-10T13:32:10.062303,0000,053240,0.044997,0.0002,0.2121
2026-08-10T13:32:12.029544,0000,053248,0.010690,-0.0006,0.1034
2026-08-10T13:32:14.040482,0000,053256,0.015689,-0.0014,0.1253
2026-08-10T13:32:16.005505,0000,053264,0.015535,-0.0017,0.1246
2026-08-10T13:32:17.815601,0000,053272,0.020192,-0.0012,0.1421
2026-08-10T13:32:19.660748,0000,053280,0.007560,-0.0003,0.0869
2026-08-10T13:32:21.551158,0000,053288,0.012596,0.0008,0.1122
2026-08-10T13:32:23.397825,0000,053296,0.020589,0.0014,0.1435
2026-08-10T13:32:25.766574,0000,053304,0.019899,0.0018,0.1411
2026-08-10T13:32:27.950788,0000,053312,0.037777,0.0013,0.1944
2026-08-10T13:32:29.974179,0000,053320,0.010831,0.0004,0.1041
2026-08-10T13:32:32.081086,0000,053328,0.038446,-0.0010,0.1961
2026-08-10T13:32:34.026226,0000,053336,0.147631,-0.0014,0.3842
2026-08-10T13:32:35.937458,0000,053344,0.060774,-0.0015,0.2465
2026-08-10T13:32:37.922249,0000,053352,0.013178,-0.0010,0.1148
2026-08-10T13:32:39.930679,0000,053360,0.036185,-0.0003,0.1902
2026-08-10T13:32:42.198650,0000,053368,1.155279,-0.0002,1.0748
2026-08-10T13:32:44.102780,0000,053376,0.027480,0.0014,0.1658
2026-08-10T13:32:46.352280,0000,053384,0.036372,0.0016,0.1907
2026-08-10T13:32:48.281889,0000,053392,0.014103,0.0011,0.1188
2026-08-10T13:32:50.268823,0000,053400,0.018432,0.0003,0.1358
2026-08-10T13:32:52.084558,0000,053408,0.015580,-0.0007,0.1248
2026-08-10T13:32:54.255978,0000,053416,0.021859,-0.0015,0.1478
2026-08-10T13:32:56.601922,0000,053424,0.015347,-0.0015,0.1239
2026-08-10T13:32:58.708939,0000,053432,0.011749,-0.0011,0.1084
2026-08-10T13:33:00.517256,0000,053440,0.012492,-0.0002,0.1118
2026-08-10T13:33:02.418555,0000,053448,0.012065,0.0008,0.1098
2026-08-10T13:33:04.860667,0000,053456,0.019452,0.0017,0.1395
2026-08-10T13:33:06.767590,0000,053464,0.018173,0.0014,0.1348
2026-08-10T13:33:08.938961,0000,053472,0.018881,0.0013,0.1374
2026-08-10T13:33:11.000806,0000,053480,0.007309,0.0004,0.0855
2026-08-10T13:33:13.233093,0000,053488,0.011286,-0.0008,0.1062
2026-08-10T13:33:15.530078,0000,053496,0.027859,-0.0014,0.1669
2026-08-10T13:33:17.777808,0000,053504,0.021204,-0.0015,0.1456
2026-08-10T13:33:19.874650,0000,053512,0.013045,-0.0011,0.1142
2026-08-10T13:33:21.909305,0000,053520,0.021366,-0.0005,0.1462
2026-08-10T13:33:23.871633,0000,053528,0.023318,0.0008,0.1527
2026-08-10T13:33:25.932541,0000,053536,0.022019,0.0014,0.1484
2026-08-10T13:33:27.718681,0000,053544,0.026658,0.0014,0.1633
2026-08-10T13:33:30.099319,0000,053552,0.034853,0.0015,0.1867
2026-08-10T13:33:32.258638,0000,053560,0.011817,0.0004,0.1087
2026-08-10T13:33:34.277104,0000,053568,0.012634,-0.0008,0.1124
2026-08-10T13:33:36.164404,0000,053576,0.030412,-0.0013,0.1744
2026-08-10T13:33:37.992903,0000,053584,0.022315,-0.0014,0.1494
2026-08-10T13:33:40.133863,0000,053592,0.053962,-0.0014,0.2323
2026-08-10T13:33:42.103411,0000,053600,0.020904,-0.0005,0.1446
2026-08-10T13:33:44.064951,0000,053608,0.010119,0.0009,0.1006
2026-08-10T13:33:46.081235,0000,053616,0.014344,0.0016,0.1198
2026-08-10T13:33:48.319116,0000,053624,0.027232,0.0017,0.1650
2026-08-10T13:33:50.224217,0000,053632,0.011140,0.0011,0.1055
2026-08-10T13:33:52.719272,0000,053640,0.023608,0.0004,0.1536
2026-08-10T13:33:54.567298,0000,053648,0.019196,-0.0008,0.1385
2026-08-10T13:33:56.484133,0000,053656,0.012991,-0.0012,0.1140
2026-08-10T13:33:58.445500,0000,053664,0.031383,-0.0017,0.1772
2026-08-10T13:34:00.562756,0000,053672,0.029844,-0.0011,0.1728
2026-08-10T13:34:02.644439,0000,053680,1.129807,-0.0012,1.0629
2026-08-10T13:34:04.488002,0000,053688,0.016628,0.0007,0.1290
2026-08-10T13:34:06.294180,0000,053696,0.015147,0.0014,0.1231
2026-08-10T13:34:08.094248,0000,053704,0.010871,0.0014,0.1043
2026-08-10T13:34:09.930168,0000,053712,0.012416,0.0011,0.1114
2026-08-10T13:34:11.758360,0000,053720,0.014286,0.0003,0.1195
2026-08-10T13:34:14.019993,0000,053728,0.010950,-0.0009,0.1046
2026-08-10T13:34:15.888893,0000,053736,0.008828,-0.0012,0.0940
2026-08-10T13:34:17.755910,0000,053744,0.013955,-0.0013,0.1181
2026-08-10T13:34:19.817099,0000,053752,0.030242,-0.0013,0.1739
2026-08-10T13:34:21.924296,0000,053760,0.010961,-0.0003,0.1047
2026-08-10T13:34:23.727048,0000,053768,0.012238,0.0009,0.1106
2026-08-10T13:34:25.606057,0000,053776,0.011533,0.0015,0.1074
2026-08-10T13:34:27.574060,0000,053784,0.019600,0.0016,0.1400
2026-08-10T13:34:29.580113,0000,053792,0.023627,0.0010,0.1537
2026-08-10T13:34:31.402983,0000,053800,0.009520,0.0004,0.0976
2026-08-10T13:34:33.187067,0000,053808,0.013388,-0.0008,0.1157
2026-08-10T13:34:34.996051,0000,053816,0.018947,-0.0013,0.1376
2026-08-10T13:34:37.275057,0000,053824,0.050862,-0.0020,0.2255
2026-08-10T13:34:39.289351,0000,053832,0.027811,-0.0013,0.1668
2026-08-10T13:34:41.040285,0000,053840,0.021291,-0.0003,0.1459
2026-08-10T13:34:42.844871,0000,053848,0.009464,0.0008,0.0973
2026-08-10T13:34:44.703885,0000,053856,0.014095,0.0013,0.1187
2026-08-10T13:34:46.688674,0000,053864,0.020536,0.0015,0.1433
2026-08-10T13:34:48.620006,0000,053872,0.021822,0.0011,0.1477
2026-08-10T13:34:50.627921,0000,053880,0.009119,0.0004,0.0955
2026-08-10T13:34:52.890162,0000,053888,0.011216,-0.0008,0.1059
2026-08-10T13:34:54.740217,0000,053896,0.019277,-0.0012,0.1388
2026-08-10T13:34:56.711294,0000,053904,0.018516,-0.0015,0.1361
2026-08-10T13:34:58.637343,0000,053912,0.008141,-0.0009,0.0902
2026-08-10T13:35:00.633103,0000,053920,0.014841,-0.0003,0.1218
2026-08-10T13:35:02.642205,0000,053928,0.029205,0.0007,0.1709
2026-08-10T13:35:04.703383,0000,053936,0.019080,0.0014,0.1381
2026-08-10T13:35:06.914232,0000,053944,0.023458,0.0015,0.1532
2026-08-10T13:35:08.894428,0000,053952,0.018677,0.0012,0.1367
2026-08-10T13:35:10.857247,0000,053960,0.015617,0.0005,0.1250
2026-08-10T13:35:12.884160,0000,053968,0.009902,-0.0007,0.0995
2026-08-10T13:35:14.690523,0000,053976,0.012091,-0.0014,0.1100
2026-08-10T13:35:16.828673,0000,053984,0.033491,-0.0017,0.1830
2026-08-10T13:35:19.028934,0000,053992,0.023663,-0.0013,0.1538
2026-08-10T13:35:21.074397,0000,054000,0.010359,-0.0004,0.1018
2026-08-10T13:35:23.602344,0000,054008,0.014153,0.0008,0.1190
2026-08-10T13:35:25.601286,0000,054016,0.014131,0.0015,0.1189
2026-08-10T13:35:27.624939,0000,054024,0.012562,0.0016,0.1121
2026-08-10T13:35:29.640488,0000,054032,0.021075,0.0012,0.1452
2026-08-10T13:35:31.630884,0000,054040,0.010541,0.0004,0.1027
2026-08-10T13:35:33.814685,0000,054048,0.011064,-0.0009,0.1052
2026-08-10T13:35:35.892181,0000,054056,0.018409,-0.0014,0.1357
2026-08-10T13:35:37.990226,0000,054064,0.015035,-0.0014,0.1226
2026-08-10T13:35:39.910827,0000,054072,0.017905,-0.0010,0.1338
2026-08-10T13:35:41.634731,0000,054080,0.005664,-0.0002,0.0753
2026-08-10T13:35:43.662116,0000,054088,1.154457,-0.0001,1.0745
2026-08-10T13:35:46.143079,0000,054096,1.150921,0.0008,1.0728
2026-08-10T13:35:48.330337,0000,054104,0.023846,0.0014,0.1544
2026-08-10T13:35:50.436034,0000,054112,0.026418,0.0011,0.1625
2026-08-10T13:35:52.563073,0000,054120,0.014270,0.0004,0.1195
2026-08-10T13:35:54.653886,0000,054128,0.142383,-0.0009,0.3773
2026-08-10T13:35:56.978648,0000,054136,0.020946,-0.0016,0.1447
2026-08-10T13:35:58.992556,0000,054144,0.016551,-0.0015,0.1287
2026-08-10T13:36:00.820000,0000,054152,0.023858,-0.0012,0.1545
2026-08-10T13:36:02.747786,0000,054160,0.007152,-0.0002,0.0846
2026-08-10T13:36:04.994257,0000,054168,0.010833,0.0011,0.1041
2026-08-10T13:36:07.150300,0000,054176,0.019957,0.0013,0.1413
2026-08-10T13:36:08.989832,0000,054184,0.148282,0.0012,0.3851
2026-08-10T13:36:10.895053,0000,054192,0.017581,0.0011,0.1326
2026-08-10T13:36:12.768106,0000,054200,0.022888,0.0004,0.1513
2026-08-10T13:36:14.736795,0000,054208,0.019170,-0.0007,0.1385
2026-08-10T13:36:16.713426,0000,054216,0.025717,-0.0013,0.1604
2026-08-10T13:36:18.766968,0000,054224,0.014394,-0.0012,0.1200
2026-08-10T13:36:21.360158,0000,054232,0.054699,-0.0012,0.2339
2026-08-10T13:36:23.291287,0000,054240,0.015897,-0.0003,0.1261
2026-08-10T13:36:25.086745,0000,054248,0.010845,0.0009,0.1041
2026-08-10T13:36:26.848837,0000,054256,0.016171,0.0013,0.1272
2026-08-10T13:36:28.641660,0000,054264,0.029099,0.0015,0.1706
2026-08-10T13:36:30.531085,0000,054272,0.041273,0.0011,0.2032
2026-08-10T13:36:32.324117,0000,054280,0.017473,0.0005,0.1322
2026-08-10T13:36:34.065632,0000,054288,0.068292,-0.0008,0.2613
2026-08-10T13:36:35.842622,0000,054296,0.014065,-0.0012,0.1186
2026-08-10T13:36:37.778204,0000,054304,0.038870,-0.0016,0.1972
2026-08-10T13:36:39.904767,0000,054312,0.024009,-0.0013,0.1549
2026-08-10T13:36:41.637976,0000,054320,0.005959,-0.0003,0.0772
2026-08-10T13:36:43.489353,0000,054328,0.027096,0.0006,0.1646
2026-08-10T13:36:45.327657,0000,054336,0.031620,0.0014,0.1778
2026-08-10T13:36:47.285645,0000,054344,0.039283,0.0015,0.1982
2026-08-10T13:36:49.130883,0000,054352,0.020860,0.0011,0.1444
2026-08-10T13:36:51.033686,0000,054360,0.011501,0.0004,0.1072
2026-08-10T13:36:52.809469,0000,054368,0.014950,-0.0006,0.1223
2026-08-10T13:36:54.617831,0000,054376,0.018029,-0.0013,0.1343
2026-08-10T13:36:56.353421,0000,054384,0.017294,-0.0013,0.1315
2026-08-10T13:36:58.329160,0000,054392,0.011667,-0.0012,0.1080
2026-08-10T13:37:00.190146,0000,054400,0.010905,-0.0003,0.1044
2026-08-10T13:37:02.259520,0000,054408,0.012552,0.0009,0.1120
2026-08-10T13:37:04.157415,0000,054416,0.024743,0.0016,0.1573
2026-08-10T13:37:05.943602,0000,054424,0.014444,0.0015,0.1202
2026-08-10T13:37:07.786912,0000,054432,0.022359,0.0012,0.1495
2026-08-10T13:37:09.874635,0000,054440,0.025965,0.0005,0.1611
2026-08-10T13:37:11.626600,0000,054448,1.155840,-0.0015,1.0751
2026-08-10T13:37:13.376140,0000,054456,0.013843,-0.0012,0.1177
2026-08-10T13:37:15.103271,0000,054464,0.018025,-0.0014,0.1343
2026-08-10T13:37:16.965777,0000,054472,0.152344,-0.0013,0.3903
2026-08-10T13:37:18.971796,0000,054480,0.007732,-0.0004,0.0879
2026-08-10T13:37:21.143332,0000,054488,0.020794,0.0010,0.1442
2026-08-10T13:37:23.092874,0000,054496,0.026930,0.0014,0.1641
2026-08-10T13:37:25.210916,0000,054504,0.033480,0.0016,0.1830
2026-08-10T13:37:27.364411,0000,054512,0.014877,0.0011,0.1220
2026-08-10T13:37:29.146085,0000,054520,0.015641,0.0003,0.1251
2026-08-10T13:37:31.263508,0000,054528,0.016574,-0.0006,0.1287
2026-08-10T13:37:33.653408,0000,054536,0.027844,-0.0017,0.1669
2026-08-10T13:37:35.838086,0000,054544,0.013554,-0.0013,0.1164
2026-08-10T13:37:37.967571,0000,054552,0.013944,-0.0010,0.1181
2026-08-10T13:37:39.922041,0000,054560,0.011882,-0.0002,0.1090
2026-08-10T13:37:41.739739,0000,054568,0.011402,0.0009,0.1068
2026-08-10T13:37:43.499548,0000,054576,0.013867,0.0014,0.1178
2026-08-10T13:37:45.390705,0000,054584,1.136479,0.0006,1.0661
2026-08-10T13:37:47.434028,0000,054592,0.022195,0.0014,0.1490
2026-08-10T13:37:49.467279,0000,054600,0.058003,0.0001,0.2408
2026-08-10T13:37:51.352642,0000,054608,0.021603,0.0000,0.1470
2026-08-10T13:37:53.361513,0000,054616,0.019410,-0.0004,0.1393
2026-08-10T13:37:55.594528,0000,054624,0.007594,-0.0006,0.0871
2026-08-10T13:37:57.638305,0000,054632,0.016805,-0.0005,0.1296
2026-08-10T13:37:59.688668,0000,054640,0.015406,0.0003,0.1241
2026-08-10T13:38:02.052596,0000,054648,0.017297,0.0004,0.1315
2026-08-10T13:38:04.365483,0000,054656,0.008279,0.0003,0.0910
2026-08-10T13:38:06.293018,0000,054664,0.026420,-0.0005,0.1625
2026-08-10T13:38:08.526042,0000,054672,0.024734,-0.0008,0.1573
2026-08-10T13:38:10.728144,0000,054680,0.010322,-0.0004,0.1016
2026-08-10T13:38:12.836236,0000,054688,0.006951,0.0002,0.0834
2026-08-10T13:38:15.187559,0000,054696,0.009792,0.0005,0.0990
2026-08-10T13:38:17.496712,0000,054704,0.007121,0.0003,0.0844
2026-08-10T13:38:19.922082,0000,054712,0.046951,-0.0004,0.2167
2026-08-10T13:38:21.912698,0000,054720,0.018454,-0.0006,0.1358
2026-08-10T13:38:23.830754,0000,054728,1.145561,-0.0015,1.0703
2026-08-10T13:38:25.769857,0000,054736,0.013195,0.0002,0.1149
2026-08-10T13:38:27.962334,0000,054744,0.012891,0.0006,0.1135
2026-08-10T13:38:30.132522,0000,054752,0.019646,0.0001,0.1402
2026-08-10T13:38:32.140462,0000,054760,0.005111,-0.0005,0.0715
2026-08-10T13:38:34.274637,0000,054768,0.011352,-0.0006,0.1065
2026-08-10T13:38:36.442418,0000,054776,0.020232,-0.0003,0.1422
2026-08-10T13:38:38.408904,0000,054784,0.011335,0.0004,0.1065
2026-08-10T13:38:40.392556,0000,054792,0.022288,0.0005,0.1493
2026-08-10T13:38:42.484068,0000,054800,0.013192,0.0003,0.1149
2026-08-10T13:38:44.375792,0000,054808,0.020331,-0.0006,0.1426
2026-08-10T13:38:46.515867,0000,054816,0.029749,-0.0008,0.1725
2026-08-10T13:38:48.581280,0000,054824,0.011869,-0.0003,0.1089
2026-08-10T13:38:50.820507,0000,054832,0.022425,0.0003,0.1497
2026-08-10T13:38:53.047949,0000,054840,0.013384,0.0005,0.1157
2026-08-10T13:38:54.954479,0000,054848,0.010714,0.0002,0.1035
2026-08-10T13:38:57.033021,0000,054856,0.013382,-0.0005,0.1157
2026-08-10T13:38:58.842958,0000,054864,0.009457,-0.0006,0.0972
2026-08-10T13:39:00.909842,0000,054872,0.034675,-0.0004,0.1862
2026-08-10T13:39:02.758258,0000,054880,0.050583,0.0003,0.2249
2026-08-10T13:39:04.533317,0000,054888,0.024823,0.0004,0.1576
2026-08-10T13:39:06.376110,0000,054896,0.008089,0.0002,0.0899
2026-08-10T13:39:08.369530,0000,054904,0.018989,-0.0004,0.1378
2026-08-10T13:39:10.259422,0000,054912,0.016666,-0.0006,0.1291
2026-08-10T13:39:12.088183,0000,054920,0.006673,-0.0003,0.0817
2026-08-10T13:39:13.891242,0000,054928,0.020254,0.0004,0.1423
2026-08-10T13:39:15.638009,0000,054936,0.045699,0.0005,0.2138
2026-08-10T13:39:17.590493,0000,054944,0.011725,0.0003,0.1083
2026-08-10T13:39:19.496588,0000,054952,0.010563,-0.0004,0.1028
2026-08-10T13:39:21.415196,0000,054960,0.019041,-0.0006,0.1380
2026-08-10T13:39:23.347602,0000,054968,0.017449,-0.0004,0.1321
2026-08-10T13:39:25.665606,0000,054976,0.055933,0.0005,0.2365
2026-08-10T13:39:27.546829,0000,054984,0.010435,0.0006,0.1022
2026-08-10T13:39:29.599640,0000,054992,0.007071,0.0002,0.0841
2026-08-10T13:39:31.643982,0000,055000,0.007755,-0.0004,0.0881
2026-08-10T13:39:33.916489,0000,055008,0.029768,-0.0008,0.1725
2026-08-10T13:39:36.228466,0000,055016,0.015242,-0.0004,0.1235
2026-08-10T13:39:38.337833,0000,055024,0.044530,0.0003,0.2110
2026-08-10T13:39:40.457846,0000,055032,0.012154,0.0005,0.1102
2026-08-10T13:39:42.616907,0000,055040,1.156654,-0.0008,1.0755
2026-08-10T13:39:44.785287,0000,055048,0.017841,0.0005,0.1336
2026-08-10T13:39:47.030929,0000,055056,0.010706,0.0002,0.1035
2026-08-10T13:39:49.071085,0000,055064,0.043443,-0.0008,0.2084
2026-08-10T13:39:50.830236,0000,055072,0.025449,-0.0007,0.1595
2026-08-10T13:39:52.748196,0000,055080,0.008267,-0.0004,0.0909
2026-08-10T13:39:54.531179,0000,055088,1.148421,-0.0008,1.0716
2026-08-10T13:39:56.379456,0000,055096,0.030580,0.0013,0.1749
2026-08-10T13:39:58.323653,0000,055104,0.035178,0.0017,0.1876
2026-08-10T13:40:00.582081,0000,055112,0.041352,0.0024,0.2034
2026-08-10T13:40:02.353921,0000,055120,0.027869,0.0012,0.1669
2026-08-10T13:40:04.294088,0000,055128,0.014754,0.0008,0.1215
2026-08-10T13:40:06.088814,0000,055136,0.025678,-0.0005,0.1602
2026-08-10T13:40:08.033866,0000,055144,0.014700,-0.0011,0.1212
2026-08-10T13:40:10.043417,0000,055152,0.027659,-0.0014,0.1663
2026-08-10T13:40:11.940593,0000,055160,0.060473,-0.0010,0.2459
2026-08-10T13:40:13.746575,0000,055168,0.010341,-0.0001,0.1017
2026-08-10T13:40:15.468074,0000,055176,0.009972,0.0008,0.0999
2026-08-10T13:40:17.431945,0000,055184,0.067826,0.0014,0.2604
2026-08-10T13:40:19.213797,0000,055192,0.015855,0.0016,0.1259
2026-08-10T13:40:20.940612,0000,055200,0.017809,0.0010,0.1335
2026-08-10T13:40:23.048775,0000,055208,0.035744,0.0006,0.1891
2026-08-10T13:40:25.113566,0000,055216,0.009664,-0.0008,0.0983
2026-08-10T13:40:26.837875,0000,055224,0.013131,-0.0013,0.1146
2026-08-10T13:40:28.663870,0000,055232,0.015224,-0.0014,0.1234
2026-08-10T13:40:30.405947,0000,055240,0.027816,-0.0011,0.1668
2026-08-10T13:40:32.276891,0000,055248,0.017772,-0.0004,0.1333
2026-08-10T13:40:34.279692,0000,055256,0.028365,0.0008,0.1684
2026-08-10T13:40:36.005310,0000,055264,0.012585,0.0013,0.1122
2026-08-10T13:40:37.774700,0000,055272,0.034924,0.0013,0.1869
2026-08-10T13:40:39.674757,0000,055280,0.018163,0.0011,0.1348
2026-08-10T13:40:41.516752,0000,055288,0.009858,0.0003,0.0993
2026-08-10T13:40:43.460766,0000,055296,0.016334,-0.0009,0.1278
2026-08-10T13:40:45.184789,0000,055304,0.014651,-0.0014,0.1210
2026-08-10T13:40:46.924808,0000,055312,0.017438,-0.0015,0.1321
2026-08-10T13:40:48.707870,0000,055320,0.024241,-0.0011,0.1557
2026-08-10T13:40:50.435174,0000,055328,0.012541,-0.0004,0.1120
2026-08-10T13:40:52.172485,0000,055336,0.013352,0.0007,0.1155
2026-08-10T13:40:54.082900,0000,055344,0.027158,0.0013,0.1648
2026-08-10T13:40:56.017267,0000,055352,0.027560,0.0015,0.1660
2026-08-10T13:40:57.770023,0000,055360,0.020150,0.0011,0.1420
2026-08-10T13:40:59.632447,0000,055368,0.016872,0.0004,0.1299
2026-08-10T13:41:01.474867,0000,055376,1.150784,-0.0017,1.0727
2026-08-10T13:41:03.329644,0000,055384,0.024719,-0.0014,0.1572
2026-08-10T13:41:05.056535,0000,055392,0.025961,-0.0013,0.1611
2026-08-10T13:41:06.824578,0000,055400,0.019571,-0.0011,0.1399
2026-08-10T13:41:08.569568,0000,055408,0.008263,-0.0003,0.0909
2026-08-10T13:41:10.656510,0000,055416,0.022149,0.0008,0.1488
2026-08-10T13:41:12.524459,0000,055424,0.013297,0.0015,0.1153
2026-08-10T13:41:14.270970,0000,055432,0.016384,0.0013,0.1280
2026-08-10T13:41:16.256816,0000,055440,0.015556,0.0012,0.1247
2026-08-10T13:41:18.042713,0000,055448,0.004823,0.0003,0.0694
2026-08-10T13:41:19.900700,0000,055456,0.009200,-0.0008,0.0959
2026-08-10T13:41:21.617757,0000,055464,0.020314,-0.0014,0.1425
2026-08-10T13:41:23.420811,0000,055472,0.009644,-0.0014,0.0982
2026-08-10T13:41:25.167727,0000,055480,0.016244,-0.0010,0.1275
2026-08-10T13:41:27.237617,0000,055488,0.015103,-0.0001,0.1229
2026-08-10T13:41:29.110652,0000,055496,0.017310,-0.0002,0.1316
2026-08-10T13:41:30.821398,0000,055504,0.020989,0.0006,0.1449
2026-08-10T13:41:32.565668,0000,055512,0.014670,0.0007,0.1211
2026-08-10T13:41:34.332699,0000,055520,0.034704,0.0003,0.1863
2026-08-10T13:41:36.306741,0000,055528,0.012559,-0.0002,0.1121
2026-08-10T13:41:38.058023,0000,055536,0.015534,-0.0005,0.1246
2026-08-10T13:41:40.026221,0000,055544,0.008432,-0.0001,0.0918
2026-08-10T13:41:42.015103,0000,055552,0.010694,0.0005,0.1034
2026-08-10T13:41:43.880783,0000,055560,0.023695,0.0007,0.1539
2026-08-10T13:41:45.980502,0000,055568,0.011653,0.0005,0.1080
2026-08-10T13:41:47.700193,0000,055576,0.014326,-0.0003,0.1197
2026-08-10T13:41:49.746963,0000,055584,0.017520,-0.0004,0.1324
2026-08-10T13:41:51.514949,0000,055592,0.005130,-0.0001,0.0716
2026-08-10T13:41:53.334822,0000,055600,0.015029,0.0005,0.1226
2026-08-10T13:41:55.156052,0000,055608,0.012690,0.0006,0.1127
2026-08-10T13:41:56.964782,0000,055616,0.011255,0.0005,0.1061
2026-08-10T13:41:58.688604,0000,055624,0.014043,-0.0003,0.1185
2026-08-10T13:42:00.452152,0000,055632,0.019672,-0.0005,0.1403
2026-08-10T13:42:02.489531,0000,055640,0.024467,-0.0006,0.1564
2026-08-10T13:42:04.464734,0000,055648,0.008463,0.0006,0.0920
2026-08-10T13:42:06.244469,0000,055656,0.022460,0.0007,0.1499
2026-08-10T13:42:08.240388,0000,055664,0.008467,0.0003,0.0920
2026-08-10T13:42:10.099879,0000,055672,0.012690,-0.0003,0.1127
2026-08-10T13:42:12.131931,0000,055680,0.025069,-0.0007,0.1583
2026-08-10T13:42:14.205733,0000,055688,0.024300,-0.0004,0.1559
2026-08-10T13:42:16.257566,0000,055696,0.017665,0.0004,0.1329
2026-08-10T13:42:18.356735,0000,055704,0.009746,0.0005,0.0987
2026-08-10T13:42:20.739576,0000,055712,0.027816,0.0004,0.1668
2026-08-10T13:42:23.118552,0000,055720,0.012870,-0.0005,0.1134
2026-08-10T13:42:25.472983,0000,055728,0.023435,-0.0006,0.1531
2026-08-10T13:42:27.435530,0000,055736,0.051103,-0.0003,0.2261
2026-08-10T13:42:29.509712,0000,055744,0.021329,0.0004,0.1460
2026-08-10T13:42:31.944566,0000,055752,0.009726,0.0005,0.0986
2026-08-10T13:42:33.986305,0000,055760,0.008531,0.0004,0.0924
2026-08-10T13:42:36.099998,0000,055768,0.008715,-0.0003,0.0934
2026-08-10T13:42:38.237631,0000,055776,0.009585,-0.0004,0.0979
2026-08-10T13:42:40.203473,0000,055784,0.009742,-0.0003,0.0987
2026-08-10T13:42:42.135821,0000,055792,0.015630,0.0005,0.1250
2026-08-10T13:42:44.130357,0000,055800,0.037275,0.0005,0.1931
2026-08-10T13:42:45.949895,0000,055808,0.018806,0.0004,0.1371
2026-08-10T13:42:47.779405,0000,055816,0.017651,-0.0004,0.1329
2026-08-10T13:42:49.637394,0000,055824,0.025463,-0.0007,0.1596
2026-08-10T13:42:51.478453,0000,055832,0.015423,-0.0002,0.1242
2026-08-10T13:42:53.641786,0000,055840,0.014724,0.0006,0.1213
2026-08-10T13:42:55.634673,0000,055848,0.049066,0.0006,0.2215
2026-08-10T13:42:57.480435,0000,055856,0.011781,0.0002,0.1085
2026-08-10T13:42:59.394036,0000,055864,0.005632,-0.0002,0.0750
2026-08-10T13:43:01.348639,0000,055872,0.016899,-0.0005,0.1300
2026-08-10T13:43:03.348053,0000,055880,0.034370,-0.0005,0.1854
2026-08-10T13:43:05.347183,0000,055888,0.006875,0.0004,0.0829
2026-08-10T13:43:07.555466,0000,055896,0.015333,0.0006,0.1238
2026-08-10T13:43:09.503499,0000,055904,0.009053,0.0004,0.0951
2026-08-10T13:43:11.450573,0000,055912,0.026900,-0.0004,0.1640
2026-08-10T13:43:13.291631,0000,055920,0.012904,-0.0004,0.1136
2026-08-10T13:43:15.373401,0000,055928,0.030652,-0.0005,0.1751
2026-08-10T13:43:17.472343,0000,055936,0.017663,0.0005,0.1329
2026-08-10T13:43:19.380240,0000,055944,0.019079,0.0005,0.1381
2026-08-10T13:43:21.287234,0000,055952,0.007147,0.0004,0.0845
2026-08-10T13:43:23.377673,0000,055960,0.006995,-0.0004,0.0836
2026-08-10T13:43:25.331235,0000,055968,0.024038,-0.0006,0.1550
2026-08-10T13:43:27.523058,0000,055976,0.009295,-0.0002,0.0964
2026-08-10T13:43:29.327378,0000,055984,0.033252,0.0003,0.1824
2026-08-10T13:43:31.073618,0000,055992,0.027414,0.0005,0.1656
2026-08-10T13:43:32.905202,0000,056000,0.009010,0.0004,0.0949
2026-08-10T13:43:35.187589,0000,056008,0.006835,-0.0004,0.0827
2026-08-10T13:43:37.009170,0000,056016,0.009815,-0.0005,0.0991
2026-08-10T13:43:38.960799,0000,056024,0.014694,-0.0003,0.1212
2026-08-10T13:43:40.820161,0000,056032,0.014526,0.0004,0.1205
2026-08-10T13:43:42.636724,0000,056040,0.026754,0.0004,0.1636
2026-08-10T13:43:44.432645,0000,056048,0.018443,0.0002,0.1358
2026-08-10T13:43:46.248660,0000,056056,0.029569,-0.0004,0.1720
2026-08-10T13:43:48.069453,0000,056064,0.013064,-0.0004,0.1143
2026-08-10T13:43:49.891832,0000,056072,0.026515,-0.0002,0.1628
2026-08-10T13:43:51.686220,0000,056080,1.124215,-0.0004,1.0603
2026-08-10T13:43:53.645252,0000,056088,0.023051,0.0017,0.1518
2026-08-10T13:43:55.432744,0000,056096,0.027289,0.0019,0.1652
2026-08-10T13:43:57.324234,0000,056104,0.020278,0.0021,0.1424
2026-08-10T13:43:59.224105,0000,056112,0.013848,0.0016,0.1177
2026-08-10T13:44:00.949220,0000,056120,0.022432,0.0008,0.1498
2026-08-10T13:44:02.876053,0000,056128,0.035563,-0.0006,0.1886
2026-08-10T13:44:04.789032,0000,056136,0.017681,-0.0012,0.1330
2026-08-10T13:44:06.690308,0000,056144,0.027676,-0.0013,0.1664
2026-08-10T13:44:08.415062,0000,056152,0.010420,-0.0008,0.1021
2026-08-10T13:44:10.161105,0000,056160,0.007713,-0.0001,0.0878
2026-08-10T13:44:12.090294,0000,056168,0.012711,0.0009,0.1127
2026-08-10T13:44:14.009448,0000,056176,0.019601,0.0018,0.1400
2026-08-10T13:44:15.742142,0000,056184,0.019443,0.0014,0.1394
2026-08-10T13:44:17.712095,0000,056192,0.015340,0.0013,0.1239
2026-08-10T13:44:19.768457,0000,056200,0.018847,0.0002,0.1373
2026-08-10T13:44:21.678410,0000,056208,0.011695,-0.0007,0.1081
2026-08-10T13:44:23.579722,0000,056216,0.032344,-0.0013,0.1798
2026-08-10T13:44:25.515489,0000,056224,0.013386,-0.0013,0.1157
2026-08-10T13:44:27.558678,0000,056232,0.015517,-0.0009,0.1246
2026-08-10T13:44:29.650712,0000,056240,0.018329,-0.0005,0.1354
2026-08-10T13:44:31.881258,0000,056248,0.023274,0.0010,0.1526
2026-08-10T13:44:33.751248,0000,056256,0.015382,0.0012,0.1240
2026-08-10T13:44:35.643662,0000,056264,0.020873,0.0015,0.1445
2026-08-10T13:44:37.985034,0000,056272,0.010937,0.0012,0.1046
2026-08-10T13:44:39.847540,0000,056280,1.121206,-0.0007,1.0589
2026-08-10T13:44:42.203287,0000,056288,0.022166,0.0000,0.1489
2026-08-10T13:44:44.091861,0000,056296,0.008012,0.0004,0.0895
2026-08-10T13:44:45.848053,0000,056304,0.008102,0.0000,0.0900
2026-08-10T13:44:47.573476,0000,056312,0.018723,-0.0008,0.1368
2026-08-10T13:44:49.450369,0000,056320,0.015922,-0.0008,0.1262
2026-08-10T13:44:51.191115,0000,056328,0.013681,-0.0006,0.1170
2026-08-10T13:44:53.267444,0000,056336,0.019137,-0.0002,0.1383
2026-08-10T13:44:55.137638,0000,056344,0.023659,0.0008,0.1538
2026-08-10T13:44:57.428186,0000,056352,0.028870,0.0016,0.1699
2026-08-10T13:44:59.325501,0000,056360,0.022694,0.0014,0.1506
2026-08-10T13:45:01.232964,0000,056368,0.013248,0.0010,0.1151
2026-08-10T13:45:03.581146,0000,056376,0.010657,0.0004,0.1032
2026-08-10T13:45:05.442284,0000,056384,0.153674,-0.0010,0.3920
2026-08-10T13:45:07.439775,0000,056392,0.038233,-0.0017,0.1955
2026-08-10T13:45:09.274909,0000,056400,0.028142,-0.0016,0.1678
2026-08-10T13:45:11.314253,0000,056408,0.014340,-0.0014,0.1197
2026-08-10T13:45:13.153508,0000,056416,0.015232,-0.0006,0.1234
2026-08-10T13:45:14.947919,0000,056424,0.015103,0.0005,0.1229
2026-08-10T13:45:16.990770,0000,056432,0.013789,0.0009,0.1174
2026-08-10T13:45:19.101179,0000,056440,0.017444,0.0011,0.1321
2026-08-10T13:45:21.002270,0000,056448,0.034048,0.0007,0.1845
2026-08-10T13:45:23.004796,0000,056456,0.058380,-0.0001,0.2416
2026-08-10T13:45:24.878923,0000,056464,0.013873,-0.0003,0.1178
2026-08-10T13:45:26.656926,0000,056472,0.013053,-0.0000,0.1143
2026-08-10T13:45:28.502002,0000,056480,0.013924,0.0004,0.1180
2026-08-10T13:45:30.306772,0000,056488,0.009515,0.0005,0.0975
2026-08-10T13:45:32.141734,0000,056496,0.020682,0.0002,0.1438
2026-08-10T13:45:34.011941,0000,056504,0.036791,-0.0005,0.1918
2026-08-10T13:45:35.850949,0000,056512,0.016626,-0.0007,0.1289
2026-08-10T13:45:37.937810,0000,056520,0.010975,-0.0006,0.1048
2026-08-10T13:45:39.885862,0000,056528,1.142070,-0.0007,1.0687
2026-08-10T13:45:41.732420,0000,056536,0.068103,0.0011,0.2610
2026-08-10T13:45:43.723944,0000,056544,0.024678,0.0016,0.1571
2026-08-10T13:45:45.703933,0000,056552,0.015757,0.0016,0.1255
2026-08-10T13:45:47.537759,0000,056560,0.015607,0.0011,0.1249
2026-08-10T13:45:49.655501,0000,056568,0.026391,0.0002,0.1625
2026-08-10T13:45:51.507792,0000,056576,0.015089,-0.0008,0.1228
2026-08-10T13:45:53.364439,0000,056584,0.015895,-0.0013,0.1261
2026-08-10T13:45:55.470946,0000,056592,0.022029,-0.0017,0.1484
2026-08-10T13:45:57.284801,0000,056600,0.020813,-0.0013,0.1443
2026-08-10T13:45:59.255879,0000,056608,0.006287,-0.0007,0.0793
2026-08-10T13:46:01.281805,0000,056616,0.013374,0.0004,0.1156
2026-08-10T13:46:03.111688,0000,056624,0.013011,0.0010,0.1141
2026-08-10T13:46:04.957579,0000,056632,0.008736,0.0011,0.0935
2026-08-10T13:46:06.790660,0000,056640,0.013439,0.0006,0.1159
2026-08-10T13:46:08.634682,0000,056648,1.144910,-0.0010,1.0700
2026-08-10T13:46:10.524709,0000,056656,0.016217,-0.0003,0.1273
2026-08-10T13:46:12.310808,0000,056664,0.050366,-0.0003,0.2244
2026-08-10T13:46:14.315812,0000,056672,0.007092,0.0004,0.0842
2026-08-10T13:46:16.182757,0000,056680,0.016348,0.0005,0.1279
2026-08-10T13:46:18.167730,0000,056688,0.019549,0.0002,0.1398
2026-08-10T13:46:20.614017,0000,056696,0.007906,-0.0006,0.0889
2026-08-10T13:46:22.610906,0000,056704,0.031314,-0.0010,0.1770
2026-08-10T13:46:24.622648,0000,056712,0.016913,-0.0006,0.1300
2026-08-10T13:46:26.418779,0000,056720,0.019332,0.0000,0.1390
2026-08-10T13:46:28.530660,0000,056728,0.016494,0.0002,0.1284
2026-08-10T13:46:30.246621,0000,056736,0.009496,-0.0001,0.0974
2026-08-10T13:46:31.991755,0000,056744,0.009575,0.0001,0.0979
2026-08-10T13:46:33.815037,0000,056752,0.007510,-0.0000,0.0867
2026-08-10T13:46:35.987666,0000,056760,0.007785,-0.0001,0.0882
2026-08-10T13:46:38.492626,0000,056768,0.039066,0.0004,0.1977
2026-08-10T13:46:40.441720,0000,056776,0.011597,0.0008,0.1077
2026-08-10T13:46:42.267949,0000,056784,0.013613,0.0004,0.1167
2026-08-10T13:46:43.995276,0000,056792,0.009353,-0.0004,0.0967
2026-08-10T13:46:45.901831,0000,056800,0.013830,-0.0008,0.1176
2026-08-10T13:46:47.699733,0000,056808,0.007341,-0.0003,0.0857
2026-08-10T13:46:49.442634,0000,056816,0.005439,0.0001,0.0737
2026-08-10T13:46:51.205608,0000,056824,0.021012,0.0003,0.1450
2026-08-10T13:46:53.362999,0000,056832,0.009779,0.0001,0.0989
2026-08-10T13:46:55.215992,0000,056840,0.018800,-0.0007,0.1371
2026-08-10T13:46:56.993489,0000,056848,0.147061,-0.0010,0.3835
2026-08-10T13:46:58.889440,0000,056856,0.030176,-0.0008,0.1737
2026-08-10T13:47:01.090764,0000,056864,0.023127,-0.0001,0.1521
2026-08-10T13:47:02.919528,0000,056872,0.015303,0.0009,0.1237
2026-08-10T13:47:04.775679,0000,056880,0.022174,0.0015,0.1489
2026-08-10T13:47:06.731662,0000,056888,0.015399,0.0015,0.1241
2026-08-10T13:47:08.599513,0000,056896,1.132299,-0.0000,1.0641
2026-08-10T13:47:10.642091,0000,056904,0.017665,0.0003,0.1329
2026-08-10T13:47:12.511863,0000,056912,0.009669,-0.0008,0.0983
2026-08-10T13:47:14.435149,0000,056920,0.015355,-0.0015,0.1239
2026-08-10T13:47:16.513422,0000,056928,0.025277,-0.0019,0.1590
2026-08-10T13:47:18.393634,0000,056936,0.027485,-0.0014,0.1658
2026-08-10T13:47:20.510305,0000,056944,0.029929,-0.0008,0.1730
2026-08-10T13:47:22.385486,0000,056952,0.013546,0.0005,0.1164
2026-08-10T13:47:24.364206,0000,056960,0.031966,0.0009,0.1788
2026-08-10T13:47:26.198988,0000,056968,0.017892,0.0011,0.1338
2026-08-10T13:47:28.088349,0000,056976,0.024213,0.0004,0.1556
2026-08-10T13:47:30.031559,0000,056984,0.006333,-0.0002,0.0796
2026-08-10T13:47:31.862450,0000,056992,0.014800,-0.0004,0.1217
2026-08-10T13:47:33.613387,0000,057000,0.012386,-0.0002,0.1113
2026-08-10T13:47:35.597417,0000,057008,0.023690,0.0003,0.1539
2026-08-10T13:47:37.390580,0000,057016,0.012961,0.0005,0.1138
2026-08-10T13:47:39.539450,0000,057024,0.162933,0.0002,0.4037
2026-08-10T13:47:41.807351,0000,057032,0.008504,-0.0007,0.0922
2026-08-10T13:47:43.807852,0000,057040,0.018158,-0.0008,0.1348
2026-08-10T13:47:45.693139,0000,057048,0.010060,-0.0005,0.1003
2026-08-10T13:47:48.005821,0000,057056,0.018324,0.0000,0.1354
2026-08-10T13:47:49.865909,0000,057064,0.008852,0.0002,0.0941
2026-08-10T13:47:51.998397,0000,057072,0.011786,-0.0002,0.1086
2026-08-10T13:47:53.787275,0000,057080,0.007888,0.0002,0.0888
2026-08-10T13:47:55.543903,0000,057088,0.011292,-0.0002,0.1063
2026-08-10T13:47:57.274430,0000,057096,0.016068,-0.0000,0.1268
2026-08-10T13:47:59.175442,0000,057104,0.009827,0.0006,0.0991
2026-08-10T13:48:00.889885,0000,057112,0.022165,0.0006,0.1489
2026-08-10T13:48:02.651081,0000,057120,0.019957,0.0002,0.1413
2026-08-10T13:48:04.463352,0000,057128,0.015454,-0.0005,0.1243
2026-08-10T13:48:06.313009,0000,057136,0.025280,-0.0008,0.1590
2026-08-10T13:48:08.080389,0000,057144,0.018478,-0.0004,0.1359
2026-08-10T13:48:10.084377,0000,057152,0.025767,0.0000,0.1605
2026-08-10T13:48:11.961639,0000,057160,0.017908,0.0011,0.1338
2026-08-10T13:48:13.823298,0000,057168,0.032452,0.0016,0.1801
2026-08-10T13:48:15.788446,0000,057176,0.017258,0.0016,0.1314
2026-08-10T13:48:17.666826,0000,057184,0.018895,0.0010,0.1375
2026-08-10T13:48:19.728107,0000,057192,0.016284,0.0003,0.1276
2026-08-10T13:48:21.781101,0000,057200,0.018389,-0.0011,0.1356
2026-08-10T13:48:24.012305,0000,057208,0.045249,-0.0019,0.2127
2026-08-10T13:48:26.099867,0000,057216,0.026967,-0.0017,0.1642
2026-08-10T13:48:28.062607,0000,057224,0.011911,-0.0013,0.1091
2026-08-10T13:48:30.029734,0000,057232,0.011416,-0.0005,0.1068
2026-08-10T13:48:31.971226,0000,057240,0.023279,0.0005,0.1526
2026-08-10T13:48:34.284469,0000,057248,0.010911,0.0012,0.1045
2026-08-10T13:48:36.429417,0000,057256,0.012460,0.0012,0.1116
2026-08-10T13:48:38.242735,0000,057264,0.013219,0.0006,0.1150
2026-08-10T13:48:40.247396,0000,057272,0.023639,-0.0003,0.1537
2026-08-10T13:48:42.034247,0000,057280,0.010334,-0.0004,0.1017
2026-08-10T13:48:44.044430,0000,057288,0.026930,-0.0005,0.1641
2026-08-10T13:48:45.961455,0000,057296,0.010643,0.0003,0.1032
2026-08-10T13:48:47.736838,0000,057304,0.010986,0.0004,0.1048
2026-08-10T13:48:49.863363,0000,057312,0.017749,0.0002,0.1332
2026-08-10T13:48:51.735798,0000,057320,0.011049,-0.0005,0.1051
2026-08-10T13:48:54.110788,0000,057328,0.026515,-0.0014,0.1628
2026-08-10T13:48:56.104457,0000,057336,0.007872,-0.0004,0.0887
2026-08-10T13:48:58.249111,0000,057344,0.044251,-0.0004,0.2104
2026-08-10T13:49:00.323085,0000,057352,0.017360,0.0011,0.1318
2026-08-10T13:49:02.313394,0000,057360,0.031655,0.0015,0.1779
2026-08-10T13:49:04.065740,0000,057368,0.017900,0.0015,0.1338
2026-08-10T13:49:05.825232,0000,057376,0.009400,0.0011,0.0970
2026-08-10T13:49:07.668328,0000,057384,0.016354,0.0002,0.1279
2026-08-10T13:49:09.973739,0000,057392,0.031833,-0.0011,0.1784
2026-08-10T13:49:11.966023,0000,057400,0.029004,-0.0014,0.1703
2026-08-10T13:49:13.994089,0000,057408,0.028082,-0.0017,0.1676
2026-08-10T13:49:15.922530,0000,057416,0.017334,-0.0013,0.1317
2026-08-10T13:49:17.699455,0000,057424,1.135563,-0.0017,1.0656
2026-08-10T13:49:19.531290,0000,057432,0.008706,0.0004,0.0933
2026-08-10T13:49:21.410768,0000,057440,0.026337,0.0009,0.1623
2026-08-10T13:49:23.216318,0000,057448,0.025207,0.0009,0.1588
2026-08-10T13:49:25.389867,0000,057456,0.019312,0.0004,0.1390
2026-08-10T13:49:27.392889,0000,057464,0.017081,-0.0004,0.1307
2026-08-10T13:49:29.171825,0000,057472,0.022467,-0.0005,0.1499
2026-08-10T13:49:31.020720,0000,057480,0.019591,-0.0003,0.1400
2026-08-10T13:49:33.088176,0000,057488,0.009261,0.0004,0.0962
2026-08-10T13:49:34.888687,0000,057496,1.135015,-0.0006,1.0654
2026-08-10T13:49:36.784190,0000,057504,0.032115,0.0009,0.1792
2026-08-10T13:49:38.578073,0000,057512,0.015336,0.0010,0.1238
2026-08-10T13:49:40.413113,0000,057520,0.011120,0.0007,0.1055
2026-08-10T13:49:42.248166,0000,057528,0.011481,-0.0001,0.1071
2026-08-10T13:49:44.096341,0000,057536,0.014785,-0.0004,0.1216
2026-08-10T13:49:45.956858,0000,057544,0.017251,-0.0003,0.1313
2026-08-10T13:49:48.132610,0000,057552,0.021993,0.0000,0.1483
2026-08-10T13:49:50.104067,0000,057560,0.028359,0.0012,0.1684
2026-08-10T13:49:52.011866,0000,057568,0.024964,0.0017,0.1580
2026-08-10T13:49:53.978020,0000,057576,0.031279,0.0018,0.1769
2026-08-10T13:49:56.599349,0000,057584,0.035820,0.0015,0.1893
2026-08-10T13:49:58.416469,0000,057592,0.011362,0.0003,0.1066
2026-08-10T13:50:00.305057,0000,057600,0.011528,-0.0007,0.1074
2026-08-10T13:50:02.264350,0000,057608,0.023331,-0.0014,0.1527
2026-08-10T13:50:04.455408,0000,057616,0.027076,-0.0018,0.1645
2026-08-10T13:50:06.284409,0000,057624,0.018911,-0.0012,0.1375
2026-08-10T13:50:08.870386,0000,057632,0.010968,-0.0006,0.1047
2026-08-10T13:50:10.642069,0000,057640,0.013352,0.0003,0.1155
2026-08-10T13:50:12.481067,0000,057648,0.024134,0.0007,0.1553
2026-08-10T13:50:14.320968,0000,057656,0.013484,0.0011,0.1161
2026-08-10T13:50:16.198433,0000,057664,0.007308,0.0006,0.0855
2026-08-10T13:50:18.167006,0000,057672,0.008832,-0.0003,0.0940
2026-08-10T13:50:20.041830,0000,057680,0.007255,-0.0003,0.0852
2026-08-10T13:50:22.020033,0000,057688,0.015561,-0.0002,0.1247
2026-08-10T13:50:24.017834,0000,057696,0.035853,0.0001,0.1893
2026-08-10T13:50:25.994009,0000,057704,0.015417,0.0011,0.1242
2026-08-10T13:50:28.240025,0000,057712,0.044993,0.0016,0.2121
2026-08-10T13:50:30.360261,0000,057720,0.013257,0.0013,0.1151
2026-08-10T13:50:32.701048,0000,057728,0.017139,0.0009,0.1309
2026-08-10T13:50:34.759195,0000,057736,0.024164,-0.0002,0.1554
2026-08-10T13:50:36.635195,0000,057744,0.012972,-0.0006,0.1139
2026-08-10T13:50:38.733541,0000,057752,0.019458,-0.0006,0.1395
2026-08-10T13:50:40.632447,0000,057760,0.026048,0.0000,0.1614
2026-08-10T13:50:42.676627,0000,057768,0.005986,0.0001,0.0774
2026-08-10T13:50:44.542038,0000,057776,0.010287,-0.0005,0.1014
2026-08-10T13:50:46.352858,0000,057784,0.009092,-0.0005,0.0954
2026-08-10T13:50:48.492288,0000,057792,0.009309,0.0002,0.0965
2026-08-10T13:50:50.609800,0000,057800,0.013287,0.0002,0.1153
2026-08-10T13:50:52.501946,0000,057808,0.010100,-0.0003,0.1005
2026-08-10T13:50:54.462725,0000,057816,0.011670,-0.0003,0.1080
2026-08-10T13:50:56.612958,0000,057824,0.008503,0.0003,0.0922
2026-08-10T13:50:58.499851,0000,057832,0.009511,0.0001,0.0975
2026-08-10T13:51:00.681112,0000,057840,0.012926,-0.0003,0.1137
2026-08-10T13:51:02.803012,0000,057848,0.007800,-0.0001,0.0883
2026-08-10T13:51:04.859507,0000,057856,0.014922,0.0001,0.1222
2026-08-10T13:51:06.744816,0000,057864,0.018579,0.0001,0.1363
2026-08-10T13:51:08.688614,0000,057872,0.019117,-0.0003,0.1383
2026-08-10T13:51:10.561871,0000,057880,0.016526,-0.0002,0.1286
2026-08-10T13:51:12.962252,0000,057888,0.050392,0.0002,0.2245
2026-08-10T13:51:15.034789,0000,057896,0.014506,0.0001,0.1204
2026-08-10T13:51:16.871834,0000,057904,0.007218,-0.0004,0.0850
2026-08-10T13:51:18.754795,0000,057912,0.052549,-0.0003,0.2292
2026-08-10T13:51:20.741319,0000,057920,0.047009,0.0000,0.2168
2026-08-10T13:51:22.632338,0000,057928,0.027381,0.0001,0.1655
2026-08-10T13:51:24.927432,0000,057936,0.017018,0.0001,0.1305
2026-08-10T13:51:26.680599,0000,057944,0.014690,-0.0012,0.1212
2026-08-10T13:51:28.500029,0000,057952,0.023387,-0.0014,0.1529
2026-08-10T13:51:30.356740,0000,057960,0.011412,-0.0012,0.1068
2026-08-10T13:51:32.281896,0000,057968,0.025484,-0.0007,0.1596
2026-08-10T13:51:34.146032,0000,057976,0.018091,0.0001,0.1345
2026-08-10T13:51:36.228556,0000,057984,0.030947,0.0005,0.1759
2026-08-10T13:51:38.262173,0000,057992,0.017464,0.0007,0.1322
2026-08-10T13:51:40.137757,0000,058000,0.010415,0.0000,0.1021
2026-08-10T13:51:42.017596,0000,058008,0.012669,-0.0007,0.1126
2026-08-10T13:51:44.119596,0000,058016,0.026704,-0.0012,0.1634
2026-08-10T13:51:46.064035,0000,058024,0.012342,-0.0010,0.1111
2026-08-10T13:51:48.310287,0000,058032,0.063958,-0.0004,0.2529
2026-08-10T13:51:50.422267,0000,058040,0.032012,0.0003,0.1789
2026-08-10T13:51:52.280671,0000,058048,0.020987,0.0008,0.1449
2026-08-10T13:51:54.158140,0000,058056,0.018810,0.0007,0.1371
2026-08-10T13:51:56.050425,0000,058064,0.008229,0.0001,0.0907
2026-08-10T13:51:57.969862,0000,058072,0.031958,-0.0008,0.1788
2026-08-10T13:51:59.779491,0000,058080,0.021529,-0.0010,0.1467
2026-08-10T13:52:01.572021,0000,058088,0.052970,-0.0009,0.2302
2026-08-10T13:52:03.594571,0000,058096,1.124269,-0.0014,1.0603
2026-08-10T13:52:05.571751,0000,058104,0.059395,0.0005,0.2437
2026-08-10T13:52:07.315846,0000,058112,0.014414,0.0007,0.1201
2026-08-10T13:52:09.110531,0000,058120,0.030924,0.0008,0.1759
2026-08-10T13:52:10.971714,0000,058128,0.009804,0.0003,0.0990
2026-08-10T13:52:12.794644,0000,058136,0.024706,-0.0007,0.1572
2026-08-10T13:52:14.643097,0000,058144,0.021438,-0.0010,0.1464
2026-08-10T13:52:16.552523,0000,058152,0.016645,-0.0007,0.1290
2026-08-10T13:52:18.529687,0000,058160,0.008999,-0.0003,0.0949
2026-08-10T13:52:20.458688,0000,058168,0.014354,0.0004,0.1198
2026-08-10T13:52:22.465171,0000,058176,0.015523,0.0009,0.1246
2026-08-10T13:52:24.418442,0000,058184,0.028428,0.0007,0.1686
2026-08-10T13:52:26.401746,0000,058192,0.019653,0.0003,0.1402
2026-08-10T13:52:28.575249,0000,058200,0.009790,-0.0004,0.0989
2026-08-10T13:52:30.777445,0000,058208,0.009199,-0.0010,0.0959
2026-08-10T13:52:32.923448,0000,058216,0.026250,-0.0009,0.1620
2026-08-10T13:52:34.891103,0000,058224,0.145698,-0.0004,0.3817
2026-08-10T13:52:36.748443,0000,058232,0.005520,0.0005,0.0743
2026-08-10T13:52:38.609441,0000,058240,0.013454,0.0008,0.1160
2026-08-10T13:52:41.019264,0000,058248,0.012361,0.0010,0.1112
2026-08-10T13:52:43.114037,0000,058256,0.011967,0.0006,0.1094
2026-08-10T13:52:45.020331,0000,058264,0.013036,-0.0005,0.1142
2026-08-10T13:52:47.034791,0000,058272,0.017424,-0.0008,0.1320
2026-08-10T13:52:48.827787,0000,058280,0.022661,-0.0009,0.1505
2026-08-10T13:52:50.615443,0000,058288,0.008545,-0.0004,0.0924
2026-08-10T13:52:52.468751,0000,058296,0.012823,0.0005,0.1132
2026-08-10T13:52:54.354038,0000,058304,0.021022,0.0007,0.1450
2026-08-10T13:52:56.601765,0000,058312,0.026008,0.0014,0.1613
2026-08-10T13:52:58.704447,0000,058320,0.018999,0.0004,0.1378
2026-08-10T13:53:00.758522,0000,058328,0.015764,-0.0003,0.1256
2026-08-10T13:53:02.546236,0000,058336,0.007776,-0.0008,0.0882
2026-08-10T13:53:04.440393,0000,058344,0.012200,-0.0007,0.1105
2026-08-10T13:53:06.239480,0000,058352,0.011587,-0.0003,0.1076
2026-08-10T13:53:08.093253,0000,058360,0.006172,0.0006,0.0786
2026-08-10T13:53:09.994234,0000,058368,0.018392,0.0008,0.1356
2026-08-10T13:53:11.901219,0000,058376,0.018473,0.0007,0.1359
2026-08-10T13:53:13.798786,0000,058384,0.015490,0.0002,0.1245
2026-08-10T13:53:15.817663,0000,058392,0.016697,-0.0005,0.1292
2026-08-10T13:53:17.798817,0000,058400,0.024578,-0.0008,0.1568
2026-08-10T13:53:19.784304,0000,058408,0.061724,-0.0008,0.2484
2026-08-10T13:53:21.944450,0000,058416,0.029520,-0.0002,0.1718
2026-08-10T13:53:23.963103,0000,058424,0.014618,0.0006,0.1209
2026-08-10T13:53:25.867039,0000,058432,0.044961,0.0009,0.2120
2026-08-10T13:53:28.263940,0000,058440,0.024879,0.0011,0.1577
2026-08-10T13:53:30.111286,0000,058448,0.012818,0.0003,0.1132
2026-08-10T13:53:32.130052,0000,058456,0.020390,-0.0006,0.1428
2026-08-10T13:53:34.171254,0000,058464,0.010236,-0.0008,0.1012
2026-08-10T13:53:36.221020,0000,058472,0.030158,-0.0008,0.1737
2026-08-10T13:53:38.252624,0000,058480,0.023102,-0.0003,0.1520
2026-08-10T13:53:40.030761,0000,058488,0.006996,0.0005,0.0836
2026-08-10T13:53:41.923992,0000,058496,0.015128,0.0010,0.1230
2026-08-10T13:53:43.781397,0000,058504,0.022637,0.0008,0.1505
2026-08-10T13:53:45.746050,0000,058512,1.129170,-0.0006,1.0626
2026-08-10T13:53:47.650527,0000,058520,0.065043,0.0001,0.2550
2026-08-10T13:53:49.628637,0000,058528,0.014912,-0.0002,0.1221
2026-08-10T13:53:51.698693,0000,058536,0.009243,-0.0001,0.0961
2026-08-10T13:53:53.587040,0000,058544,0.014470,0.0005,0.1203
2026-08-10T13:53:55.827968,0000,058552,0.009497,0.0004,0.0975
2026-08-10T13:53:58.231221,0000,058560,0.025207,-0.0002,0.1588
2026-08-10T13:54:00.282549,0000,058568,0.013150,-0.0001,0.1147
2026-08-10T13:54:02.384631,0000,058576,0.008769,0.0004,0.0936
2026-08-10T13:54:04.413819,0000,058584,0.014430,0.0002,0.1201
2026-08-10T13:54:06.463973,0000,058592,0.013312,-0.0002,0.1154
2026-08-10T13:54:08.336252,0000,058600,0.021825,-0.0002,0.1477
2026-08-10T13:54:10.210864,0000,058608,0.009276,0.0002,0.0963
2026-08-10T13:54:12.002240,0000,058616,0.023302,0.0001,0.1527
2026-08-10T13:54:13.958600,0000,058624,0.009648,-0.0002,0.0982
2026-08-10T13:54:15.962565,0000,058632,0.004147,-0.0002,0.0644
2026-08-10T13:54:17.978315,0000,058640,0.011137,0.0003,0.1055
2026-08-10T13:54:20.608219,0000,058648,0.012566,0.0005,0.1121
2026-08-10T13:54:22.384485,0000,058656,0.025393,-0.0002,0.1594
2026-08-10T13:54:24.355850,0000,058664,0.007520,-0.0001,0.0867
2026-08-10T13:54:26.382017,0000,058672,0.014846,0.0002,0.1218
2026-08-10T13:54:28.312113,0000,058680,0.020018,0.0003,0.1415
2026-08-10T13:54:30.199602,0000,058688,0.013136,-0.0002,0.1146
2026-08-10T13:54:32.048521,0000,058696,0.011932,-0.0001,0.1092
2026-08-10T13:54:33.987407,0000,058704,0.020548,0.0004,0.1433
2026-08-10T13:54:36.101961,0000,058712,0.019495,0.0003,0.1396
2026-08-10T13:54:38.048583,0000,058720,0.014473,-0.0001,0.1203
2026-08-10T13:54:40.113616,0000,058728,0.009187,-0.0002,0.0959
2026-08-10T13:54:42.174477,0000,058736,0.006736,0.0004,0.0821
2026-08-10T13:54:44.283245,0000,058744,0.013099,0.0003,0.1144
2026-08-10T13:54:46.469971,0000,058752,0.008563,0.0001,0.0925
2026-08-10T13:54:48.462169,0000,058760,0.142184,-0.0011,0.3771
2026-08-10T13:54:50.349890,0000,058768,0.008139,-0.0012,0.0902
2026-08-10T13:54:52.398179,0000,058776,0.016675,-0.0010,0.1291
2026-08-10T13:54:54.572535,0000,058784,0.010630,-0.0005,0.1031
2026-08-10T13:54:56.337606,0000,058792,0.009288,0.0003,0.0964
2026-08-10T13:54:58.336078,0000,058800,0.024908,0.0008,0.1578
2026-08-10T13:55:00.240228,0000,058808,0.005813,0.0006,0.0762
2026-08-10T13:55:02.217371,0000,058816,0.167153,-0.0002,0.4088
2026-08-10T13:55:04.029329,0000,058824,0.025908,0.0000,0.1610
2026-08-10T13:55:05.824378,0000,058832,0.008832,-0.0003,0.0940
2026-08-10T13:55:07.573263,0000,058840,0.009799,-0.0002,0.0990
2026-08-10T13:55:09.340521,0000,058848,0.023831,0.0002,0.1544
2026-08-10T13:55:11.336786,0000,058856,0.143408,0.0001,0.3787
2026-08-10T13:55:13.260440,0000,058864,0.013072,-0.0002,0.1143
2026-08-10T13:55:15.139518,0000,058872,0.010021,-0.0001,0.1001
2026-08-10T13:55:17.774324,0000,058880,1.163633,-0.0006,1.0787
2026-08-10T13:55:19.803827,0000,058888,0.005606,0.0003,0.0749
2026-08-10T13:55:21.787230,0000,058896,0.020195,-0.0001,0.1421
2026-08-10T13:55:23.945547,0000,058904,0.029912,-0.0002,0.1730
2026-08-10T13:55:26.378269,0000,058912,0.037572,0.0002,0.1938
2026-08-10T13:55:28.293817,0000,058920,0.008613,0.0004,0.0928
2026-08-10T13:55:30.103882,0000,058928,0.006749,-0.0001,0.0822
2026-08-10T13:55:32.344317,0000,058936,0.012804,0.0001,0.1132
2026-08-10T13:55:34.138110,0000,058944,0.030392,-0.0005,0.1743
2026-08-10T13:55:36.025366,0000,058952,0.024730,-0.0004,0.1573
2026-08-10T13:55:37.996764,0000,058960,0.014630,0.0001,0.1210
2026-08-10T13:55:40.300025,0000,058968,0.008126,0.0002,0.0901
2026-08-10T13:55:42.302395,0000,058976,0.013883,-0.0002,0.1178
2026-08-10T13:55:44.248150,0000,058984,0.009593,-0.0002,0.0979
2026-08-10T13:55:46.279647,0000,058992,0.012007,0.0003,0.1096
2026-08-10T13:55:48.399196,0000,059000,0.025140,0.0003,0.1586
2026-08-10T13:55:50.586362,0000,059008,0.010165,0.0002,0.1008
2026-08-10T13:55:52.330452,0000,059016,0.009395,-0.0009,0.0969
2026-08-10T13:55:54.086194,0000,059024,0.016224,-0.0013,0.1274
2026-08-10T13:55:55.919864,0000,059032,1.153547,-0.0020,1.0740
2026-08-10T13:55:57.688210,0000,059040,0.006668,-0.0006,0.0817
2026-08-10T13:55:59.716725,0000,059048,0.008496,0.0004,0.0922
2026-08-10T13:56:01.744290,0000,059056,0.010329,0.0009,0.1016
2026-08-10T13:56:03.793294,0000,059064,0.017763,0.0009,0.1333
2026-08-10T13:56:05.811147,0000,059072,0.007048,0.0003,0.0840
2026-08-10T13:56:07.647333,0000,059080,0.007015,-0.0005,0.0838
2026-08-10T13:56:09.539253,0000,059088,0.063599,-0.0009,0.2522
2026-08-10T13:56:11.558329,0000,059096,0.006775,-0.0006,0.0823
2026-08-10T13:56:13.436174,0000,059104,0.139980,-0.0004,0.3741
2026-08-10T13:56:15.617647,0000,059112,0.011249,0.0007,0.1061
2026-08-10T13:56:17.623296,0000,059120,0.021389,0.0011,0.1463
2026-08-10T13:56:20.035223,0000,059128,0.019240,0.0009,0.1387
2026-08-10T13:56:21.938718,0000,059136,0.025113,0.0005,0.1585
2026-08-10T13:56:23.794760,0000,059144,0.013527,-0.0003,0.1163
2026-08-10T13:56:25.764448,0000,059152,0.146005,-0.0008,0.3821
2026-08-10T13:56:27.643965,0000,059160,0.017277,-0.0005,0.1314
2026-08-10T13:56:29.752625,0000,059168,0.009661,-0.0000,0.0983
2026-08-10T13:56:31.807680,0000,059176,0.009796,0.0001,0.0990
2026-08-10T13:56:33.746689,0000,059184,0.013097,-0.0003,0.1144
2026-08-10T13:56:35.675779,0000,059192,0.020071,-0.0004,0.1417
2026-08-10T13:56:37.509746,0000,059200,0.010349,0.0003,0.1017
2026-08-10T13:56:39.303091,0000,059208,0.007852,0.0003,0.0886
2026-08-10T13:56:41.303743,0000,059216,0.005989,-0.0001,0.0774
2026-08-10T13:56:43.102045,0000,059224,0.009814,-0.0001,0.0991
2026-08-10T13:56:44.931117,0000,059232,0.141770,0.0004,0.3765
2026-08-10T13:56:46.847156,0000,059240,0.025467,0.0005,0.1596
2026-08-10T13:56:48.685954,0000,059248,0.008041,-0.0000,0.0897
2026-08-10T13:56:50.784656,0000,059256,0.018869,-0.0008,0.1374
2026-08-10T13:56:52.868383,0000,059264,0.020520,-0.0011,0.1432
2026-08-10T13:56:55.054632,0000,059272,0.009372,-0.0007,0.0968
2026-08-10T13:56:56.978260,0000,059280,0.015368,-0.0002,0.1240
2026-08-10T13:56:58.858107,0000,059288,0.011156,0.0009,0.1056
2026-08-10T13:57:00.899142,0000,059296,0.015150,0.0013,0.1231
2026-08-10T13:57:02.766727,0000,059304,0.018881,0.0012,0.1374
2026-08-10T13:57:04.637668,0000,059312,0.018374,0.0008,0.1356
2026-08-10T13:57:06.591554,0000,059320,0.011049,-0.0001,0.1051
2026-08-10T13:57:08.549215,0000,059328,1.154018,-0.0014,1.0743
2026-08-10T13:57:10.733871,0000,059336,0.023607,-0.0006,0.1536
2026-08-10T13:57:12.963101,0000,059344,0.021042,0.0003,0.1451
2026-08-10T13:57:14.956452,0000,059352,0.016145,0.0003,0.1271
2026-08-10T13:57:16.872767,0000,059360,0.013186,0.0000,0.1148
2026-08-10T13:57:18.863769,0000,059368,0.010175,-0.0008,0.1009
2026-08-10T13:57:20.751717,0000,059376,0.049231,-0.0009,0.2219
2026-08-10T13:57:22.720702,0000,059384,0.016454,-0.0007,0.1283
2026-08-10T13:57:24.641536,0000,059392,0.015550,-0.0000,0.1247
2026-08-10T13:57:26.699753,0000,059400,0.020745,0.0008,0.1440
2026-08-10T13:57:28.866672,0000,059408,0.019151,0.0012,0.1384
2026-08-10T13:57:30.750811,0000,059416,0.022233,0.0013,0.1491
2026-08-10T13:57:32.669753,0000,059424,0.009788,0.0010,0.0989
2026-08-10T13:57:34.574677,0000,059432,0.027259,0.0002,0.1651
2026-08-10T13:57:36.643743,0000,059440,0.030911,-0.0013,0.1758
2026-08-10T13:57:38.955973,0000,059448,0.028575,-0.0016,0.1690
2026-08-10T13:57:41.019349,0000,059456,0.018971,-0.0016,0.1377
2026-08-10T13:57:42.901552,0000,059464,0.014072,-0.0013,0.1186
2026-08-10T13:57:44.792581,0000,059472,0.028789,-0.0007,0.1697
2026-08-10T13:57:46.936924,0000,059480,0.006871,0.0004,0.0829
2026-08-10T13:57:48.824658,0000,059488,0.010690,0.0009,0.1034
2026-08-10T13:57:50.859666,0000,059496,0.012284,0.0010,0.1108
2026-08-10T13:57:52.681107,0000,059504,0.055294,0.0006,0.2351
2026-08-10T13:57:54.674455,0000,059512,0.145468,-0.0004,0.3814
2026-08-10T13:57:56.666469,0000,059520,0.007480,-0.0004,0.0865
2026-08-10T13:57:58.644513,0000,059528,0.010596,-0.0002,0.1029
2026-08-10T13:58:00.773744,0000,059536,0.012217,0.0003,0.1105
2026-08-10T13:58:02.741275,0000,059544,0.023095,0.0004,0.1520
2026-08-10T13:58:04.561875,0000,059552,0.015717,0.0002,0.1254
2026-08-10T13:58:06.475626,0000,059560,0.011990,-0.0004,0.1095
2026-08-10T13:58:08.551976,0000,059568,0.027421,-0.0010,0.1656
2026-08-10T13:58:10.411117,0000,059576,0.018832,-0.0006,0.1372
2026-08-10T13:58:12.310645,0000,059584,0.011656,0.0001,0.1080
2026-08-10T13:58:14.482774,0000,059592,0.028575,-0.0001,0.1690
2026-08-10T13:58:16.380897,0000,059600,0.017230,0.0005,0.1313
2026-08-10T13:58:18.229181,0000,059608,0.008996,0.0008,0.0948
2026-08-10T13:58:20.347538,0000,059616,0.024674,0.0003,0.1571
2026-08-10T13:58:22.202338,0000,059624,0.012094,-0.0002,0.1100
2026-08-10T13:58:24.188871,0000,059632,0.015855,-0.0007,0.1259
2026-08-10T13:58:25.994322,0000,059640,0.007910,-0.0004,0.0889
2026-08-10T13:58:27.766427,0000,059648,0.008530,0.0002,0.0924
2026-08-10T13:58:29.729266,0000,059656,0.019136,0.0002,0.1383
2026-08-10T13:58:31.739430,0000,059664,0.008776,-0.0001,0.0937
2026-08-10T13:58:33.555281,0000,059672,0.015908,0.0002,0.1261
2026-08-10T13:58:35.616340,0000,059680,0.015239,-0.0003,0.1234
2026-08-10T13:58:37.526576,0000,059688,0.018198,-0.0000,0.1349
2026-08-10T13:58:39.897195,0000,059696,0.026150,0.0003,0.1617
2026-08-10T13:58:41.813859,0000,059704,0.143565,0.0004,0.3789
2026-08-10T13:58:43.704375,0000,059712,0.007286,0.0002,0.0854
2026-08-10T13:58:46.011236,0000,059720,0.017341,-0.0005,0.1317
2026-08-10T13:58:48.128319,0000,059728,0.023450,-0.0008,0.1531
2026-08-10T13:58:50.041670,0000,059736,0.008105,-0.0004,0.0900
2026-08-10T13:58:52.273114,0000,059744,0.008544,-0.0000,0.0924
2026-08-10T13:58:54.205476,0000,059752,0.014463,0.0009,0.1203
2026-08-10T13:58:56.168691,0000,059760,0.058650,0.0013,0.2422
2026-08-10T13:58:58.108237,0000,059768,0.020863,0.0014,0.1444
2026-08-10T13:59:00.493888,0000,059776,0.031422,0.0007,0.1773
2026-08-10T13:59:02.559119,0000,059784,0.006510,0.0003,0.0807
2026-08-10T13:59:04.664970,0000,059792,0.013107,-0.0011,0.1145
2026-08-10T13:59:06.919608,0000,059800,0.016912,-0.0017,0.1300
2026-08-10T13:59:08.813640,0000,059808,0.020367,-0.0016,0.1427
2026-08-10T13:59:10.723273,0000,059816,0.063209,-0.0014,0.2514
2026-08-10T13:59:12.736555,0000,059824,0.020790,-0.0009,0.1442
2026-08-10T13:59:14.721785,0000,059832,0.018545,0.0002,0.1362
2026-08-10T13:59:17.233506,0000,059840,0.033613,0.0010,0.1833
2026-08-10T13:59:19.260763,0000,059848,0.015282,0.0010,0.1236
2026-08-10T13:59:21.227140,0000,059856,0.011252,0.0004,0.1061
2026-08-10T13:59:23.407222,0000,059864,0.025729,-0.0004,0.1604
2026-08-10T13:59:25.395220,0000,059872,0.012457,-0.0006,0.1116
2026-08-10T13:59:27.324753,0000,059880,0.016084,-0.0003,0.1268
2026-08-10T13:59:29.111552,0000,059888,0.014493,0.0002,0.1204
2026-08-10T13:59:30.957219,0000,059896,0.020418,0.0004,0.1429
2026-08-10T13:59:32.786183,0000,059904,1.155609,-0.0009,1.0750
2026-08-10T13:59:34.641542,0000,059912,0.149324,-0.0000,0.3864
2026-08-10T13:59:36.477676,0000,059920,0.017682,-0.0003,0.1330
2026-08-10T13:59:38.387163,0000,059928,0.030494,-0.0002,0.1746
2026-08-10T13:59:40.732283,0000,059936,0.022499,0.0004,0.1500
2026-08-10T13:59:42.661097,0000,059944,0.019120,0.0006,0.1383
2026-08-10T13:59:44.481818,0000,059952,0.015711,0.0001,0.1253
2026-08-10T13:59:46.301311,0000,059960,0.013522,-0.0004,0.1163
2026-08-10T13:59:48.364254,0000,059968,0.018221,-0.0008,0.1350
2026-08-10T13:59:50.277311,0000,059976,0.031503,-0.0006,0.1775
2026-08-10T13:59:52.314035,0000,059984,0.008984,0.0002,0.0948
2026-08-10T13:59:54.150618,0000,059992,0.023348,0.0002,0.1528
2026-08-10T13:59:56.025250,0000,060000,0.008584,0.0000,0.0926
2026-08-10T13:59:57.954730,0000,060008,0.020216,-0.0008,0.1422
2026-08-10T13:59:59.883795,0000,060016,0.021251,-0.0010,0.1458
2026-08-10T14:00:01.668000,0000,060024,0.006551,-0.0007,0.0809
2026-08-10T14:00:03.787579,0000,060032,0.022011,-0.0003,0.1484
2026-08-10T14:00:05.730555,0000,060040,0.017361,0.0010,0.1318
2026-08-10T14:00:07.527411,0000,060048,0.025829,0.0011,0.1607
2026-08-10T14:00:09.332031,0000,060056,0.011878,0.0011,0.1090
2026-08-10T14:00:11.478864,0000,060064,0.071694,0.0008,0.2678
2026-08-10T14:00:13.480633,0000,060072,0.010601,0.0002,0.1030
2026-08-10T14:00:15.823274,0000,060080,0.026335,-0.0013,0.1623
2026-08-10T14:00:17.815937,0000,060088,0.024734,-0.0016,0.1573
2026-08-10T14:00:19.642212,0000,060096,0.024065,-0.0016,0.1551
2026-08-10T14:00:21.834821,0000,060104,0.019215,-0.0016,0.1386
2026-08-10T14:00:23.773667,0000,060112,0.018836,-0.0008,0.1372
2026-08-10T14:00:25.559894,0000,060120,0.011650,0.0003,0.1079
2026-08-10T14:00:27.744169,0000,060128,0.045473,0.0009,0.2132
2026-08-10T14:00:29.509128,0000,060136,0.017480,0.0008,0.1322
2026-08-10T14:00:31.358890,0000,060144,0.007943,0.0005,0.0891
2026-08-10T14:00:33.309975,0000,060152,0.020416,-0.0004,0.1429
2026-08-10T14:00:35.128905,0000,060160,0.013243,-0.0006,0.1151
2026-08-10T14:00:36.896398,0000,060168,0.012438,-0.0004,0.1115
2026-08-10T14:00:38.679915,0000,060176,0.015440,0.0002,0.1243
2026-08-10T14:00:40.638657,0000,060184,0.011090,0.0003,0.1053
2026-08-10T14:00:42.474803,0000,060192,0.017558,-0.0000,0.1325
2026-08-10T14:00:44.276173,0000,060200,0.011781,0.0002,0.1085
2026-08-10T14:00:46.361662,0000,060208,0.029979,-0.0003,0.1731
2026-08-10T14:00:48.455715,0000,060216,0.010864,0.0001,0.1042
2026-08-10T14:00:50.375779,0000,060224,0.022666,-0.0003,0.1506
2026-08-10T14:00:52.333280,0000,060232,0.008553,-0.0002,0.0925
2026-08-10T14:00:54.559325,0000,060240,0.005869,0.0005,0.0766
2026-08-10T14:00:56.347658,0000,060248,0.008611,0.0005,0.0928
2026-08-10T14:00:58.280253,0000,060256,0.017752,0.0002,0.1332
2026-08-10T14:01:00.250074,0000,060264,0.013934,-0.0004,0.1180
2026-08-10T14:01:02.255024,0000,060272,0.010458,-0.0008,0.1023
2026-08-10T14:01:04.336522,0000,060280,0.012101,-0.0006,0.1100
2026-08-10T14:01:06.373897,0000,060288,0.022815,-0.0000,0.1510
2026-08-10T14:01:08.398610,0000,060296,0.025269,0.0009,0.1590
2026-08-10T14:01:10.295014,0000,060304,0.023746,0.0013,0.1541
2026-08-10T14:01:12.486783,0000,060312,0.025016,0.0015,0.1582
2026-08-10T14:01:14.671541,0000,060320,0.021918,0.0010,0.1480
2026-08-10T14:01:16.920430,0000,060328,0.031340,0.0001,0.1770
2026-08-10T14:01:18.720623,0000,060336,0.015503,-0.0009,0.1245
2026-08-10T14:01:20.858247,0000,060344,0.016113,-0.0017,0.1269
2026-08-10T14:01:23.054675,0000,060352,0.036780,-0.0019,0.1918
2026-08-10T14:01:25.317572,0000,060360,0.014913,-0.0014,0.1221
2026-08-10T14:01:27.245762,0000,060368,0.018240,-0.0008,0.1351
2026-08-10T14:01:29.038645,0000,060376,0.009518,0.0003,0.0976
2026-08-10T14:01:30.907705,0000,060384,0.012635,0.0007,0.1124
2026-08-10T14:01:33.257904,0000,060392,0.013998,0.0011,0.1183
2026-08-10T14:01:35.248136,0000,060400,0.017609,0.0004,0.1327
2026-08-10T14:01:37.174199,0000,060408,0.014739,-0.0003,0.1214
2026-08-10T14:01:39.408443,0000,060416,0.042141,-0.0007,0.2053
2026-08-10T14:01:41.375140,0000,060424,0.009825,-0.0003,0.0991
2026-08-10T14:01:43.458138,0000,060432,0.017837,0.0001,0.1336
2026-08-10T14:01:45.446714,0000,060440,0.063180,0.0002,0.2514
2026-08-10T14:01:47.382873,0000,060448,0.008432,0.0000,0.0918
2026-08-10T14:01:49.379350,0000,060456,0.017165,-0.0007,0.1310
2026-08-10T14:01:51.458937,0000,060464,0.012376,-0.0009,0.1112
2026-08-10T14:01:53.864903,0000,060472,0.017132,-0.0007,0.1309
2026-08-10T14:01:55.950258,0000,060480,0.010290,-0.0002,0.1014
2026-08-10T14:01:58.447876,0000,060488,0.024792,0.0008,0.1575
2026-08-10T14:02:00.656625,0000,060496,0.015833,0.0014,0.1258
2026-08-10T14:02:02.685914,0000,060504,0.026917,0.0012,0.1641
2026-08-10T14:02:04.542879,0000,060512,0.047985,0.0008,0.2191
2026-08-10T14:02:06.404405,0000,060520,0.022548,-0.0000,0.1502
2026-08-10T14:02:08.276494,0000,060528,0.005561,-0.0001,0.0746
2026-08-10T14:02:10.169585,0000,060536,0.006740,-0.0002,0.0821
2026-08-10T14:02:12.315545,0000,060544,0.019945,0.0005,0.1412
2026-08-10T14:02:14.378360,0000,060552,0.016798,0.0005,0.1296
2026-08-10T14:02:16.380182,0000,060560,0.006954,0.0001,0.0834
2026-08-10T14:02:18.495153,0000,060568,0.014175,-0.0005,0.1191
2026-08-10T14:02:20.444663,0000,060576,0.017444,-0.0007,0.1321
2026-08-10T14:02:22.484578,0000,060584,0.016637,-0.0006,0.1290
2026-08-10T14:02:24.501218,0000,060592,0.005104,0.0001,0.0714
2026-08-10T14:02:26.411889,0000,060600,0.010193,0.0002,0.1010
2026-08-10T14:02:28.779304,0000,060608,0.029133,-0.0003,0.1707
2026-08-10T14:02:30.653448,0000,060616,0.145811,-0.0003,0.3819
2026-08-10T14:02:32.854452,0000,060624,0.016480,0.0009,0.1284
2026-08-10T14:02:34.847431,0000,060632,0.009804,0.0006,0.0990
2026-08-10T14:02:37.079028,0000,060640,0.021447,0.0004,0.1464
2026-08-10T14:02:38.960204,0000,060648,0.016357,-0.0006,0.1279
2026-08-10T14:02:40.796320,0000,060656,0.012386,-0.0007,0.1113
2026-08-10T14:02:42.687375,0000,060664,0.010504,-0.0004,0.1025
2026-08-10T14:02:44.905351,0000,060672,0.008914,0.0001,0.0944
2026-08-10T14:02:46.895580,0000,060680,0.010323,0.0002,0.1016
2026-08-10T14:02:49.234284,0000,060688,0.026820,-0.0002,0.1638
2026-08-10T14:02:51.383262,0000,060696,0.024415,0.0001,0.1563
2026-08-10T14:02:53.583191,0000,060704,0.012151,-0.0004,0.1102
2026-08-10T14:02:55.426728,0000,060712,0.009388,0.0000,0.0969
2026-08-10T14:02:57.418067,0000,060720,0.020823,-0.0004,0.1443
2026-08-10T14:02:59.344650,0000,060728,0.009504,-0.0003,0.0975
2026-08-10T14:03:01.275446,0000,060736,0.008332,0.0003,0.0913
2026-08-10T14:03:03.273583,0000,060744,0.009202,0.0004,0.0959
2026-08-10T14:03:05.412726,0000,060752,0.054132,-0.0001,0.2327
2026-08-10T14:03:07.414870,0000,060760,0.023187,0.0002,0.1523
2026-08-10T14:03:09.415266,0000,060768,0.012159,-0.0001,0.1103
2026-08-10T14:03:11.376588,0000,060776,0.009165,-0.0000,0.0957
2026-08-10T14:03:13.370904,0000,060784,0.014333,-0.0003,0.1197
2026-08-10T14:03:15.566134,0000,060792,0.018576,-0.0000,0.1363
2026-08-10T14:03:17.363575,0000,060800,0.007710,-0.0003,0.0878
2026-08-10T14:03:19.249595,0000,060808,0.021152,-0.0002,0.1454
2026-08-10T14:03:21.455422,0000,060816,0.018386,0.0003,0.1356
2026-08-10T14:03:23.577141,0000,060824,0.030484,0.0003,0.1746
2026-08-10T14:03:25.688703,0000,060832,0.006443,0.0002,0.0803
2026-08-10T14:03:27.847209,0000,060840,0.046406,-0.0010,0.2154
2026-08-10T14:03:30.001795,0000,060848,0.015711,-0.0010,0.1253
2026-08-10T14:03:32.215896,0000,060856,0.022802,-0.0009,0.1510
2026-08-10T14:03:34.023162,0000,060864,0.011129,-0.0001,0.1055
2026-08-10T14:03:35.894556,0000,060872,0.010263,0.0009,0.1013
2026-08-10T14:03:38.045864,0000,060880,0.029594,0.0014,0.1720
2026-08-10T14:03:39.971119,0000,060888,0.023560,0.0013,0.1535
2026-08-10T14:03:41.858255,0000,060896,0.008913,0.0010,0.0944
2026-08-10T14:03:43.936169,0000,060904,0.006326,0.0003,0.0795
2026-08-10T14:03:45.738958,0000,060912,0.019386,-0.0009,0.1392
2026-08-10T14:03:47.932674,0000,060920,0.018186,-0.0017,0.1349
2026-08-10T14:03:50.064422,0000,060928,0.020001,-0.0018,0.1414
2026-08-10T14:03:51.984849,0000,060936,0.017828,-0.0013,0.1335
2026-08-10T14:03:53.875960,0000,060944,0.019073,-0.0008,0.1381
2026-08-10T14:03:55.715916,0000,060952,0.020212,0.0002,0.1422
2026-08-10T14:03:57.705755,0000,060960,0.017733,0.0010,0.1332
2026-08-10T14:03:59.637535,0000,060968,0.010031,0.0009,0.1002
2026-08-10T14:04:01.406780,0000,060976,0.009206,0.0005,0.0959
2026-08-10T14:04:03.537980,0000,060984,0.008091,-0.0003,0.0900
2026-08-10T14:04:05.949484,0000,060992,0.013334,-0.0007,0.1155
2026-08-10T14:04:08.015524,0000,061000,0.012053,-0.0004,0.1098
2026-08-10T14:04:09.920728,0000,061008,0.011465,0.0001,0.1071
2026-08-10T14:04:11.807350,0000,061016,0.007018,0.0004,0.0838
2026-08-10T14:04:13.890572,0000,061024,0.050866,-0.0002,0.2255
2026-08-10T14:04:16.015945,0000,061032,0.020543,0.0000,0.1433
2026-08-10T14:04:17.832643,0000,061040,0.028997,0.0005,0.1703
2026-08-10T14:04:19.681996,0000,061048,0.011114,0.0006,0.1054
2026-08-10T14:04:21.637919,0000,061056,0.010576,0.0003,0.1028
2026-08-10T14:04:23.545494,0000,061064,0.020350,-0.0003,0.1427
2026-08-10T14:04:25.372508,0000,061072,0.004948,-0.0005,0.0703
2026-08-10T14:04:27.141805,0000,061080,0.009596,-0.0005,0.0980
2026-08-10T14:04:28.959961,0000,061088,0.011655,0.0002,0.1080
2026-08-10T14:04:30.853129,0000,061096,0.012292,0.0003,0.1109
2026-08-10T14:04:32.623256,0000,061104,0.013164,-0.0001,0.1147
2026-08-10T14:04:34.398466,0000,061112,0.011108,0.0001,0.1054
2026-08-10T14:04:36.328568,0000,061120,0.016447,-0.0003,0.1282
2026-08-10T14:04:38.444898,0000,061128,0.036738,-0.0003,0.1917
2026-08-10T14:04:40.351781,0000,061136,0.008108,0.0005,0.0900
2026-08-10T14:04:42.305405,0000,061144,0.010122,0.0005,0.1006
2026-08-10T14:04:44.446705,0000,061152,0.016122,0.0002,0.1270
2026-08-10T14:04:46.523864,0000,061160,0.013945,-0.0005,0.1181
2026-08-10T14:04:48.891934,0000,061168,0.028053,-0.0012,0.1675
2026-08-10T14:04:51.030597,0000,061176,0.024298,-0.0007,0.1559
2026-08-10T14:04:53.428288,0000,061184,0.019083,-0.0001,0.1381
2026-08-10T14:04:55.490614,0000,061192,0.011453,0.0011,0.1070
2026-08-10T14:04:57.387887,0000,061200,0.016557,0.0013,0.1287
2026-08-10T14:04:59.602495,0000,061208,0.016130,0.0016,0.1270
2026-08-10T14:05:01.583726,0000,061216,0.013273,0.0009,0.1152
2026-08-10T14:05:03.392835,0000,061224,0.010368,0.0001,0.1018
2026-08-10T14:05:05.329567,0000,061232,0.014914,-0.0009,0.1221
2026-08-10T14:05:07.355725,0000,061240,0.024603,-0.0016,0.1569
2026-08-10T14:05:09.486232,0000,061248,0.033974,-0.0020,0.1843
2026-08-10T14:05:11.312018,0000,061256,0.014005,-0.0014,0.1183
2026-08-10T14:05:13.245665,0000,061264,0.024352,-0.0008,0.1561
2026-08-10T14:05:15.092911,0000,061272,0.143619,0.0003,0.3790
2026-08-10T14:05:17.267433,0000,061280,0.020749,0.0009,0.1440
2026-08-10T14:05:19.377092,0000,061288,0.022166,0.0009,0.1489
2026-08-10T14:05:21.278670,0000,061296,0.011986,0.0006,0.1095
2026-08-10T14:05:23.217407,0000,061304,0.016882,-0.0003,0.1299
2026-08-10T14:05:25.085764,0000,061312,0.028951,-0.0005,0.1701
2026-08-10T14:05:27.118678,0000,061320,0.009427,-0.0003,0.0971
2026-08-10T14:05:28.975483,0000,061328,0.015431,0.0002,0.1242
2026-08-10T14:05:30.789274,0000,061336,0.011858,0.0003,0.1089
2026-08-10T14:05:32.585788,0000,061344,0.004084,0.0000,0.0639
2026-08-10T14:05:34.704419,0000,061352,0.026138,-0.0009,0.1617
2026-08-10T14:05:36.492518,0000,061360,0.010026,-0.0009,0.1001
2026-08-10T14:05:38.337277,0000,061368,0.013936,-0.0006,0.1180
2026-08-10T14:05:40.366735,0000,061376,0.010981,-0.0001,0.1048
2026-08-10T14:05:42.485810,0000,061384,0.025007,0.0008,0.1581
2026-08-10T14:05:44.401047,0000,061392,0.039033,0.0012,0.1976
2026-08-10T14:05:46.381852,0000,061400,0.032434,0.0012,0.1801
2026-08-10T14:05:48.339802,0000,061408,0.021888,0.0008,0.1479
2026-08-10T14:05:50.258246,0000,061416,0.008877,0.0002,0.0942
2026-08-10T14:05:52.150487,0000,061424,0.019006,-0.0011,0.1379
2026-08-10T14:05:54.003105,0000,061432,0.014846,-0.0017,0.1218
2026-08-10T14:05:55.804143,0000,061440,0.012940,-0.0016,0.1138
2026-08-10T14:05:57.583616,0000,061448,0.013308,-0.0013,0.1154
2026-08-10T14:05:59.354422,0000,061456,0.014529,-0.0007,0.1205
2026-08-10T14:06:01.128379,0000,061464,0.014843,0.0003,0.1218
2026-08-10T14:06:02.986297,0000,061472,0.017304,0.0007,0.1315
2026-08-10T14:06:05.072320,0000,061480,0.010416,0.0009,0.1021
2026-08-10T14:06:06.857614,0000,061488,0.007898,0.0003,0.0889
2026-08-10T14:06:08.948315,0000,061496,1.126442,-0.0013,1.0613
2026-08-10T14:06:10.737784,0000,061504,0.016276,-0.0006,0.1276
2026-08-10T14:06:12.719257,0000,061512,0.031712,-0.0005,0.1781
2026-08-10T14:06:14.759466,0000,061520,0.013706,0.0002,0.1171
2026-08-10T14:06:16.620202,0000,061528,0.015276,0.0002,0.1236
2026-08-10T14:06:18.553114,0000,061536,0.018992,-0.0001,0.1378
2026-08-10T14:06:20.610274,0000,061544,0.016209,0.0001,0.1273
2026-08-10T14:06:22.501046,0000,061552,0.009427,-0.0002,0.0971
2026-08-10T14:06:24.361464,0000,061560,0.012937,-0.0000,0.1137
2026-08-10T14:06:26.633499,0000,061568,0.011869,0.0005,0.1089
2026-08-10T14:06:28.729355,0000,061576,0.016298,0.0004,0.1277
2026-08-10T14:06:30.517282,0000,061584,0.010597,0.0003,0.1029
2026-08-10T14:06:32.503269,0000,061592,0.017939,-0.0006,0.1339
2026-08-10T14:06:34.322358,0000,061600,1.154715,-0.0018,1.0746
2026-08-10T14:06:36.210363,0000,061608,0.011972,-0.0006,0.1094
2026-08-10T14:06:37.972876,0000,061616,0.011061,0.0000,0.1052
2026-08-10T14:06:40.122503,0000,061624,0.014349,0.0002,0.1198
2026-08-10T14:06:42.140591,0000,061632,0.025596,-0.0003,0.1600
2026-08-10T14:06:44.116696,0000,061640,0.012067,0.0000,0.1099
2026-08-10T14:06:46.134509,0000,061648,0.012518,-0.0003,0.1119
2026-08-10T14:06:48.121272,0000,061656,0.020260,-0.0002,0.1423
2026-08-10T14:06:50.054181,0000,061664,0.015217,0.0005,0.1234
2026-08-10T14:06:52.060674,0000,061672,0.015916,0.0002,0.1262
2026-08-10T14:06:53.915577,0000,061680,0.016569,0.0001,0.1287
2026-08-10T14:06:55.825202,0000,061688,0.012751,-0.0005,0.1129
2026-08-10T14:06:57.812461,0000,061696,0.015790,-0.0009,0.1257
2026-08-10T14:06:59.640194,0000,061704,0.004927,-0.0005,0.0702
2026-08-10T14:07:01.810015,0000,061712,0.062604,-0.0002,0.2502
2026-08-10T14:07:03.864940,0000,061720,0.015425,0.0011,0.1242
2026-08-10T14:07:06.122221,0000,061728,0.023596,0.0016,0.1536
2026-08-10T14:07:08.220080,0000,061736,0.021880,0.0014,0.1479
2026-08-10T14:07:10.023470,0000,061744,0.009929,0.0008,0.0996
2026-08-10T14:07:12.271342,0000,061752,0.012120,0.0002,0.1101
2026-08-10T14:07:14.193044,0000,061760,0.018942,-0.0009,0.1376
2026-08-10T14:07:16.281953,0000,061768,0.014189,-0.0014,0.1191
2026-08-10T14:07:18.273967,0000,061776,0.015161,-0.0016,0.1231
2026-08-10T14:07:20.097056,0000,061784,0.023025,-0.0013,0.1517
2026-08-10T14:07:22.410847,0000,061792,0.020525,-0.0012,0.1433
2026-08-10T14:07:24.228029,0000,061800,0.008266,0.0004,0.0909
2026-08-10T14:07:26.341117,0000,061808,0.020778,0.0009,0.1441
2026-08-10T14:07:28.421297,0000,061816,0.014678,0.0010,0.1212
2026-08-10T14:07:30.191762,0000,061824,0.011123,0.0004,0.1055
2026-08-10T14:07:32.170979,0000,061832,0.015933,-0.0003,0.1262
2026-08-10T14:07:34.122714,0000,061840,0.032034,-0.0006,0.1790
2026-08-10T14:07:36.022792,0000,061848,0.011774,-0.0003,0.1085
2026-08-10T14:07:37.816964,0000,061856,0.009098,0.0002,0.0954
2026-08-10T14:07:39.870899,0000,061864,0.012649,0.0004,0.1125
2026-08-10T14:07:41.882573,0000,061872,0.026989,-0.0001,0.1643
2026-08-10T14:07:43.789207,0000,061880,0.025878,-0.0000,0.1609
2026-08-10T14:07:45.841219,0000,061888,0.016557,0.0005,0.1287
2026-08-10T14:07:47.997242,0000,061896,0.031210,0.0006,0.1767
2026-08-10T14:07:49.997358,0000,061904,0.007858,0.0002,0.0886
2026-08-10T14:07:52.076820,0000,061912,0.013989,-0.0004,0.1183
2026-08-10T14:07:54.204534,0000,061920,0.020860,-0.0006,0.1444
2026-08-10T14:07:56.305710,0000,061928,0.022901,-0.0007,0.1513
2026-08-10T14:07:58.087883,0000,061936,1.134535,-0.0009,1.0651
2026-08-10T14:08:00.378655,0000,061944,0.037419,0.0009,0.1934
2026-08-10T14:08:02.573970,0000,061952,0.019005,0.0015,0.1379
2026-08-10T14:08:04.644371,0000,061960,0.025604,0.0014,0.1600
2026-08-10T14:08:06.696826,0000,061968,0.011917,0.0011,0.1092
2026-08-10T14:08:08.596632,0000,061976,0.020936,0.0001,0.1447
2026-08-10T14:08:10.517384,0000,061984,0.028780,-0.0009,0.1696
2026-08-10T14:08:12.420475,0000,061992,0.074500,-0.0017,0.2729
2026-08-10T14:08:14.312975,0000,062000,0.016895,-0.0017,0.1300
2026-08-10T14:08:16.130594,0000,062008,0.013710,-0.0013,0.1171
2026-08-10T14:08:17.928879,0000,062016,0.011278,-0.0007,0.1062
2026-08-10T14:08:19.725798,0000,062024,0.014725,0.0003,0.1213
2026-08-10T14:08:21.518118,0000,062032,0.009757,0.0007,0.0988
2026-08-10T14:08:23.289620,0000,062040,0.007111,0.0007,0.0843
2026-08-10T14:08:25.077661,0000,062048,0.006882,0.0003,0.0830
2026-08-10T14:08:26.828538,0000,062056,0.006892,-0.0003,0.0830
2026-08-10T14:08:28.801477,0000,062064,0.007750,-0.0006,0.0880
2026-08-10T14:08:30.777600,0000,062072,0.162360,-0.0005,0.4029
2026-08-10T14:08:33.101520,0000,062080,0.022758,-0.0001,0.1509
2026-08-10T14:08:35.241165,0000,062088,0.017774,0.0012,0.1333
2026-08-10T14:08:37.076032,0000,062096,0.013317,0.0014,0.1154
2026-08-10T14:08:38.977379,0000,062104,0.018206,0.0013,0.1349
2026-08-10T14:08:41.127170,0000,062112,0.013372,0.0011,0.1156
2026-08-10T14:08:43.039069,0000,062120,0.012732,0.0003,0.1128
2026-08-10T14:08:44.828755,0000,062128,0.011463,-0.0008,0.1071
2026-08-10T14:08:46.707751,0000,062136,0.026245,-0.0015,0.1620
2026-08-10T14:08:49.269417,0000,062144,0.032270,-0.0019,0.1796
2026-08-10T14:08:51.152434,0000,062152,0.011848,-0.0013,0.1088
2026-08-10T14:08:52.999535,0000,062160,0.008722,-0.0007,0.0934
2026-08-10T14:08:54.774528,0000,062168,0.043735,0.0001,0.2091
2026-08-10T14:08:56.822793,0000,062176,0.012866,0.0008,0.1134
2026-08-10T14:08:58.886353,0000,062184,0.032279,0.0007,0.1797
2026-08-10T14:09:00.660417,0000,062192,0.022613,0.0002,0.1504
2026-08-10T14:09:02.435677,0000,062200,0.021605,-0.0003,0.1470
2026-08-10T14:09:04.222811,0000,062208,0.009139,-0.0005,0.0956
2026-08-10T14:09:06.132866,0000,062216,0.023969,-0.0003,0.1548
2026-08-10T14:09:08.175040,0000,062224,0.019895,-0.0000,0.1411
2026-08-10T14:09:10.122655,0000,062232,0.024246,0.0011,0.1557
2026-08-10T14:09:12.213078,0000,062240,0.014078,0.0016,0.1187
2026-08-10T14:09:14.441676,0000,062248,0.024390,0.0020,0.1562
2026-08-10T14:09:16.245836,0000,062256,0.011121,0.0010,0.1055
2026-08-10T14:09:18.125847,0000,062264,1.129323,-0.0007,1.0627
2026-08-10T14:09:19.995094,0000,062272,0.023174,-0.0001,0.1522
2026-08-10T14:09:21.743395,0000,062280,0.013208,-0.0001,0.1149
2026-08-10T14:09:23.878789,0000,062288,0.014164,0.0007,0.1190
2026-08-10T14:09:25.926740,0000,062296,0.012483,0.0006,0.1117
2026-08-10T14:09:27.706695,0000,062304,0.015810,0.0002,0.1257
2026-08-10T14:09:29.692466,0000,062312,0.015559,-0.0006,0.1247
2026-08-10T14:09:32.055347,0000,062320,0.011978,-0.0006,0.1094
2026-08-10T14:09:33.829724,0000,062328,0.013043,-0.0005,0.1142
2026-08-10T14:09:35.901109,0000,062336,0.008739,-0.0001,0.0935
2026-08-10T14:09:37.965736,0000,062344,0.014521,0.0010,0.1205
2026-08-10T14:09:39.993998,0000,062352,0.017679,0.0014,0.1330
2026-08-10T14:09:42.122416,0000,062360,0.035417,0.0016,0.1882
2026-08-10T14:09:43.888270,0000,062368,0.022074,0.0008,0.1486
2026-08-10T14:09:45.851300,0000,062376,0.017459,0.0001,0.1321
2026-08-10T14:09:47.730103,0000,062384,0.009491,-0.0009,0.0974
2026-08-10T14:09:49.728313,0000,062392,0.018118,-0.0014,0.1346
2026-08-10T14:09:51.853986,0000,062400,0.020776,-0.0017,0.1441
2026-08-10T14:09:53.961373,0000,062408,0.015078,-0.0015,0.1228
2026-08-10T14:09:55.742378,0000,062416,0.009663,-0.0008,0.0983
2026-08-10T14:09:57.554413,0000,062424,0.019365,0.0002,0.1392
2026-08-10T14:09:59.702069,0000,062432,0.010891,0.0006,0.1044
2026-08-10T14:10:01.739098,0000,062440,0.033811,0.0009,0.1839
2026-08-10T14:10:03.487837,0000,062448,0.013962,0.0003,0.1182
2026-08-10T14:10:05.275509,0000,062456,0.004172,-0.0003,0.0646
2026-08-10T14:10:07.873417,0000,062464,0.019986,-0.0007,0.1414
2026-08-10T14:10:09.803702,0000,062472,0.028914,-0.0005,0.1700
2026-08-10T14:10:11.812034,0000,062480,0.013130,0.0002,0.1146
2026-08-10T14:10:13.654688,0000,062488,0.007244,0.0002,0.0851
2026-08-10T14:10:15.595400,0000,062496,0.010541,-0.0000,0.1027
2026-08-10T14:10:17.430454,0000,062504,0.017702,-0.0008,0.1330
2026-08-10T14:10:19.341423,0000,062512,0.014036,-0.0009,0.1185
2026-08-10T14:10:21.541753,0000,062520,0.020575,-0.0008,0.1434
2026-08-10T14:10:23.673461,0000,062528,0.015133,-0.0001,0.1230
2026-08-10T14:10:25.513410,0000,062536,0.161212,0.0007,0.4015
2026-08-10T14:10:27.776292,0000,062544,1.142405,0.0003,1.0688
2026-08-10T14:10:29.803356,0000,062552,0.018772,0.0014,0.1370
2026-08-10T14:10:31.937754,0000,062560,0.021042,0.0008,0.1451
2026-08-10T14:10:34.101591,0000,062568,0.016517,0.0002,0.1285
2026-08-10T14:10:36.004433,0000,062576,0.013582,-0.0010,0.1165
2026-08-10T14:10:37.992931,0000,062584,0.017060,-0.0016,0.1306
2026-08-10T14:10:40.117400,0000,062592,0.025145,-0.0017,0.1586
2026-08-10T14:10:42.298107,0000,062600,0.033875,-0.0016,0.1841
2026-08-10T14:10:44.376366,0000,062608,0.017686,-0.0008,0.1330
2026-08-10T14:10:46.627428,0000,062616,0.013205,0.0003,0.1149
2026-08-10T14:10:48.416055,0000,062624,0.020893,0.0007,0.1445
2026-08-10T14:10:50.726605,0000,062632,0.010017,0.0008,0.1001
2026-08-10T14:10:52.843890,0000,062640,0.012523,0.0004,0.1119
2026-08-10T14:10:54.914770,0000,062648,0.013696,-0.0004,0.1170
2026-08-10T14:10:56.967348,0000,062656,0.020749,-0.0006,0.1440
2026-08-10T14:10:58.976465,0000,062664,0.007665,-0.0004,0.0876
2026-08-10T14:11:01.002072,0000,062672,0.044867,0.0001,0.2118
2026-08-10T14:11:02.849138,0000,062680,0.008910,0.0003,0.0944
2026-08-10T14:11:05.063729,0000,062688,0.014794,0.0001,0.1216
2026-08-10T14:11:07.103802,0000,062696,0.030583,-0.0008,0.1749
2026-08-10T14:11:09.034158,0000,062704,0.024077,-0.0010,0.1552
2026-08-10T14:11:10.865202,0000,062712,0.007003,-0.0007,0.0837
2026-08-10T14:11:12.905837,0000,062720,0.026644,-0.0002,0.1632
2026-08-10T14:11:14.833137,0000,062728,0.016953,0.0007,0.1302
2026-08-10T14:11:16.917732,0000,062736,0.060088,0.0013,0.2451
2026-08-10T14:11:18.806121,0000,062744,0.013147,0.0011,0.1147
2026-08-10T14:11:20.682201,0000,062752,0.017468,0.0007,0.1322
2026-08-10T14:11:22.973886,0000,062760,0.007738,0.0001,0.0880
2026-08-10T14:11:25.003496,0000,062768,0.020594,-0.0010,0.1435
2026-08-10T14:11:27.080953,0000,062776,0.014696,-0.0015,0.1212
2026-08-10T14:11:29.138226,0000,062784,0.036944,-0.0018,0.1922
2026-08-10T14:11:31.315142,0000,062792,0.022067,-0.0015,0.1485
2026-08-10T14:11:33.432044,0000,062800,0.027397,-0.0008,0.1655
2026-08-10T14:11:35.621461,0000,062808,0.018685,0.0002,0.1367
2026-08-10T14:11:37.657972,0000,062816,0.017454,0.0007,0.1321
2026-08-10T14:11:39.453771,0000,062824,0.004823,0.0007,0.0695
2026-08-10T14:11:41.361985,0000,062832,0.031989,0.0003,0.1789
2026-08-10T14:11:43.522898,0000,062840,0.017338,-0.0004,0.1317
2026-08-10T14:11:45.416605,0000,062848,0.005454,-0.0006,0.0738
2026-08-10T14:11:47.461805,0000,062856,0.026550,-0.0003,0.1629
2026-08-10T14:11:49.415094,0000,062864,0.006964,0.0001,0.0835
2026-08-10T14:11:51.645368,0000,062872,0.030644,0.0001,0.1751
2026-08-10T14:11:53.820337,0000,062880,0.009765,0.0001,0.0988
2026-08-10T14:11:55.937060,0000,062888,0.030754,-0.0010,0.1754
2026-08-10T14:11:57.923101,0000,062896,0.031300,-0.0010,0.1769
2026-08-10T14:11:59.819804,0000,062904,0.010492,-0.0007,0.1024
2026-08-10T14:12:01.778993,0000,062912,0.022112,-0.0001,0.1487
2026-08-10T14:12:04.105370,0000,062920,0.044029,0.0007,0.2098
2026-08-10T14:12:06.402273,0000,062928,0.023885,0.0016,0.1545
2026-08-10T14:12:08.265666,0000,062936,0.019881,0.0010,0.1410
2026-08-10T14:12:10.344509,0000,062944,0.030867,0.0008,0.1757
2026-08-10T14:12:12.435956,0000,062952,0.022003,0.0001,0.1483
2026-08-10T14:12:14.893893,0000,062960,0.012763,-0.0013,0.1130
2026-08-10T14:12:17.619807,0000,062968,0.022347,-0.0021,0.1495
2026-08-10T14:12:19.514016,0000,062976,0.021643,-0.0016,0.1471
2026-08-10T14:12:21.447395,0000,062984,0.018005,-0.0013,0.1342
2026-08-10T14:12:23.520720,0000,062992,0.013064,-0.0008,0.1143
2026-08-10T14:12:25.621338,0000,063000,0.008584,0.0002,0.0927
2026-08-10T14:12:27.602704,0000,063008,0.011800,0.0008,0.1086
2026-08-10T14:12:29.670754,0000,063016,0.016705,0.0007,0.1292
2026-08-10T14:12:31.571597,0000,063024,0.011239,0.0004,0.1060
2026-08-10T14:12:33.839117,0000,063032,0.026281,-0.0003,0.1621
2026-08-10T14:12:35.831552,0000,063040,0.020900,-0.0005,0.1446
2026-08-10T14:12:37.854298,0000,063048,0.009496,-0.0002,0.0974
2026-08-10T14:12:39.622633,0000,063056,0.015908,0.0002,0.1261
2026-08-10T14:12:41.751290,0000,063064,0.005885,0.0003,0.0767
2026-08-10T14:12:43.992987,0000,063072,0.024420,-0.0001,0.1563
2026-08-10T14:12:46.076411,0000,063080,0.018884,0.0001,0.1374
2026-08-10T14:12:48.172594,0000,063088,0.073975,-0.0003,0.2720
2026-08-10T14:12:50.281214,0000,063096,0.012574,-0.0002,0.1121
2026-08-10T14:12:52.552933,0000,063104,0.006689,0.0004,0.0818
2026-08-10T14:12:54.624357,0000,063112,0.014304,0.0004,0.1196
2026-08-10T14:12:56.844939,0000,063120,0.014344,0.0002,0.1198
2026-08-10T14:12:58.959615,0000,063128,0.026437,-0.0006,0.1626
2026-08-10T14:13:00.852437,0000,063136,0.013152,-0.0007,0.1147
2026-08-10T14:13:03.060831,0000,063144,0.028245,-0.0006,0.1681
2026-08-10T14:13:04.907172,0000,063152,0.017906,-0.0002,0.1338
2026-08-10T14:13:06.664745,0000,063160,0.008077,0.0008,0.0899
2026-08-10T14:13:08.482799,0000,063168,0.027285,0.0013,0.1652
2026-08-10T14:13:10.783860,0000,063176,0.018537,0.0017,0.1361
2026-08-10T14:13:12.679600,0000,063184,0.012995,0.0009,0.1140
2026-08-10T14:13:14.423890,0000,063192,0.036180,0.0001,0.1902
2026-08-10T14:13:16.223423,0000,063200,0.009842,-0.0010,0.0992
2026-08-10T14:13:18.275378,0000,063208,0.028430,-0.0018,0.1686
2026-08-10T14:13:20.072019,0000,063216,0.015992,-0.0016,0.1265
2026-08-10T14:13:21.938687,0000,063224,0.017147,-0.0014,0.1309
2026-08-10T14:13:23.980034,0000,063232,0.014690,-0.0008,0.1212
2026-08-10T14:13:25.880908,0000,063240,0.011208,0.0003,0.1059
2026-08-10T14:13:27.779019,0000,063248,0.013071,0.0006,0.1143
2026-08-10T14:13:29.648795,0000,063256,0.008519,0.0007,0.0923
2026-08-10T14:13:31.479550,0000,063264,0.014633,0.0003,0.1210
2026-08-10T14:13:33.426336,0000,063272,0.019377,-0.0002,0.1392
2026-08-10T14:13:35.439579,0000,063280,0.012203,-0.0006,0.1105
2026-08-10T14:13:37.275263,0000,063288,0.015651,-0.0004,0.1251
2026-08-10T14:13:39.442516,0000,063296,0.009036,0.0002,0.0951
2026-08-10T14:13:41.824484,0000,063304,0.014122,0.0007,0.1188
2026-08-10T14:13:43.664549,0000,063312,0.006975,-0.0001,0.0835
2026-08-10T14:13:45.470788,0000,063320,0.008079,0.0000,0.0899
2026-08-10T14:13:47.352034,0000,063328,0.006207,-0.0001,0.0788
2026-08-10T14:13:49.408909,0000,063336,0.007631,0.0000,0.0874
2026-08-10T14:13:51.230716,0000,063344,1.164377,-0.0012,1.0791
2026-08-10T14:13:53.032282,0000,063352,0.011857,-0.0002,0.1089
2026-08-10T14:13:54.923801,0000,063360,0.014048,0.0002,0.1185
2026-08-10T14:13:56.926866,0000,063368,0.005155,0.0004,0.0718
2026-08-10T14:13:58.772951,0000,063376,0.010338,0.0000,0.1017
2026-08-10T14:14:00.617507,0000,063384,0.010317,-0.0006,0.1016
2026-08-10T14:14:02.736377,0000,063392,0.033921,-0.0009,0.1842
2026-08-10T14:14:04.820165,0000,063400,0.006938,-0.0007,0.0833
2026-08-10T14:14:07.022543,0000,063408,0.023231,-0.0002,0.1524
2026-08-10T14:14:08.900620,0000,063416,0.009473,0.0008,0.0973
2026-08-10T14:14:10.779696,0000,063424,0.016813,0.0012,0.1297
2026-08-10T14:14:12.661588,0000,063432,0.024997,0.0013,0.1581
2026-08-10T14:14:14.735681,0000,063440,0.018431,0.0008,0.1358
2026-08-10T14:14:16.646980,0000,063448,0.043316,0.0001,0.2081
2026-08-10T14:14:18.477488,0000,063456,0.008437,-0.0009,0.0919
2026-08-10T14:14:20.492479,0000,063464,0.020707,-0.0016,0.1439
2026-08-10T14:14:22.490476,0000,063472,0.040444,-0.0019,0.2011
2026-08-10T14:14:24.505138,0000,063480,0.015663,-0.0013,0.1252
2026-08-10T14:14:26.437541,0000,063488,0.141184,-0.0008,0.3757
2026-08-10T14:14:28.443321,0000,063496,0.011140,0.0002,0.1055
2026-08-10T14:14:30.651422,0000,063504,0.026315,0.0007,0.1622
2026-08-10T14:14:32.819991,0000,063512,0.009333,0.0009,0.0966
2026-08-10T14:14:34.640498,0000,063520,0.006749,0.0004,0.0822
2026-08-10T14:14:36.596097,0000,063528,0.012406,-0.0002,0.1114
2026-08-10T14:14:39.074830,0000,063536,0.037597,-0.0008,0.1939
2026-08-10T14:14:41.133375,0000,063544,0.007535,-0.0004,0.0868
2026-08-10T14:14:43.248484,0000,063552,0.007762,0.0002,0.0881
2026-08-10T14:14:45.145292,0000,063560,0.008829,0.0004,0.0940
2026-08-10T14:14:47.549274,0000,063568,0.026017,-0.0003,0.1613
2026-08-10T14:14:49.524003,0000,063576,0.017715,-0.0000,0.1331
2026-08-10T14:14:51.634262,0000,063584,0.014165,0.0006,0.1190
2026-08-10T14:14:53.505318,0000,063592,0.021316,0.0007,0.1460
2026-08-10T14:14:55.407132,0000,063600,0.008780,0.0004,0.0937
2026-08-10T14:14:57.621992,0000,063608,0.012991,-0.0004,0.1140
2026-08-10T14:14:59.641902,0000,063616,0.010436,-0.0005,0.1022
2026-08-10T14:15:01.838226,0000,063624,0.007081,-0.0005,0.0841
2026-08-10T14:15:03.909006,0000,063632,0.013471,0.0001,0.1161
2026-08-10T14:15:05.981618,0000,063640,0.025261,0.0001,0.1589
2026-08-10T14:15:08.246461,0000,063648,0.008653,0.0000,0.0930
2026-08-10T14:15:10.885310,0000,063656,0.031298,-0.0009,0.1769
2026-08-10T14:15:12.681053,0000,063664,0.014559,-0.0010,0.1207
2026-08-10T14:15:14.458931,0000,063672,0.021739,-0.0008,0.1474
2026-08-10T14:15:16.360408,0000,063680,0.008875,-0.0001,0.0942
2026-08-10T14:15:18.531762,0000,063688,0.012300,0.0006,0.1109
2026-08-10T14:15:20.767132,0000,063696,0.022106,0.0015,0.1487
2026-08-10T14:15:22.648355,0000,063704,0.018174,0.0012,0.1348
2026-08-10T14:15:24.664378,0000,063712,0.012419,0.0008,0.1114
2026-08-10T14:15:26.757253,0000,063720,0.007149,0.0000,0.0846
2026-08-10T14:15:28.630041,0000,063728,0.008434,-0.0010,0.0918
2026-08-10T14:15:30.605088,0000,063736,0.042819,-0.0018,0.2069
2026-08-10T14:15:32.555301,0000,063744,0.156485,-0.0017,0.3956
2026-08-10T14:15:34.477130,0000,063752,0.035552,-0.0014,0.1886
2026-08-10T14:15:36.530183,0000,063760,0.012925,-0.0009,0.1137
2026-08-10T14:15:39.024257,0000,063768,0.007683,0.0003,0.0877
2026-08-10T14:15:41.189725,0000,063776,0.049294,0.0007,0.2220
2026-08-10T14:15:43.274477,0000,063784,0.009124,0.0007,0.0955
2026-08-10T14:15:45.222955,0000,063792,0.021151,0.0003,0.1454
2026-08-10T14:15:47.467696,0000,063800,0.026519,-0.0004,0.1628
2026-08-10T14:15:49.555902,0000,063808,0.030944,-0.0007,0.1759
2026-08-10T14:15:51.488784,0000,063816,0.013106,-0.0003,0.1145
2026-08-10T14:15:53.410025,0000,063824,0.056439,0.0001,0.2376
2026-08-10T14:15:55.333602,0000,063832,0.065532,0.0001,0.2560
2026-08-10T14:15:57.177760,0000,063840,0.014262,0.0001,0.1194
2026-08-10T14:15:59.199368,0000,063848,0.040837,-0.0010,0.2021
2026-08-10T14:16:01.766705,0000,063856,0.016986,-0.0012,0.1303
2026-08-10T14:16:03.907277,0000,063864,0.011314,-0.0006,0.1064
2026-08-10T14:16:05.890221,0000,063872,0.016227,-0.0001,0.1274
2026-08-10T14:16:07.970480,0000,063880,0.021270,0.0008,0.1458
2026-08-10T14:16:09.988870,0000,063888,0.012897,0.0012,0.1136
2026-08-10T14:16:12.042853,0000,063896,0.031293,0.0012,0.1769
2026-08-10T14:16:14.130194,0000,063904,0.020341,0.0008,0.1426
2026-08-10T14:16:16.124104,0000,063912,0.025792,0.0000,0.1606
2026-08-10T14:16:18.037311,0000,063920,0.005057,-0.0003,0.0711
2026-08-10T14:16:19.780874,0000,063928,1.139476,-0.0013,1.0675
2026-08-10T14:16:21.532897,0000,063936,0.047664,0.0000,0.2183
2026-08-10T14:16:23.666447,0000,063944,0.014900,0.0000,0.1221
2026-08-10T14:16:25.431534,0000,063952,0.012441,-0.0005,0.1115
2026-08-10T14:16:27.215127,0000,063960,0.008151,-0.0005,0.0903
2026-08-10T14:16:29.375468,0000,063968,0.019305,0.0002,0.1389
2026-08-10T14:16:31.300907,0000,063976,0.012936,-0.0002,0.1137
2026-08-10T14:16:33.039039,0000,063984,0.013155,0.0002,0.1147
2026-08-10T14:16:34.879226,0000,063992,0.026996,0.0003,0.1643
2026-08-10T14:16:36.951398,0000,064000,0.010780,-0.0003,0.1038
2026-08-10T14:16:38.882734,0000,064008,0.012484,-0.0003,0.1117
2026-08-10T14:16:40.753044,0000,064016,0.017252,0.0000,0.1313
2026-08-10T14:16:42.537788,0000,064024,0.014618,-0.0001,0.1209
2026-08-10T14:16:44.344220,0000,064032,0.008659,0.0003,0.0931
2026-08-10T14:16:46.072340,0000,064040,0.010992,0.0000,0.1048
2026-08-10T14:16:47.888681,0000,064048,0.010946,-0.0003,0.1046
2026-08-10T14:16:50.013276,0000,064056,0.008555,-0.0003,0.0925
2026-08-10T14:16:52.260198,0000,064064,0.012996,0.0001,0.1140
2026-08-10T14:16:54.500535,0000,064072,0.012584,-0.0001,0.1122
2026-08-10T14:16:56.547069,0000,064080,0.055895,0.0001,0.2364
2026-08-10T14:16:58.315507,0000,064088,0.137376,-0.0002,0.3706
2026-08-10T14:17:00.229056,0000,064096,0.011282,0.0004,0.1062
2026-08-10T14:17:02.095541,0000,064104,0.011121,0.0003,0.1055
2026-08-10T14:17:03.921257,0000,064112,0.007841,-0.0003,0.0886
2026-08-10T14:17:05.819053,0000,064120,0.020663,-0.0002,0.1437
2026-08-10T14:17:07.833452,0000,064128,0.019157,0.0002,0.1384
2026-08-10T14:17:09.769856,0000,064136,0.006435,0.0001,0.0802
2026-08-10T14:17:11.565321,0000,064144,0.011607,-0.0006,0.1077
2026-08-10T14:17:13.392116,0000,064152,0.143183,-0.0006,0.3784
2026-08-10T14:17:15.402538,0000,064160,0.024728,-0.0001,0.1573
2026-08-10T14:17:17.324434,0000,064168,0.009912,0.0005,0.0996
2026-08-10T14:17:19.439680,0000,064176,0.013251,0.0009,0.1151
2026-08-10T14:17:21.555959,0000,064184,0.022235,0.0007,0.1491
2026-08-10T14:17:23.556364,0000,064192,0.022209,0.0001,0.1490
2026-08-10T14:17:26.022005,0000,064200,0.011667,-0.0008,0.1080
2026-08-10T14:17:27.913728,0000,064208,0.018467,-0.0011,0.1359
2026-08-10T14:17:29.714760,0000,064216,0.011331,-0.0011,0.1064
2026-08-10T14:17:31.574464,0000,064224,0.028993,-0.0008,0.1703
2026-08-10T14:17:33.458497,0000,064232,0.053699,0.0001,0.2317
2026-08-10T14:17:35.353619,0000,064240,0.022122,0.0004,0.1487
2026-08-10T14:17:37.234854,0000,064248,0.007773,0.0002,0.0882
2026-08-10T14:17:39.612687,0000,064256,0.013696,-0.0000,0.1170
2026-08-10T14:17:41.574529,0000,064264,0.019133,-0.0003,0.1383
2026-08-10T14:17:43.525341,0000,064272,0.007400,-0.0001,0.0860
2026-08-10T14:17:45.628790,0000,064280,0.008014,0.0004,0.0895
2026-08-10T14:17:48.070106,0000,064288,0.016966,0.0008,0.1303
2026-08-10T14:17:50.154694,0000,064296,0.012782,0.0002,0.1131
2026-08-10T14:17:52.243488,0000,064304,0.017845,-0.0004,0.1336
2026-08-10T14:17:54.238614,0000,064312,0.005545,-0.0005,0.0745
2026-08-10T14:17:56.355204,0000,064320,0.025656,-0.0004,0.1602
2026-08-10T14:17:58.269507,0000,064328,0.010845,0.0004,0.1041
2026-08-10T14:18:00.526659,0000,064336,0.022247,0.0006,0.1492
2026-08-10T14:18:02.498813,0000,064344,0.027813,0.0003,0.1668
2026-08-10T14:18:04.390986,0000,064352,0.007221,-0.0004,0.0850
2026-08-10T14:18:06.174626,0000,064360,0.010614,-0.0005,0.1030
2026-08-10T14:18:07.907943,0000,064368,0.011179,-0.0003,0.1057
2026-08-10T14:18:09.960503,0000,064376,0.015059,0.0004,0.1227
2026-08-10T14:18:11.922405,0000,064384,0.020437,0.0004,0.1430
2026-08-10T14:18:14.155034,0000,064392,0.012922,0.0002,0.1137
2026-08-10T14:18:15.944674,0000,064400,0.013107,-0.0004,0.1145
2026-08-10T14:18:17.784119,0000,064408,0.017836,-0.0006,0.1336
2026-08-10T14:18:19.740252,0000,064416,0.011267,-0.0003,0.1061
2026-08-10T14:18:21.932593,0000,064424,0.011996,0.0004,0.1095
2026-08-10T14:18:23.784265,0000,064432,0.055458,0.0003,0.2355
2026-08-10T14:18:25.906270,0000,064440,0.007344,0.0001,0.0857
2026-08-10T14:18:27.768376,0000,064448,0.008930,-0.0005,0.0945
2026-08-10T14:18:29.808522,0000,064456,0.023554,-0.0007,0.1535
2026-08-10T14:18:31.697554,0000,064464,0.019046,-0.0003,0.1380
2026-08-10T14:18:33.623776,0000,064472,0.014624,0.0002,0.1209
2026-08-10T14:18:35.358865,0000,064480,0.010901,0.0004,0.1044
2026-08-10T14:18:37.102944,0000,064488,0.011193,0.0002,0.1058
2026-08-10T14:18:39.273875,0000,064496,0.008384,-0.0007,0.0916
2026-08-10T14:18:41.141555,0000,064504,0.022733,-0.0007,0.1508
2026-08-10T14:18:43.235956,0000,064512,0.013136,-0.0005,0.1146
2026-08-10T14:18:45.047332,0000,064520,0.011183,0.0002,0.1058
2026-08-10T14:18:46.962617,0000,064528,0.006433,0.0004,0.0802
2026-08-10T14:18:48.811304,0000,064536,0.009768,0.0001,0.0988
2026-08-10T14:18:50.938772,0000,064544,0.014417,-0.0005,0.1201
2026-08-10T14:18:53.218357,0000,064552,0.016465,-0.0008,0.1283
2026-08-10T14:18:55.103267,0000,064560,0.030863,-0.0006,0.1757
2026-08-10T14:18:57.310496,0000,064568,0.054909,0.0003,0.2343
2026-08-10T14:18:59.348104,0000,064576,0.008546,0.0003,0.0924
2026-08-10T14:19:01.443749,0000,064584,0.018501,0.0002,0.1360
2026-08-10T14:19:03.339665,0000,064592,0.010156,-0.0005,0.1008
2026-08-10T14:19:05.447416,0000,064600,0.009704,-0.0009,0.0985
2026-08-10T14:19:07.380327,0000,064608,0.007680,-0.0005,0.0876
2026-08-10T14:19:09.124789,0000,064616,0.018499,0.0001,0.1360
2026-08-10T14:19:11.305271,0000,064624,0.044457,0.0001,0.2108
2026-08-10T14:19:13.141900,0000,064632,0.007455,0.0007,0.0863
2026-08-10T14:19:15.042368,0000,064640,0.016479,0.0005,0.1284
2026-08-10T14:19:16.870262,0000,064648,0.017667,0.0001,0.1329
2026-08-10T14:19:18.808450,0000,064656,0.008778,-0.0007,0.0937
2026-08-10T14:19:20.941118,0000,064664,0.012917,-0.0011,0.1137
2026-08-10T14:19:23.164748,0000,064672,0.053781,-0.0008,0.2319
2026-08-10T14:19:25.151473,0000,064680,0.006901,-0.0003,0.0831
2026-08-10T14:19:27.174530,0000,064688,0.008626,0.0003,0.0929
2026-08-10T14:19:29.248850,0000,064696,0.024844,0.0006,0.1576
2026-08-10T14:19:31.330687,0000,064704,0.022331,0.0007,0.1494
2026-08-10T14:19:33.187970,0000,064712,0.007292,0.0001,0.0854
2026-08-10T14:19:35.118193,0000,064720,0.025262,-0.0007,0.1589
2026-08-10T14:19:37.021100,0000,064728,0.037909,-0.0013,0.1947
2026-08-10T14:19:38.805352,0000,064736,1.157210,-0.0020,1.0757
2026-08-10T14:19:40.637144,0000,064744,0.007921,-0.0005,0.0890
2026-08-10T14:19:42.871105,0000,064752,0.029951,0.0003,0.1731
2026-08-10T14:19:44.794710,0000,064760,0.033185,0.0005,0.1822
2026-08-10T14:19:46.565399,0000,064768,0.014084,0.0005,0.1187
2026-08-10T14:19:48.573026,0000,064776,0.016871,0.0000,0.1299
2026-08-10T14:19:51.087423,0000,064784,0.011054,-0.0007,0.1051
2026-08-10T14:19:53.290785,0000,064792,0.020350,-0.0013,0.1427
2026-08-10T14:19:55.656224,0000,064800,0.024055,-0.0011,0.1551
2026-08-10T14:19:57.485648,0000,064808,0.008611,-0.0005,0.0928
2026-08-10T14:19:59.429654,0000,064816,0.015044,0.0003,0.1227
2026-08-10T14:20:01.461873,0000,064824,0.015437,0.0010,0.1242
2026-08-10T14:20:03.355072,0000,064832,0.023613,0.0004,0.1537
2026-08-10T14:20:05.303606,0000,064840,0.007245,0.0000,0.0851
2026-08-10T14:20:07.162253,0000,064848,0.022035,-0.0008,0.1484
2026-08-10T14:20:09.047067,0000,064856,0.023899,-0.0011,0.1546
2026-08-10T14:20:10.958749,0000,064864,0.017521,-0.0011,0.1324
2026-08-10T14:20:13.011948,0000,064872,0.025173,-0.0007,0.1587
2026-08-10T14:20:14.853109,0000,064880,0.010450,0.0001,0.1022
2026-08-10T14:20:16.883141,0000,064888,0.023930,0.0007,0.1547
2026-08-10T14:20:18.763609,0000,064896,0.008245,0.0006,0.0908
2026-08-10T14:20:20.556051,0000,064904,0.010522,0.0000,0.1026
2026-08-10T14:20:22.584198,0000,064912,0.012985,-0.0007,0.1140
2026-08-10T14:20:24.774176,0000,064920,0.015300,-0.0011,0.1237
2026-08-10T14:20:26.668948,0000,064928,0.007460,-0.0009,0.0864
2026-08-10T14:20:28.553883,0000,064936,0.020426,-0.0007,0.1429
2026-08-10T14:20:30.666878,0000,064944,0.020533,0.0004,0.1433
2026-08-10T14:20:32.479576,0000,064952,0.005134,0.0007,0.0717
2026-08-10T14:20:34.293652,0000,064960,0.011396,0.0006,0.1068
2026-08-10T14:20:36.037240,0000,064968,0.006632,-0.0001,0.0814
2026-08-10T14:20:37.969877,0000,064976,0.009355,0.0000,0.0967
2026-08-10T14:20:39.979188,0000,064984,0.020195,-0.0003,0.1421
2026-08-10T14:20:41.712599,0000,064992,0.022511,-0.0005,0.1500
2026-08-10T14:20:43.571723,0000,065000,0.049358,0.0000,0.2222
2026-08-10T14:20:45.367805,0000,065008,0.017382,-0.0001,0.1318
2026-08-10T14:20:47.177808,0000,065016,0.012450,0.0003,0.1116
2026-08-10T14:20:48.917740,0000,065024,0.011693,0.0002,0.1081
2026-08-10T14:20:50.711833,0000,065032,0.151774,-0.0004,0.3896
2026-08-10T14:20:52.516737,0000,065040,0.006492,-0.0002,0.0806
2026-08-10T14:20:54.931237,0000,065048,0.022084,0.0003,0.1486
2026-08-10T14:20:56.818588,0000,065056,0.008845,0.0002,0.0940
2026-08-10T14:20:58.945931,0000,065064,0.017303,-0.0003,0.1315
2026-08-10T14:21:00.949829,0000,065072,0.013508,-0.0003,0.1162
2026-08-10T14:21:02.954599,0000,065080,0.010600,0.0001,0.1030
2026-08-10T14:21:04.960388,0000,065088,0.008073,0.0002,0.0898
2026-08-10T14:21:07.050941,0000,065096,0.051627,-0.0004,0.2272
2026-08-10T14:21:08.900022,0000,065104,0.024500,-0.0004,0.1565
2026-08-10T14:21:11.221819,0000,065112,0.017280,0.0002,0.1315
2026-08-10T14:21:13.118740,0000,065120,0.007335,-0.0000,0.0856
2026-08-10T14:21:15.171052,0000,065128,0.023776,0.0004,0.1542
2026-08-10T14:21:17.159373,0000,065136,0.065022,0.0001,0.2550
2026-08-10T14:21:19.392823,0000,065144,0.019866,0.0000,0.1409
2026-08-10T14:21:21.395660,0000,065152,0.011577,-0.0009,0.1076
2026-08-10T14:21:23.688854,0000,065160,0.015540,-0.0012,0.1247
2026-08-10T14:21:25.632956,0000,065168,0.061141,-0.0011,0.2473
2026-08-10T14:21:27.844943,0000,065176,0.018350,-0.0007,0.1355
2026-08-10T14:21:29.954504,0000,065184,0.024386,-0.0000,0.1562
2026-08-10T14:21:31.812670,0000,065192,0.026372,0.0011,0.1624
2026-08-10T14:21:33.854264,0000,065200,0.018665,0.0018,0.1366
2026-08-10T14:21:36.300799,0000,065208,0.033127,0.0026,0.1820
2026-08-10T14:21:38.442685,0000,065216,0.027281,0.0017,0.1652
2026-08-10T14:21:40.383539,0000,065224,0.019698,0.0013,0.1403
2026-08-10T14:21:42.378354,0000,065232,0.006607,0.0003,0.0813
2026-08-10T14:21:44.349579,0000,065240,0.029702,-0.0010,0.1723
2026-08-10T14:21:46.678620,0000,065248,0.032954,-0.0019,0.1815
2026-08-10T14:21:48.678109,0000,065256,0.040160,-0.0018,0.2004
2026-08-10T14:21:50.485943,0000,065264,0.017790,-0.0016,0.1334
2026-08-10T14:21:52.387328,0000,065272,0.027041,-0.0012,0.1644
2026-08-10T14:21:54.458759,0000,065280,0.020434,-0.0003,0.1429
2026-08-10T14:21:56.535499,0000,065288,0.026996,0.0014,0.1643
2026-08-10T14:21:58.637620,0000,065296,0.029026,0.0020,0.1704
2026-08-10T14:22:00.564862,0000,065304,0.063699,0.0016,0.2524
2026-08-10T14:22:02.662827,0000,065312,0.030103,0.0016,0.1735
2026-08-10T14:22:04.532675,0000,065320,0.013200,0.0009,0.1149
2026-08-10T14:22:06.522704,0000,065328,0.023633,0.0000,0.1537
2026-08-10T14:22:08.284398,0000,065336,0.020254,-0.0011,0.1423
2026-08-10T14:22:10.265872,0000,065344,0.017374,-0.0018,0.1318
2026-08-10T14:22:12.316467,0000,065352,0.035838,-0.0022,0.1893
2026-08-10T14:22:14.240431,0000,065360,0.025293,-0.0018,0.1590
2026-08-10T14:22:16.095983,0000,065368,0.025245,-0.0014,0.1589
2026-08-10T14:22:18.096380,0000,065376,0.018267,-0.0005,0.1352
2026-08-10T14:22:19.949985,0000,065384,0.014448,0.0008,0.1202
2026-08-10T14:22:22.366092,0000,065392,0.047578,0.0021,0.2181
2026-08-10T14:22:24.158529,0000,065400,0.015257,0.0015,0.1235
2026-08-10T14:22:26.097316,0000,065408,0.032205,0.0016,0.1795
2026-08-10T14:22:28.088378,0000,065416,0.015336,0.0010,0.1238
2026-08-10T14:22:29.876948,0000,065424,0.028023,0.0000,0.1674
2026-08-10T14:22:31.679509,0000,065432,0.007351,-0.0011,0.0857
2026-08-10T14:22:33.532410,0000,065440,0.016430,-0.0018,0.1282
2026-08-10T14:22:35.308287,0000,065448,0.026648,-0.0021,0.1632
2026-08-10T14:22:37.445447,0000,065456,0.017051,-0.0019,0.1306
2026-08-10T14:22:39.468507,0000,065464,0.009957,-0.0013,0.0998
2026-08-10T14:22:41.282808,0000,065472,0.143072,-0.0006,0.3782
2026-08-10T14:22:43.164789,0000,065480,0.015101,0.0008,0.1229
2026-08-10T14:22:45.271469,0000,065488,0.038885,0.0013,0.1972
2026-08-10T14:22:47.117617,0000,065496,0.028988,0.0014,0.1703
2026-08-10T14:22:49.409490,0000,065504,0.051028,0.0013,0.2259
2026-08-10T14:22:51.531884,0000,065512,0.010914,0.0008,0.1045
2026-08-10T14:22:53.474564,0000,065520,0.012659,-0.0000,0.1125
2026-08-10T14:22:55.547578,0000,065528,0.013743,-0.0004,0.1172
2026-08-10T14:22:57.758653,0000,065536,0.008588,-0.0003,0.0927
2026-08-10T14:22:59.997359,0000,065544,0.016058,0.0001,0.1267
2026-08-10T14:23:02.110497,0000,065552,0.006480,0.0000,0.0805
2026-08-10T14:23:04.087860,0000,065560,0.007558,0.0001,0.0869
2026-08-10T14:23:05.992256,0000,065568,0.007530,0.0000,0.0868
2026-08-10T14:23:08.234588,0000,065576,0.012654,-0.0005,0.1125
2026-08-10T14:23:10.172453,0000,065584,0.149177,-0.0008,0.3862
2026-08-10T14:23:12.131395,0000,065592,0.013460,-0.0005,0.1160
2026-08-10T14:23:13.976956,0000,065600,0.006188,0.0001,0.0787
2026-08-10T14:23:15.968007,0000,065608,0.009849,0.0003,0.0992
2026-08-10T14:23:18.019793,0000,065616,0.013187,0.0001,0.1148
2026-08-10T14:23:20.275655,0000,065624,0.018891,-0.0006,0.1374
2026-08-10T14:23:22.378966,0000,065632,0.012908,-0.0005,0.1136
2026-08-10T14:23:24.625997,0000,065640,0.019208,-0.0004,0.1386
2026-08-10T14:23:26.518260,0000,065648,0.005380,0.0003,0.0733
2026-08-10T14:23:28.379496,0000,065656,0.027259,0.0002,0.1651
2026-08-10T14:23:30.388555,0000,065664,0.009027,0.0002,0.0950
2026-08-10T14:23:32.674191,0000,065672,0.014315,-0.0005,0.1196
2026-08-10T14:23:34.900302,0000,065680,0.016305,-0.0006,0.1277
2026-08-10T14:23:37.266615,0000,065688,0.036041,-0.0005,0.1898
2026-08-10T14:23:39.212211,0000,065696,0.023413,0.0001,0.1530
2026-08-10T14:23:41.175026,0000,065704,0.165106,0.0004,0.4063
2026-08-10T14:23:43.026021,0000,065712,0.010517,0.0003,0.1026
2026-08-10T14:23:44.784633,0000,065720,0.015976,-0.0004,0.1264
2026-08-10T14:23:46.942091,0000,065728,0.011758,-0.0005,0.1084
2026-08-10T14:23:49.248142,0000,065736,0.029123,-0.0002,0.1707
2026-08-10T14:23:51.133119,0000,065744,0.009163,0.0003,0.0957
2026-08-10T14:23:53.197299,0000,065752,0.029218,0.0005,0.1709
2026-08-10T14:23:55.634554,0000,065760,0.014009,0.0004,0.1184
2026-08-10T14:23:57.687421,0000,065768,0.141407,-0.0004,0.3760
2026-08-10T14:23:59.666591,0000,065776,0.015298,-0.0006,0.1237
2026-08-10T14:24:01.839192,0000,065784,0.016415,-0.0003,0.1281
2026-08-10T14:24:04.027878,0000,065792,1.143654,-0.0004,1.0694
2026-08-10T14:24:06.080170,0000,065800,0.017131,0.0005,0.1309
2026-08-10T14:24:07.968858,0000,065808,0.020163,0.0004,0.1420
2026-08-10T14:24:09.682045,0000,065816,0.038473,-0.0006,0.1961
2026-08-10T14:24:11.504059,0000,065824,0.006267,-0.0004,0.0792
2026-08-10T14:24:13.254411,0000,065832,0.006689,-0.0002,0.0818
2026-08-10T14:24:15.041108,0000,065840,0.016574,0.0004,0.1287
2026-08-10T14:24:17.053045,0000,065848,0.031854,0.0004,0.1785
2026-08-10T14:24:18.881872,0000,065856,0.016055,0.0003,0.1267
2026-08-10T14:24:20.684248,0000,065864,0.008443,-0.0003,0.0919
2026-08-10T14:24:22.486269,0000,065872,0.013967,-0.0004,0.1182
2026-08-10T14:24:24.476038,0000,065880,0.007155,-0.0000,0.0846
2026-08-10T14:24:26.523878,0000,065888,0.033298,-0.0004,0.1825
2026-08-10T14:24:28.719323,0000,065896,0.011950,-0.0003,0.1093
2026-08-10T14:24:30.663758,0000,065904,0.010183,0.0004,0.1009
2026-08-10T14:24:32.823108,0000,065912,0.014088,0.0007,0.1187
2026-08-10T14:24:34.736285,0000,065920,0.010034,0.0002,0.1002
2026-08-10T14:24:36.639049,0000,065928,0.016977,-0.0004,0.1303
2026-08-10T14:24:38.525187,0000,065936,0.010359,-0.0004,0.1018
2026-08-10T14:24:40.359866,0000,065944,0.009084,-0.0002,0.0953
2026-08-10T14:24:42.332310,0000,065952,0.026502,0.0002,0.1628
2026-08-10T14:24:44.280408,0000,065960,0.009407,0.0005,0.0970
2026-08-10T14:24:46.227076,0000,065968,0.011555,0.0002,0.1075
2026-08-10T14:24:48.130041,0000,065976,0.012811,-0.0003,0.1132
2026-08-10T14:24:50.312436,0000,065984,0.037113,-0.0007,0.1926
2026-08-10T14:24:52.208511,0000,065992,0.007647,-0.0003,0.0874
2026-08-10T14:24:54.166266,0000,066000,0.013572,0.0004,0.1165
2026-08-10T14:24:56.067245,0000,066008,0.009372,0.0006,0.0968
2026-08-10T14:24:58.013999,0000,066016,0.008771,0.0003,0.0937
2026-08-10T14:25:00.038757,0000,066024,0.025704,-0.0005,0.1603
2026-08-10T14:25:01.934402,0000,066032,0.027469,-0.0006,0.1657
2026-08-10T14:25:04.044289,0000,066040,0.004801,-0.0001,0.0693
2026-08-10T14:25:06.459765,0000,066048,0.009968,0.0006,0.0998
2026-08-10T14:25:08.299977,0000,066056,0.026939,0.0003,0.1641
2026-08-10T14:25:10.234134,0000,066064,0.014807,0.0004,0.1217
2026-08-10T14:25:12.347849,0000,066072,0.013771,-0.0001,0.1174
2026-08-10T14:25:14.618830,0000,066080,0.064393,-0.0006,0.2538
2026-08-10T14:25:16.382922,0000,066088,0.016556,-0.0002,0.1287
2026-08-10T14:25:18.503290,0000,066096,0.011924,0.0005,0.1092
2026-08-10T14:25:20.614133,0000,066104,0.013978,0.0005,0.1182
2026-08-10T14:25:22.439467,0000,066112,0.021679,0.0003,0.1472
2026-08-10T14:25:24.329997,0000,066120,0.012515,-0.0002,0.1119
2026-08-10T14:25:26.337522,0000,066128,0.006296,-0.0004,0.0793
2026-08-10T14:25:28.351364,0000,066136,0.017093,-0.0003,0.1307
2026-08-10T14:25:30.358673,0000,066144,0.052007,0.0005,0.2281
2026-08-10T14:25:32.298058,0000,066152,0.008506,0.0005,0.0922
2026-08-10T14:25:34.146476,0000,066160,0.016467,0.0003,0.1283
2026-08-10T14:25:36.038080,0000,066168,0.012811,-0.0003,0.1132
2026-08-10T14:25:38.516407,0000,066176,0.012880,-0.0005,0.1135
2026-08-10T14:25:40.432636,0000,066184,0.010282,-0.0002,0.1014
2026-08-10T14:25:42.628726,0000,066192,0.025569,0.0002,0.1599
2026-08-10T14:25:44.476710,0000,066200,0.012863,0.0006,0.1134
2026-08-10T14:25:46.373756,0000,066208,0.012324,0.0003,0.1110
2026-08-10T14:25:48.318759,0000,066216,0.006523,-0.0002,0.0808
2026-08-10T14:25:50.410303,0000,066224,0.022211,-0.0005,0.1490
2026-08-10T14:25:52.669526,0000,066232,0.067113,-0.0003,0.2591
2026-08-10T14:25:55.280814,0000,066240,0.010940,0.0006,0.1046
2026-08-10T14:25:57.472248,0000,066248,0.022298,0.0005,0.1493
2026-08-10T14:26:00.169649,0000,066256,0.015674,0.0008,0.1252
2026-08-10T14:26:02.172937,0000,066264,0.008828,-0.0003,0.0940
2026-08-10T14:26:04.032164,0000,066272,0.020337,-0.0005,0.1426
2026-08-10T14:26:05.923532,0000,066280,0.034949,-0.0003,0.1869
2026-08-10T14:26:08.070853,0000,066288,0.024123,0.0005,0.1553
2026-08-10T14:26:09.995699,0000,066296,0.011022,0.0005,0.1050
2026-08-10T14:26:11.887617,0000,066304,0.013930,0.0002,0.1180
2026-08-10T14:26:14.236618,0000,066312,0.008028,-0.0003,0.0896
2026-08-10T14:26:15.997665,0000,066320,0.017666,-0.0005,0.1329
2026-08-10T14:26:18.129723,0000,066328,0.011126,-0.0003,0.1055
2026-08-10T14:26:19.942432,0000,066336,0.008255,0.0004,0.0909
2026-08-10T14:26:21.743183,0000,066344,0.006127,0.0005,0.0783
2026-08-10T14:26:23.833622,0000,066352,0.039537,0.0002,0.1988
2026-08-10T14:26:25.744913,0000,066360,0.066245,-0.0003,0.2574
2026-08-10T14:26:27.730220,0000,066368,0.011010,-0.0004,0.1049
2026-08-10T14:26:29.698611,0000,066376,0.015023,-0.0002,0.1226
2026-08-10T14:26:31.569111,0000,066384,0.019280,0.0003,0.1389
2026-08-10T14:26:33.670555,0000,066392,0.016598,0.0006,0.1288
2026-08-10T14:26:35.419630,0000,066400,0.007218,0.0003,0.0850
2026-08-10T14:26:37.461806,0000,066408,0.016651,-0.0003,0.1290
2026-08-10T14:26:39.457459,0000,066416,0.016936,-0.0004,0.1301
2026-08-10T14:26:41.395292,0000,066424,0.009992,-0.0003,0.1000
2026-08-10T14:26:43.179360,0000,066432,0.010045,0.0004,0.1002
2026-08-10T14:26:45.001515,0000,066440,0.013992,0.0004,0.1183
2026-08-10T14:26:46.811228,0000,066448,0.011346,0.0003,0.1065
2026-08-10T14:26:48.621135,0000,066456,0.021581,-0.0005,0.1469
2026-08-10T14:26:50.428832,0000,066464,0.019403,-0.0005,0.1393
2026-08-10T14:26:52.397689,0000,066472,0.025884,-0.0002,0.1609
2026-08-10T14:26:54.307769,0000,066480,0.006878,0.0005,0.0829
2026-08-10T14:26:56.242585,0000,066488,0.143020,0.0005,0.3782
2026-08-10T14:26:58.032458,0000,066496,0.015153,0.0003,0.1231
2026-08-10T14:26:59.886904,0000,066504,0.014292,-0.0003,0.1196
2026-08-10T14:27:01.847828,0000,066512,0.016578,-0.0003,0.1288
2026-08-10T14:27:03.750156,0000,066520,0.008112,-0.0002,0.0901
2026-08-10T14:27:05.740920,0000,066528,0.011346,0.0005,0.1065
2026-08-10T14:27:07.543624,0000,066536,0.021863,0.0004,0.1479
2026-08-10T14:27:09.907460,0000,066544,0.007873,0.0003,0.0887
2026-08-10T14:27:12.012770,0000,066552,0.006902,-0.0001,0.0831
2026-08-10T14:27:14.069953,0000,066560,0.023420,-0.0005,0.1530
2026-08-10T14:27:16.172591,0000,066568,0.013883,-0.0003,0.1178
2026-08-10T14:27:18.063159,0000,066576,0.006763,0.0004,0.0822
2026-08-10T14:27:19.878145,0000,066584,0.015586,0.0006,0.1248
2026-08-10T14:27:21.784626,0000,066592,0.012863,0.0002,0.1134
2026-08-10T14:27:24.065245,0000,066600,0.010853,-0.0002,0.1042
2026-08-10T14:27:26.707921,0000,066608,0.020564,-0.0015,0.1434
2026-08-10T14:27:28.520919,0000,066616,0.025161,-0.0016,0.1586
2026-08-10T14:27:30.364864,0000,066624,0.022497,-0.0015,0.1500
2026-08-10T14:27:32.674173,0000,066632,0.020223,-0.0014,0.1422
2026-08-10T14:27:35.220632,0000,066640,0.018777,-0.0006,0.1370
2026-08-10T14:27:37.335258,0000,066648,0.014807,0.0003,0.1217
2026-08-10T14:27:39.426736,0000,066656,0.013081,0.0012,0.1144
2026-08-10T14:27:41.339220,0000,066664,0.011869,0.0011,0.1089
2026-08-10T14:27:43.177619,0000,066672,0.028486,0.0006,0.1688
2026-08-10T14:27:45.022712,0000,066680,0.019421,0.0001,0.1394
2026-08-10T14:27:46.918747,0000,066688,0.007813,-0.0007,0.0884
2026-08-10T14:27:49.034103,0000,066696,0.019034,-0.0012,0.1380
2026-08-10T14:27:51.171261,0000,066704,0.042149,-0.0016,0.2053
2026-08-10T14:27:53.095372,0000,066712,0.017843,-0.0009,0.1336
2026-08-10T14:27:55.283606,0000,066720,0.020240,-0.0004,0.1423
2026-08-10T14:27:57.062963,0000,066728,0.010271,0.0007,0.1013
2026-08-10T14:27:58.889162,0000,066736,0.027025,0.0010,0.1644
2026-08-10T14:28:00.946754,0000,066744,0.019834,0.0013,0.1408
2026-08-10T14:28:02.708150,0000,066752,0.017742,0.0010,0.1332
2026-08-10T14:28:04.623449,0000,066760,0.015712,0.0003,0.1253
2026-08-10T14:28:06.489228,0000,066768,0.014421,-0.0005,0.1201
2026-08-10T14:28:08.334807,0000,066776,0.015770,-0.0010,0.1256
2026-08-10T14:28:10.225984,0000,066784,0.013980,-0.0011,0.1182
2026-08-10T14:28:12.456096,0000,066792,0.018003,-0.0009,0.1342
2026-08-10T14:28:14.409292,0000,066800,0.013961,-0.0004,0.1182
2026-08-10T14:28:16.241436,0000,066808,0.013303,0.0006,0.1153
2026-08-10T14:28:18.145171,0000,066816,0.020558,0.0014,0.1434
2026-08-10T14:28:20.156749,0000,066824,0.019332,0.0013,0.1390
2026-08-10T14:28:22.015196,0000,066832,0.030014,0.0009,0.1732
2026-08-10T14:28:23.965563,0000,066840,0.018334,0.0004,0.1354
2026-08-10T14:28:25.805871,0000,066848,0.009291,-0.0005,0.0964
2026-08-10T14:28:27.909299,0000,066856,0.020299,-0.0012,0.1425
2026-08-10T14:28:29.932868,0000,066864,0.027481,-0.0013,0.1658
2026-08-10T14:28:31.789179,0000,066872,0.015353,-0.0007,0.1239
2026-08-10T14:28:33.713043,0000,066880,0.017622,-0.0001,0.1327
2026-08-10T14:28:36.124999,0000,066888,0.014092,0.0011,0.1187
2026-08-10T14:28:37.979239,0000,066896,0.047451,0.0012,0.2178
2026-08-10T14:28:40.259646,0000,066904,0.032698,0.0018,0.1808
2026-08-10T14:28:42.098126,0000,066912,0.021116,0.0011,0.1453
2026-08-10T14:28:43.887051,0000,066920,0.012051,0.0004,0.1098
2026-08-10T14:28:45.798921,0000,066928,0.010021,-0.0005,0.1001
2026-08-10T14:28:47.613735,0000,066936,0.012012,-0.0010,0.1096
2026-08-10T14:28:49.391064,0000,066944,0.013632,-0.0010,0.1168
2026-08-10T14:28:51.167001,0000,066952,0.011276,-0.0008,0.1062
2026-08-10T14:28:52.964195,0000,066960,0.011436,-0.0002,0.1069
2026-08-10T14:28:54.800131,0000,066968,0.007937,0.0009,0.0891
2026-08-10T14:28:56.752152,0000,066976,0.009120,0.0013,0.0955
2026-08-10T14:28:58.924654,0000,066984,0.016193,0.0014,0.1272
2026-08-10T14:29:00.945146,0000,066992,0.030192,0.0009,0.1738
2026-08-10T14:29:02.693429,0000,067000,0.022228,0.0004,0.1491
2026-08-10T14:29:04.531850,0000,067008,0.021244,-0.0006,0.1458
2026-08-10T14:29:06.436491,0000,067016,0.015084,-0.0010,0.1228
2026-08-10T14:29:08.192186,0000,067024,0.152051,-0.0012,0.3899
2026-08-10T14:29:10.225090,0000,067032,0.025161,-0.0010,0.1586
2026-08-10T14:29:12.089990,0000,067040,0.007873,-0.0001,0.0887
2026-08-10T14:29:14.035924,0000,067048,0.006821,0.0009,0.0826
2026-08-10T14:29:16.369814,0000,067056,0.021272,0.0017,0.1458
2026-08-10T14:29:18.384576,0000,067064,0.022328,0.0014,0.1494
2026-08-10T14:29:20.422251,0000,067072,0.025229,0.0009,0.1588
2026-08-10T14:29:22.670136,0000,067080,0.015526,0.0004,0.1246
2026-08-10T14:29:24.541556,0000,067088,0.009148,-0.0005,0.0956
2026-08-10T14:29:26.608211,0000,067096,0.011281,-0.0011,0.1062
2026-08-10T14:29:28.544917,0000,067104,0.020980,-0.0012,0.1448
2026-08-10T14:29:30.610418,0000,067112,0.017520,-0.0010,0.1324
2026-08-10T14:29:32.653191,0000,067120,0.009924,-0.0001,0.0996
2026-08-10T14:29:34.566432,0000,067128,0.023205,0.0007,0.1523
2026-08-10T14:29:36.386102,0000,067136,0.018920,0.0012,0.1375
2026-08-10T14:29:38.203043,0000,067144,0.029993,0.0012,0.1732
2026-08-10T14:29:40.360899,0000,067152,0.010483,0.0009,0.1024
2026-08-10T14:29:42.530059,0000,067160,0.010989,0.0004,0.1048
2026-08-10T14:29:44.335967,0000,067168,0.010838,-0.0005,0.1041
2026-08-10T14:29:46.750526,0000,067176,0.033774,-0.0013,0.1838
2026-08-10T14:29:48.547215,0000,067184,0.011998,-0.0010,0.1095
2026-08-10T14:29:50.356520,0000,067192,0.011143,-0.0008,0.1056
2026-08-10T14:29:52.308467,0000,067200,0.015845,-0.0001,0.1259
2026-08-10T14:29:54.269195,0000,067208,0.014563,0.0007,0.1207
2026-08-10T14:29:56.470682,0000,067216,0.024785,0.0012,0.1574
2026-08-10T14:29:58.506689,0000,067224,0.020612,0.0014,0.1436
2026-08-10T14:30:00.409188,0000,067232,0.014591,0.0010,0.1208
2026-08-10T14:30:02.473633,0000,067240,0.011993,0.0003,0.1095
2026-08-10T14:30:04.371674,0000,067248,0.017566,-0.0006,0.1325
2026-08-10T14:30:06.307509,0000,067256,0.012224,-0.0010,0.1106
2026-08-10T14:30:08.525883,0000,067264,0.024026,-0.0013,0.1550
2026-08-10T14:30:10.423342,0000,067272,0.007637,-0.0008,0.0874
2026-08-10T14:30:12.358842,0000,067280,0.016977,-0.0003,0.1303
2026-08-10T14:30:14.660467,0000,067288,0.017984,0.0009,0.1341
2026-08-10T14:30:16.744313,0000,067296,0.037993,0.0011,0.1949
2026-08-10T14:30:18.763697,0000,067304,0.024691,0.0015,0.1571
2026-08-10T14:30:20.844491,0000,067312,0.020995,0.0012,0.1449
2026-08-10T14:30:22.804303,0000,067320,0.011930,0.0005,0.1092
2026-08-10T14:30:24.675274,0000,067328,0.010038,-0.0005,0.1002
2026-08-10T14:30:26.660481,0000,067336,0.027462,-0.0011,0.1657
2026-08-10T14:30:28.956152,0000,067344,0.012030,-0.0014,0.1097
2026-08-10T14:30:30.759709,0000,067352,0.020363,-0.0009,0.1427
2026-08-10T14:30:32.582711,0000,067360,0.010414,-0.0001,0.1020
2026-08-10T14:30:34.439686,0000,067368,0.028424,0.0005,0.1686
2026-08-10T14:30:36.330714,0000,067376,0.026901,0.0012,0.1640
2026-08-10T14:30:38.113691,0000,067384,0.018148,0.0014,0.1347
2026-08-10T14:30:40.137051,0000,067392,0.019501,0.0013,0.1396
2026-08-10T14:30:41.909672,0000,067400,0.012425,0.0003,0.1115
2026-08-10T14:30:44.012650,0000,067408,0.009382,-0.0006,0.0969
2026-08-10T14:30:46.039200,0000,067416,0.014103,-0.0010,0.1188
2026-08-10T14:30:48.111450,0000,067424,0.014288,-0.0011,0.1195
2026-08-10T14:30:50.524359,0000,067432,0.019734,-0.0008,0.1405
2026-08-10T14:30:52.830503,0000,067440,0.011915,-0.0001,0.1092
2026-08-10T14:30:54.850132,0000,067448,0.026800,0.0008,0.1637
2026-08-10T14:30:56.828850,0000,067456,0.014807,0.0013,0.1217
2026-08-10T14:30:58.680081,0000,067464,0.021243,0.0013,0.1457
2026-08-10T14:31:00.473726,0000,067472,0.016046,0.0010,0.1267
2026-08-10T14:31:02.786531,0000,067480,0.011670,0.0006,0.1080
2026-08-10T14:31:04.619707,0000,067488,0.006262,-0.0005,0.0791
2026-08-10T14:31:06.839856,0000,067496,0.009241,-0.0007,0.0961
2026-08-10T14:31:08.758261,0000,067504,0.024867,-0.0011,0.1577
2026-08-10T14:31:10.579676,0000,067512,0.012095,-0.0007,0.1100
2026-08-10T14:31:12.430807,0000,067520,0.025374,-0.0003,0.1593
2026-08-10T14:31:14.385060,0000,067528,0.027753,0.0007,0.1666
2026-08-10T14:31:16.679462,0000,067536,0.066197,0.0016,0.2573
2026-08-10T14:31:18.511507,0000,067544,0.012998,0.0014,0.1140
2026-08-10T14:31:20.286167,0000,067552,0.011279,0.0011,0.1062
2026-08-10T14:31:22.254641,0000,067560,0.014670,0.0004,0.1211
2026-08-10T14:31:24.546467,0000,067568,0.006721,-0.0004,0.0820
2026-08-10T14:31:26.754878,0000,067576,0.015570,-0.0012,0.1248
2026-08-10T14:31:28.655633,0000,067584,0.020736,-0.0012,0.1440
2026-08-10T14:31:30.603911,0000,067592,0.014336,-0.0007,0.1197
2026-08-10T14:31:32.398735,0000,067600,0.039281,-0.0003,0.1982
2026-08-10T14:31:34.203889,0000,067608,0.011887,0.0008,0.1090
2026-08-10T14:31:36.305137,0000,067616,0.011523,0.0014,0.1073
2026-08-10T14:31:38.271918,0000,067624,0.025988,0.0013,0.1612
2026-08-10T14:31:40.028349,0000,067632,0.013281,0.0010,0.1152
2026-08-10T14:31:41.999486,0000,067640,0.003760,0.0004,0.0613
2026-08-10T14:31:43.992167,0000,067648,0.010394,-0.0005,0.1020
2026-08-10T14:31:45.778168,0000,067656,0.011346,-0.0010,0.1065
2026-08-10T14:31:47.539363,0000,067664,0.016233,-0.0011,0.1274
2026-08-10T14:31:49.694246,0000,067672,0.019604,-0.0009,0.1400
2026-08-10T14:31:51.540054,0000,067680,0.016216,-0.0003,0.1273
2026-08-10T14:31:53.335436,0000,067688,0.014815,0.0007,0.1217
2026-08-10T14:31:55.226866,0000,067696,0.014831,0.0013,0.1218
2026-08-10T14:31:57.088001,0000,067704,0.024752,0.0013,0.1573
2026-08-10T14:31:59.018180,0000,067712,0.147744,0.0009,0.3844
2026-08-10T14:32:00.960226,0000,067720,0.011870,0.0004,0.1089
2026-08-10T14:32:03.220193,0000,067728,0.009580,-0.0006,0.0979
2026-08-10T14:32:05.183349,0000,067736,0.011460,-0.0010,0.1071
2026-08-10T14:32:07.080399,0000,067744,0.011593,-0.0012,0.1077
2026-08-10T14:32:08.849325,0000,067752,0.009173,-0.0008,0.0958
2026-08-10T14:32:10.663069,0000,067760,0.017293,-0.0002,0.1315
2026-08-10T14:32:12.439264,0000,067768,0.009172,0.0007,0.0958
2026-08-10T14:32:14.225267,0000,067776,0.035303,0.0012,0.1879
2026-08-10T14:32:16.144324,0000,067784,0.021937,0.0014,0.1481
2026-08-10T14:32:17.915242,0000,067792,0.014170,0.0010,0.1190
2026-08-10T14:32:20.022657,0000,067800,0.011281,0.0004,0.1062
2026-08-10T14:32:21.927203,0000,067808,0.006793,-0.0006,0.0824
2026-08-10T14:32:23.958384,0000,067816,0.022492,-0.0011,0.1500
2026-08-10T14:32:26.522584,0000,067824,0.016084,-0.0010,0.1268
2026-08-10T14:32:28.826042,0000,067832,0.011432,-0.0008,0.1069
2026-08-10T14:32:31.073213,0000,067840,0.059858,-0.0001,0.2447
2026-08-10T14:32:33.153934,0000,067848,0.009509,0.0002,0.0975
2026-08-10T14:32:35.194544,0000,067856,0.009708,0.0001,0.0985
2026-08-10T14:32:37.132706,0000,067864,0.013313,-0.0002,0.1154
2026-08-10T14:32:39.010467,0000,067872,0.004938,-0.0002,0.0703
2026-08-10T14:32:40.900215,0000,067880,0.011153,0.0002,0.1056
2026-08-10T14:32:42.797622,0000,067888,0.009019,0.0002,0.0950
2026-08-10T14:32:44.788708,0000,067896,0.016309,-0.0003,0.1277
2026-08-10T14:32:46.781427,0000,067904,0.010481,-0.0002,0.1024
2026-08-10T14:32:48.886780,0000,067912,0.023171,-0.0001,0.1522
2026-08-10T14:32:51.102363,0000,067920,0.018305,0.0010,0.1353
2026-08-10T14:32:53.004906,0000,067928,0.018741,0.0010,0.1369
2026-08-10T14:32:55.051189,0000,067936,0.014254,0.0011,0.1194
2026-08-10T14:32:56.919231,0000,067944,0.028997,0.0003,0.1703
2026-08-10T14:32:58.785910,0000,067952,0.018046,-0.0003,0.1343
2026-08-10T14:33:00.901263,0000,067960,0.026121,-0.0007,0.1616
2026-08-10T14:33:02.707788,0000,067968,0.024648,-0.0005,0.1570
2026-08-10T14:33:04.651870,0000,067976,0.007698,-0.0001,0.0877
2026-08-10T14:33:06.604976,0000,067984,0.020550,0.0006,0.1434
2026-08-10T14:33:08.650663,0000,067992,0.015483,0.0008,0.1244
2026-08-10T14:33:10.799245,0000,068000,0.030955,0.0006,0.1759
2026-08-10T14:33:12.600727,0000,068008,0.004883,0.0005,0.0699
2026-08-10T14:33:14.502761,0000,068016,0.018429,-0.0003,0.1358
2026-08-10T14:33:16.609803,0000,068024,0.013838,-0.0010,0.1176
2026-08-10T14:33:18.421181,0000,068032,0.014840,-0.0007,0.1218
2026-08-10T14:33:20.194000,0000,068040,0.022647,-0.0003,0.1505
2026-08-10T14:33:22.149307,0000,068048,0.012804,0.0005,0.1132
2026-08-10T14:33:23.949987,0000,068056,1.143540,-0.0001,1.0694
2026-08-10T14:33:25.761744,0000,068064,0.019167,0.0007,0.1384
2026-08-10T14:33:27.558581,0000,068072,0.018276,0.0002,0.1352
2026-08-10T14:33:29.745976,0000,068080,0.040802,-0.0008,0.2020
2026-08-10T14:33:31.585145,0000,068088,0.019842,-0.0009,0.1409
2026-08-10T14:33:33.769489,0000,068096,0.012627,-0.0007,0.1124
2026-08-10T14:33:36.284907,0000,068104,0.013919,-0.0003,0.1180
2026-08-10T14:33:38.141878,0000,068112,0.015747,0.0005,0.1255
2026-08-10T14:33:40.253611,0000,068120,0.013437,0.0007,0.1159
2026-08-10T14:33:42.210115,0000,068128,0.016366,0.0006,0.1279
2026-08-10T14:33:44.043397,0000,068136,0.009364,0.0003,0.0968
2026-08-10T14:33:46.172885,0000,068144,0.013426,-0.0008,0.1159
2026-08-10T14:33:48.055881,0000,068152,0.013415,-0.0007,0.1158
2026-08-10T14:33:50.026730,0000,068160,1.150307,-0.0017,1.0725
2026-08-10T14:33:52.030534,0000,068168,0.015556,-0.0004,0.1247
2026-08-10T14:33:53.819782,0000,068176,0.004794,0.0005,0.0692
2026-08-10T14:33:55.718426,0000,068184,0.007748,0.0008,0.0880
2026-08-10T14:33:58.032845,0000,068192,0.141801,0.0006,0.3766
2026-08-10T14:33:59.766851,0000,068200,0.005422,0.0003,0.0736
2026-08-10T14:34:02.046922,0000,068208,0.012702,-0.0008,0.1127
2026-08-10T14:34:03.821886,0000,068216,0.021734,-0.0008,0.1474
2026-08-10T14:34:05.787152,0000,068224,0.010222,-0.0009,0.1011
2026-08-10T14:34:07.784129,0000,068232,0.008240,-0.0003,0.0908
2026-08-10T14:34:09.612446,0000,068240,0.009357,0.0005,0.0967
2026-08-10T14:34:11.370775,0000,068248,0.014222,0.0007,0.1193
2026-08-10T14:34:13.156745,0000,068256,0.157431,0.0007,0.3968
2026-08-10T14:34:15.079716,0000,068264,0.007660,0.0002,0.0875
2026-08-10T14:34:17.230312,0000,068272,0.029142,-0.0008,0.1707
2026-08-10T14:34:19.033031,0000,068280,0.008018,-0.0008,0.0895
2026-08-10T14:34:20.962577,0000,068288,0.033930,-0.0011,0.1842
2026-08-10T14:34:22.768029,0000,068296,0.021406,-0.0002,0.1463
2026-08-10T14:34:24.538925,0000,068304,0.012655,0.0003,0.1125
2026-08-10T14:34:26.459506,0000,068312,0.011974,0.0008,0.1094
2026-08-10T14:34:28.290906,0000,068320,0.015165,0.0007,0.1231
2026-08-10T14:34:30.210526,0000,068328,0.048267,-0.0001,0.2197
2026-08-10T14:34:32.047738,0000,068336,0.015756,0.0001,0.1255
2026-08-10T14:34:33.842803,0000,068344,0.007464,-0.0001,0.0864
2026-08-10T14:34:35.721901,0000,068352,0.019817,-0.0002,0.1408
2026-08-10T14:34:37.487153,0000,068360,0.014404,0.0002,0.1200
2026-08-10T14:34:39.244447,0000,068368,0.014907,0.0002,0.1221
2026-08-10T14:34:41.063962,0000,068376,0.016116,-0.0002,0.1269
2026-08-10T14:34:43.059785,0000,068384,0.018305,-0.0004,0.1353
2026-08-10T14:34:44.931955,0000,068392,0.012565,0.0002,0.1121
2026-08-10T14:34:46.934889,0000,068400,0.009366,0.0002,0.0968
2026-08-10T14:34:48.921395,0000,068408,0.024073,-0.0003,0.1552
2026-08-10T14:34:50.809972,0000,068416,0.023160,-0.0002,0.1522
2026-08-10T14:34:53.002016,0000,068424,0.023952,-0.0001,0.1548
2026-08-10T14:34:55.067365,0000,068432,0.020253,0.0008,0.1423
2026-08-10T14:34:57.712626,0000,068440,0.013148,0.0010,0.1147
2026-08-10T14:34:59.548278,0000,068448,0.022376,0.0008,0.1496
2026-08-10T14:35:01.586187,0000,068456,0.024262,0.0003,0.1558
2026-08-10T14:35:03.771299,0000,068464,0.021744,-0.0008,0.1475
2026-08-10T14:35:05.623793,0000,068472,0.020482,-0.0007,0.1431
2026-08-10T14:35:07.473598,0000,068480,0.015174,-0.0005,0.1232
2026-08-10T14:35:09.324822,0000,068488,0.006769,-0.0001,0.0823
2026-08-10T14:35:11.264376,0000,068496,0.028041,0.0004,0.1675
2026-08-10T14:35:13.188359,0000,068504,0.022084,0.0009,0.1486
2026-08-10T14:35:15.086631,0000,068512,0.009538,0.0009,0.0977
2026-08-10T14:35:17.162845,0000,068520,0.017247,0.0002,0.1313
2026-08-10T14:35:18.952615,0000,068528,0.020892,-0.0005,0.1445
2026-08-10T14:35:20.892627,0000,068536,0.024339,-0.0008,0.1560
2026-08-10T14:35:23.033879,0000,068544,0.015007,-0.0009,0.1225
2026-08-10T14:35:24.928497,0000,068552,0.004707,-0.0002,0.0686
2026-08-10T14:35:26.892458,0000,068560,0.015088,0.0005,0.1228
2026-08-10T14:35:28.770406,0000,068568,0.027768,0.0006,0.1666
2026-08-10T14:35:30.916001,0000,068576,0.012279,0.0007,0.1108
2026-08-10T14:35:32.730510,0000,068584,0.014073,0.0002,0.1186
2026-08-10T14:35:34.500109,0000,068592,0.008848,-0.0005,0.0941
2026-08-10T14:35:36.660467,0000,068600,0.013881,-0.0010,0.1178
2026-08-10T14:35:38.931857,0000,068608,0.026473,-0.0010,0.1627
2026-08-10T14:35:40.965208,0000,068616,0.006532,-0.0003,0.0808
2026-08-10T14:35:42.783895,0000,068624,0.013272,0.0004,0.1152
2026-08-10T14:35:44.881752,0000,068632,0.041328,0.0004,0.2033
2026-08-10T14:35:47.383449,0000,068640,0.015189,0.0006,0.1232
2026-08-10T14:35:49.460022,0000,068648,0.017638,0.0002,0.1328
2026-08-10T14:35:51.352016,0000,068656,0.007333,-0.0006,0.0856
2026-08-10T14:35:53.260633,0000,068664,0.010031,-0.0008,0.1002
2026-08-10T14:35:55.220148,0000,068672,0.007982,-0.0007,0.0893
2026-08-10T14:35:57.134613,0000,068680,0.015450,-0.0004,0.1243
2026-08-10T14:35:59.102914,0000,068688,0.008296,0.0004,0.0911
2026-08-10T14:36:00.870421,0000,068696,0.021233,0.0007,0.1457
2026-08-10T14:36:02.668341,0000,068704,1.152111,-0.0003,1.0734
2026-08-10T14:36:04.601585,0000,068712,0.018822,0.0007,0.1372
2026-08-10T14:36:06.556885,0000,068720,0.011954,0.0006,0.1093
2026-08-10T14:36:08.541991,0000,068728,0.015305,-0.0001,0.1237
2026-08-10T14:36:10.629521,0000,068736,0.010801,-0.0001,0.1039
2026-08-10T14:36:12.661177,0000,068744,0.024888,-0.0002,0.1578
2026-08-10T14:36:14.412035,0000,068752,0.009161,0.0006,0.0957
2026-08-10T14:36:16.512734,0000,068760,0.017140,0.0007,0.1309
2026-08-10T14:36:18.637518,0000,068768,0.012492,0.0005,0.1118
2026-08-10T14:36:20.623010,0000,068776,0.005639,-0.0002,0.0751
2026-08-10T14:36:22.382438,0000,068784,0.010215,-0.0002,0.1011
2026-08-10T14:36:24.502336,0000,068792,0.019909,-0.0001,0.1411
2026-08-10T14:36:26.226126,0000,068800,0.018876,0.0004,0.1374
2026-08-10T14:36:28.042118,0000,068808,0.053151,0.0006,0.2305
2026-08-10T14:36:29.779263,0000,068816,0.015231,0.0005,0.1234
2026-08-10T14:36:31.588719,0000,068824,0.015489,-0.0001,0.1245
2026-08-10T14:36:33.388915,0000,068832,0.009882,-0.0002,0.0994
2026-08-10T14:36:35.396651,0000,068840,0.024365,-0.0001,0.1561
2026-08-10T14:36:37.163414,0000,068848,0.014070,0.0006,0.1186
2026-08-10T14:36:39.014252,0000,068856,0.007851,0.0009,0.0886
2026-08-10T14:36:41.043252,0000,068864,0.021764,0.0004,0.1475
2026-08-10T14:36:42.798582,0000,068872,0.023841,-0.0001,0.1544
2026-08-10T14:36:44.523897,0000,068880,0.015310,-0.0003,0.1237
2026-08-10T14:36:46.296378,0000,068888,0.009497,-0.0001,0.0975
2026-08-10T14:36:48.328517,0000,068896,0.019203,0.0004,0.1386
2026-08-10T14:36:50.283405,0000,068904,0.027782,0.0005,0.1667
2026-08-10T14:36:52.229328,0000,068912,0.010509,0.0004,0.1025
2026-08-10T14:36:53.970906,0000,068920,1.155905,-0.0010,1.0751
2026-08-10T14:36:55.772404,0000,068928,0.009372,-0.0002,0.0968
2026-08-10T14:36:57.517617,0000,068936,0.014592,-0.0001,0.1208
2026-08-10T14:36:59.556955,0000,068944,0.012450,0.0004,0.1116
2026-08-10T14:37:01.517189,0000,068952,0.021678,0.0008,0.1472
2026-08-10T14:37:03.333374,0000,068960,0.016971,0.0005,0.1303
2026-08-10T14:37:05.429930,0000,068968,0.012414,-0.0001,0.1114
2026-08-10T14:37:07.277866,0000,068976,0.012059,-0.0004,0.1098
2026-08-10T14:37:09.123163,0000,068984,0.006719,-0.0000,0.0820
2026-08-10T14:37:11.159721,0000,068992,0.028117,0.0001,0.1677
2026-08-10T14:37:13.136852,0000,069000,0.006562,-0.0000,0.0810
2026-08-10T14:37:15.480110,0000,069008,0.040200,-0.0002,0.2005
2026-08-10T14:37:17.869386,0000,069016,0.028526,0.0010,0.1689
2026-08-10T14:37:19.984172,0000,069024,0.008154,0.0008,0.0903
2026-08-10T14:37:21.827527,0000,069032,0.015346,0.0008,0.1239
2026-08-10T14:37:23.732095,0000,069040,0.144765,-0.0001,0.3805
2026-08-10T14:37:25.635703,0000,069048,0.010429,-0.0001,0.1021
2026-08-10T14:37:27.683548,0000,069056,0.010473,0.0001,0.1023
2026-08-10T14:37:29.652109,0000,069064,0.009315,-0.0001,0.0965
2026-08-10T14:37:31.523975,0000,069072,0.024283,0.0001,0.1558
2026-08-10T14:37:33.384761,0000,069080,0.056513,-0.0001,0.2377
2026-08-10T14:37:35.332093,0000,069088,0.011413,0.0002,0.1068
2026-08-10T14:37:37.326988,0000,069096,0.022337,-0.0002,0.1495
2026-08-10T14:37:39.203457,0000,069104,0.007374,0.0002,0.0859
2026-08-10T14:37:41.162165,0000,069112,0.019609,0.0000,0.1400
2026-08-10T14:37:43.201934,0000,069120,0.153407,-0.0006,0.3917
2026-08-10T14:37:45.139595,0000,069128,0.047207,-0.0009,0.2173
2026-08-10T14:37:47.166730,0000,069136,0.013434,-0.0006,0.1159
2026-08-10T14:37:48.928088,0000,069144,0.009664,0.0003,0.0983
2026-08-10T14:37:50.715823,0000,069152,0.022270,0.0003,0.1492
2026-08-10T14:37:52.932654,0000,069160,0.019416,0.0000,0.1393
2026-08-10T14:37:54.987229,0000,069168,0.017970,-0.0005,0.1341
2026-08-10T14:37:56.741210,0000,069176,0.052253,-0.0005,0.2286
2026-08-10T14:37:58.621432,0000,069184,0.023478,0.0000,0.1532
2026-08-10T14:38:00.560176,0000,069192,0.034522,0.0005,0.1858
2026-08-10T14:38:02.524834,0000,069200,0.009315,0.0009,0.0965
2026-08-10T14:38:04.411625,0000,069208,0.035042,0.0005,0.1872
2026-08-10T14:38:06.219852,0000,069216,0.022129,0.0002,0.1488
2026-08-10T14:38:08.350074,0000,069224,0.024135,-0.0010,0.1554
2026-08-10T14:38:10.202735,0000,069232,0.009608,-0.0011,0.0980
2026-08-10T14:38:12.069709,0000,069240,0.009651,-0.0009,0.0982
2026-08-10T14:38:13.943823,0000,069248,1.135363,-0.0015,1.0655
2026-08-10T14:38:15.905802,0000,069256,0.013579,0.0000,0.1165
2026-08-10T14:38:18.066603,0000,069264,0.008756,0.0011,0.0936
2026-08-10T14:38:19.983390,0000,069272,0.024199,0.0016,0.1556
2026-08-10T14:38:22.376849,0000,069280,0.026696,0.0021,0.1634
2026-08-10T14:38:24.295530,0000,069288,0.022310,0.0013,0.1494
2026-08-10T14:38:26.122656,0000,069296,0.019673,0.0007,0.1403
2026-08-10T14:38:28.609956,0000,069304,0.031923,-0.0006,0.1787
2026-08-10T14:38:30.669903,0000,069312,0.018390,-0.0006,0.1356
2026-08-10T14:38:32.730696,0000,069320,0.025202,-0.0008,0.1588
2026-08-10T14:38:34.601429,0000,069328,0.021735,-0.0003,0.1474
2026-08-10T14:38:36.355630,0000,069336,0.007095,0.0003,0.0842
2026-08-10T14:38:38.151830,0000,069344,0.009497,0.0006,0.0975
2026-08-10T14:38:39.939654,0000,069352,0.020909,0.0002,0.1446
2026-08-10T14:38:41.760736,0000,069360,0.032729,-0.0003,0.1809
2026-08-10T14:38:43.541640,0000,069368,0.016860,-0.0004,0.1298
2026-08-10T14:38:45.350076,0000,069376,0.016617,0.0001,0.1289
2026-08-10T14:38:47.061646,0000,069384,0.048775,-0.0002,0.2208
2026-08-10T14:38:48.772175,0000,069392,1.148190,-0.0008,1.0715
2026-08-10T14:38:50.510993,0000,069400,0.023716,0.0007,0.1540
2026-08-10T14:38:52.447622,0000,069408,0.015168,0.0010,0.1232
2026-08-10T14:38:54.203090,0000,069416,0.138787,0.0006,0.3725
2026-08-10T14:38:56.507490,0000,069424,0.021876,0.0001,0.1479
2026-08-10T14:38:58.278445,0000,069432,0.010896,-0.0007,0.1044
2026-08-10T14:39:00.235745,0000,069440,0.015593,-0.0011,0.1249
2026-08-10T14:39:01.977192,0000,069448,0.016517,-0.0012,0.1285
2026-08-10T14:39:03.873557,0000,069456,0.009449,-0.0007,0.0972
2026-08-10T14:39:05.779042,0000,069464,0.008867,-0.0000,0.0942
2026-08-10T14:39:07.977174,0000,069472,0.017462,0.0012,0.1321
2026-08-10T14:39:09.916107,0000,069480,0.027690,0.0013,0.1664
2026-08-10T14:39:11.991930,0000,069488,0.025872,0.0015,0.1608
2026-08-10T14:39:14.015541,0000,069496,0.011440,0.0014,0.1070
2026-08-10T14:39:16.044299,0000,069504,0.025990,0.0006,0.1612
2026-08-10T14:39:17.855668,0000,069512,0.014604,-0.0004,0.1208
2026-08-10T14:39:19.690573,0000,069520,0.007115,-0.0007,0.0843
2026-08-10T14:39:21.534340,0000,069528,0.010128,-0.0008,0.1006
2026-08-10T14:39:23.535351,0000,069536,0.013715,-0.0007,0.1171
2026-08-10T14:39:25.988661,0000,069544,0.019392,0.0001,0.1393
2026-08-10T14:39:28.075282,0000,069552,0.021128,0.0003,0.1454
2026-08-10T14:39:30.329016,0000,069560,0.011926,0.0002,0.1092
2026-08-10T14:39:32.662724,0000,069568,0.017892,-0.0001,0.1338
2026-08-10T14:39:34.673496,0000,069576,0.011416,-0.0011,0.1068
2026-08-10T14:39:36.577213,0000,069584,0.013854,-0.0014,0.1177
2026-08-10T14:39:38.418574,0000,069592,0.010044,-0.0013,0.1002
2026-08-10T14:39:40.319416,0000,069600,0.017405,-0.0011,0.1319
2026-08-10T14:39:42.064510,0000,069608,0.020165,-0.0003,0.1420
2026-08-10T14:39:43.913142,0000,069616,0.015695,0.0008,0.1253
2026-08-10T14:39:45.771620,0000,069624,0.015799,0.0014,0.1257
2026-08-10T14:39:47.697892,0000,069632,0.015109,0.0013,0.1229
2026-08-10T14:39:49.567449,0000,069640,0.021842,0.0011,0.1478
2026-08-10T14:39:51.449215,0000,069648,0.008712,0.0007,0.0933
2026-08-10T14:39:53.614895,0000,069656,0.021973,-0.0006,0.1482
2026-08-10T14:39:55.574882,0000,069664,0.019313,-0.0006,0.1390
2026-08-10T14:39:57.489489,0000,069672,0.028803,-0.0008,0.1697
2026-08-10T14:39:59.393875,0000,069680,0.011986,-0.0004,0.1095
2026-08-10T14:40:01.190936,0000,069688,0.008342,0.0002,0.0913
2026-08-10T14:40:03.324341,0000,069696,0.013913,0.0006,0.1180
2026-08-10T14:40:05.080499,0000,069704,0.016042,0.0003,0.1267
2026-08-10T14:40:06.920364,0000,069712,0.007739,-0.0002,0.0880
2026-08-10T14:40:08.755944,0000,069720,0.011814,-0.0002,0.1087
2026-08-10T14:40:10.560973,0000,069728,0.012664,0.0000,0.1125
2026-08-10T14:40:12.466658,0000,069736,0.010274,-0.0000,0.1014
2026-08-10T14:40:14.380815,0000,069744,0.019898,-0.0005,0.1411
2026-08-10T14:40:16.136368,0000,069752,0.017678,-0.0006,0.1330
2026-08-10T14:40:17.972574,0000,069760,0.031329,-0.0004,0.1770
2026-08-10T14:40:19.704212,0000,069768,0.141415,0.0003,0.3761
2026-08-10T14:40:21.431441,0000,069776,0.056541,0.0005,0.2378
2026-08-10T14:40:23.134342,0000,069784,0.006476,0.0005,0.0805
2026-08-10T14:40:25.019329,0000,069792,0.013372,-0.0002,0.1156
2026-08-10T14:40:26.985879,0000,069800,0.014281,-0.0002,0.1195
2026-08-10T14:40:29.014182,0000,069808,0.027300,0.0002,0.1652
2026-08-10T14:40:31.165470,0000,069816,0.023567,-0.0002,0.1535
2026-08-10T14:40:33.050261,0000,069824,0.022351,0.0002,0.1495
2026-08-10T14:40:34.945247,0000,069832,0.035075,-0.0001,0.1873
2026-08-10T14:40:36.707492,0000,069840,0.011704,0.0006,0.1082
2026-08-10T14:40:38.553389,0000,069848,0.022907,0.0002,0.1514
2026-08-10T14:40:40.571773,0000,069856,0.005589,-0.0001,0.0748
2026-08-10T14:40:42.648296,0000,069864,0.019890,-0.0003,0.1410
2026-08-10T14:40:44.629429,0000,069872,0.025325,-0.0001,0.1591
2026-08-10T14:40:46.536427,0000,069880,0.015351,0.0005,0.1239
2026-08-10T14:40:48.443272,0000,069888,0.012323,0.0008,0.1110
2026-08-10T14:40:50.560589,0000,069896,0.021640,0.0006,0.1471
2026-08-10T14:40:52.744759,0000,069904,0.013795,0.0001,0.1175
2026-08-10T14:40:54.708959,0000,069912,0.014339,0.0001,0.1197
2026-08-10T14:40:56.564758,0000,069920,1.134720,-0.0014,1.0652
2026-08-10T14:40:58.529893,0000,069928,0.007663,-0.0004,0.0875
2026-08-10T14:41:00.822471,0000,069936,0.140065,-0.0004,0.3743
2026-08-10T14:41:02.661801,0000,069944,0.007847,0.0005,0.0886
2026-08-10T14:41:04.591996,0000,069952,0.009730,0.0005,0.0986
2026-08-10T14:41:06.808218,0000,069960,1.141050,-0.0003,1.0682
2026-08-10T14:41:09.254945,0000,069968,0.028478,-0.0003,0.1688
2026-08-10T14:41:11.302960,0000,069976,0.037861,-0.0003,0.1946
2026-08-10T14:41:13.262075,0000,069984,0.010392,0.0001,0.1019
2026-08-10T14:41:15.134768,0000,069992,0.009947,0.0000,0.0997
2026-08-10T14:41:17.020405,0000,070000,0.016603,-0.0005,0.1289
2026-08-10T14:41:18.860689,0000,070008,0.007429,-0.0005,0.0862
2026-08-10T14:41:20.797985,0000,070016,0.018502,-0.0002,0.1360
2026-08-10T14:41:22.875087,0000,070024,0.023872,0.0005,0.1545
2026-08-10T14:41:24.831192,0000,070032,0.013510,0.0006,0.1162
2026-08-10T14:41:27.105848,0000,070040,0.059208,0.0005,0.2433
2026-08-10T14:41:28.886177,0000,070048,0.006949,-0.0002,0.0834
2026-08-10T14:41:30.693793,0000,070056,0.011551,-0.0002,0.1075
2026-08-10T14:41:32.444038,0000,070064,0.009834,0.0001,0.0992
2026-08-10T14:41:34.281104,0000,070072,0.017309,-0.0001,0.1316
2026-08-10T14:41:36.025925,0000,070080,0.053855,0.0002,0.2321
2026-08-10T14:41:37.799607,0000,070088,0.013055,-0.0000,0.1143
2026-08-10T14:41:39.684480,0000,070096,0.011260,-0.0001,0.1061
2026-08-10T14:41:41.444979,0000,070104,0.010220,0.0000,0.1011
2026-08-10T14:41:43.195293,0000,070112,0.008717,0.0003,0.0934
2026-08-10T14:41:45.260764,0000,070120,0.044185,-0.0001,0.2102
2026-08-10T14:41:47.163680,0000,070128,0.015061,0.0008,0.1227
2026-08-10T14:41:49.040282,0000,070136,0.012781,0.0007,0.1131
2026-08-10T14:41:51.311080,0000,070144,0.020342,0.0002,0.1426
2026-08-10T14:41:53.147127,0000,070152,0.014879,-0.0003,0.1220
2026-08-10T14:41:55.136532,0000,070160,0.046066,-0.0010,0.2146
2026-08-10T14:41:57.147010,0000,070168,0.012274,-0.0006,0.1108
2026-08-10T14:41:58.955903,0000,070176,0.013629,-0.0002,0.1167
2026-08-10T14:42:01.082067,0000,070184,0.019074,0.0008,0.1381
2026-08-10T14:42:02.904813,0000,070192,0.009004,0.0009,0.0949
2026-08-10T14:42:04.740560,0000,070200,0.014931,0.0008,0.1222
2026-08-10T14:42:06.694216,0000,070208,0.017636,0.0005,0.1328
2026-08-10T14:42:08.608231,0000,070216,0.016315,-0.0002,0.1277
2026-08-10T14:42:10.630731,0000,070224,0.006523,-0.0004,0.0808
2026-08-10T14:42:12.674323,0000,070232,0.037733,-0.0006,0.1942
2026-08-10T14:42:14.473536,0000,070240,0.021186,-0.0001,0.1456
2026-08-10T14:42:16.375475,0000,070248,0.014118,0.0010,0.1188
2026-08-10T14:42:18.309597,0000,070256,0.014854,0.0012,0.1219
2026-08-10T14:42:20.691663,0000,070264,0.022104,0.0014,0.1487
2026-08-10T14:42:22.693853,0000,070272,0.013289,0.0008,0.1153
2026-08-10T14:42:24.824295,0000,070280,0.026456,-0.0001,0.1627
2026-08-10T14:42:26.895181,0000,070288,0.012331,-0.0004,0.1110
2026-08-10T14:42:28.883337,0000,070296,0.056102,-0.0003,0.2369
2026-08-10T14:42:30.788234,0000,070304,0.145602,-0.0000,0.3816
2026-08-10T14:42:32.741168,0000,070312,0.021416,0.0009,0.1463
2026-08-10T14:42:34.596507,0000,070320,0.018959,0.0011,0.1377
2026-08-10T14:42:36.669509,0000,070328,0.032117,0.0013,0.1792
2026-08-10T14:42:38.411759,0000,070336,0.010907,0.0006,0.1044
2026-08-10T14:42:40.192369,0000,070344,0.050508,-0.0001,0.2247
2026-08-10T14:42:41.924066,0000,070352,0.007432,-0.0004,0.0862
2026-08-10T14:42:43.867949,0000,070360,0.022704,-0.0004,0.1507
2026-08-10T14:42:45.915470,0000,070368,0.016387,0.0001,0.1280
2026-08-10T14:42:47.979372,0000,070376,0.012763,0.0002,0.1130
2026-08-10T14:42:49.765634,0000,070384,0.021232,-0.0002,0.1457
2026-08-10T14:42:51.507588,0000,070392,0.026992,-0.0003,0.1643
2026-08-10T14:42:53.638059,0000,070400,0.013101,0.0004,0.1145
2026-08-10T14:42:55.361636,0000,070408,0.004716,0.0003,0.0687
2026-08-10T14:42:57.071690,0000,070416,0.059175,-0.0002,0.2433
2026-08-10T14:42:58.799471,0000,070424,0.005554,-0.0000,0.0745
2026-08-10T14:43:00.887685,0000,070432,0.011043,0.0003,0.1051
2026-08-10T14:43:02.886785,0000,070440,0.021786,0.0002,0.1476
2026-08-10T14:43:04.657701,0000,070448,0.008547,-0.0001,0.0925
2026-08-10T14:43:06.467902,0000,070456,0.023886,-0.0000,0.1546
2026-08-10T14:43:08.730437,0000,070464,0.010071,0.0005,0.1004
2026-08-10T14:43:10.539809,0000,070472,0.007159,0.0003,0.0846
2026-08-10T14:43:12.638823,0000,070480,0.007012,0.0000,0.0837
2026-08-10T14:43:14.604622,0000,070488,0.010869,0.0000,0.1043
2026-08-10T14:43:16.361266,0000,070496,0.006097,-0.0004,0.0781
2026-08-10T14:43:18.128313,0000,070504,0.010801,-0.0003,0.1039
2026-08-10T14:43:19.869671,0000,070512,0.007784,0.0000,0.0882
2026-08-10T14:43:21.701824,0000,070520,0.014527,0.0001,0.1205
2026-08-10T14:43:23.524680,0000,070528,0.009625,0.0001,0.0981
2026-08-10T14:43:25.327930,0000,070536,0.008978,-0.0004,0.0948
2026-08-10T14:43:27.318994,0000,070544,0.014532,-0.0006,0.1205
2026-08-10T14:43:29.221546,0000,070552,0.025452,-0.0004,0.1595
2026-08-10T14:43:31.198934,0000,070560,0.008950,0.0002,0.0946
2026-08-10T14:43:33.071952,0000,070568,0.013533,0.0003,0.1163
2026-08-10T14:43:34.832901,0000,070576,0.060704,-0.0000,0.2464
2026-08-10T14:43:36.746165,0000,070584,0.004337,0.0004,0.0659
2026-08-10T14:43:39.089788,0000,070592,0.025494,-0.0001,0.1597
2026-08-10T14:43:40.933415,0000,070600,0.009853,0.0002,0.0993
2026-08-10T14:43:43.189933,0000,070608,0.010681,-0.0003,0.1033
2026-08-10T14:43:45.276612,0000,070616,0.013070,0.0005,0.1143
2026-08-10T14:43:47.303698,0000,070624,0.140599,-0.0001,0.3750
2026-08-10T14:43:49.476998,0000,070632,0.012332,-0.0001,0.1111
2026-08-10T14:43:51.406037,0000,070640,0.011405,0.0004,0.1068
2026-08-10T14:43:53.720797,0000,070648,0.009544,0.0006,0.0977
2026-08-10T14:43:55.765212,0000,070656,0.008119,0.0003,0.0901
2026-08-10T14:43:57.971960,0000,070664,0.011927,-0.0003,0.1092
2026-08-10T14:43:59.961676,0000,070672,0.006837,-0.0005,0.0827
2026-08-10T14:44:01.975471,0000,070680,0.017837,-0.0006,0.1336
2026-08-10T14:44:04.053133,0000,070688,0.010197,0.0001,0.1010
2026-08-10T14:44:05.831362,0000,070696,0.023030,0.0001,0.1518
2026-08-10T14:44:07.727162,0000,070704,0.025657,-0.0001,0.1602
2026-08-10T14:44:09.750140,0000,070712,0.006078,-0.0000,0.0780
2026-08-10T14:44:11.874547,0000,070720,0.006062,0.0007,0.0779
2026-08-10T14:44:14.023221,0000,070728,0.020138,0.0008,0.1419
2026-08-10T14:44:15.833950,0000,070736,0.008979,0.0003,0.0948
2026-08-10T14:44:17.673992,0000,070744,0.009660,-0.0002,0.0983
2026-08-10T14:44:19.501628,0000,070752,0.067573,-0.0006,0.2599
2026-08-10T14:44:21.282712,0000,070760,0.024056,-0.0003,0.1551
2026-08-10T14:44:23.130789,0000,070768,0.007331,0.0002,0.0856
2026-08-10T14:44:25.318227,0000,070776,0.005801,0.0001,0.0762
2026-08-10T14:44:27.237040,0000,070784,0.022972,0.0005,0.1516
2026-08-10T14:44:29.033294,0000,070792,0.017264,0.0005,0.1314
2026-08-10T14:44:30.919473,0000,070800,0.008214,0.0001,0.0906
2026-08-10T14:44:32.762863,0000,070808,0.014161,-0.0005,0.1190
2026-08-10T14:44:34.933273,0000,070816,0.009374,-0.0009,0.0968
2026-08-10T14:44:36.998146,0000,070824,0.025830,-0.0010,0.1607
2026-08-10T14:44:39.074379,0000,070832,0.008120,-0.0002,0.0901
2026-08-10T14:44:41.007210,0000,070840,0.017596,0.0003,0.1327
2026-08-10T14:44:42.873277,0000,070848,0.023597,0.0004,0.1536
2026-08-10T14:44:45.172835,0000,070856,0.009134,0.0007,0.0956
2026-08-10T14:44:46.963542,0000,070864,0.025069,-0.0001,0.1583
2026-08-10T14:44:48.714351,0000,070872,0.011922,-0.0001,0.1092
2026-08-10T14:44:50.553407,0000,070880,0.010580,0.0003,0.1029
2026-08-10T14:44:52.828138,0000,070888,0.006163,0.0005,0.0785
2026-08-10T14:44:54.962058,0000,070896,0.007712,-0.0001,0.0878
2026-08-10T14:44:56.762447,0000,070904,0.008010,-0.0002,0.0895
2026-08-10T14:44:58.867173,0000,070912,0.019607,0.0001,0.1400
2026-08-10T14:45:01.110811,0000,070920,0.006282,0.0002,0.0793
2026-08-10T14:45:03.048098,0000,070928,0.008784,-0.0003,0.0937
2026-08-10T14:45:05.040592,0000,070936,0.024805,-0.0003,0.1575
2026-08-10T14:45:06.922311,0000,070944,0.010323,0.0001,0.1016
2026-08-10T14:45:08.842010,0000,070952,0.010886,0.0002,0.1043
2026-08-10T14:45:11.066285,0000,070960,0.018605,-0.0002,0.1364
2026-08-10T14:45:12.910614,0000,070968,0.037336,-0.0006,0.1932
2026-08-10T14:45:15.290789,0000,070976,0.008517,-0.0003,0.0923
2026-08-10T14:45:17.401083,0000,070984,0.023644,0.0001,0.1538
2026-08-10T14:45:19.594105,0000,070992,0.037377,-0.0000,0.1933
2026-08-10T14:45:21.554991,0000,071000,0.023478,0.0006,0.1532
2026-08-10T14:45:23.491406,0000,071008,0.010228,0.0005,0.1011
2026-08-10T14:45:25.310991,0000,071016,0.006072,0.0002,0.0779
2026-08-10T14:45:27.130823,0000,071024,0.010134,-0.0005,0.1007
2026-08-10T14:45:29.096416,0000,071032,0.020718,-0.0008,0.1439
2026-08-10T14:45:31.244772,0000,071040,0.011498,-0.0006,0.1072
2026-08-10T14:45:33.264768,0000,071048,0.022454,-0.0002,0.1498
2026-08-10T14:45:35.085661,0000,071056,0.010601,0.0006,0.1030
2026-08-10T14:45:37.087106,0000,071064,0.012369,0.0010,0.1112
2026-08-10T14:45:39.304404,0000,071072,0.014930,0.0013,0.1222
2026-08-10T14:45:41.322121,0000,071080,0.010489,0.0005,0.1024
2026-08-10T14:45:43.211709,0000,071088,0.008875,-0.0002,0.0942
2026-08-10T14:45:45.054518,0000,071096,0.021532,-0.0006,0.1467
2026-08-10T14:45:46.958040,0000,071104,0.016511,-0.0004,0.1285
2026-08-10T14:45:48.753934,0000,071112,0.006953,0.0001,0.0834
2026-08-10T14:45:51.091778,0000,071120,0.012947,0.0005,0.1138
2026-08-10T14:45:53.078678,0000,071128,0.004861,-0.0002,0.0697
2026-08-10T14:45:54.988675,0000,071136,0.026337,-0.0001,0.1623
2026-08-10T14:45:57.074315,0000,071144,0.020836,0.0003,0.1443
2026-08-10T14:45:58.866136,0000,071152,0.020761,0.0003,0.1441
2026-08-10T14:46:00.842144,0000,071160,0.028100,-0.0001,0.1676
2026-08-10T14:46:02.646513,0000,071168,0.012069,-0.0000,0.1099
2026-08-10T14:46:04.762261,0000,071176,0.009972,-0.0000,0.0999
2026-08-10T14:46:06.759251,0000,071184,0.037905,-0.0012,0.1947
2026-08-10T14:46:08.565581,0000,071192,0.017507,-0.0011,0.1323
2026-08-10T14:46:10.510378,0000,071200,0.011163,-0.0010,0.1057
2026-08-10T14:46:12.675310,0000,071208,0.011315,-0.0005,0.1064
2026-08-10T14:46:14.536338,0000,071216,0.009343,0.0005,0.0967
2026-08-10T14:46:16.387126,0000,071224,0.012094,0.0007,0.1100
2026-08-10T14:46:18.329062,0000,071232,0.014233,0.0008,0.1193
2026-08-10T14:46:20.233213,0000,071240,0.019489,0.0004,0.1396
2026-08-10T14:46:22.369549,0000,071248,0.009071,-0.0001,0.0952
2026-08-10T14:46:24.298178,0000,071256,0.019925,-0.0005,0.1412
2026-08-10T14:46:26.312741,0000,071264,0.020598,-0.0004,0.1435
2026-08-10T14:46:28.581338,0000,071272,0.006272,0.0001,0.0792
2026-08-10T14:46:30.528745,0000,071280,0.006774,0.0001,0.0823
2026-08-10T14:46:32.711927,0000,071288,0.015372,-0.0002,0.1240
2026-08-10T14:46:34.956764,0000,071296,0.017481,-0.0001,0.1322
2026-08-10T14:46:36.929271,0000,071304,1.163356,-0.0006,1.0786
2026-08-10T14:46:38.840059,0000,071312,0.025725,0.0011,0.1604
2026-08-10T14:46:40.681000,0000,071320,0.015437,0.0013,0.1242
2026-08-10T14:46:42.565941,0000,071328,0.019791,0.0012,0.1407
2026-08-10T14:46:44.483004,0000,071336,0.009775,0.0009,0.0989
2026-08-10T14:46:46.637087,0000,071344,0.009985,0.0001,0.0999
2026-08-10T14:46:48.646355,0000,071352,0.018986,-0.0010,0.1378
2026-08-10T14:46:50.694554,0000,071360,0.025679,-0.0014,0.1602
2026-08-10T14:46:52.646054,0000,071368,0.018322,-0.0015,0.1354
2026-08-10T14:46:54.688089,0000,071376,0.027512,-0.0016,0.1659
2026-08-10T14:46:56.579868,0000,071384,0.023637,-0.0008,0.1537
2026-08-10T14:46:58.659587,0000,071392,0.020730,-0.0000,0.1440
2026-08-10T14:47:00.615025,0000,071400,0.030062,0.0009,0.1734
2026-08-10T14:47:02.490248,0000,071408,0.017749,0.0017,0.1332
2026-08-10T14:47:04.374368,0000,071416,1.172589,0.0011,1.0829
2026-08-10T14:47:06.224758,0000,071424,0.019893,0.0020,0.1410
2026-08-10T14:47:08.292237,0000,071432,0.030432,0.0015,0.1744
2026-08-10T14:47:10.053761,0000,071440,0.030349,0.0005,0.1742
2026-08-10T14:47:11.815959,0000,071448,0.009386,-0.0003,0.0969
2026-08-10T14:47:13.688162,0000,071456,0.027855,-0.0011,0.1669
2026-08-10T14:47:15.515933,0000,071464,0.157471,-0.0012,0.3968
2026-08-10T14:47:17.307006,0000,071472,0.014285,-0.0009,0.1195
2026-08-10T14:47:19.151939,0000,071480,0.010097,-0.0005,0.1005
2026-08-10T14:47:21.265052,0000,071488,0.016404,0.0002,0.1281
2026-08-10T14:47:23.090795,0000,071496,0.022524,0.0008,0.1501
2026-08-10T14:47:24.956141,0000,071504,0.049912,0.0006,0.2234
2026-08-10T14:47:26.929106,0000,071512,0.013215,0.0004,0.1150
2026-08-10T14:47:28.790676,0000,071520,0.006859,-0.0003,0.0828
2026-08-10T14:47:30.881255,0000,071528,0.148857,-0.0009,0.3858
2026-08-10T14:47:32.822959,0000,071536,0.011784,-0.0004,0.1086
2026-08-10T14:47:34.781589,0000,071544,0.010855,0.0001,0.1042
2026-08-10T14:47:36.627072,0000,071552,0.019396,0.0001,0.1393
2026-08-10T14:47:38.627033,0000,071560,0.010725,-0.0004,0.1036
2026-08-10T14:47:40.885838,0000,071568,0.021982,0.0001,0.1483
2026-08-10T14:47:43.256468,0000,071576,0.006672,-0.0005,0.0817
2026-08-10T14:47:45.012868,0000,071584,0.007016,-0.0004,0.0838
2026-08-10T14:47:46.789672,0000,071592,0.005471,0.0001,0.0740
2026-08-10T14:47:48.677920,0000,071600,0.010798,0.0002,0.1039
2026-08-10T14:47:50.461683,0000,071608,0.009747,-0.0001,0.0987
2026-08-10T14:47:52.474646,0000,071616,0.021109,-0.0002,0.1453
2026-08-10T14:47:54.263771,0000,071624,0.005761,0.0004,0.0759
2026-08-10T14:47:56.372106,0000,071632,0.013187,0.0005,0.1148
2026-08-10T14:47:58.187757,0000,071640,0.007357,0.0003,0.0858
2026-08-10T14:48:00.351056,0000,071648,0.021133,-0.0007,0.1454
2026-08-10T14:48:02.184481,0000,071656,0.020385,-0.0008,0.1428
2026-08-10T14:48:04.287869,0000,071664,0.010407,-0.0004,0.1020
2026-08-10T14:48:06.117770,0000,071672,0.015633,-0.0002,0.1250
2026-08-10T14:48:08.329168,0000,071680,0.010341,0.0007,0.1017
2026-08-10T14:48:10.285428,0000,071688,0.013397,0.0010,0.1157
2026-08-10T14:48:12.094799,0000,071696,0.015270,0.0010,0.1236
2026-08-10T14:48:14.338073,0000,071704,0.012130,0.0006,0.1101
2026-08-10T14:48:16.187238,0000,071712,0.003148,-0.0002,0.0561
2026-08-10T14:48:18.212408,0000,071720,0.012330,-0.0005,0.1110
2026-08-10T14:48:20.272772,0000,071728,0.010386,-0.0004,0.1019
2026-08-10T14:48:22.226609,0000,071736,0.012038,0.0002,0.1097
2026-08-10T14:48:24.251015,0000,071744,0.015642,0.0002,0.1251
2026-08-10T14:48:26.484365,0000,071752,0.138074,-0.0002,0.3716
2026-08-10T14:48:28.379724,0000,071760,0.009034,-0.0000,0.0950
2026-08-10T14:48:30.223945,0000,071768,0.010875,0.0004,0.1043
2026-08-10T14:48:32.161611,0000,071776,0.009001,0.0004,0.0949
2026-08-10T14:48:34.117278,0000,071784,0.008511,0.0001,0.0923
2026-08-10T14:48:36.169800,0000,071792,0.016893,-0.0005,0.1300
2026-08-10T14:48:38.078677,0000,071800,0.017714,-0.0006,0.1331
2026-08-10T14:48:39.856598,0000,071808,0.011773,-0.0006,0.1085
2026-08-10T14:48:41.638525,0000,071816,0.004236,-0.0001,0.0651
2026-08-10T14:48:43.431319,0000,071824,0.015285,0.0006,0.1236
2026-08-10T14:48:45.236565,0000,071832,0.012341,0.0010,0.1111
2026-08-10T14:48:47.001939,0000,071840,0.012450,0.0009,0.1116
2026-08-10T14:48:48.786371,0000,071848,0.007103,0.0006,0.0843
2026-08-10T14:48:50.696015,0000,071856,0.154761,-0.0003,0.3934
2026-08-10T14:48:52.571476,0000,071864,0.024789,-0.0005,0.1574
2026-08-10T14:48:54.402897,0000,071872,0.005079,-0.0003,0.0713
2026-08-10T14:48:56.475507,0000,071880,0.016916,0.0002,0.1301
2026-08-10T14:48:58.485650,0000,071888,0.009589,0.0002,0.0979
2026-08-10T14:49:01.160819,0000,071896,0.020963,-0.0001,0.1448
2026-08-10T14:49:03.329261,0000,071904,0.011056,-0.0003,0.1051
2026-08-10T14:49:05.462892,0000,071912,0.136799,0.0003,0.3699
2026-08-10T14:49:07.295316,0000,071920,0.019587,0.0003,0.1400
2026-08-10T14:49:09.264273,0000,071928,0.009215,0.0001,0.0960
2026-08-10T14:49:11.502336,0000,071936,0.020935,-0.0007,0.1447
2026-08-10T14:49:13.457650,0000,071944,0.009492,-0.0008,0.0974
2026-08-10T14:49:15.284913,0000,071952,0.010406,-0.0007,0.1020
2026-08-10T14:49:17.108464,0000,071960,0.007281,-0.0002,0.0853
2026-08-10T14:49:19.257410,0000,071968,0.023041,0.0006,0.1518
2026-08-10T14:49:21.038805,0000,071976,0.007973,0.0009,0.0893
2026-08-10T14:49:22.972014,0000,071984,0.014285,0.0008,0.1195
2026-08-10T14:49:24.787348,0000,071992,0.011017,0.0004,0.1050
2026-08-10T14:49:26.829953,0000,072000,0.015269,-0.0002,0.1236
2026-08-10T14:49:28.897663,0000,072008,0.023964,-0.0006,0.1548
2026-08-10T14:49:30.928647,0000,072016,0.031461,-0.0006,0.1774
2026-08-10T14:49:32.869979,0000,072024,0.016650,0.0001,0.1290
2026-08-10T14:49:34.845199,0000,072032,0.007734,0.0002,0.0879
2026-08-10T14:49:36.852584,0000,072040,0.014787,-0.0002,0.1216
2026-08-10T14:49:39.031798,0000,072048,0.007540,-0.0000,0.0868
2026-08-10T14:49:41.356481,0000,072056,0.024845,0.0001,0.1576
2026-08-10T14:49:43.249142,0000,072064,0.014907,0.0004,0.1221
2026-08-10T14:49:45.181929,0000,072072,0.030762,-0.0000,0.1754
2026-08-10T14:49:47.066447,0000,072080,0.011896,0.0000,0.1091
2026-08-10T14:49:48.989039,0000,072088,0.007020,-0.0002,0.0838
2026-08-10T14:49:50.757300,0000,072096,0.009089,-0.0001,0.0953
2026-08-10T14:49:52.849493,0000,072104,0.037918,0.0001,0.1947
2026-08-10T14:49:54.969871,0000,072112,0.007492,0.0004,0.0866
2026-08-10T14:49:57.084662,0000,072120,0.016330,-0.0000,0.1278
2026-08-10T14:49:58.968512,0000,072128,0.010917,0.0001,0.1045
2026-08-10T14:50:01.062157,0000,072136,0.029981,-0.0004,0.1732
2026-08-10T14:50:02.870208,0000,072144,0.019951,-0.0002,0.1412
2026-08-10T14:50:05.070226,0000,072152,0.010392,0.0003,0.1019
2026-08-10T14:50:06.963712,0000,072160,0.029948,0.0002,0.1731
2026-08-10T14:50:08.867052,0000,072168,0.017163,-0.0000,0.1310
2026-08-10T14:50:10.834424,0000,072176,0.007227,-0.0000,0.0850
2026-08-10T14:50:13.077297,0000,072184,0.013256,0.0004,0.1151
2026-08-10T14:50:15.074347,0000,072192,0.020058,0.0005,0.1416
2026-08-10T14:50:17.390536,0000,072200,0.013162,0.0006,0.1147
2026-08-10T14:50:19.201089,0000,072208,0.016624,-0.0006,0.1289
2026-08-10T14:50:21.076803,0000,072216,0.007686,-0.0007,0.0877
2026-08-10T14:50:22.895933,0000,072224,0.008820,-0.0006,0.0939
2026-08-10T14:50:24.704063,0000,072232,0.006928,-0.0002,0.0832
2026-08-10T14:50:26.640206,0000,072240,0.010449,0.0006,0.1022
2026-08-10T14:50:29.228813,0000,072248,0.014358,0.0012,0.1198
2026-08-10T14:50:31.172379,0000,072256,0.012795,0.0008,0.1131
2026-08-10T14:50:33.237212,0000,072264,0.013641,0.0006,0.1168
2026-08-10T14:50:35.238971,0000,072272,0.029910,-0.0004,0.1729
2026-08-10T14:50:37.488329,0000,072280,0.006703,-0.0006,0.0819
2026-08-10T14:50:39.488379,0000,072288,0.015884,-0.0003,0.1260
2026-08-10T14:50:41.742403,0000,072296,0.015692,-0.0000,0.1253
2026-08-10T14:50:43.678057,0000,072304,0.029183,0.0007,0.1708
2026-08-10T14:50:45.654648,0000,072312,0.015123,0.0012,0.1230
2026-08-10T14:50:47.621867,0000,072320,0.015295,0.0011,0.1237
2026-08-10T14:50:49.439945,0000,072328,0.019967,0.0008,0.1413
2026-08-10T14:50:51.549349,0000,072336,0.014958,-0.0002,0.1223
2026-08-10T14:50:53.363447,0000,072344,0.019158,-0.0004,0.1384
2026-08-10T14:50:55.190145,0000,072352,0.009400,-0.0001,0.0970
2026-08-10T14:50:57.008174,0000,072360,0.006932,0.0002,0.0833
2026-08-10T14:50:58.988388,0000,072368,0.010394,0.0002,0.1020
2026-08-10T14:51:00.842671,0000,072376,0.023456,-0.0001,0.1532
2026-08-10T14:51:02.788918,0000,072384,0.009790,-0.0001,0.0989
2026-08-10T14:51:04.542257,0000,072392,0.006301,0.0004,0.0794
2026-08-10T14:51:06.468961,0000,072400,0.010542,0.0004,0.1027
2026-08-10T14:51:08.543272,0000,072408,0.010108,0.0001,0.1005
2026-08-10T14:51:10.347394,0000,072416,0.009153,-0.0004,0.0957
2026-08-10T14:51:12.511055,0000,072424,0.025958,-0.0009,0.1611
2026-08-10T14:51:14.506061,0000,072432,0.018663,-0.0008,0.1366
2026-08-10T14:51:16.746517,0000,072440,0.018266,0.0001,0.1352
2026-08-10T14:51:18.608789,0000,072448,0.023989,0.0001,0.1549
2026-08-10T14:51:20.592978,0000,072456,0.017640,-0.0003,0.1328
2026-08-10T14:51:22.704124,0000,072464,0.019472,0.0002,0.1395
2026-08-10T14:51:24.483657,0000,072472,0.007917,-0.0003,0.0890
2026-08-10T14:51:26.485161,0000,072480,0.025510,-0.0002,0.1597
2026-08-10T14:51:28.328826,0000,072488,0.147452,0.0001,0.3840
2026-08-10T14:51:30.132987,0000,072496,0.005640,0.0003,0.0751
2026-08-10T14:51:32.114881,0000,072504,0.007784,-0.0000,0.0882
2026-08-10T14:51:34.070658,0000,072512,0.005360,0.0002,0.0732
2026-08-10T14:51:36.440096,0000,072520,0.008723,-0.0002,0.0934
2026-08-10T14:51:38.626598,0000,072528,0.014270,-0.0000,0.1195
2026-08-10T14:51:40.545351,0000,072536,0.007208,0.0004,0.0849
2026-08-10T14:51:42.566074,0000,072544,0.009293,0.0007,0.0964
2026-08-10T14:51:44.983107,0000,072552,0.036406,0.0003,0.1908
2026-08-10T14:51:46.850834,0000,072560,0.007967,-0.0004,0.0893
2026-08-10T14:51:48.932964,0000,072568,0.024842,-0.0008,0.1576
2026-08-10T14:51:51.008933,0000,072576,0.009128,-0.0004,0.0955
2026-08-10T14:51:53.152793,0000,072584,0.040586,0.0001,0.2015
2026-08-10T14:51:54.960228,0000,072592,0.015607,0.0001,0.1249
2026-08-10T14:51:56.756853,0000,072600,0.005835,-0.0001,0.0764
2026-08-10T14:51:58.784690,0000,072608,0.017046,-0.0001,0.1306
2026-08-10T14:52:00.695899,0000,072616,0.009827,0.0006,0.0991
2026-08-10T14:52:02.578291,0000,072624,0.032216,0.0004,0.1795
2026-08-10T14:52:04.621222,0000,072632,0.023550,0.0000,0.1535
2026-08-10T14:52:06.692773,0000,072640,0.017168,0.0003,0.1310
2026-08-10T14:52:08.587746,0000,072648,0.031154,-0.0002,0.1765
2026-08-10T14:52:10.626766,0000,072656,0.008514,0.0000,0.0923
2026-08-10T14:52:12.463265,0000,072664,0.009933,-0.0000,0.0997
2026-08-10T14:52:14.241825,0000,072672,0.017694,-0.0002,0.1330
2026-08-10T14:52:16.040735,0000,072680,0.014869,0.0003,0.1219
2026-08-10T14:52:18.061930,0000,072688,0.008559,0.0005,0.0925
2026-08-10T14:52:19.971825,0000,072696,0.019523,0.0001,0.1397
2026-08-10T14:52:21.869417,0000,072704,0.008187,-0.0005,0.0905
2026-08-10T14:52:23.861887,0000,072712,0.023366,-0.0008,0.1529
2026-08-10T14:52:25.835263,0000,072720,0.022886,-0.0006,0.1513
2026-08-10T14:52:27.664734,0000,072728,0.008427,-0.0000,0.0918
2026-08-10T14:52:29.496012,0000,072736,0.021447,0.0008,0.1464
2026-08-10T14:52:31.519253,0000,072744,0.016880,0.0012,0.1299
2026-08-10T14:52:33.419591,0000,072752,0.013249,0.0011,0.1151
2026-08-10T14:52:36.235182,0000,072760,0.027944,0.0010,0.1672
2026-08-10T14:52:38.600862,0000,072768,0.010404,0.0001,0.1020
2026-08-10T14:52:41.083534,0000,072776,0.032503,-0.0009,0.1803
2026-08-10T14:52:43.300351,0000,072784,0.014273,-0.0016,0.1195
2026-08-10T14:52:45.161589,0000,072792,0.039865,-0.0015,0.1997
2026-08-10T14:52:47.167550,0000,072800,0.018748,-0.0013,0.1369
2026-08-10T14:52:49.333793,0000,072808,0.019216,-0.0006,0.1386
2026-08-10T14:52:51.225899,0000,072816,0.011095,0.0003,0.1053
2026-08-10T14:52:53.024643,0000,072824,0.008219,0.0006,0.0907
2026-08-10T14:52:54.900113,0000,072832,0.023049,0.0005,0.1518
2026-08-10T14:52:57.001511,0000,072840,0.018817,0.0003,0.1372
2026-08-10T14:52:59.148606,0000,072848,0.011234,-0.0003,0.1060
2026-08-10T14:53:01.089342,0000,072856,0.017829,-0.0005,0.1335
2026-08-10T14:53:02.933572,0000,072864,0.019965,-0.0005,0.1413
2026-08-10T14:53:04.808630,0000,072872,0.015436,-0.0000,0.1242
2026-08-10T14:53:06.809321,0000,072880,0.012355,0.0008,0.1112
2026-08-10T14:53:09.096010,0000,072888,0.021530,0.0012,0.1467
2026-08-10T14:53:11.083664,0000,072896,0.054127,0.0011,0.2327
2026-08-10T14:53:13.263233,0000,072904,0.016517,0.0009,0.1285
2026-08-10T14:53:15.603567,0000,072912,0.013116,0.0000,0.1145
2026-08-10T14:53:17.858139,0000,072920,0.005915,-0.0003,0.0769
2026-08-10T14:53:20.202838,0000,072928,0.012305,-0.0003,0.1109
2026-08-10T14:53:22.301039,0000,072936,1.144110,-0.0005,1.0696
2026-08-10T14:53:24.548923,0000,072944,0.010100,0.0011,0.1005
2026-08-10T14:53:26.633032,0000,072952,0.022290,0.0013,0.1493
2026-08-10T14:53:28.667048,0000,072960,0.021659,0.0015,0.1472
2026-08-10T14:53:31.065913,0000,072968,0.015523,0.0009,0.1246
2026-08-10T14:53:33.118043,0000,072976,0.009708,0.0003,0.0985
2026-08-10T14:53:35.255467,0000,072984,0.016704,-0.0007,0.1292
2026-08-10T14:53:37.271277,0000,072992,0.015275,-0.0013,0.1236
2026-08-10T14:53:39.444057,0000,073000,0.023317,-0.0015,0.1527
2026-08-10T14:53:41.391677,0000,073008,0.016625,-0.0013,0.1289
2026-08-10T14:53:43.602627,0000,073016,0.013196,-0.0007,0.1149
2026-08-10T14:53:45.749329,0000,073024,0.008606,0.0003,0.0928
2026-08-10T14:53:47.728772,0000,073032,0.014654,0.0006,0.1211
2026-08-10T14:53:49.829149,0000,073040,0.024294,0.0007,0.1559
2026-08-10T14:53:51.881486,0000,073048,0.010444,0.0006,0.1022
2026-08-10T14:53:53.709281,0000,073056,0.051276,-0.0004,0.2264
2026-08-10T14:53:55.816054,0000,073064,0.009909,-0.0007,0.0995
2026-08-10T14:53:57.783466,0000,073072,0.020944,-0.0006,0.1447
2026-08-10T14:53:59.955484,0000,073080,0.056982,-0.0002,0.2387
2026-08-10T14:54:02.502770,0000,073088,0.015332,0.0013,0.1238
2026-08-10T14:54:04.548625,0000,073096,0.023332,0.0009,0.1527
2026-08-10T14:54:06.561484,0000,073104,0.014770,0.0012,0.1215
2026-08-10T14:54:08.776611,0000,073112,0.042906,0.0004,0.2071
2026-08-10T14:54:10.679368,0000,073120,0.058429,0.0000,0.2417
2026-08-10T14:54:12.901285,0000,073128,0.024394,-0.0012,0.1562
2026-08-10T14:54:14.770635,0000,073136,0.021874,-0.0015,0.1479
2026-08-10T14:54:16.889844,0000,073144,0.052518,-0.0019,0.2292
2026-08-10T14:54:18.905489,0000,073152,0.015622,-0.0014,0.1250
2026-08-10T14:54:20.740259,0000,073160,0.018297,-0.0008,0.1353
2026-08-10T14:54:22.508433,0000,073168,0.020076,0.0000,0.1417
2026-08-10T14:54:24.358263,0000,073176,0.022219,0.0005,0.1491
2026-08-10T14:54:26.457824,0000,073184,0.056132,0.0004,0.2369
2026-08-10T14:54:28.329204,0000,073192,0.018747,0.0002,0.1369
2026-08-10T14:54:30.129013,0000,073200,0.050176,-0.0005,0.2240
2026-08-10T14:54:32.097459,0000,073208,0.018849,-0.0007,0.1373
2026-08-10T14:54:33.980592,0000,073216,0.006991,-0.0006,0.0836
2026-08-10T14:54:35.790706,0000,073224,0.154744,-0.0001,0.3934
2026-08-10T14:54:37.804468,0000,073232,0.032950,0.0007,0.1815
2026-08-10T14:54:39.671316,0000,073240,0.013712,0.0011,0.1171
2026-08-10T14:54:41.851527,0000,073248,0.024741,0.0012,0.1573
2026-08-10T14:54:43.715088,0000,073256,0.016949,0.0007,0.1302
2026-08-10T14:54:45.662149,0000,073264,0.030060,-0.0001,0.1734
2026-08-10T14:54:47.853312,0000,073272,0.012434,-0.0003,0.1115
2026-08-10T14:54:49.860966,0000,073280,0.006242,-0.0001,0.0790
2026-08-10T14:54:52.213441,0000,073288,1.137974,-0.0006,1.0668
2026-08-10T14:54:54.457461,0000,073296,0.013125,0.0010,0.1146
2026-08-10T14:54:56.597503,0000,073304,0.021693,0.0015,0.1473
2026-08-10T14:54:58.974673,0000,073312,0.023076,0.0018,0.1519
2026-08-10T14:55:01.059525,0000,073320,0.016701,0.0009,0.1292
2026-08-10T14:55:02.886397,0000,073328,0.050054,0.0001,0.2237
2026-08-10T14:55:04.800472,0000,073336,0.010240,-0.0007,0.1012
2026-08-10T14:55:07.327257,0000,073344,0.037350,-0.0018,0.1933
2026-08-10T14:55:09.321652,0000,073352,0.014313,-0.0015,0.1196
2026-08-10T14:55:11.514420,0000,073360,0.010396,-0.0012,0.1020
2026-08-10T14:55:13.380397,0000,073368,0.007890,-0.0006,0.0888
2026-08-10T14:55:15.267656,0000,073376,0.010026,0.0002,0.1001
2026-08-10T14:55:17.402353,0000,073384,0.007194,0.0005,0.0848
2026-08-10T14:55:19.860663,0000,073392,0.019858,0.0008,0.1409
2026-08-10T14:55:21.926225,0000,073400,0.011103,0.0004,0.1054
2026-08-10T14:55:23.853571,0000,073408,0.152283,-0.0005,0.3902
2026-08-10T14:55:25.890298,0000,073416,0.008603,-0.0007,0.0928
2026-08-10T14:55:28.226057,0000,073424,0.017166,-0.0006,0.1310
2026-08-10T14:55:30.268917,0000,073432,0.007090,-0.0001,0.0842
2026-08-10T14:55:32.407114,0000,073440,0.010751,0.0009,0.1037
2026-08-10T14:55:34.437243,0000,073448,0.010079,0.0012,0.1004
2026-08-10T14:55:36.417157,0000,073456,0.025374,0.0012,0.1593
2026-08-10T14:55:38.250743,0000,073464,0.009797,0.0008,0.0990
2026-08-10T14:55:40.320126,0000,073472,0.011535,-0.0001,0.1074
2026-08-10T14:55:42.264835,0000,073480,0.067753,-0.0006,0.2603
2026-08-10T14:55:44.422198,0000,073488,0.008659,-0.0001,0.0931
2026-08-10T14:55:46.301977,0000,073496,0.019057,0.0003,0.1380
2026-08-10T14:55:48.230213,0000,073504,0.014595,0.0004,0.1208
2026-08-10T14:55:50.284858,0000,073512,0.011441,0.0001,0.1070
2026-08-10T14:55:52.518309,0000,073520,0.058991,-0.0007,0.2429
2026-08-10T14:55:54.435517,0000,073528,0.015746,-0.0007,0.1255
2026-08-10T14:55:56.424003,0000,073536,0.019424,-0.0008,0.1394
2026-08-10T14:55:58.336488,0000,073544,0.015802,-0.0001,0.1257
2026-08-10T14:56:00.154837,0000,073552,0.012472,0.0007,0.1117
2026-08-10T14:56:01.945859,0000,073560,0.011664,0.0009,0.1080
2026-08-10T14:56:03.898826,0000,073568,0.011659,0.0013,0.1080
2026-08-10T14:56:05.867193,0000,073576,0.011325,0.0007,0.1064
2026-08-10T14:56:07.764600,0000,073584,0.016902,-0.0000,0.1300
2026-08-10T14:56:09.597850,0000,073592,0.006665,-0.0002,0.0816
2026-08-10T14:56:11.654994,0000,073600,0.010900,0.0000,0.1044
2026-08-10T14:56:13.753572,0000,073608,0.027822,-0.0006,0.1668
2026-08-10T14:56:15.663926,0000,073616,0.009066,-0.0003,0.0952
2026-08-10T14:56:17.774506,0000,073624,0.010455,0.0002,0.1022
2026-08-10T14:56:19.742206,0000,073632,0.008034,0.0003,0.0896
2026-08-10T14:56:21.718856,0000,073640,0.016263,-0.0000,0.1275
2026-08-10T14:56:23.843403,0000,073648,0.008274,-0.0006,0.0910
2026-08-10T14:56:26.036361,0000,073656,0.016392,-0.0009,0.1280
2026-08-10T14:56:28.004853,0000,073664,0.145204,-0.0006,0.3811
2026-08-10T14:56:30.253811,0000,073672,0.010267,-0.0001,0.1013
2026-08-10T14:56:32.258000,0000,073680,0.008129,0.0006,0.0902
2026-08-10T14:56:34.326730,0000,073688,0.019065,0.0009,0.1381
2026-08-10T14:56:36.404405,0000,073696,0.021463,0.0011,0.1465
2026-08-10T14:56:38.281482,0000,073704,0.015043,0.0007,0.1226
2026-08-10T14:56:40.264641,0000,073712,0.023940,-0.0001,0.1547
2026-08-10T14:56:42.362404,0000,073720,0.013997,-0.0003,0.1183
2026-08-10T14:56:44.577095,0000,073728,0.009438,-0.0005,0.0971
2026-08-10T14:56:46.672890,0000,073736,0.012552,0.0003,0.1120
2026-08-10T14:56:48.820526,0000,073744,0.018198,0.0005,0.1349
2026-08-10T14:56:50.761626,0000,073752,0.017546,0.0000,0.1325
2026-08-10T14:56:52.764684,0000,073760,0.011323,-0.0005,0.1064
2026-08-10T14:56:54.674796,0000,073768,0.016453,-0.0007,0.1283
2026-08-10T14:56:57.038985,0000,073776,0.005014,-0.0004,0.0708
2026-08-10T14:56:59.183161,0000,073784,0.007496,-0.0001,0.0866
2026-08-10T14:57:01.063551,0000,073792,0.020371,0.0005,0.1427
2026-08-10T14:57:02.954777,0000,073800,1.140371,0.0002,1.0679
2026-08-10T14:57:04.830018,0000,073808,0.026129,0.0009,0.1616
2026-08-10T14:57:06.990656,0000,073816,0.023874,0.0010,0.1545
2026-08-10T14:57:08.797715,0000,073824,0.008476,0.0000,0.0921
2026-08-10T14:57:10.577705,0000,073832,0.012724,-0.0009,0.1128
2026-08-10T14:57:12.444348,0000,073840,0.016513,-0.0015,0.1285
2026-08-10T14:57:14.532026,0000,073848,0.019148,-0.0018,0.1384
2026-08-10T14:57:16.407148,0000,073856,0.016206,-0.0014,0.1273
2026-08-10T14:57:18.643630,0000,073864,0.015358,-0.0008,0.1239
2026-08-10T14:57:20.489608,0000,073872,0.006020,0.0001,0.0776
2026-08-10T14:57:22.497230,0000,073880,0.005253,0.0006,0.0725
2026-08-10T14:57:24.432893,0000,073888,0.009378,0.0006,0.0968
2026-08-10T14:57:26.318358,0000,073896,0.006862,0.0003,0.0828
2026-08-10T14:57:28.339724,0000,073904,0.008239,-0.0004,0.0908
2026-08-10T14:57:30.575649,0000,073912,0.011087,-0.0007,0.1053
2026-08-10T14:57:32.452846,0000,073920,0.011866,-0.0005,0.1089
2026-08-10T14:57:34.234865,0000,073928,0.017789,-0.0000,0.1334
2026-08-10T14:57:36.359627,0000,073936,0.009177,0.0009,0.0958
2026-08-10T14:57:38.469472,0000,073944,0.033188,0.0012,0.1822
2026-08-10T14:57:40.717730,0000,073952,0.016189,0.0013,0.1272
2026-08-10T14:57:42.610781,0000,073960,0.009607,0.0007,0.0980
2026-08-10T14:57:44.579428,0000,073968,0.025467,-0.0001,0.1596
2026-08-10T14:57:46.695269,0000,073976,0.009545,-0.0003,0.0977
2026-08-10T14:57:48.820491,0000,073984,0.015567,-0.0002,0.1248
2026-08-10T14:57:50.933765,0000,073992,0.011136,0.0004,0.1055
2026-08-10T14:57:52.806679,0000,074000,0.010490,0.0004,0.1024
2026-08-10T14:57:54.833155,0000,074008,0.011285,0.0000,0.1062
2026-08-10T14:57:56.871872,0000,074016,0.008889,-0.0007,0.0943
2026-08-10T14:57:58.927096,0000,074024,0.011261,-0.0009,0.1061
2026-08-10T14:58:00.818601,0000,074032,0.009589,-0.0005,0.0979
2026-08-10T14:58:02.570927,0000,074040,0.014697,-0.0001,0.1212
2026-08-10T14:58:04.498270,0000,074048,0.033073,0.0008,0.1819
2026-08-10T14:58:06.263617,0000,074056,0.011926,0.0010,0.1092
2026-08-10T14:58:08.148416,0000,074064,0.048833,0.0011,0.2210
2026-08-10T14:58:10.282477,0000,074072,0.012737,0.0007,0.1129
2026-08-10T14:58:12.251426,0000,074080,0.017417,-0.0000,0.1320
2026-08-10T14:58:14.174476,0000,074088,0.007010,-0.0002,0.0837
2026-08-10T14:58:16.096004,0000,074096,0.013769,-0.0000,0.1173
2026-08-10T14:58:17.909414,0000,074104,0.007509,0.0005,0.0867
2026-08-10T14:58:19.623694,0000,074112,0.011095,0.0004,0.1053
2026-08-10T14:58:21.740420,0000,074120,0.013195,0.0001,0.1149
2026-08-10T14:58:23.809865,0000,074128,0.005994,-0.0003,0.0774
2026-08-10T14:58:25.705484,0000,074136,0.005747,-0.0006,0.0758
2026-08-10T14:58:27.831209,0000,074144,0.019916,-0.0007,0.1411
2026-08-10T14:58:29.674791,0000,074152,0.009182,0.0000,0.0958
2026-08-10T14:58:31.443486,0000,074160,0.051725,0.0001,0.2274
2026-08-10T14:58:33.173563,0000,074168,0.023447,-0.0002,0.1531
2026-08-10T14:58:34.896287,0000,074176,0.013529,-0.0002,0.1163
2026-08-10T14:58:36.773191,0000,074184,0.023173,0.0005,0.1522
2026-08-10T14:58:38.887331,0000,074192,0.005662,0.0005,0.0752
2026-08-10T14:58:40.850242,0000,074200,0.016687,0.0002,0.1292
2026-08-10T14:58:42.626336,0000,074208,0.008977,-0.0003,0.0947
2026-08-10T14:58:44.387621,0000,074216,0.005348,-0.0005,0.0731
2026-08-10T14:58:46.479735,0000,074224,0.033122,-0.0005,0.1820
2026-08-10T14:58:48.407281,0000,074232,0.019674,0.0001,0.1403
2026-08-10T14:58:50.553000,0000,074240,0.008058,0.0001,0.0898
2026-08-10T14:58:52.692232,0000,074248,0.020933,-0.0001,0.1447
2026-08-10T14:58:54.662218,0000,074256,0.018779,0.0001,0.1370
2026-08-10T14:58:56.903198,0000,074264,0.015788,-0.0004,0.1256
2026-08-10T14:58:58.860508,0000,074272,0.013539,-0.0003,0.1164
2026-08-10T14:59:01.245443,0000,074280,0.020780,0.0003,0.1442
2026-08-10T14:59:03.131546,0000,074288,1.160251,-0.0007,1.0771
2026-08-10T14:59:04.952679,0000,074296,0.018336,0.0006,0.1354
2026-08-10T14:59:07.224074,0000,074304,0.035039,0.0012,0.1872
2026-08-10T14:59:09.222535,0000,074312,0.011136,0.0005,0.1055
2026-08-10T14:59:11.377781,0000,074320,0.007442,-0.0001,0.0863
2026-08-10T14:59:13.216323,0000,074328,0.011792,-0.0004,0.1086
2026-08-10T14:59:15.629037,0000,074336,0.017852,-0.0002,0.1336
2026-08-10T14:59:17.744163,0000,074344,0.008445,0.0003,0.0919
2026-08-10T14:59:19.969528,0000,074352,0.020969,0.0002,0.1448
2026-08-10T14:59:21.938417,0000,074360,0.016737,0.0000,0.1294
2026-08-10T14:59:23.772561,0000,074368,0.012683,-0.0006,0.1126
2026-08-10T14:59:25.870467,0000,074376,0.026563,-0.0010,0.1630
2026-08-10T14:59:27.794327,0000,074384,0.011087,-0.0005,0.1053
2026-08-10T14:59:29.851355,0000,074392,0.015281,-0.0002,0.1236
2026-08-10T14:59:31.810194,0000,074400,0.016338,0.0006,0.1278
2026-08-10T14:59:33.565031,0000,074408,0.014733,0.0010,0.1214
2026-08-10T14:59:35.495379,0000,074416,0.012604,0.0011,0.1123
2026-08-10T14:59:37.531209,0000,074424,0.021753,0.0006,0.1475
2026-08-10T14:59:39.448258,0000,074432,0.010477,0.0000,0.1024
2026-08-10T14:59:41.464146,0000,074440,0.019799,-0.0010,0.1407
2026-08-10T14:59:43.531617,0000,074448,0.018433,-0.0013,0.1358
2026-08-10T14:59:45.365967,0000,074456,0.017667,-0.0014,0.1329
2026-08-10T14:59:47.575303,0000,074464,0.043508,-0.0017,0.2086
2026-08-10T14:59:49.686821,0000,074472,0.023161,-0.0009,0.1522
2026-08-10T14:59:51.454191,0000,074480,0.006718,0.0002,0.0820
2026-08-10T14:59:53.602632,0000,074488,0.010932,0.0007,0.1046
2026-08-10T14:59:55.385038,0000,074496,0.026156,0.0006,0.1617
2026-08-10T14:59:57.459519,0000,074504,0.031885,0.0002,0.1786
2026-08-10T14:59:59.722261,0000,074512,0.021877,-0.0001,0.1479
2026-08-10T15:00:01.594253,0000,074520,0.018489,-0.0011,0.1360
2026-08-10T15:00:03.449865,0000,074528,0.034164,-0.0019,0.1848
2026-08-10T15:00:06.007759,0000,074536,0.038056,-0.0024,0.1951
2026-08-10T15:00:08.045557,0000,074544,0.019396,-0.0015,0.1393
2026-08-10T15:00:09.938011,0000,074552,0.014975,-0.0009,0.1224
2026-08-10T15:00:11.826025,0000,074560,0.017942,0.0001,0.1339
2026-08-10T15:00:13.902093,0000,074568,0.012604,0.0005,0.1123
2026-08-10T15:00:16.036937,0000,074576,0.018305,0.0005,0.1353
2026-08-10T15:00:17.966149,0000,074584,0.012259,0.0002,0.1107
2026-08-10T15:00:19.966057,0000,074592,0.012280,-0.0004,0.1108
2026-08-10T15:00:21.835105,0000,074600,0.009537,-0.0005,0.0977
2026-08-10T15:00:23.650341,0000,074608,0.007466,-0.0004,0.0864
2026-08-10T15:00:26.120017,0000,074616,0.044825,-0.0002,0.2117
2026-08-10T15:00:28.273864,0000,074624,0.017344,0.0010,0.1317
2026-08-10T15:00:30.419157,0000,074632,0.012966,0.0012,0.1139
2026-08-10T15:00:32.812129,0000,074640,0.026731,0.0016,0.1635
2026-08-10T15:00:34.873834,0000,074648,0.011974,0.0007,0.1094
2026-08-10T15:00:36.825907,0000,074656,0.015261,0.0001,0.1235
2026-08-10T15:00:38.910131,0000,074664,0.024173,-0.0009,0.1555
2026-08-10T15:00:40.875736,0000,074672,0.022706,-0.0013,0.1507
2026-08-10T15:00:43.072829,0000,074680,0.017492,-0.0017,0.1323
2026-08-10T15:00:45.172785,0000,074688,0.027549,-0.0015,0.1660
2026-08-10T15:00:47.076674,0000,074696,0.015072,-0.0007,0.1228
2026-08-10T15:00:49.342959,0000,074704,0.032004,0.0001,0.1789
2026-08-10T15:00:51.343255,0000,074712,0.026950,0.0007,0.1642
2026-08-10T15:00:53.240335,0000,074720,0.014679,0.0006,0.1212
2026-08-10T15:00:55.558821,0000,074728,0.026463,0.0004,0.1627
2026-08-10T15:00:57.477570,0000,074736,0.011943,-0.0003,0.1093
2026-08-10T15:00:59.403636,0000,074744,0.008478,-0.0004,0.0921
2026-08-10T15:01:01.386677,0000,074752,0.020316,-0.0004,0.1425
2026-08-10T15:01:03.162112,0000,074760,0.011595,0.0001,0.1077
2026-08-10T15:01:04.892320,0000,074768,0.008313,0.0002,0.0912
2026-08-10T15:01:06.678691,0000,074776,0.009948,0.0001,0.0997
2026-08-10T15:01:08.416578,0000,074784,0.018172,-0.0007,0.1348
2026-08-10T15:01:10.523913,0000,074792,0.035983,-0.0012,0.1897
2026-08-10T15:01:12.745001,0000,074800,1.157156,-0.0017,1.0757
2026-08-10T15:01:14.789667,0000,074808,0.051774,-0.0003,0.2275
2026-08-10T15:01:17.067774,0000,074816,0.015306,0.0006,0.1237
2026-08-10T15:01:19.279761,0000,074824,0.015994,0.0012,0.1265
2026-08-10T15:01:21.152645,0000,074832,0.026870,0.0010,0.1639
2026-08-10T15:01:22.975297,0000,074840,0.011671,0.0007,0.1080
2026-08-10T15:01:24.936924,0000,074848,0.012293,0.0000,0.1109
2026-08-10T15:01:27.191853,0000,074856,0.153393,-0.0014,0.3917
2026-08-10T15:01:29.292735,0000,074864,0.029508,-0.0015,0.1718
2026-08-10T15:01:31.291776,0000,074872,0.019238,-0.0016,0.1387
2026-08-10T15:01:33.553986,0000,074880,0.023902,-0.0016,0.1546
2026-08-10T15:01:35.584034,0000,074888,0.018081,-0.0006,0.1345
2026-08-10T15:01:37.432424,0000,074896,0.026249,0.0001,0.1620
2026-08-10T15:01:39.222854,0000,074904,0.027142,0.0004,0.1647
2026-08-10T15:01:40.992948,0000,074912,0.057454,0.0006,0.2397
2026-08-10T15:01:42.875553,0000,074920,0.015230,0.0004,0.1234
2026-08-10T15:01:44.961218,0000,074928,0.008714,-0.0004,0.0934
2026-08-10T15:01:47.214397,0000,074936,0.014849,-0.0005,0.1219
2026-08-10T15:01:49.150246,0000,074944,0.053533,-0.0004,0.2314
2026-08-10T15:01:50.895743,0000,074952,0.012073,0.0002,0.1099
2026-08-10T15:01:52.663576,0000,074960,0.009452,0.0002,0.0972
2026-08-10T15:01:55.118744,0000,074968,0.032998,0.0003,0.1817
2026-08-10T15:01:57.081081,0000,074976,0.009633,-0.0007,0.0982
2026-08-10T15:01:59.154847,0000,074984,0.019589,-0.0009,0.1400
2026-08-10T15:02:00.938258,0000,074992,0.012474,-0.0006,0.1117
2026-08-10T15:02:02.786331,0000,075000,0.023580,-0.0001,0.1536
2026-08-10T15:02:04.794254,0000,075008,0.007164,0.0007,0.0846
2026-08-10T15:02:06.728724,0000,075016,0.020634,0.0012,0.1436
2026-08-10T15:02:08.505857,0000,075024,0.007706,0.0011,0.0878
2026-08-10T15:02:10.385519,0000,075032,0.023319,0.0004,0.1527
2026-08-10T15:02:12.199335,0000,075040,0.025101,-0.0001,0.1584
2026-08-10T15:02:14.018681,0000,075048,0.012827,-0.0001,0.1133
2026-08-10T15:02:15.900276,0000,075056,0.012299,-0.0000,0.1109
2026-08-10T15:02:17.755282,0000,075064,0.031704,0.0001,0.1781
2026-08-10T15:02:19.511430,0000,075072,0.009468,0.0003,0.0973
2026-08-10T15:02:21.546191,0000,075080,0.030136,-0.0002,0.1736
2026-08-10T15:02:23.468158,0000,075088,0.009051,0.0003,0.0951
2026-08-10T15:02:25.534732,0000,075096,0.008818,-0.0001,0.0939
2026-08-10T15:02:27.296369,0000,075104,0.007493,0.0000,0.0866
2026-08-10T15:02:29.030063,0000,075112,0.050372,-0.0003,0.2244
2026-08-10T15:02:31.216239,0000,075120,0.021368,-0.0003,0.1462
2026-08-10T15:02:33.623071,0000,075128,0.018501,0.0003,0.1360
2026-08-10T15:02:35.606316,0000,075136,0.008471,0.0004,0.0920
2026-08-10T15:02:37.437209,0000,075144,0.011348,0.0002,0.1065
2026-08-10T15:02:39.242111,0000,075152,0.099144,-0.0005,0.3149
2026-08-10T15:02:41.066765,0000,075160,0.016554,-0.0007,0.1287
2026-08-10T15:02:42.939207,0000,075168,0.009206,-0.0005,0.0959
2026-08-10T15:02:44.784788,0000,075176,0.009424,0.0001,0.0971
2026-08-10T15:02:46.663148,0000,075184,0.012649,0.0000,0.1125
2026-08-10T15:02:48.712825,0000,075192,0.011643,-0.0003,0.1079
2026-08-10T15:02:50.575854,0000,075200,0.009952,-0.0001,0.0998
2026-08-10T15:02:52.715314,0000,075208,0.008423,0.0004,0.0918
2026-08-10T15:02:54.643128,0000,075216,0.011142,0.0006,0.1056
2026-08-10T15:02:56.876603,0000,075224,0.019612,0.0001,0.1400
2026-08-10T15:02:58.816534,0000,075232,0.056590,0.0002,0.2379
2026-08-10T15:03:00.869891,0000,075240,0.012529,0.0000,0.1119
2026-08-10T15:03:02.867792,0000,075248,0.025688,-0.0006,0.1603
2026-08-10T15:03:04.932003,0000,075256,0.033700,-0.0008,0.1836
2026-08-10T15:03:06.766346,0000,075264,0.004406,-0.0003,0.0664
2026-08-10T15:03:08.656493,0000,075272,0.008588,0.0001,0.0927
2026-08-10T15:03:10.589929,0000,075280,0.014723,0.0002,0.1213
2026-08-10T15:03:12.474863,0000,075288,0.012261,0.0001,0.1107
2026-08-10T15:03:14.312813,0000,075296,0.009418,-0.0004,0.0970
2026-08-10T15:03:16.209216,0000,075304,0.010843,-0.0005,0.1041
2026-08-10T15:03:18.281557,0000,075312,0.033768,-0.0006,0.1838
2026-08-10T15:03:20.282977,0000,075320,0.022785,0.0000,0.1509
2026-08-10T15:03:22.576763,0000,075328,0.010821,0.0003,0.1040
2026-08-10T15:03:24.449226,0000,075336,0.021927,0.0000,0.1481
2026-08-10T15:03:26.325178,0000,075344,0.010442,-0.0005,0.1022
2026-08-10T15:03:28.173885,0000,075352,0.013502,-0.0006,0.1162
2026-08-10T15:03:30.094873,0000,075360,0.010055,-0.0003,0.1003
2026-08-10T15:03:32.335243,0000,075368,0.016353,0.0001,0.1279
2026-08-10T15:03:34.471749,0000,075376,0.014121,0.0003,0.1188
2026-08-10T15:03:36.421083,0000,075384,0.007641,-0.0000,0.0874
2026-08-10T15:03:38.579573,0000,075392,0.007819,-0.0006,0.0884
2026-08-10T15:03:40.467854,0000,075400,0.018307,-0.0006,0.1353
2026-08-10T15:03:42.811969,0000,075408,0.008584,-0.0006,0.0926
2026-08-10T15:03:44.983233,0000,075416,0.006044,0.0003,0.0777
2026-08-10T15:03:46.926810,0000,075424,0.005632,0.0003,0.0750
2026-08-10T15:03:48.836390,0000,075432,0.009355,0.0001,0.0967
2026-08-10T15:03:50.679567,0000,075440,0.007554,-0.0004,0.0869
2026-08-10T15:03:52.598528,0000,075448,0.014395,-0.0005,0.1200
2026-08-10T15:03:54.501722,0000,075456,0.018208,-0.0004,0.1349
2026-08-10T15:03:56.299809,0000,075464,0.019120,0.0001,0.1383
2026-08-10T15:03:58.168351,0000,075472,0.019008,0.0003,0.1379
2026-08-10T15:04:00.107318,0000,075480,0.011250,0.0002,0.1061
2026-08-10T15:04:01.914759,0000,075488,0.007252,-0.0003,0.0852
2026-08-10T15:04:03.795392,0000,075496,0.012589,-0.0005,0.1122
2026-08-10T15:04:05.758067,0000,075504,0.011033,-0.0003,0.1050
2026-08-10T15:04:07.560706,0000,075512,0.027035,0.0002,0.1644
2026-08-10T15:04:09.488765,0000,075520,0.031434,0.0003,0.1773
2026-08-10T15:04:11.501844,0000,075528,0.016728,0.0002,0.1293
2026-08-10T15:04:13.854824,0000,075536,0.025415,-0.0006,0.1594
2026-08-10T15:04:16.015738,0000,075544,0.025587,-0.0005,0.1600
2026-08-10T15:04:18.182655,0000,075552,0.021264,-0.0004,0.1458
2026-08-10T15:04:20.682162,0000,075560,0.007405,0.0002,0.0861
2026-08-10T15:04:22.624108,0000,075568,0.013321,0.0003,0.1154
2026-08-10T15:04:24.812733,0000,075576,0.007467,0.0002,0.0864
2026-08-10T15:04:26.625702,0000,075584,0.025930,-0.0003,0.1610
2026-08-10T15:04:28.748581,0000,075592,1.154116,-0.0016,1.0743
2026-08-10T15:04:30.750577,0000,075600,0.005079,-0.0002,0.0713
2026-08-10T15:04:32.898137,0000,075608,0.024117,0.0001,0.1553
2026-08-10T15:04:34.886231,0000,075616,0.024555,0.0002,0.1567
2026-08-10T15:04:36.825336,0000,075624,0.009751,0.0002,0.0987
2026-08-10T15:04:38.770659,0000,075632,0.014917,-0.0004,0.1221
2026-08-10T15:04:40.745932,0000,075640,0.012386,-0.0004,0.1113
2026-08-10T15:04:42.667725,0000,075648,0.010709,-0.0002,0.1035
2026-08-10T15:04:44.600068,0000,075656,0.012618,0.0002,0.1123
2026-08-10T15:04:46.538704,0000,075664,0.008981,0.0004,0.0948
2026-08-10T15:04:48.909925,0000,075672,0.031233,0.0000,0.1767
2026-08-10T15:04:51.082519,0000,075680,0.023085,-0.0003,0.1519
2026-08-10T15:04:53.097593,0000,075688,0.010892,-0.0004,0.1044
2026-08-10T15:04:55.060719,0000,075696,0.020057,-0.0004,0.1416
2026-08-10T15:04:56.861986,0000,075704,0.013911,0.0003,0.1179
2026-08-10T15:04:58.882926,0000,075712,0.049167,0.0004,0.2217
2026-08-10T15:05:01.042434,0000,075720,0.012199,0.0004,0.1104
2026-08-10T15:05:02.831667,0000,075728,0.014032,-0.0003,0.1185
2026-08-10T15:05:04.810694,0000,075736,0.030147,-0.0005,0.1736
2026-08-10T15:05:06.726046,0000,075744,0.027487,-0.0003,0.1658
2026-08-10T15:05:08.739386,0000,075752,0.008733,0.0003,0.0935
2026-08-10T15:05:10.680873,0000,075760,0.008109,0.0005,0.0900
2026-08-10T15:05:12.567559,0000,075768,0.043210,0.0002,0.2079
2026-08-10T15:05:14.453051,0000,075776,0.052016,-0.0003,0.2281
2026-08-10T15:05:16.674703,0000,075784,0.021458,-0.0006,0.1465
2026-08-10T15:05:18.530638,0000,075792,0.017162,-0.0002,0.1310
2026-08-10T15:05:20.562712,0000,075800,0.017662,0.0004,0.1329
2026-08-10T15:05:22.712497,0000,075808,0.010462,0.0005,0.1023
2026-08-10T15:05:24.658545,0000,075816,0.014890,0.0003,0.1220
2026-08-10T15:05:26.641226,0000,075824,0.146637,-0.0004,0.3829
2026-08-10T15:05:28.633423,0000,075832,0.006269,-0.0004,0.0792
2026-08-10T15:05:30.620913,0000,075840,0.008646,-0.0001,0.0930
2026-08-10T15:05:32.759339,0000,075848,0.009989,0.0004,0.0999
2026-08-10T15:05:34.884091,0000,075856,0.035574,0.0003,0.1886
2026-08-10T15:05:37.026069,0000,075864,1.137757,-0.0008,1.0667
2026-08-10T15:05:39.496290,0000,075872,0.008074,0.0004,0.0899
2026-08-10T15:05:41.627941,0000,075880,0.020152,0.0002,0.1420
2026-08-10T15:05:44.247338,0000,075888,0.007505,-0.0005,0.0866
2026-08-10T15:05:46.142185,0000,075896,0.011271,-0.0004,0.1062
2026-08-10T15:05:48.013759,0000,075904,0.014762,-0.0003,0.1215
2026-08-10T15:05:50.212413,0000,075912,0.010065,0.0005,0.1003
2026-08-10T15:05:52.547061,0000,075920,0.012958,0.0004,0.1138
2026-08-10T15:05:54.578740,0000,075928,0.010101,0.0002,0.1005
2026-08-10T15:05:57.022382,0000,075936,0.014407,-0.0001,0.1200
2026-08-10T15:05:58.983349,0000,075944,0.013531,-0.0011,0.1163
2026-08-10T15:06:01.207118,0000,075952,0.032338,-0.0018,0.1798
2026-08-10T15:06:03.219160,0000,075960,0.034653,-0.0016,0.1862
2026-08-10T15:06:05.224129,0000,075968,0.013067,-0.0011,0.1143
2026-08-10T15:06:07.271045,0000,075976,0.010164,-0.0006,0.1008
2026-08-10T15:06:09.532875,0000,075984,0.013851,0.0004,0.1177
2026-08-10T15:06:11.792175,0000,075992,0.017838,0.0007,0.1336
2026-08-10T15:06:13.826190,0000,076000,0.011455,0.0008,0.1070
2026-08-10T15:06:15.837016,0000,076008,0.024926,0.0005,0.1579
2026-08-10T15:06:18.163565,0000,076016,0.016116,0.0000,0.1269
2026-08-10T15:06:20.017165,0000,076024,0.027402,-0.0008,0.1655
2026-08-10T15:06:22.037435,0000,076032,0.022959,-0.0013,0.1515
2026-08-10T15:06:24.007294,0000,076040,0.009438,-0.0012,0.0972
2026-08-10T15:06:26.294780,0000,076048,0.013603,-0.0010,0.1166
2026-08-10T15:06:28.361514,0000,076056,0.010271,-0.0003,0.1013
2026-08-10T15:06:30.141802,0000,076064,0.009083,0.0004,0.0953
2026-08-10T15:06:31.898213,0000,076072,0.031881,0.0009,0.1786
2026-08-10T15:06:33.715284,0000,076080,0.015008,0.0011,0.1225
2026-08-10T15:06:35.543011,0000,076088,0.011832,0.0009,0.1088
2026-08-10T15:06:37.489805,0000,076096,0.008745,0.0003,0.0935
2026-08-10T15:06:39.227174,0000,076104,1.171237,-0.0016,1.0822
2026-08-10T15:06:41.314241,0000,076112,0.026839,-0.0013,0.1638
2026-08-10T15:06:43.338067,0000,076120,0.015094,-0.0011,0.1229
2026-08-10T15:06:45.228946,0000,076128,0.010842,-0.0008,0.1041
2026-08-10T15:06:47.288194,0000,076136,0.022432,-0.0004,0.1498
2026-08-10T15:06:49.272344,0000,076144,0.009196,0.0006,0.0959
2026-08-10T15:06:51.518769,0000,076152,0.019488,0.0009,0.1396
2026-08-10T15:06:53.496678,0000,076160,0.018268,0.0012,0.1352
2026-08-10T15:06:55.541742,0000,076168,0.016517,0.0010,0.1285
2026-08-10T15:06:57.436845,0000,076176,0.007253,0.0003,0.0852
2026-08-10T15:06:59.365747,0000,076184,0.009521,-0.0005,0.0976
2026-08-10T15:07:01.273403,0000,076192,0.010943,-0.0008,0.1046
2026-08-10T15:07:03.444732,0000,076200,0.023109,-0.0012,0.1520
2026-08-10T15:07:05.707636,0000,076208,0.013670,-0.0007,0.1169
2026-08-10T15:07:07.469652,0000,076216,0.013693,-0.0002,0.1170
2026-08-10T15:07:09.377560,0000,076224,0.007425,0.0007,0.0862
2026-08-10T15:07:11.409344,0000,076232,0.017951,0.0012,0.1340
2026-08-10T15:07:13.459048,0000,076240,0.018440,0.0011,0.1358
2026-08-10T15:07:15.888831,0000,076248,0.027770,0.0008,0.1666
2026-08-10T15:07:18.370946,0000,076256,0.016278,0.0005,0.1276
2026-08-10T15:07:20.556683,0000,076264,0.015599,-0.0007,0.1249
2026-08-10T15:07:22.573742,0000,076272,0.147946,-0.0013,0.3846
2026-08-10T15:07:24.421687,0000,076280,0.031027,-0.0010,0.1761
2026-08-10T15:07:26.210275,0000,076288,0.008625,-0.0007,0.0929
2026-08-10T15:07:28.205655,0000,076296,0.145080,-0.0004,0.3809
2026-08-10T15:07:30.207066,0000,076304,0.012288,0.0007,0.1108
2026-08-10T15:07:32.222720,0000,076312,1.149447,0.0002,1.0721
2026-08-10T15:07:34.201147,0000,076320,0.009608,0.0012,0.0980
2026-08-10T15:07:36.147266,0000,076328,0.019238,0.0010,0.1387
2026-08-10T15:07:38.159322,0000,076336,0.017152,0.0003,0.1310
2026-08-10T15:07:40.303702,0000,076344,0.009816,-0.0005,0.0991
2026-08-10T15:07:42.522812,0000,076352,0.009442,-0.0009,0.0972
2026-08-10T15:07:44.516836,0000,076360,0.028485,-0.0011,0.1688
2026-08-10T15:07:46.317977,0000,076368,0.152312,-0.0008,0.3903
2026-08-10T15:07:48.080641,0000,076376,0.029761,-0.0002,0.1725
2026-08-10T15:07:50.048764,0000,076384,0.008532,0.0007,0.0924
2026-08-10T15:07:51.801568,0000,076392,0.015084,0.0011,0.1228
2026-08-10T15:07:53.644780,0000,076400,0.022970,0.0012,0.1516
2026-08-10T15:07:55.555439,0000,076408,0.024235,0.0006,0.1557
2026-08-10T15:07:57.524648,0000,076416,0.006984,0.0002,0.0836
2026-08-10T15:07:59.320037,0000,076424,0.044785,-0.0005,0.2116
2026-08-10T15:08:01.258667,0000,076432,0.023489,-0.0009,0.1533
2026-08-10T15:08:03.349891,0000,076440,0.022162,-0.0011,0.1489
2026-08-10T15:08:05.406347,0000,076448,0.016088,-0.0008,0.1268
2026-08-10T15:08:07.495533,0000,076456,0.012352,-0.0003,0.1111
2026-08-10T15:08:09.473517,0000,076464,0.027497,0.0007,0.1658
2026-08-10T15:08:11.361440,0000,076472,0.013519,0.0013,0.1163
2026-08-10T15:08:13.203927,0000,076480,0.015545,0.0011,0.1247
2026-08-10T15:08:15.003462,0000,076488,0.012828,0.0008,0.1133
2026-08-10T15:08:16.841414,0000,076496,0.014926,0.0004,0.1222
2026-08-10T15:08:18.653471,0000,076504,0.006339,-0.0005,0.0796
2026-08-10T15:08:20.515260,0000,076512,0.016637,-0.0009,0.1290
2026-08-10T15:08:22.384048,0000,076520,0.017289,-0.0010,0.1315
2026-08-10T15:08:24.683712,0000,076528,0.032631,-0.0013,0.1806
2026-08-10T15:08:26.520466,0000,076536,0.006893,-0.0000,0.0830
2026-08-10T15:08:28.375608,0000,076544,0.015959,0.0007,0.1263
2026-08-10T15:08:30.095164,0000,076552,0.015852,0.0011,0.1259
2026-08-10T15:08:31.978409,0000,076560,0.016210,0.0012,0.1273
2026-08-10T15:08:33.956549,0000,076568,1.148756,0.0000,1.0718
2026-08-10T15:08:35.958591,0000,076576,0.012397,0.0005,0.1113
2026-08-10T15:08:37.887614,0000,076584,0.026710,-0.0007,0.1634
2026-08-10T15:08:39.699991,0000,076592,0.028283,-0.0008,0.1682
2026-08-10T15:08:41.450444,0000,076600,0.162978,-0.0011,0.4037
2026-08-10T15:08:43.542721,0000,076608,0.022703,-0.0009,0.1507
2026-08-10T15:08:45.636922,0000,076616,1.138537,-0.0012,1.0670
2026-08-10T15:08:47.741787,0000,076624,0.028982,0.0005,0.1702
2026-08-10T15:08:49.770027,0000,076632,0.019653,0.0011,0.1402
2026-08-10T15:08:51.733305,0000,076640,0.020338,0.0012,0.1426
2026-08-10T15:08:53.684549,0000,076648,0.013592,0.0009,0.1166
2026-08-10T15:08:55.500243,0000,076656,0.017394,0.0003,0.1319
2026-08-10T15:08:57.319042,0000,076664,0.013274,-0.0005,0.1152
2026-08-10T15:08:59.074435,0000,076672,0.014803,-0.0009,0.1217
2026-08-10T15:09:00.834231,0000,076680,0.023852,-0.0010,0.1544
2026-08-10T15:09:02.745122,0000,076688,0.016621,-0.0007,0.1289
2026-08-10T15:09:04.620166,0000,076696,0.017887,-0.0002,0.1337
2026-08-10T15:09:06.521603,0000,076704,0.016380,0.0007,0.1280
2026-08-10T15:09:08.559683,0000,076712,0.028645,0.0012,0.1692
2026-08-10T15:09:10.375163,0000,076720,0.011994,0.0012,0.1095
2026-08-10T15:09:12.169268,0000,076728,0.010275,0.0009,0.1014
2026-08-10T15:09:13.901265,0000,076736,0.009746,0.0003,0.0987
2026-08-10T15:09:16.216214,0000,076744,0.024251,-0.0007,0.1557
2026-08-10T15:09:18.187080,0000,076752,0.012283,-0.0010,0.1108
2026-08-10T15:09:20.054898,0000,076760,0.023388,-0.0010,0.1529
2026-08-10T15:09:21.864199,0000,076768,0.009832,-0.0007,0.0992
2026-08-10T15:09:23.808741,0000,076776,0.010763,-0.0003,0.1037
2026-08-10T15:09:25.542235,0000,076784,0.018920,0.0006,0.1375
2026-08-10T15:09:27.316087,0000,076792,0.150903,0.0011,0.3885
2026-08-10T15:09:29.269013,0000,076800,0.016708,0.0011,0.1293
2026-08-10T15:09:31.017065,0000,076808,0.021840,0.0009,0.1478
2026-08-10T15:09:32.842529,0000,076816,0.017567,0.0003,0.1325
2026-08-10T15:09:34.861313,0000,076824,0.009902,-0.0006,0.0995
2026-08-10T15:09:36.718198,0000,076832,0.014041,-0.0009,0.1185
2026-08-10T15:09:38.599417,0000,076840,0.020336,-0.0010,0.1426
2026-08-10T15:09:40.676093,0000,076848,0.020936,-0.0009,0.1447
2026-08-10T15:09:42.627739,0000,076856,0.006862,-0.0000,0.0828
2026-08-10T15:09:44.389917,0000,076864,0.010999,0.0008,0.1049
2026-08-10T15:09:46.323756,0000,076872,0.017309,0.0011,0.1316
2026-08-10T15:09:48.059663,0000,076880,0.019232,0.0013,0.1387
2026-08-10T15:09:50.077421,0000,076888,0.026927,0.0008,0.1641
2026-08-10T15:09:51.855212,0000,076896,0.005799,0.0003,0.0761
2026-08-10T15:09:53.802827,0000,076904,0.013407,-0.0005,0.1158
2026-08-10T15:09:56.082844,0000,076912,0.017546,-0.0013,0.1325
2026-08-10T15:09:57.977710,0000,076920,0.007862,-0.0010,0.0887
2026-08-10T15:10:00.384974,0000,076928,0.035983,-0.0013,0.1897
2026-08-10T15:10:02.452380,0000,076936,0.025666,-0.0003,0.1602
2026-08-10T15:10:04.570971,0000,076944,0.026104,0.0008,0.1616
2026-08-10T15:10:06.460440,0000,076952,0.013012,0.0011,0.1141
2026-08-10T15:10:08.418928,0000,076960,0.017566,0.0013,0.1325
2026-08-10T15:10:10.414135,0000,076968,0.021524,0.0009,0.1467
2026-08-10T15:10:12.352121,0000,076976,0.018612,0.0003,0.1364
2026-08-10T15:10:14.335823,0000,076984,0.011557,-0.0006,0.1075
2026-08-10T15:10:16.289273,0000,076992,0.015114,-0.0009,0.1229
2026-08-10T15:10:18.459151,0000,077000,0.019693,-0.0011,0.1403
2026-08-10T15:10:20.376763,0000,077008,0.009679,-0.0007,0.0984
2026-08-10T15:10:22.538597,0000,077016,0.010000,-0.0002,0.1000
2026-08-10T15:10:24.440918,0000,077024,0.011680,0.0008,0.1081
2026-08-10T15:10:26.316541,0000,077032,0.016161,0.0012,0.1271
2026-08-10T15:10:28.698300,0000,077040,0.018553,0.0013,0.1362
2026-08-10T15:10:30.610474,0000,077048,0.012864,0.0008,0.1134
2026-08-10T15:10:32.573833,0000,077056,0.012161,0.0003,0.1103
2026-08-10T15:10:34.402861,0000,077064,0.019285,-0.0005,0.1389
2026-08-10T15:10:36.503787,0000,077072,0.065134,-0.0013,0.2552
2026-08-10T15:10:38.887766,0000,077080,0.041750,-0.0012,0.2043
2026-08-10T15:10:40.919646,0000,077088,0.054815,-0.0010,0.2341
2026-08-10T15:10:42.762662,0000,077096,0.018511,-0.0002,0.1361
2026-08-10T15:10:44.743076,0000,077104,0.019437,0.0006,0.1394
2026-08-10T15:10:46.692982,0000,077112,0.032437,0.0010,0.1801
2026-08-10T15:10:48.593950,0000,077120,0.025892,0.0012,0.1609
2026-08-10T15:10:50.467763,0000,077128,0.007839,0.0009,0.0885
2026-08-10T15:10:52.584621,0000,077136,0.019810,0.0004,0.1407
2026-08-10T15:10:54.496874,0000,077144,0.007868,-0.0004,0.0887
2026-08-10T15:10:56.393094,0000,077152,0.011090,-0.0010,0.1053
2026-08-10T15:10:58.286817,0000,077160,0.015558,-0.0010,0.1247
2026-08-10T15:11:00.624402,0000,077168,1.136237,-0.0017,1.0659
2026-08-10T15:11:02.677093,0000,077176,0.014447,-0.0003,0.1202
2026-08-10T15:11:04.749645,0000,077184,0.004616,0.0006,0.0679
2026-08-10T15:11:06.650619,0000,077192,0.015518,0.0011,0.1246
2026-08-10T15:11:09.058592,0000,077200,0.030854,0.0014,0.1757
2026-08-10T15:11:11.110032,0000,077208,0.011536,0.0007,0.1074
2026-08-10T15:11:13.201687,0000,077216,0.031706,0.0002,0.1781
2026-08-10T15:11:14.931228,0000,077224,0.054352,-0.0006,0.2331
2026-08-10T15:11:16.968515,0000,077232,0.015197,-0.0011,0.1233
2026-08-10T15:11:18.783540,0000,077240,0.057355,-0.0010,0.2395
2026-08-10T15:11:21.042058,0000,077248,0.031791,-0.0008,0.1783
2026-08-10T15:11:22.867692,0000,077256,0.006486,-0.0001,0.0805
2026-08-10T15:11:24.713518,0000,077264,0.015117,0.0008,0.1230
2026-08-10T15:11:26.510735,0000,077272,0.011593,0.0011,0.1077
2026-08-10T15:11:28.447677,0000,077280,0.012345,0.0014,0.1111
2026-08-10T15:11:30.380548,0000,077288,0.021203,0.0008,0.1456
2026-08-10T15:11:32.253166,0000,077296,0.007330,0.0003,0.0856
2026-08-10T15:11:34.167625,0000,077304,0.007073,-0.0004,0.0841
2026-08-10T15:11:36.224384,0000,077312,0.010555,-0.0011,0.1027
2026-08-10T15:11:38.489410,0000,077320,0.013955,-0.0013,0.1181
2026-08-10T15:11:40.354488,0000,077328,0.031256,-0.0007,0.1768
2026-08-10T15:11:42.203866,0000,077336,0.009964,-0.0001,0.0998
2026-08-10T15:11:44.173853,0000,077344,0.008384,0.0008,0.0916
2026-08-10T15:11:46.134357,0000,077352,0.022062,0.0011,0.1485
2026-08-10T15:11:48.243105,0000,077360,0.019298,0.0012,0.1389
2026-08-10T15:11:50.444435,0000,077368,0.011409,0.0010,0.1068
2026-08-10T15:11:52.323666,0000,077376,0.030943,0.0001,0.1759
2026-08-10T15:11:54.520635,0000,077384,0.016267,-0.0008,0.1275
2026-08-10T15:11:56.390051,0000,077392,0.013360,-0.0009,0.1156
2026-08-10T15:11:58.228876,0000,077400,0.019142,-0.0011,0.1384
2026-08-10T15:12:00.083232,0000,077408,0.022923,-0.0007,0.1514
2026-08-10T15:12:02.112360,0000,077416,0.009736,-0.0003,0.0987
2026-08-10T15:12:03.965373,0000,077424,0.014443,0.0006,0.1202
2026-08-10T15:12:05.944065,0000,077432,0.013642,0.0012,0.1168
2026-08-10T15:12:07.848270,0000,077440,0.019194,0.0011,0.1385
2026-08-10T15:12:09.698830,0000,077448,0.009272,0.0009,0.0963
2026-08-10T15:12:11.540103,0000,077456,0.011480,0.0004,0.1071
2026-08-10T15:12:13.381371,0000,077464,0.008355,-0.0005,0.0914
2026-08-10T15:12:15.340091,0000,077472,0.021316,-0.0010,0.1460
2026-08-10T15:12:17.252693,0000,077480,0.020153,-0.0010,0.1420
2026-08-10T15:12:19.238047,0000,077488,0.018421,-0.0007,0.1357
2026-08-10T15:12:21.179281,0000,077496,0.007441,-0.0000,0.0863
2026-08-10T15:12:23.312331,0000,077504,0.029298,0.0005,0.1712
2026-08-10T15:12:25.266482,0000,077512,0.012750,0.0012,0.1129
2026-08-10T15:12:27.127403,0000,077520,0.014907,0.0011,0.1221
2026-08-10T15:12:29.019788,0000,077528,0.021652,0.0009,0.1471
2026-08-10T15:12:31.346325,0000,077536,0.028633,0.0004,0.1692
2026-08-10T15:12:33.236057,0000,077544,0.007865,-0.0005,0.0887
2026-08-10T15:12:35.380993,0000,077552,0.033107,-0.0012,0.1820
2026-08-10T15:12:37.344628,0000,077560,0.013899,-0.0010,0.1179
2026-08-10T15:12:39.237266,0000,077568,0.013959,-0.0008,0.1181
2026-08-10T15:12:41.240106,0000,077576,0.016031,-0.0000,0.1266
2026-08-10T15:12:43.109066,0000,077584,0.008775,0.0006,0.0937
2026-08-10T15:12:45.126124,0000,077592,0.019485,0.0010,0.1396
2026-08-10T15:12:47.162965,0000,077600,0.012225,0.0012,0.1106
2026-08-10T15:12:49.045171,0000,077608,1.140989,-0.0001,1.0682
2026-08-10T15:12:50.935211,0000,077616,0.026213,0.0002,0.1619
2026-08-10T15:12:52.868449,0000,077624,0.011241,-0.0004,0.1060
2026-08-10T15:12:54.820668,0000,077632,0.036563,-0.0011,0.1912
2026-08-10T15:12:56.758477,0000,077640,0.015767,-0.0010,0.1256
2026-08-10T15:12:59.055164,0000,077648,0.012581,-0.0009,0.1122
2026-08-10T15:13:00.925068,0000,077656,0.016218,-0.0002,0.1273
2026-08-10T15:13:02.788931,0000,077664,0.010146,0.0007,0.1007
2026-08-10T15:13:04.923617,0000,077672,0.024033,0.0015,0.1550
2026-08-10T15:13:06.835244,0000,077680,0.011437,0.0011,0.1069
2026-08-10T15:13:08.746165,0000,077688,0.012353,0.0008,0.1111
2026-08-10T15:13:10.746010,0000,077696,0.006956,0.0004,0.0834
2026-08-10T15:13:12.832634,0000,077704,0.050532,-0.0005,0.2248
2026-08-10T15:13:14.825065,0000,077712,0.024327,-0.0010,0.1560
2026-08-10T15:13:16.819011,0000,077720,0.143455,-0.0011,0.3788
2026-08-10T15:13:18.822629,0000,077728,0.067691,-0.0007,0.2602
2026-08-10T15:13:20.837113,0000,077736,0.009988,-0.0001,0.0999
2026-08-10T15:13:22.946109,0000,077744,0.013392,0.0007,0.1157
2026-08-10T15:13:25.099855,0000,077752,0.011958,0.0011,0.1094
2026-08-10T15:13:27.401981,0000,077760,0.020335,0.0013,0.1426
2026-08-10T15:13:29.657915,0000,077768,0.014771,0.0011,0.1215
2026-08-10T15:13:31.694823,0000,077776,0.007039,0.0004,0.0839
2026-08-10T15:13:33.885958,0000,077784,0.077050,-0.0009,0.2776
2026-08-10T15:13:35.956086,0000,077792,0.008884,-0.0009,0.0943
2026-08-10T15:13:38.330295,0000,077800,0.016584,-0.0012,0.1288
2026-08-10T15:13:40.736991,0000,077808,0.027669,-0.0011,0.1663
2026-08-10T15:13:42.741235,0000,077816,0.018633,-0.0002,0.1365
2026-08-10T15:13:44.765730,0000,077824,0.010253,0.0006,0.1013
2026-08-10T15:13:47.025300,0000,077832,0.018527,0.0009,0.1361
2026-08-10T15:13:49.049425,0000,077840,0.013984,0.0011,0.1183
2026-08-10T15:13:51.093625,0000,077848,0.028871,0.0008,0.1699
2026-08-10T15:13:53.083901,0000,077856,0.007087,0.0002,0.0842
2026-08-10T15:13:55.157507,0000,077864,0.042341,-0.0004,0.2058
2026-08-10T15:13:57.154729,0000,077872,0.008188,-0.0009,0.0905
2026-08-10T15:13:59.518178,0000,077880,0.019266,-0.0011,0.1388
2026-08-10T15:14:01.534268,0000,077888,0.014510,-0.0007,0.1205
2026-08-10T15:14:03.652217,0000,077896,0.010781,-0.0002,0.1038
2026-08-10T15:14:05.755744,0000,077904,0.014121,0.0008,0.1188
2026-08-10T15:14:07.888766,0000,077912,0.022000,0.0012,0.1483
2026-08-10T15:14:09.977151,0000,077920,0.022805,0.0013,0.1510
2026-08-10T15:14:11.974257,0000,077928,0.017606,0.0009,0.1327
2026-08-10T15:14:14.241755,0000,077936,0.018015,0.0002,0.1342
2026-08-10T15:14:16.260875,0000,077944,0.009385,-0.0005,0.0969
2026-08-10T15:14:18.319776,0000,077952,0.008914,-0.0009,0.0944
2026-08-10T15:14:20.375722,0000,077960,1.153260,-0.0019,1.0739
2026-08-10T15:14:22.573693,0000,077968,0.012583,-0.0009,0.1122
2026-08-10T15:14:24.567266,0000,077976,0.018646,-0.0002,0.1366
2026-08-10T15:14:26.677703,0000,077984,0.019274,0.0005,0.1388
2026-08-10T15:14:28.682912,0000,077992,0.019019,0.0011,0.1379
2026-08-10T15:14:31.009815,0000,078000,0.019583,0.0012,0.1399
2026-08-10T15:14:33.267522,0000,078008,0.016706,0.0010,0.1293
2026-08-10T15:14:35.771525,0000,078016,0.008545,0.0002,0.0924
2026-08-10T15:14:38.009691,0000,078024,0.006868,-0.0005,0.0829
2026-08-10T15:14:40.180909,0000,078032,0.014330,-0.0009,0.1197
2026-08-10T15:14:42.387781,0000,078040,0.023509,-0.0013,0.1533
2026-08-10T15:14:44.380791,0000,078048,0.016827,-0.0007,0.1297
2026-08-10T15:14:46.430576,0000,078056,0.011373,-0.0001,0.1066
2026-08-10T15:14:48.597482,0000,078064,0.011449,0.0006,0.1070
2026-08-10T15:14:50.804153,0000,078072,0.028363,0.0012,0.1684
2026-08-10T15:14:52.957669,0000,078080,0.027021,0.0012,0.1644
2026-08-10T15:14:55.187553,0000,078088,1.149668,0.0001,1.0722
2026-08-10T15:14:57.199327,0000,078096,0.027329,0.0002,0.1653
2026-08-10T15:14:59.203377,0000,078104,0.018846,-0.0006,0.1373
2026-08-10T15:15:01.206163,0000,078112,0.014753,-0.0009,0.1215
2026-08-10T15:15:03.503280,0000,078120,0.033264,-0.0012,0.1824
2026-08-10T15:15:05.523762,0000,078128,0.010843,-0.0007,0.1041
2026-08-10T15:15:07.715688,0000,078136,0.010612,-0.0002,0.1030
2026-08-10T15:15:09.810707,0000,078144,0.012443,0.0007,0.1115
2026-08-10T15:15:11.928712,0000,078152,0.019821,0.0012,0.1408
2026-08-10T15:15:14.235434,0000,078160,0.012204,0.0013,0.1105
2026-08-10T15:15:16.602511,0000,078168,0.021424,0.0011,0.1464
2026-08-10T15:15:18.811553,0000,078176,0.008293,0.0003,0.0911
2026-08-10T15:15:20.841198,0000,078184,0.014095,-0.0005,0.1187
2026-08-10T15:15:22.886544,0000,078192,0.019867,-0.0009,0.1410
2026-08-10T15:15:25.152503,0000,078200,0.024366,-0.0013,0.1561
2026-08-10T15:15:27.177459,0000,078208,0.014667,-0.0007,0.1211
2026-08-10T15:15:29.170521,0000,078216,0.008003,-0.0002,0.0895
2026-08-10T15:15:31.289506,0000,078224,0.012211,0.0008,0.1105
2026-08-10T15:15:33.556135,0000,078232,0.018195,0.0012,0.1349
2026-08-10T15:15:35.550471,0000,078240,0.014310,0.0011,0.1196
2026-08-10T15:15:37.705271,0000,078248,0.032299,0.0009,0.1797
2026-08-10T15:15:39.739361,0000,078256,0.007667,0.0004,0.0876
2026-08-10T15:15:41.858397,0000,078264,0.009731,-0.0004,0.0986
2026-08-10T15:15:44.004274,0000,078272,0.025998,-0.0011,0.1612
2026-08-10T15:15:46.040072,0000,078280,0.014963,-0.0010,0.1223
2026-08-10T15:15:48.046565,0000,078288,0.014335,-0.0007,0.1197
2026-08-10T15:15:50.162217,0000,078296,0.026895,-0.0003,0.1640
2026-08-10T15:15:52.330387,0000,078304,0.007816,0.0007,0.0884
2026-08-10T15:15:54.386666,0000,078312,0.014330,0.0012,0.1197
2026-08-10T15:15:56.432383,0000,078320,0.018372,0.0011,0.1355
2026-08-10T15:15:58.412384,0000,078328,0.019202,0.0008,0.1386
2026-08-10T15:16:00.471182,0000,078336,0.014020,0.0004,0.1184
2026-08-10T15:16:02.552219,0000,078344,0.006864,-0.0005,0.0828
2026-08-10T15:16:04.579091,0000,078352,0.008117,-0.0008,0.0901
2026-08-10T15:16:06.606662,0000,078360,0.027085,-0.0009,0.1646
2026-08-10T15:16:08.601099,0000,078368,0.026351,-0.0007,0.1623
2026-08-10T15:16:11.073669,0000,078376,0.010222,-0.0002,0.1011
2026-08-10T15:16:13.117927,0000,078384,0.028190,0.0005,0.1679
2026-08-10T15:16:15.403671,0000,078392,0.035367,0.0010,0.1881
2026-08-10T15:16:17.417572,0000,078400,0.031512,0.0011,0.1775
2026-08-10T15:16:19.844157,0000,078408,0.014348,0.0009,0.1198
2026-08-10T15:16:21.903232,0000,078416,0.006088,0.0004,0.0780
2026-08-10T15:16:23.898269,0000,078424,0.011163,-0.0005,0.1057
2026-08-10T15:16:25.905225,0000,078432,0.013776,-0.0009,0.1174
2026-08-10T15:16:27.904051,0000,078440,0.035785,-0.0010,0.1892
2026-08-10T15:16:29.979703,0000,078448,0.015069,-0.0006,0.1228
2026-08-10T15:16:32.268654,0000,078456,0.022049,-0.0002,0.1485
2026-08-10T15:16:34.327429,0000,078464,0.007177,0.0007,0.0847
2026-08-10T15:16:36.309333,0000,078472,0.015934,0.0011,0.1262
2026-08-10T15:16:38.294806,0000,078480,0.011329,0.0011,0.1064
2026-08-10T15:16:40.714293,0000,078488,0.040891,0.0008,0.2022
2026-08-10T15:16:42.789748,0000,078496,0.013587,0.0004,0.1166
2026-08-10T15:16:44.809376,0000,078504,0.051748,-0.0005,0.2275
2026-08-10T15:16:46.886105,0000,078512,0.025761,-0.0010,0.1605
2026-08-10T15:16:48.899694,0000,078520,0.143074,-0.0010,0.3783
2026-08-10T15:16:50.887460,0000,078528,0.009111,-0.0006,0.0955
2026-08-10T15:16:52.932784,0000,078536,0.006339,-0.0002,0.0796
2026-08-10T15:16:54.913404,0000,078544,0.011252,0.0007,0.1061
2026-08-10T15:16:57.276273,0000,078552,0.021089,0.0012,0.1452
2026-08-10T15:16:59.480132,0000,078560,0.020306,0.0011,0.1425
2026-08-10T15:17:01.558056,0000,078568,0.008585,0.0009,0.0927
2026-08-10T15:17:03.783045,0000,078576,0.158810,0.0001,0.3985
2026-08-10T15:17:06.101372,0000,078584,0.016231,-0.0000,0.1274
2026-08-10T15:17:08.384115,0000,078592,0.017525,0.0003,0.1324
2026-08-10T15:17:10.883635,0000,078600,0.019306,0.0000,0.1389
2026-08-10T15:17:13.036447,0000,078608,0.005694,-0.0004,0.0755
2026-08-10T15:17:15.042886,0000,078616,0.015027,-0.0005,0.1226
2026-08-10T15:17:17.100669,0000,078624,0.045147,-0.0006,0.2125
2026-08-10T15:17:19.561816,0000,078632,0.021558,0.0004,0.1468
2026-08-10T15:17:21.918307,0000,078640,0.024517,0.0005,0.1566
2026-08-10T15:17:24.126496,0000,078648,0.019729,0.0003,0.1405
2026-08-10T15:17:26.115042,0000,078656,0.013246,-0.0004,0.1151
2026-08-10T15:17:28.413946,0000,078664,0.018774,-0.0006,0.1370
2026-08-10T15:17:30.398676,0000,078672,0.019500,-0.0003,0.1396
2026-08-10T15:17:32.517981,0000,078680,0.010297,0.0003,0.1015
2026-08-10T15:17:34.560676,0000,078688,0.024071,0.0004,0.1551
2026-08-10T15:17:36.533623,0000,078696,0.007369,0.0003,0.0858
2026-08-10T15:17:38.798578,0000,078704,0.051798,-0.0003,0.2276
2026-08-10T15:17:41.045021,0000,078712,0.009847,-0.0003,0.0992
2026-08-10T15:17:43.056765,0000,078720,0.005213,-0.0001,0.0722
2026-08-10T15:17:45.044142,0000,078728,0.006675,0.0004,0.0817
2026-08-10T15:17:47.274269,0000,078736,0.011973,0.0006,0.1094
2026-08-10T15:17:49.288810,0000,078744,0.010442,0.0002,0.1022
2026-08-10T15:17:51.338755,0000,078752,0.013499,-0.0003,0.1162
2026-08-10T15:17:53.431065,0000,078760,0.005692,-0.0003,0.0754
2026-08-10T15:17:55.469365,0000,078768,0.012554,-0.0002,0.1120
2026-08-10T15:17:57.782066,0000,078776,0.014704,0.0006,0.1213
2026-08-10T15:18:00.115896,0000,078784,0.014142,0.0008,0.1189
2026-08-10T15:18:02.352867,0000,078792,0.015648,0.0004,0.1251
2026-08-10T15:18:04.339483,0000,078800,0.010750,-0.0001,0.1037
2026-08-10T15:18:06.351977,0000,078808,0.019397,-0.0003,0.1393
2026-08-10T15:18:08.636607,0000,078816,0.015176,0.0001,0.1232
2026-08-10T15:18:10.839095,0000,078824,0.014312,-0.0001,0.1196
2026-08-10T15:18:13.167713,0000,078832,0.027045,-0.0000,0.1645
2026-08-10T15:18:15.212062,0000,078840,0.016239,0.0004,0.1274
2026-08-10T15:18:17.439764,0000,078848,0.013108,0.0006,0.1145
2026-08-10T15:18:19.432842,0000,078856,0.009743,0.0004,0.0987
2026-08-10T15:18:21.535651,0000,078864,0.013099,0.0000,0.1145
2026-08-10T15:18:23.946820,0000,078872,0.029136,-0.0013,0.1707
2026-08-10T15:18:26.688239,0000,078880,0.014500,-0.0016,0.1204
2026-08-10T15:18:28.686662,0000,078888,0.024667,-0.0013,0.1571
2026-08-10T15:18:30.837488,0000,078896,0.008215,-0.0009,0.0906
2026-08-10T15:18:32.955023,0000,078904,0.007245,-0.0003,0.0851
2026-08-10T15:18:34.963547,0000,078912,0.009866,0.0006,0.0993
2026-08-10T15:18:37.042617,0000,078920,0.011774,0.0010,0.1085
2026-08-10T15:18:39.108526,0000,078928,0.017680,0.0011,0.1330
2026-08-10T15:18:41.119811,0000,078936,0.008801,0.0008,0.0938
2026-08-10T15:18:43.439338,0000,078944,0.031280,0.0004,0.1769
2026-08-10T15:18:45.617050,0000,078952,0.011161,-0.0005,0.1056
2026-08-10T15:18:47.660545,0000,078960,0.010919,-0.0010,0.1045
2026-08-10T15:18:49.704712,0000,078968,0.016521,-0.0010,0.1285
2026-08-10T15:18:51.741625,0000,078976,0.007037,-0.0006,0.0839
2026-08-10T15:18:53.743484,0000,078984,0.014253,-0.0002,0.1194
2026-08-10T15:18:55.832586,0000,078992,0.061733,0.0008,0.2485
2026-08-10T15:18:57.871771,0000,079000,0.023817,0.0010,0.1543
2026-08-10T15:19:00.145888,0000,079008,0.031585,0.0013,0.1777
2026-08-10T15:19:02.288121,0000,079016,0.021489,0.0009,0.1466
2026-08-10T15:19:04.343578,0000,079024,0.007736,0.0005,0.0880
2026-08-10T15:19:06.578674,0000,079032,0.011893,-0.0005,0.1091
2026-08-10T15:19:08.683547,0000,079040,0.023576,-0.0009,0.1535
2026-08-10T15:19:10.701453,0000,079048,0.010111,-0.0008,0.1006
2026-08-10T15:19:12.747585,0000,079056,1.138333,-0.0015,1.0669
2026-08-10T15:19:14.732415,0000,079064,0.013990,-0.0001,0.1183
2026-08-10T15:19:16.746487,0000,079072,0.016790,0.0008,0.1296
2026-08-10T15:19:18.935380,0000,079080,0.051544,0.0011,0.2270
2026-08-10T15:19:21.209336,0000,079088,0.035861,0.0012,0.1894
2026-08-10T15:19:23.206825,0000,079096,0.008779,0.0009,0.0937
2026-08-10T15:19:25.307384,0000,079104,0.019856,0.0003,0.1409
2026-08-10T15:19:27.517736,0000,079112,0.005436,-0.0004,0.0737
2026-08-10T15:19:29.794452,0000,079120,0.024669,-0.0009,0.1571
2026-08-10T15:19:31.871390,0000,079128,0.012993,-0.0008,0.1140
2026-08-10T15:19:34.028479,0000,079136,0.016735,-0.0007,0.1294
2026-08-10T15:19:36.389457,0000,079144,0.019224,-0.0000,0.1387
2026-08-10T15:19:38.503448,0000,079152,0.012154,0.0008,0.1102
2026-08-10T15:19:40.496871,0000,079160,0.009347,0.0012,0.0967
2026-08-10T15:19:42.664304,0000,079168,0.038512,0.0014,0.1962
2026-08-10T15:19:44.769089,0000,079176,0.015662,0.0012,0.1251
2026-08-10T15:19:47.102282,0000,079184,0.019801,0.0003,0.1407
2026-08-10T15:19:49.219383,0000,079192,0.027299,-0.0004,0.1652
2026-08-10T15:19:51.360772,0000,079200,0.010058,-0.0007,0.1003
2026-08-10T15:19:53.454424,0000,079208,0.011344,-0.0008,0.1065
2026-08-10T15:19:55.902440,0000,079216,0.016920,-0.0007,0.1301
2026-08-10T15:19:58.071187,0000,079224,0.145686,0.0001,0.3817
2026-08-10T15:20:00.074189,0000,079232,0.017509,0.0001,0.1323
2026-08-10T15:20:02.367307,0000,079240,0.006269,0.0001,0.0792
2026-08-10T15:20:04.412934,0000,079248,0.010886,-0.0005,0.1043
2026-08-10T15:20:06.838203,0000,079256,0.013488,-0.0006,0.1161
2026-08-10T15:20:09.169397,0000,079264,0.009129,-0.0003,0.0955
2026-08-10T15:20:11.517604,0000,079272,0.013210,0.0002,0.1149
2026-08-10T15:20:13.798583,0000,079280,0.012146,0.0006,0.1102
2026-08-10T15:20:15.970272,0000,079288,0.026320,0.0001,0.1622
2026-08-10T15:20:17.953811,0000,079296,0.018451,-0.0002,0.1358
2026-08-10T15:20:19.985018,0000,079304,0.019588,-0.0003,0.1400
2026-08-10T15:20:21.971196,0000,079312,0.008841,-0.0001,0.0940
2026-08-10T15:20:24.024424,0000,079320,0.027096,0.0003,0.1646
2026-08-10T15:20:26.095379,0000,079328,0.027435,0.0006,0.1656
2026-08-10T15:20:28.162153,0000,079336,0.036425,0.0003,0.1909
2026-08-10T15:20:30.475257,0000,079344,0.009867,-0.0002,0.0993
2026-08-10T15:20:32.902631,0000,079352,0.018943,-0.0003,0.1376
2026-08-10T15:20:34.906554,0000,079360,0.011408,-0.0001,0.1068
2026-08-10T15:20:37.095941,0000,079368,0.011265,0.0004,0.1061
2026-08-10T15:20:39.340094,0000,079376,0.015583,0.0006,0.1248
2026-08-10T15:20:41.405306,0000,079384,0.013950,0.0004,0.1181
2026-08-10T15:20:43.389054,0000,079392,0.012857,-0.0001,0.1134
2026-08-10T15:20:45.739072,0000,079400,0.022848,-0.0002,0.1512
2026-08-10T15:20:47.805191,0000,079408,0.015245,0.0001,0.1235
2026-08-10T15:20:50.016102,0000,079416,0.025178,-0.0001,0.1587
2026-08-10T15:20:52.187576,0000,079424,0.006607,0.0000,0.0813
2026-08-10T15:20:54.411525,0000,079432,0.015743,-0.0000,0.1255
2026-08-10T15:20:56.383974,0000,079440,0.014509,0.0001,0.1205
2026-08-10T15:20:58.615965,0000,079448,0.009171,-0.0000,0.0958
2026-08-10T15:21:00.625170,0000,079456,0.016876,-0.0005,0.1299
2026-08-10T15:21:02.823930,0000,079464,0.025577,-0.0007,0.1599
2026-08-10T15:21:04.839379,0000,079472,0.016005,-0.0003,0.1265
2026-08-10T15:21:06.952510,0000,079480,0.007905,0.0003,0.0889
2026-08-10T15:21:09.352675,0000,079488,0.013723,0.0007,0.1171
2026-08-10T15:21:11.504289,0000,079496,0.016112,0.0002,0.1269
2026-08-10T15:21:13.497711,0000,079504,0.010258,-0.0002,0.1013
2026-08-10T15:21:15.879223,0000,079512,0.013603,-0.0003,0.1166
2026-08-10T15:21:17.985155,0000,079520,0.023900,-0.0002,0.1546
2026-08-10T15:21:20.047038,0000,079528,0.014422,0.0004,0.1201
2026-08-10T15:21:22.242753,0000,079536,0.009601,0.0007,0.0980
2026-08-10T15:21:24.224038,0000,079544,0.095409,0.0002,0.3089
2026-08-10T15:21:26.374022,0000,079552,0.018309,-0.0002,0.1353
2026-08-10T15:21:28.455062,0000,079560,0.020485,-0.0003,0.1431
2026-08-10T15:21:30.546423,0000,079568,0.013759,-0.0001,0.1173
2026-08-10T15:21:32.737391,0000,079576,0.031705,0.0003,0.1781
2026-08-10T15:21:34.780083,0000,079584,0.016208,0.0006,0.1273
2026-08-10T15:21:36.915759,0000,079592,0.007866,0.0005,0.0887
2026-08-10T15:21:39.147256,0000,079600,0.010253,-0.0001,0.1013
2026-08-10T15:21:41.544632,0000,079608,0.058625,0.0001,0.2421
2026-08-10T15:21:43.718435,0000,079616,0.017543,-0.0007,0.1325
2026-08-10T15:21:45.571009,0000,079624,0.013209,-0.0008,0.1149
2026-08-10T15:21:47.525949,0000,079632,0.015758,-0.0004,0.1255
2026-08-10T15:21:49.402762,0000,079640,0.006459,0.0001,0.0804
2026-08-10T15:21:51.697882,0000,079648,0.024924,0.0002,0.1579
2026-08-10T15:21:53.728843,0000,079656,0.026967,0.0001,0.1642
2026-08-10T15:21:55.638045,0000,079664,0.011338,-0.0001,0.1065
2026-08-10T15:21:57.810716,0000,079672,1.132922,-0.0008,1.0644
2026-08-10T15:21:59.748536,0000,079680,0.024134,0.0002,0.1554
2026-08-10T15:22:02.221915,0000,079688,0.024139,0.0006,0.1554
2026-08-10T15:22:04.288940,0000,079696,0.034398,-0.0001,0.1855
2026-08-10T15:22:06.575054,0000,079704,0.019560,0.0000,0.1399
2026-08-10T15:22:08.737943,0000,079712,0.007966,-0.0002,0.0893
2026-08-10T15:22:10.851866,0000,079720,0.034058,-0.0003,0.1845
2026-08-10T15:22:12.989505,0000,079728,0.018272,0.0000,0.1352
2026-08-10T15:22:15.196182,0000,079736,0.009863,0.0002,0.0993
2026-08-10T15:22:17.756947,0000,079744,0.008238,-0.0000,0.0908
2026-08-10T15:22:19.763843,0000,079752,0.011498,-0.0007,0.1072
2026-08-10T15:22:21.741986,0000,079760,0.148749,-0.0010,0.3857
2026-08-10T15:22:23.778870,0000,079768,0.022897,-0.0008,0.1513
2026-08-10T15:22:25.774053,0000,079776,0.012399,-0.0002,0.1114
2026-08-10T15:22:28.382669,0000,079784,0.020327,0.0006,0.1426
2026-08-10T15:22:30.613633,0000,079792,0.035818,0.0008,0.1893
2026-08-10T15:22:32.825200,0000,079800,0.012926,0.0008,0.1137
2026-08-10T15:22:34.934440,0000,079808,0.016171,0.0003,0.1272
2026-08-10T15:22:37.165465,0000,079816,0.009840,-0.0003,0.0992
2026-08-10T15:22:40.083259,0000,079824,0.007607,-0.0004,0.0872
2026-08-10T15:22:42.423527,0000,079832,0.025063,-0.0003,0.1583
2026-08-10T15:22:44.843147,0000,079840,0.005900,0.0001,0.0768
2026-08-10T15:22:46.870890,0000,079848,0.013796,0.0001,0.1175
2026-08-10T15:22:49.125376,0000,079856,0.027678,-0.0002,0.1664
2026-08-10T15:22:51.315270,0000,079864,0.015759,-0.0000,0.1255
2026-08-10T15:22:53.552244,0000,079872,0.013903,0.0004,0.1179
2026-08-10T15:22:55.563696,0000,079880,0.007113,0.0005,0.0843
2026-08-10T15:22:57.503604,0000,079888,0.029085,-0.0001,0.1705
2026-08-10T15:22:59.788762,0000,079896,0.021864,0.0000,0.1479
2026-08-10T15:23:01.840381,0000,079904,0.015977,-0.0000,0.1264
2026-08-10T15:23:04.003447,0000,079912,0.006096,0.0000,0.0781
2026-08-10T15:23:06.133614,0000,079920,0.011206,-0.0003,0.1059
2026-08-10T15:23:08.122419,0000,079928,0.028132,-0.0001,0.1677
2026-08-10T15:23:10.088867,0000,079936,0.010643,0.0001,0.1032
2026-08-10T15:23:12.039981,0000,079944,0.015498,0.0003,0.1245
2026-08-10T15:23:13.955631,0000,079952,0.021421,-0.0001,0.1464
2026-08-10T15:23:16.271547,0000,079960,0.019761,-0.0001,0.1406
2026-08-10T15:23:18.700361,0000,079968,0.011223,0.0005,0.1059
2026-08-10T15:23:21.495422,0000,079976,0.027061,0.0005,0.1645
2026-08-10T15:23:23.557040,0000,079984,0.057997,-0.0000,0.2408
2026-08-10T15:23:25.654348,0000,079992,0.009541,0.0003,0.0977
2026-08-10T15:23:28.062915,0000,080000,0.043781,-0.0003,0.2092
2026-08-10T15:23:30.027520,0000,080008,0.019111,-0.0001,0.1382
2026-08-10T15:23:32.424334,0000,080016,0.010290,0.0002,0.1014
2026-08-10T15:23:34.548340,0000,080024,0.019843,0.0002,0.1409
2026-08-10T15:23:36.484693,0000,080032,0.013476,-0.0002,0.1161
2026-08-10T15:23:38.429530,0000,080040,0.012509,-0.0001,0.1118
2026-08-10T15:23:40.508728,0000,080048,0.012377,0.0003,0.1113
2026-08-10T15:23:42.624469,0000,080056,0.008253,0.0003,0.0908
2026-08-10T15:23:45.212509,0000,080064,0.015797,0.0001,0.1257
2026-08-10T15:23:47.553718,0000,080072,0.023975,-0.0006,0.1548
2026-08-10T15:23:49.830608,0000,080080,0.009152,-0.0009,0.0957
2026-08-10T15:23:52.159745,0000,080088,0.021414,-0.0008,0.1463
2026-08-10T15:23:54.184718,0000,080096,0.013502,-0.0003,0.1162
2026-08-10T15:23:56.439178,0000,080104,0.014300,0.0007,0.1196
2026-08-10T15:23:58.612039,0000,080112,0.024900,0.0008,0.1578
2026-08-10T15:24:00.761356,0000,080120,0.021190,0.0006,0.1456
2026-08-10T15:24:02.957407,0000,080128,0.016077,0.0002,0.1268
2026-08-10T15:24:05.113445,0000,080136,0.011938,-0.0003,0.1093
2026-08-10T15:24:07.245359,0000,080144,0.008844,-0.0005,0.0940
2026-08-10T15:24:09.589755,0000,080152,0.041599,-0.0008,0.2040
2026-08-10T15:24:11.803498,0000,080160,0.021697,-0.0002,0.1473
2026-08-10T15:24:13.776362,0000,080168,0.012889,0.0005,0.1135
2026-08-10T15:24:15.739423,0000,080176,0.019889,0.0007,0.1410
2026-08-10T15:24:17.616051,0000,080184,0.055920,0.0007,0.2365
2026-08-10T15:24:19.754513,0000,080192,0.026431,0.0003,0.1626
2026-08-10T15:24:21.819166,0000,080200,0.022967,-0.0002,0.1515
2026-08-10T15:24:23.736738,0000,080208,0.013626,-0.0005,0.1167
2026-08-10T15:24:25.738706,0000,080216,0.011007,-0.0005,0.1049
2026-08-10T15:24:27.718993,0000,080224,0.006740,0.0000,0.0821
2026-08-10T15:24:29.869223,0000,080232,0.021362,0.0007,0.1462
2026-08-10T15:24:32.141074,0000,080240,0.007976,0.0011,0.0893
2026-08-10T15:24:34.581645,0000,080248,0.017744,0.0010,0.1332
2026-08-10T15:24:36.535653,0000,080256,0.008727,0.0005,0.0934
2026-08-10T15:24:38.740974,0000,080264,0.007927,-0.0003,0.0890
2026-08-10T15:24:40.881511,0000,080272,0.027659,-0.0005,0.1663
2026-08-10T15:24:42.962820,0000,080280,0.008728,-0.0004,0.0934
2026-08-10T15:24:45.021142,0000,080288,0.008546,-0.0000,0.0924
2026-08-10T15:24:47.188146,0000,080296,0.016357,0.0008,0.1279
2026-08-10T15:24:49.241278,0000,080304,0.020590,0.0008,0.1435
2026-08-10T15:24:51.804644,0000,080312,0.018992,0.0013,0.1378
2026-08-10T15:24:54.206946,0000,080320,0.009694,0.0004,0.0985
2026-08-10T15:24:56.707476,0000,080328,0.007440,-0.0002,0.0863
2026-08-10T15:24:59.319275,0000,080336,0.028430,-0.0006,0.1686
2026-08-10T15:25:01.820810,0000,080344,0.023368,-0.0005,0.1529
2026-08-10T15:25:03.906939,0000,080352,0.036944,-0.0001,0.1922
2026-08-10T15:25:06.400193,0000,080360,0.011782,0.0007,0.1085
2026-08-10T15:25:08.648370,0000,080368,0.020856,0.0009,0.1444
2026-08-10T15:25:10.738747,0000,080376,0.146561,0.0008,0.3828
2026-08-10T15:25:12.954827,0000,080384,0.028261,0.0003,0.1681
2026-08-10T15:25:15.215812,0000,080392,0.004222,-0.0003,0.0650
2026-08-10T15:25:17.313794,0000,080400,0.012216,-0.0005,0.1105
2026-08-10T15:25:19.663227,0000,080408,0.014273,-0.0005,0.1195
2026-08-10T15:25:21.757302,0000,080416,0.014761,-0.0000,0.1215
2026-08-10T15:25:23.765540,0000,080424,0.016806,0.0005,0.1296
2026-08-10T15:25:25.720300,0000,080432,0.012161,0.0008,0.1103
2026-08-10T15:25:27.955274,0000,080440,0.040577,0.0006,0.2014
2026-08-10T15:25:30.197313,0000,080448,0.014065,0.0004,0.1186
2026-08-10T15:25:32.325386,0000,080456,0.016971,-0.0002,0.1303
2026-08-10T15:25:34.920386,0000,080464,0.032198,-0.0008,0.1794
2026-08-10T15:25:37.791278,0000,080472,0.011757,-0.0007,0.1084
2026-08-10T15:25:39.853449,0000,080480,0.008648,-0.0002,0.0930
2026-08-10T15:25:41.994086,0000,080488,0.023778,0.0004,0.1542
2026-08-10T15:25:44.263513,0000,080496,0.006277,0.0006,0.0792
2026-08-10T15:25:46.842341,0000,080504,1.158171,-0.0003,1.0762
2026-08-10T15:25:48.980604,0000,080512,0.023165,0.0002,0.1522
2026-08-10T15:25:51.444434,0000,080520,0.015657,-0.0005,0.1251
2026-08-10T15:25:53.688398,0000,080528,0.014485,-0.0006,0.1204
2026-08-10T15:25:56.283844,0000,080536,0.028222,-0.0005,0.1680
2026-08-10T15:25:58.503788,0000,080544,0.026456,-0.0002,0.1627
2026-08-10T15:26:00.564887,0000,080552,0.050502,0.0004,0.2247
2026-08-10T15:26:02.759754,0000,080560,0.014538,0.0006,0.1206
2026-08-10T15:26:05.011573,0000,080568,0.009070,0.0007,0.0952
2026-08-10T15:26:07.242462,0000,080576,0.008566,0.0003,0.0926
2026-08-10T15:26:09.458109,0000,080584,0.016629,-0.0005,0.1290
2026-08-10T15:26:11.787648,0000,080592,0.037855,-0.0007,0.1946
2026-08-10T15:26:14.252379,0000,080600,0.038144,-0.0009,0.1953
2026-08-10T15:26:16.438873,0000,080608,0.013734,-0.0003,0.1172
2026-08-10T15:26:19.049737,0000,080616,0.024886,0.0004,0.1578
2026-08-10T15:26:21.802618,0000,080624,0.012401,0.0008,0.1114
2026-08-10T15:26:24.462003,0000,080632,0.008513,0.0009,0.0923
2026-08-10T15:26:26.982102,0000,080640,0.012991,0.0002,0.1140
2026-08-10T15:26:29.777849,0000,080648,0.016050,-0.0007,0.1267
2026-08-10T15:26:32.198725,0000,080656,0.010813,-0.0006,0.1040
2026-08-10T15:26:34.553691,0000,080664,0.015931,-0.0007,0.1262
2026-08-10T15:26:36.814961,0000,080672,0.015492,-0.0001,0.1245
2026-08-10T15:26:38.992316,0000,080680,0.019118,0.0005,0.1383
2026-08-10T15:26:41.372660,0000,080688,0.034148,0.0006,0.1848
2026-08-10T15:26:43.697258,0000,080696,0.010377,0.0007,0.1019
2026-08-10T15:26:46.003852,0000,080704,0.011374,0.0003,0.1066
2026-08-10T15:26:48.289674,0000,080712,0.007737,-0.0002,0.0880
2026-08-10T15:26:50.296352,0000,080720,0.013756,-0.0006,0.1173
2026-08-10T15:26:52.232327,0000,080728,0.015697,-0.0006,0.1253
2026-08-10T15:26:54.197676,0000,080736,0.021139,-0.0002,0.1454
2026-08-10T15:26:56.116128,0000,080744,0.013881,0.0004,0.1178
2026-08-10T15:26:58.055946,0000,080752,0.017065,0.0007,0.1306
2026-08-10T15:27:00.056804,0000,080760,0.025695,0.0007,0.1603
2026-08-10T15:27:02.618775,0000,080768,0.014260,0.0001,0.1194
2026-08-10T15:27:05.733096,0000,080776,0.024255,-0.0005,0.1557
2026-08-10T15:27:08.091234,0000,080784,0.141533,-0.0007,0.3762
2026-08-10T15:27:10.290405,0000,080792,0.016741,-0.0006,0.1294
2026-08-10T15:27:12.665167,0000,080800,0.015483,-0.0003,0.1244
2026-08-10T15:27:14.916471,0000,080808,0.027898,0.0003,0.1670
2026-08-10T15:27:17.542580,0000,080816,0.017355,0.0007,0.1317
2026-08-10T15:27:20.082080,0000,080824,0.014833,0.0007,0.1218
2026-08-10T15:27:22.055672,0000,080832,0.031714,0.0001,0.1781
2026-08-10T15:27:24.097535,0000,080840,0.012113,-0.0004,0.1101
2026-08-10T15:27:26.523867,0000,080848,0.035476,-0.0009,0.1883
2026-08-10T15:27:28.457659,0000,080856,0.020432,-0.0006,0.1429
2026-08-10T15:27:30.494401,0000,080864,0.007445,-0.0003,0.0863
2026-08-10T15:27:32.792172,0000,080872,0.011335,0.0005,0.1065
2026-08-10T15:27:34.873629,0000,080880,0.009232,0.0008,0.0961
2026-08-10T15:27:37.060494,0000,080888,0.007039,0.0006,0.0839
2026-08-10T15:27:39.371353,0000,080896,0.021249,0.0004,0.1458
2026-08-10T15:27:41.895606,0000,080904,0.017626,-0.0003,0.1328
2026-08-10T15:27:44.544787,0000,080912,0.025557,-0.0009,0.1599
2026-08-10T15:27:46.487286,0000,080920,0.006053,-0.0005,0.0778
2026-08-10T15:27:48.510344,0000,080928,0.022232,-0.0002,0.1491
2026-08-10T15:27:50.977472,0000,080936,0.020197,0.0006,0.1421
2026-08-10T15:27:53.016935,0000,080944,0.018549,0.0008,0.1362
2026-08-10T15:27:54.949829,0000,080952,0.006140,0.0006,0.0784
2026-08-10T15:27:56.982416,0000,080960,0.016271,0.0002,0.1276
2026-08-10T15:27:58.875700,0000,080968,0.004677,-0.0004,0.0684
2026-08-10T15:28:00.847197,0000,080976,0.020395,-0.0007,0.1428
2026-08-10T15:28:02.742973,0000,080984,0.012623,-0.0006,0.1124
2026-08-10T15:28:04.852285,0000,080992,0.032115,-0.0003,0.1792
2026-08-10T15:28:06.846789,0000,081000,0.033548,0.0003,0.1832
2026-08-10T15:28:08.897190,0000,081008,0.021053,0.0007,0.1451
2026-08-10T15:28:11.095798,0000,081016,0.024776,0.0006,0.1574
2026-08-10T15:28:13.055564,0000,081024,0.011003,0.0003,0.1049
2026-08-10T15:28:15.154021,0000,081032,0.015276,-0.0003,0.1236
2026-08-10T15:28:17.363349,0000,081040,0.013669,-0.0008,0.1169
2026-08-10T15:28:19.311198,0000,081048,0.004832,-0.0005,0.0695
2026-08-10T15:28:21.276154,0000,081056,0.009125,-0.0001,0.0955
2026-08-10T15:28:23.341347,0000,081064,0.013785,0.0005,0.1174
2026-08-10T15:28:25.462410,0000,081072,0.027304,0.0007,0.1652
2026-08-10T15:28:27.443487,0000,081080,0.013539,0.0006,0.1164
2026-08-10T15:28:29.377189,0000,081088,0.040620,0.0002,0.2015
2026-08-10T15:28:31.547834,0000,081096,0.008264,-0.0004,0.0909
2026-08-10T15:28:33.786218,0000,081104,0.012546,-0.0007,0.1120
2026-08-10T15:28:35.672013,0000,081112,0.020081,-0.0006,0.1417
2026-08-10T15:28:37.697170,0000,081120,0.004615,-0.0001,0.0679
2026-08-10T15:28:39.624186,0000,081128,0.008539,0.0004,0.0924
2026-08-10T15:28:41.590616,0000,081136,0.017334,0.0007,0.1317
2026-08-10T15:28:43.498854,0000,081144,0.010715,0.0006,0.1035
2026-08-10T15:28:45.438487,0000,081152,0.004646,0.0004,0.0682
2026-08-10T15:28:47.976611,0000,081160,0.023499,-0.0004,0.1533
2026-08-10T15:28:50.242204,0000,081168,0.013307,-0.0008,0.1154
2026-08-10T15:28:52.380874,0000,081176,0.012009,-0.0008,0.1096
2026-08-10T15:28:54.358005,0000,081184,0.008370,-0.0002,0.0915
2026-08-10T15:28:56.909686,0000,081192,0.034952,0.0002,0.1870
2026-08-10T15:28:58.908918,0000,081200,0.019299,0.0008,0.1389
2026-08-10T15:29:00.814614,0000,081208,0.015138,0.0005,0.1230
2026-08-10T15:29:02.722013,0000,081216,0.014079,0.0003,0.1187
2026-08-10T15:29:04.604449,0000,081224,0.036089,-0.0005,0.1900
2026-08-10T15:29:06.551649,0000,081232,0.029765,-0.0009,0.1725
2026-08-10T15:29:08.954142,0000,081240,0.063996,-0.0010,0.2530
2026-08-10T15:29:10.832665,0000,081248,0.016262,-0.0003,0.1275
2026-08-10T15:29:12.780418,0000,081256,0.013339,0.0004,0.1155
2026-08-10T15:29:14.764361,0000,081264,0.017251,0.0007,0.1313
2026-08-10T15:29:16.677258,0000,081272,0.052273,0.0006,0.2286
2026-08-10T15:29:18.677018,0000,081280,0.019140,0.0002,0.1383
2026-08-10T15:29:20.576927,0000,081288,0.007532,-0.0004,0.0868
2026-08-10T15:29:22.824444,0000,081296,0.022739,-0.0007,0.1508
2026-08-10T15:29:24.790269,0000,081304,0.009054,-0.0006,0.0952
2026-08-10T15:29:26.849333,0000,081312,0.035948,-0.0003,0.1896
2026-08-10T15:29:29.136076,0000,081320,0.031478,0.0005,0.1774
2026-08-10T15:29:31.086692,0000,081328,0.018985,0.0008,0.1378
2026-08-10T15:29:33.004014,0000,081336,0.011042,0.0006,0.1051
2026-08-10T15:29:35.142869,0000,081344,0.024593,0.0003,0.1568
2026-08-10T15:29:37.255507,0000,081352,0.036275,-0.0005,0.1905
2026-08-10T15:29:39.215811,0000,081360,0.006932,-0.0007,0.0833
2026-08-10T15:29:41.147556,0000,081368,0.011220,-0.0006,0.1059
2026-08-10T15:29:43.185974,0000,081376,0.034023,-0.0004,0.1845
2026-08-10T15:29:45.105808,0000,081384,0.010936,0.0005,0.1046
2026-08-10T15:29:47.063048,0000,081392,0.015899,0.0007,0.1261
2026-08-10T15:29:49.042876,0000,081400,0.023896,0.0007,0.1546
2026-08-10T15:29:51.010788,0000,081408,0.015176,0.0003,0.1232
2026-08-10T15:29:53.186252,0000,081416,0.009746,-0.0003,0.0987
2026-08-10T15:29:55.224712,0000,081424,0.160055,-0.0009,0.4001
2026-08-10T15:29:57.126865,0000,081432,0.010627,-0.0006,0.1031
2026-08-10T15:29:59.032722,0000,081440,0.005921,-0.0001,0.0769
2026-08-10T15:30:00.928652,0000,081448,0.014181,0.0005,0.1191
2026-08-10T15:30:03.051218,0000,081456,0.011970,0.0008,0.1094
2026-08-10T15:30:05.100935,0000,081464,0.005434,0.0007,0.0737
2026-08-10T15:30:07.469611,0000,081472,0.011681,0.0004,0.1081
2026-08-10T15:30:09.683726,0000,081480,0.008078,-0.0003,0.0899
2026-08-10T15:30:11.703847,0000,081488,0.008221,-0.0006,0.0907
2026-08-10T15:30:14.186479,0000,081496,0.016156,-0.0005,0.1271
2026-08-10T15:30:16.459102,0000,081504,0.005769,0.0000,0.0760
2026-08-10T15:30:18.476381,0000,081512,0.008580,-0.0001,0.0926
2026-08-10T15:30:20.441676,0000,081520,0.025775,0.0001,0.1605
2026-08-10T15:30:22.858951,0000,081528,0.017547,0.0003,0.1325
2026-08-10T15:30:25.070702,0000,081536,0.059708,-0.0002,0.2444
2026-08-10T15:30:27.073674,0000,081544,0.004004,-0.0000,0.0633
2026-08-10T15:30:29.088060,0000,081552,0.016110,0.0002,0.1269
2026-08-10T15:30:31.067843,0000,081560,0.019494,0.0003,0.1396
2026-08-10T15:30:33.076193,0000,081568,0.022822,-0.0003,0.1511
2026-08-10T15:30:34.962101,0000,081576,0.066211,-0.0002,0.2573
2026-08-10T15:30:37.168731,0000,081584,1.128557,-0.0006,1.0623
2026-08-10T15:30:39.077614,0000,081592,0.019196,0.0009,0.1386
2026-08-10T15:30:40.962199,0000,081600,0.057102,0.0009,0.2390
2026-08-10T15:30:42.996960,0000,081608,0.033859,0.0008,0.1840
2026-08-10T15:30:45.012400,0000,081616,0.021988,0.0007,0.1483
2026-08-10T15:30:47.061985,0000,081624,0.007587,-0.0000,0.0871
2026-08-10T15:30:48.972769,0000,081632,0.027395,-0.0005,0.1655
2026-08-10T15:30:50.933151,0000,081640,0.034831,-0.0005,0.1866
2026-08-10T15:30:53.187449,0000,081648,0.007951,0.0001,0.0892
2026-08-10T15:30:55.344967,0000,081656,0.025684,-0.0000,0.1603
2026-08-10T15:30:57.561891,0000,081664,0.016088,0.0005,0.1268
2026-08-10T15:30:59.632038,0000,081672,0.008610,0.0004,0.0928
2026-08-10T15:31:01.569620,0000,081680,0.012587,-0.0000,0.1122
2026-08-10T15:31:03.731128,0000,081688,0.027815,-0.0001,0.1668
2026-08-10T15:31:05.667569,0000,081696,0.016916,0.0002,0.1301
2026-08-10T15:31:07.735794,0000,081704,0.017030,0.0003,0.1305
2026-08-10T15:31:09.897690,0000,081712,0.017450,-0.0001,0.1321
2026-08-10T15:31:12.108587,0000,081720,0.019091,-0.0000,0.1382
2026-08-10T15:31:14.034478,0000,081728,0.016613,-0.0004,0.1289
2026-08-10T15:31:16.046958,0000,081736,0.019679,-0.0003,0.1403
2026-08-10T15:31:18.032721,0000,081744,0.007794,0.0002,0.0883
2026-08-10T15:31:20.400728,0000,081752,0.016320,0.0002,0.1277
2026-08-10T15:31:22.374122,0000,081760,0.013637,-0.0001,0.1168
2026-08-10T15:31:24.325578,0000,081768,0.008514,-0.0000,0.0923
2026-08-10T15:31:26.625970,0000,081776,0.016337,0.0003,0.1278
2026-08-10T15:31:29.372221,0000,081784,0.019160,0.0005,0.1384
2026-08-10T15:31:31.243804,0000,081792,0.009235,0.0000,0.0961
2026-08-10T15:31:33.169870,0000,081800,0.013457,-0.0000,0.1160
2026-08-10T15:31:35.087754,0000,081808,0.012042,0.0003,0.1097
2026-08-10T15:31:37.173935,0000,081816,0.034968,0.0002,0.1870
2026-08-10T15:31:39.174607,0000,081824,0.009797,0.0002,0.0990
2026-08-10T15:31:41.420533,0000,081832,0.035711,-0.0008,0.1890
2026-08-10T15:31:44.449873,0000,081840,0.016243,-0.0010,0.1274
2026-08-10T15:31:46.601939,0000,081848,0.011596,-0.0007,0.1077
2026-08-10T15:31:49.065759,0000,081856,0.006674,-0.0002,0.0817
2026-08-10T15:31:51.299387,0000,081864,0.017932,0.0006,0.1339
2026-08-10T15:31:53.651023,0000,081872,0.010332,0.0007,0.1016
2026-08-10T15:31:55.838110,0000,081880,0.010976,0.0005,0.1048
2026-08-10T15:31:58.185344,0000,081888,0.025934,0.0003,0.1610
2026-08-10T15:32:00.154143,0000,081896,0.012374,-0.0004,0.1112
2026-08-10T15:32:02.030346,0000,081904,0.010983,-0.0007,0.1048
2026-08-10T15:32:03.899298,0000,081912,0.014628,-0.0005,0.1209
2026-08-10T15:32:05.963081,0000,081920,0.006346,-0.0002,0.0797
2026-08-10T15:32:08.008963,0000,081928,0.012304,0.0005,0.1109
2026-08-10T15:32:10.340606,0000,081936,0.024855,0.0007,0.1577
2026-08-10T15:32:12.627421,0000,081944,0.007597,0.0007,0.0872
2026-08-10T15:32:14.861698,0000,081952,0.012905,0.0004,0.1136
2026-08-10T15:32:17.155713,0000,081960,0.010233,-0.0003,0.1012
2026-08-10T15:32:19.643467,0000,081968,0.011891,-0.0007,0.1090
2026-08-10T15:32:22.094791,0000,081976,0.007375,-0.0004,0.0859
2026-08-10T15:32:24.204195,0000,081984,0.008914,-0.0002,0.0944
2026-08-10T15:32:26.549486,0000,081992,0.018785,0.0005,0.1371
2026-08-10T15:32:28.798020,0000,082000,0.023410,0.0009,0.1530
2026-08-10T15:32:30.719241,0000,082008,0.016013,0.0007,0.1265
2026-08-10T15:32:32.695847,0000,082016,0.010133,0.0004,0.1007
2026-08-10T15:32:35.185968,0000,082024,0.010310,-0.0003,0.1015
2026-08-10T15:32:37.469337,0000,082032,0.010562,-0.0006,0.1028
2026-08-10T15:32:40.409312,0000,082040,0.028246,-0.0007,0.1681
2026-08-10T15:32:42.925190,0000,082048,0.013691,-0.0000,0.1170
2026-08-10T15:32:45.139247,0000,082056,0.067228,-0.0002,0.2593
2026-08-10T15:32:47.133086,0000,082064,0.011551,0.0002,0.1075
2026-08-10T15:32:49.542309,0000,082072,0.010216,0.0003,0.1011
2026-08-10T15:32:51.630010,0000,082080,0.006661,-0.0001,0.0816
2026-08-10T15:32:53.681930,0000,082088,0.021883,-0.0001,0.1479
2026-08-10T15:32:56.076357,0000,082096,0.009338,0.0004,0.0966
2026-08-10T15:32:58.411294,0000,082104,0.014307,0.0003,0.1196
2026-08-10T15:33:00.715460,0000,082112,0.016933,-0.0001,0.1301
2026-08-10T15:33:02.946541,0000,082120,0.010846,-0.0000,0.1041
2026-08-10T15:33:05.570271,0000,082128,0.013453,0.0003,0.1160
2026-08-10T15:33:07.727607,0000,082136,0.012585,0.0003,0.1122
2026-08-10T15:33:09.826375,0000,082144,0.023102,-0.0000,0.1520
2026-08-10T15:33:11.775689,0000,082152,0.020399,-0.0002,0.1428
2026-08-10T15:33:14.166652,0000,082160,0.004493,0.0002,0.0670
2026-08-10T15:33:16.515654,0000,082168,0.011680,0.0001,0.1081
2026-08-10T15:33:18.725256,0000,082176,0.026399,-0.0002,0.1625
2026-08-10T15:33:20.784168,0000,082184,0.012662,-0.0002,0.1125
2026-08-10T15:33:22.730910,0000,082192,0.049239,0.0001,0.2219
2026-08-10T15:33:24.984010,0000,082200,0.008344,0.0003,0.0913
2026-08-10T15:33:27.038165,0000,082208,0.009208,-0.0001,0.0960
2026-08-10T15:33:29.502712,0000,082216,0.013014,-0.0000,0.1141
2026-08-10T15:33:31.660215,0000,082224,0.013909,0.0001,0.1179
2026-08-10T15:33:34.275475,0000,082232,0.009181,0.0003,0.0958
2026-08-10T15:33:37.406056,0000,082240,0.013829,-0.0004,0.1176
2026-08-10T15:33:39.706556,0000,082248,0.012881,-0.0001,0.1135
2026-08-10T15:33:41.980203,0000,082256,0.010340,0.0002,0.1017
2026-08-10T15:33:44.231344,0000,082264,0.005813,0.0002,0.0762
2026-08-10T15:33:46.731588,0000,082272,0.009141,-0.0001,0.0956
2026-08-10T15:33:49.345970,0000,082280,0.026160,-0.0003,0.1617
2026-08-10T15:33:51.450754,0000,082288,0.044906,0.0002,0.2119
2026-08-10T15:33:53.838541,0000,082296,0.006037,0.0001,0.0777
2026-08-10T15:33:55.862146,0000,082304,0.007409,-0.0001,0.0861
2026-08-10T15:33:58.050509,0000,082312,1.145392,-0.0010,1.0702
2026-08-10T15:34:00.152475,0000,082320,0.019761,0.0002,0.1406
2026-08-10T15:34:02.305767,0000,082328,0.024550,-0.0000,0.1567
2026-08-10T15:34:04.495863,0000,082336,0.027114,0.0004,0.1647
2026-08-10T15:34:06.712060,0000,082344,0.033974,0.0004,0.1843
2026-08-10T15:34:09.155099,0000,082352,0.016617,0.0000,0.1289
2026-08-10T15:34:11.598830,0000,082360,0.010098,-0.0003,0.1005
2026-08-10T15:34:13.804065,0000,082368,0.022204,-0.0000,0.1490
2026-08-10T15:34:15.940047,0000,082376,0.010099,0.0002,0.1005
2026-08-10T15:34:18.493147,0000,082384,0.012032,0.0005,0.1097
2026-08-10T15:34:20.530976,0000,082392,0.013816,0.0001,0.1175
2026-08-10T15:34:22.433505,0000,082400,0.006622,-0.0004,0.0814
2026-08-10T15:34:24.643794,0000,082408,0.019007,-0.0006,0.1379
2026-08-10T15:34:26.629946,0000,082416,0.012360,-0.0005,0.1112
2026-08-10T15:34:28.867821,0000,082424,0.147056,-0.0002,0.3835
2026-08-10T15:34:31.023462,0000,082432,0.007214,0.0006,0.0849
2026-08-10T15:34:33.205552,0000,082440,0.013024,0.0010,0.1141
2026-08-10T15:34:35.341769,0000,082448,0.026130,0.0010,0.1616
2026-08-10T15:34:37.390665,0000,082456,0.019629,0.0004,0.1401
2026-08-10T15:34:39.546478,0000,082464,0.012335,0.0000,0.1111
2026-08-10T15:34:41.643159,0000,082472,0.021053,-0.0008,0.1451
2026-08-10T15:34:43.718723,0000,082480,0.022672,-0.0013,0.1506
2026-08-10T15:34:45.747330,0000,082488,0.014764,-0.0013,0.1215
2026-08-10T15:34:47.747744,0000,082496,0.025033,-0.0014,0.1582
2026-08-10T15:34:49.892253,0000,082504,0.020673,-0.0008,0.1438
2026-08-10T15:34:51.916733,0000,082512,0.015428,0.0001,0.1242
2026-08-10T15:34:54.137169,0000,082520,0.011148,0.0007,0.1056
2026-08-10T15:34:56.087918,0000,082528,0.008587,0.0004,0.0927
2026-08-10T15:34:58.079174,0000,082536,0.021829,0.0001,0.1477
2026-08-10T15:35:00.126228,0000,082544,0.010880,-0.0005,0.1043
2026-08-10T15:35:02.409613,0000,082552,0.029288,-0.0007,0.1711
2026-08-10T15:35:04.475077,0000,082560,0.057314,-0.0004,0.2394
2026-08-10T15:35:06.421155,0000,082568,0.010507,-0.0001,0.1025
2026-08-10T15:35:08.350470,0000,082576,0.017992,0.0006,0.1341
2026-08-10T15:35:10.489611,0000,082584,0.046270,0.0008,0.2151
2026-08-10T15:35:12.664872,0000,082592,0.026953,0.0009,0.1642
2026-08-10T15:35:15.167120,0000,082600,0.028514,0.0007,0.1689
2026-08-10T15:35:17.178954,0000,082608,0.011579,-0.0001,0.1076
2026-08-10T15:35:19.462129,0000,082616,0.008382,-0.0002,0.0916
2026-08-10T15:35:21.665128,0000,082624,0.007912,-0.0000,0.0889
2026-08-10T15:35:23.609181,0000,082632,0.012977,0.0002,0.1139
2026-08-10T15:35:25.615051,0000,082640,0.004785,0.0003,0.0692
2026-08-10T15:35:27.852062,0000,082648,0.046781,0.0001,0.2163
2026-08-10T15:35:30.399825,0000,082656,0.011801,-0.0006,0.1086
2026-08-10T15:35:32.478951,0000,082664,0.014592,-0.0007,0.1208
2026-08-10T15:35:34.674378,0000,082672,0.018022,-0.0005,0.1342
2026-08-10T15:35:36.730546,0000,082680,0.017659,-0.0002,0.1329
2026-08-10T15:35:38.909358,0000,082688,0.010234,0.0006,0.1012
2026-08-10T15:35:41.141014,0000,082696,0.032639,0.0010,0.1807
2026-08-10T15:35:43.095498,0000,082704,0.019044,0.0008,0.1380
2026-08-10T15:35:45.111081,0000,082712,0.030483,0.0005,0.1746
2026-08-10T15:35:47.006869,0000,082720,0.007529,-0.0001,0.0868
2026-08-10T15:35:49.077939,0000,082728,0.006158,-0.0003,0.0785
2026-08-10T15:35:51.281992,0000,082736,1.167448,-0.0013,1.0805
2026-08-10T15:35:53.439153,0000,082744,0.143552,-0.0000,0.3789
2026-08-10T15:35:55.467057,0000,082752,0.140286,0.0001,0.3745
2026-08-10T15:35:57.882684,0000,082760,0.005990,0.0000,0.0774
2026-08-10T15:35:59.922357,0000,082768,0.015496,-0.0006,0.1245
2026-08-10T15:36:02.139773,0000,082776,0.011435,-0.0007,0.1069
2026-08-10T15:36:04.155170,0000,082784,0.008333,-0.0004,0.0913
2026-08-10T15:36:06.211714,0000,082792,0.006474,-0.0002,0.0805
2026-08-10T15:36:08.487020,0000,082800,0.036921,0.0005,0.1921
2026-08-10T15:36:10.585083,0000,082808,0.013411,0.0010,0.1158
2026-08-10T15:36:12.636837,0000,082816,0.018235,0.0009,0.1350
2026-08-10T15:36:14.793308,0000,082824,0.026859,0.0005,0.1639
2026-08-10T15:36:16.959813,0000,082832,0.012231,0.0002,0.1106
2026-08-10T15:36:18.921014,0000,082840,0.023750,-0.0008,0.1541
2026-08-10T15:36:21.283927,0000,082848,0.036814,-0.0014,0.1919
2026-08-10T15:36:23.243909,0000,082856,0.012435,-0.0013,0.1115
2026-08-10T15:36:25.312779,0000,082864,0.026122,-0.0012,0.1616
2026-08-10T15:36:27.525369,0000,082872,0.022236,-0.0006,0.1491
2026-08-10T15:36:29.684385,0000,082880,0.015326,0.0003,0.1238
2026-08-10T15:36:31.653019,0000,082888,0.008558,0.0006,0.0925
2026-08-10T15:36:33.628179,0000,082896,0.006672,0.0007,0.0817
2026-08-10T15:36:35.703467,0000,082904,0.010405,0.0004,0.1020
2026-08-10T15:36:37.929411,0000,082912,0.019599,-0.0001,0.1400
2026-08-10T15:36:39.873895,0000,082920,0.017300,-0.0010,0.1315
2026-08-10T15:36:41.858667,0000,082928,0.021908,-0.0014,0.1480
2026-08-10T15:36:43.842757,0000,082936,0.025796,-0.0015,0.1606
2026-08-10T15:36:45.726914,0000,082944,0.027368,-0.0012,0.1654
2026-08-10T15:36:47.631922,0000,082952,0.024608,-0.0006,0.1569
2026-08-10T15:36:49.538278,0000,082960,0.007778,0.0000,0.0882
2026-08-10T15:36:51.622646,0000,082968,0.011926,0.0004,0.1092
2026-08-10T15:36:53.608957,0000,082976,0.015846,0.0005,0.1259
2026-08-10T15:36:55.684548,0000,082984,0.041728,0.0001,0.2043
2026-08-10T15:36:58.098164,0000,082992,0.026202,-0.0003,0.1619
2026-08-10T15:37:00.200546,0000,083000,0.027655,-0.0006,0.1663
2026-08-10T15:37:02.311583,0000,083008,0.012751,-0.0003,0.1129
2026-08-10T15:37:04.783027,0000,083016,0.018121,-0.0000,0.1346
2026-08-10T15:37:07.274050,0000,083024,0.015539,0.0006,0.1247
2026-08-10T15:37:09.487329,0000,083032,0.015423,0.0009,0.1242
2026-08-10T15:37:12.450818,0000,083040,0.027045,0.0014,0.1645
2026-08-10T15:37:15.487580,0000,083048,0.027198,0.0009,0.1649
2026-08-10T15:37:17.990963,0000,083056,0.009899,0.0002,0.0995
2026-08-10T15:37:20.204340,0000,083064,0.011141,-0.0007,0.1055
2026-08-10T15:37:22.387133,0000,083072,0.008760,-0.0011,0.0936
2026-08-10T15:37:24.376514,0000,083080,0.015176,-0.0012,0.1232
2026-08-10T15:37:26.314145,0000,083088,0.012310,-0.0010,0.1110
2026-08-10T15:37:28.194383,0000,083096,0.009140,-0.0005,0.0956
2026-08-10T15:37:30.659774,0000,083104,0.017954,0.0002,0.1340
2026-08-10T15:37:33.240473,0000,083112,0.018438,0.0006,0.1358
2026-08-10T15:37:36.053735,0000,083120,0.011351,0.0007,0.1065
2026-08-10T15:37:38.957491,0000,083128,0.007136,0.0003,0.0845
2026-08-10T15:37:41.828198,0000,083136,0.029838,-0.0004,0.1727
2026-08-10T15:37:44.039969,0000,083144,0.006981,-0.0004,0.0836
2026-08-10T15:37:46.327665,0000,083152,0.007444,-0.0002,0.0863
2026-08-10T15:37:48.610503,0000,083160,0.013505,0.0002,0.1162
2026-08-10T15:37:50.801356,0000,083168,0.007533,0.0002,0.0868
2026-08-10T15:37:53.080664,0000,083176,0.047987,-0.0000,0.2191
2026-08-10T15:37:55.457734,0000,083184,0.014529,0.0001,0.1205
2026-08-10T15:37:57.594205,0000,083192,0.016524,-0.0001,0.1285
2026-08-10T15:37:59.649705,0000,083200,1.146537,-0.0010,1.0708
2026-08-10T15:38:01.753922,0000,083208,0.025653,0.0004,0.1602
2026-08-10T15:38:03.862803,0000,083216,0.008666,0.0005,0.0931
2026-08-10T15:38:06.335039,0000,083224,0.027094,0.0003,0.1646
2026-08-10T15:38:08.254399,0000,083232,0.006212,-0.0004,0.0788
2026-08-10T15:38:10.756390,0000,083240,0.011805,-0.0004,0.1087
2026-08-10T15:38:12.751962,0000,083248,0.012823,-0.0004,0.1132
2026-08-10T15:38:15.034737,0000,083256,0.036567,-0.0003,0.1912
2026-08-10T15:38:17.218086,0000,083264,0.010898,0.0008,0.1044
2026-08-10T15:38:19.097512,0000,083272,0.019705,0.0010,0.1404
2026-08-10T15:38:21.041197,0000,083280,0.046824,0.0009,0.2164
2026-08-10T15:38:22.967970,0000,083288,0.146140,0.0006,0.3823
2026-08-10T15:38:24.706862,0000,083296,0.010891,0.0001,0.1044
2026-08-10T15:38:26.690643,0000,083304,0.010581,-0.0010,0.1029
2026-08-10T15:38:28.837971,0000,083312,0.032484,-0.0013,0.1802
2026-08-10T15:38:31.068904,0000,083320,0.034926,-0.0014,0.1869
2026-08-10T15:38:33.010374,0000,083328,0.018249,-0.0010,0.1351
2026-08-10T15:38:35.074308,0000,083336,0.010662,-0.0005,0.1033
2026-08-10T15:38:37.374613,0000,083344,0.018745,0.0001,0.1369
2026-08-10T15:38:39.460041,0000,083352,0.008795,0.0006,0.0938
2026-08-10T15:38:41.594084,0000,083360,0.012092,0.0005,0.1100
2026-08-10T15:38:43.816518,0000,083368,0.021247,0.0003,0.1458
2026-08-10T15:38:45.692812,0000,083376,0.012087,-0.0002,0.1099
2026-08-10T15:38:47.843760,0000,083384,0.011946,-0.0004,0.1093
2026-08-10T15:38:49.745071,0000,083392,0.007548,-0.0004,0.0869
2026-08-10T15:38:51.680472,0000,083400,0.010800,0.0001,0.1039
2026-08-10T15:38:53.468046,0000,083408,0.019377,0.0001,0.1392
2026-08-10T15:38:55.463744,0000,083416,0.008975,-0.0000,0.0947
2026-08-10T15:38:57.473969,0000,083424,0.026984,-0.0006,0.1643
2026-08-10T15:38:59.445575,0000,083432,0.007878,-0.0006,0.0888
2026-08-10T15:39:01.272897,0000,083440,0.008708,-0.0004,0.0933
2026-08-10T15:39:03.018580,0000,083448,0.009941,0.0001,0.0997
2026-08-10T15:39:04.888567,0000,083456,0.003034,0.0002,0.0551
2026-08-10T15:39:06.899781,0000,083464,0.022671,0.0001,0.1506
2026-08-10T15:39:08.867374,0000,083472,0.013943,-0.0004,0.1181
2026-08-10T15:39:10.778686,0000,083480,0.034395,-0.0008,0.1855
2026-08-10T15:39:12.506742,0000,083488,0.013348,-0.0003,0.1155
2026-08-10T15:39:14.249849,0000,083496,0.009831,0.0001,0.0991
2026-08-10T15:39:16.341197,0000,083504,0.011223,0.0003,0.1059
2026-08-10T15:39:18.095691,0000,083512,0.009387,0.0002,0.0969
2026-08-10T15:39:19.944882,0000,083520,0.033047,-0.0004,0.1818
2026-08-10T15:39:22.211285,0000,083528,0.018757,-0.0007,0.1370
2026-08-10T15:39:24.110910,0000,083536,0.009666,-0.0003,0.0983
2026-08-10T15:39:25.840559,0000,083544,0.016816,0.0003,0.1297
2026-08-10T15:39:27.714686,0000,083552,0.016367,0.0004,0.1279
2026-08-10T15:39:29.918096,0000,083560,0.008443,0.0000,0.0919
2026-08-10T15:39:31.705569,0000,083568,0.009447,0.0003,0.0972
2026-08-10T15:39:33.709820,0000,083576,0.007015,0.0002,0.0838
2026-08-10T15:39:35.901820,0000,083584,0.017484,-0.0001,0.1322
2026-08-10T15:39:37.833947,0000,083592,0.011082,-0.0004,0.1053
2026-08-10T15:39:39.628953,0000,083600,0.008163,-0.0002,0.0903
2026-08-10T15:39:41.814973,0000,083608,0.012423,0.0005,0.1115
2026-08-10T15:39:43.775235,0000,083616,0.013762,0.0002,0.1173
2026-08-10T15:39:45.781804,0000,083624,0.054447,0.0001,0.2333
2026-08-10T15:39:47.896432,0000,083632,0.012924,-0.0005,0.1137
2026-08-10T15:39:49.875323,0000,083640,0.006055,-0.0005,0.0778
2026-08-10T15:39:51.724633,0000,083648,0.011473,-0.0002,0.1071
2026-08-10T15:39:53.817035,0000,083656,0.009275,0.0002,0.0963
2026-08-10T15:39:55.943783,0000,083664,0.025702,0.0002,0.1603
2026-08-10T15:39:57.848918,0000,083672,0.011591,0.0001,0.1077
2026-08-10T15:39:59.701536,0000,083680,0.011031,-0.0003,0.1050
2026-08-10T15:40:01.440764,0000,083688,0.013174,-0.0004,0.1148
2026-08-10T15:40:03.309476,0000,083696,0.051793,-0.0004,0.2276
2026-08-10T15:40:05.252669,0000,083704,0.006998,0.0002,0.0837
2026-08-10T15:40:07.116237,0000,083712,0.008497,0.0004,0.0922
2026-08-10T15:40:09.074863,0000,083720,0.024071,0.0001,0.1551
2026-08-10T15:40:10.956055,0000,083728,0.013801,-0.0005,0.1175
2026-08-10T15:40:12.925843,0000,083736,0.008957,-0.0004,0.0946
2026-08-10T15:40:14.944571,0000,083744,0.007399,-0.0004,0.0860
2026-08-10T15:40:16.845720,0000,083752,0.010194,0.0001,0.1010
2026-08-10T15:40:18.653540,0000,083760,0.009160,0.0003,0.0957
2026-08-10T15:40:20.693721,0000,083768,0.011944,0.0003,0.1093
2026-08-10T15:40:22.641787,0000,083776,0.007631,-0.0005,0.0874
2026-08-10T15:40:24.878017,0000,083784,0.026919,-0.0007,0.1641
2026-08-10T15:40:27.009961,0000,083792,0.016161,-0.0004,0.1271
2026-08-10T15:40:29.126673,0000,083800,0.017860,0.0002,0.1336
2026-08-10T15:40:31.239029,0000,083808,0.013125,0.0002,0.1146
2026-08-10T15:40:33.221265,0000,083816,0.006366,0.0001,0.0798
2026-08-10T15:40:35.175279,0000,083824,0.014810,-0.0004,0.1217
2026-08-10T15:40:37.210665,0000,083832,0.010379,-0.0005,0.1019
2026-08-10T15:40:39.091059,0000,083840,0.010193,-0.0003,0.1010
2026-08-10T15:40:41.382471,0000,083848,0.006418,0.0002,0.0801
2026-08-10T15:40:43.364232,0000,083856,0.012560,0.0003,0.1121
2026-08-10T15:40:45.788081,0000,083864,0.008722,0.0003,0.0934
2026-08-10T15:40:48.182165,0000,083872,0.023760,-0.0005,0.1541
2026-08-10T15:40:50.265317,0000,083880,0.011475,-0.0005,0.1071
2026-08-10T15:40:52.574382,0000,083888,0.012362,-0.0003,0.1112
2026-08-10T15:40:54.378106,0000,083896,0.014095,0.0001,0.1187
2026-08-10T15:40:56.315182,0000,083904,0.008691,0.0004,0.0932
2026-08-10T15:40:58.354334,0000,083912,0.010102,0.0003,0.1005
2026-08-10T15:41:00.523084,0000,083920,0.007635,-0.0005,0.0874
2026-08-10T15:41:02.608694,0000,083928,0.011750,-0.0004,0.1084
2026-08-10T15:41:04.619385,0000,083936,0.007704,-0.0003,0.0878
2026-08-10T15:41:06.831434,0000,083944,0.019514,0.0000,0.1397
2026-08-10T15:41:08.774209,0000,083952,0.007126,0.0003,0.0844
2026-08-10T15:41:10.583045,0000,083960,0.012610,0.0002,0.1123
2026-08-10T15:41:12.533994,0000,083968,0.011464,-0.0004,0.1071
2026-08-10T15:41:14.379398,0000,083976,0.010629,-0.0005,0.1031
2026-08-10T15:41:16.481691,0000,083984,0.013530,-0.0004,0.1163
2026-08-10T15:41:18.243379,0000,083992,0.010834,0.0001,0.1041
2026-08-10T15:41:20.127632,0000,084000,0.025234,0.0003,0.1589
2026-08-10T15:41:22.088556,0000,084008,0.011315,0.0001,0.1064
2026-08-10T15:41:23.870786,0000,084016,1.131644,-0.0012,1.0638
2026-08-10T15:41:25.698251,0000,084024,0.006545,-0.0006,0.0809
2026-08-10T15:41:27.658559,0000,084032,0.018426,-0.0002,0.1357
2026-08-10T15:41:29.823662,0000,084040,0.011382,0.0000,0.1067
2026-08-10T15:41:31.726507,0000,084048,0.011031,0.0006,0.1050
2026-08-10T15:41:33.639355,0000,084056,0.012176,0.0006,0.1103
2026-08-10T15:41:35.458795,0000,084064,0.025477,0.0002,0.1596
2026-08-10T15:41:37.518440,0000,084072,0.010315,0.0001,0.1016
2026-08-10T15:41:39.275682,0000,084080,0.008545,-0.0010,0.0924
2026-08-10T15:41:41.079800,0000,084088,0.012600,-0.0013,0.1123
2026-08-10T15:41:42.836578,0000,084096,0.018286,-0.0014,0.1352
2026-08-10T15:41:44.745445,0000,084104,0.016974,-0.0013,0.1303
2026-08-10T15:41:46.508315,0000,084112,0.016989,-0.0007,0.1303
2026-08-10T15:41:48.438686,0000,084120,0.014134,0.0003,0.1189
2026-08-10T15:41:50.199480,0000,084128,0.148520,0.0005,0.3854
2026-08-10T15:41:52.191058,0000,084136,0.056180,0.0005,0.2370
2026-08-10T15:41:54.198562,0000,084144,0.007594,0.0005,0.0871
2026-08-10T15:41:56.060950,0000,084152,0.013194,-0.0002,0.1149
2026-08-10T15:41:58.060021,0000,084160,0.008957,-0.0004,0.0946
2026-08-10T15:42:00.331371,0000,084168,0.021597,-0.0002,0.1470
2026-08-10T15:42:02.160691,0000,084176,0.020806,0.0003,0.1442
2026-08-10T15:42:04.060891,0000,084184,0.009550,0.0004,0.0977
2026-08-10T15:42:05.978784,0000,084192,0.005775,0.0002,0.0760
2026-08-10T15:42:07.850514,0000,084200,0.009650,-0.0004,0.0982
2026-08-10T15:42:09.647985,0000,084208,0.015997,-0.0005,0.1265
2026-08-10T15:42:11.830405,0000,084216,0.008380,-0.0000,0.0915
2026-08-10T15:42:14.028802,0000,084224,1.158836,-0.0014,1.0765
2026-08-10T15:42:16.193552,0000,084232,0.010589,-0.0002,0.1029
2026-08-10T15:42:17.939820,0000,084240,0.045262,0.0000,0.2127
2026-08-10T15:42:20.242347,0000,084248,0.021862,0.0010,0.1479
2026-08-10T15:42:22.368752,0000,084256,0.034193,0.0014,0.1849
2026-08-10T15:42:24.167494,0000,084264,0.014538,0.0009,0.1206
2026-08-10T15:42:26.212055,0000,084272,0.009196,0.0010,0.0959
2026-08-10T15:42:28.119856,0000,084280,0.013068,0.0002,0.1143
2026-08-10T15:42:29.924512,0000,084288,0.016838,-0.0007,0.1298
2026-08-10T15:42:31.737528,0000,084296,0.021186,-0.0012,0.1456
2026-08-10T15:42:33.479516,0000,084304,0.017232,-0.0012,0.1313
2026-08-10T15:42:35.433541,0000,084312,0.022176,-0.0013,0.1489
2026-08-10T15:42:37.280476,0000,084320,0.024309,-0.0008,0.1559
2026-08-10T15:42:39.419586,0000,084328,0.009118,0.0002,0.0955
2026-08-10T15:42:41.522518,0000,084336,0.014044,0.0006,0.1185
2026-08-10T15:42:43.334999,0000,084344,0.012488,0.0005,0.1117
2026-08-10T15:42:45.361972,0000,084352,0.010039,0.0003,0.1002
2026-08-10T15:42:47.169760,0000,084360,0.006882,-0.0002,0.0830
2026-08-10T15:42:49.154834,0000,084368,0.012302,-0.0006,0.1109
2026-08-10T15:42:50.963272,0000,084376,0.012679,-0.0005,0.1126
2026-08-10T15:42:52.785466,0000,084384,0.011770,-0.0001,0.1085
2026-08-10T15:42:54.568847,0000,084392,0.006958,0.0006,0.0834
2026-08-10T15:42:56.849136,0000,084400,0.014648,0.0013,0.1210
2026-08-10T15:42:58.654820,0000,084408,0.024171,0.0008,0.1555
2026-08-10T15:43:00.401894,0000,084416,0.021765,0.0005,0.1475
2026-08-10T15:43:02.190525,0000,084424,0.009075,-0.0000,0.0953
2026-08-10T15:43:04.174980,0000,084432,0.028926,-0.0010,0.1701
2026-08-10T15:43:06.022341,0000,084440,0.012849,-0.0013,0.1134
2026-08-10T15:43:08.061778,0000,084448,0.023510,-0.0016,0.1533
2026-08-10T15:43:09.904104,0000,084456,0.018932,-0.0011,0.1376
2026-08-10T15:43:11.671390,0000,084464,0.008435,-0.0007,0.0918
2026-08-10T15:43:13.512344,0000,084472,0.015615,0.0001,0.1250
2026-08-10T15:43:15.393111,0000,084480,0.016375,0.0004,0.1280
2026-08-10T15:43:17.363455,0000,084488,0.008981,0.0004,0.0948
2026-08-10T15:43:19.133561,0000,084496,0.014729,0.0001,0.1214
2026-08-10T15:43:20.939485,0000,084504,0.019709,-0.0004,0.1404
2026-08-10T15:43:23.101385,0000,084512,0.005151,-0.0005,0.0718
2026-08-10T15:43:25.316940,0000,084520,0.008212,-0.0004,0.0906
2026-08-10T15:43:27.095906,0000,084528,0.020363,-0.0001,0.1427
2026-08-10T15:43:28.851502,0000,084536,0.005088,0.0005,0.0713
2026-08-10T15:43:30.636745,0000,084544,0.012793,0.0009,0.1131
2026-08-10T15:43:32.504322,0000,084552,0.012321,0.0010,0.1110
2026-08-10T15:43:34.555007,0000,084560,0.017029,0.0006,0.1305
2026-08-10T15:43:36.324636,0000,084568,0.018010,-0.0000,0.1342
2026-08-10T15:43:38.363305,0000,084576,0.009726,-0.0001,0.0986
2026-08-10T15:43:40.318516,0000,084584,0.021781,-0.0001,0.1476
2026-08-10T15:43:42.149638,0000,084592,0.011695,0.0002,0.1081
2026-08-10T15:43:44.079387,0000,084600,0.019840,0.0003,0.1409
2026-08-10T15:43:46.130782,0000,084608,0.031259,-0.0002,0.1768
2026-08-10T15:43:47.946215,0000,084616,1.165601,-0.0008,1.0796
2026-08-10T15:43:49.998317,0000,084624,0.014781,0.0005,0.1216
2026-08-10T15:43:52.078254,0000,084632,0.013653,0.0007,0.1168
2026-08-10T15:43:54.328541,0000,084640,0.013203,0.0002,0.1149
2026-08-10T15:43:56.579956,0000,084648,0.009562,-0.0005,0.0978
2026-08-10T15:43:58.421284,0000,084656,0.023253,-0.0006,0.1525
2026-08-10T15:44:00.273576,0000,084664,0.034992,-0.0005,0.1871
2026-08-10T15:44:02.126148,0000,084672,0.025474,-0.0002,0.1596
2026-08-10T15:44:04.221687,0000,084680,0.028337,0.0010,0.1683
2026-08-10T15:44:06.212198,0000,084688,0.011331,0.0012,0.1064
2026-08-10T15:44:07.976891,0000,084696,0.015413,0.0008,0.1241
2026-08-10T15:44:09.832220,0000,084704,1.153780,-0.0002,1.0741
2026-08-10T15:44:11.731653,0000,084712,0.018013,-0.0001,0.1342
2026-08-10T15:44:13.715551,0000,084720,0.011700,-0.0003,0.1082
2026-08-10T15:44:15.654550,0000,084728,0.019046,-0.0001,0.1380
2026-08-10T15:44:17.446410,0000,084736,0.008475,0.0002,0.0921
2026-08-10T15:44:19.207198,0000,084744,0.011239,0.0002,0.1060
2026-08-10T15:44:20.980469,0000,084752,0.007461,-0.0000,0.0864
2026-08-10T15:44:22.821457,0000,084760,0.007983,0.0001,0.0893
2026-08-10T15:44:24.895240,0000,084768,0.015088,-0.0002,0.1228
2026-08-10T15:44:26.781432,0000,084776,0.007242,-0.0001,0.0851
2026-08-10T15:44:28.524807,0000,084784,0.048073,0.0002,0.2193
2026-08-10T15:44:30.285517,0000,084792,0.008866,0.0004,0.0942
2026-08-10T15:44:32.196274,0000,084800,0.006670,0.0000,0.0817
2026-08-10T15:44:34.233650,0000,084808,0.006906,-0.0005,0.0831
2026-08-10T15:44:35.978382,0000,084816,0.008074,-0.0006,0.0899
2026-08-10T15:44:37.854326,0000,084824,0.017156,-0.0007,0.1310
2026-08-10T15:44:39.712192,0000,084832,0.017251,0.0000,0.1313
2026-08-10T15:44:41.694878,0000,084840,0.008266,0.0001,0.0909
2026-08-10T15:44:43.705961,0000,084848,0.007902,-0.0003,0.0889
2026-08-10T15:44:45.601323,0000,084856,0.008384,-0.0002,0.0916
2026-08-10T15:44:47.878879,0000,084864,0.029595,0.0003,0.1720
2026-08-10T15:44:49.764420,0000,084872,0.037922,0.0001,0.1947
2026-08-10T15:44:51.885340,0000,084880,0.017530,0.0000,0.1324
2026-08-10T15:44:53.845997,0000,084888,0.027923,-0.0007,0.1671
2026-08-10T15:44:55.733148,0000,084896,0.020355,-0.0007,0.1427
2026-08-10T15:44:57.777095,0000,084904,0.011823,-0.0006,0.1087
2026-08-10T15:44:59.799451,0000,084912,0.013807,-0.0001,0.1175
2026-08-10T15:45:01.709242,0000,084920,0.016624,0.0006,0.1289
2026-08-10T15:45:03.641021,0000,084928,0.014320,0.0007,0.1197
2026-08-10T15:45:05.503236,0000,084936,0.009148,0.0008,0.0956
2026-08-10T15:45:07.457434,0000,084944,0.055802,0.0005,0.2362
2026-08-10T15:45:09.332041,0000,084952,0.017863,-0.0001,0.1337
2026-08-10T15:45:11.377137,0000,084960,0.041921,-0.0005,0.2047
2026-08-10T15:45:13.254157,0000,084968,0.026545,-0.0004,0.1629
2026-08-10T15:45:15.000268,0000,084976,0.014898,0.0002,0.1221
2026-08-10T15:45:16.764178,0000,084984,0.006871,0.0002,0.0829
2026-08-10T15:45:18.952664,0000,084992,0.034562,-0.0001,0.1859
2026-08-10T15:45:20.719275,0000,085000,0.011790,-0.0007,0.1086
2026-08-10T15:45:22.758222,0000,085008,0.037627,-0.0010,0.1940
2026-08-10T15:45:24.676433,0000,085016,0.025157,-0.0007,0.1586
2026-08-10T15:45:26.566268,0000,085024,0.021983,-0.0002,0.1483
2026-08-10T15:45:28.568121,0000,085032,0.008556,0.0005,0.0925
2026-08-10T15:45:30.590043,0000,085040,0.027372,0.0008,0.1654
2026-08-10T15:45:32.695337,0000,085048,0.026432,0.0008,0.1626
2026-08-10T15:45:34.497872,0000,085056,0.008439,0.0005,0.0919
2026-08-10T15:45:36.406864,0000,085064,0.148952,-0.0002,0.3859
2026-08-10T15:45:38.299482,0000,085072,0.029710,-0.0005,0.1724
2026-08-10T15:45:40.303200,0000,085080,0.050739,-0.0003,0.2253
2026-08-10T15:45:42.560127,0000,085088,0.009950,0.0003,0.0998
2026-08-10T15:45:44.395331,0000,085096,0.012363,0.0003,0.1112
2026-08-10T15:45:46.370447,0000,085104,0.010719,-0.0000,0.1035
2026-08-10T15:45:48.187784,0000,085112,0.022310,-0.0001,0.1494
2026-08-10T15:45:50.021156,0000,085120,0.007318,0.0004,0.0855
2026-08-10T15:45:51.806782,0000,085128,0.013053,0.0004,0.1142
2026-08-10T15:45:53.597297,0000,085136,0.010898,0.0001,0.1044
2026-08-10T15:45:55.652882,0000,085144,0.015295,-0.0003,0.1237
2026-08-10T15:45:57.681217,0000,085152,0.026806,-0.0007,0.1637
2026-08-10T15:45:59.706291,0000,085160,0.007642,-0.0006,0.0874
2026-08-10T15:46:01.630155,0000,085168,0.021026,-0.0001,0.1450
2026-08-10T15:46:03.704519,0000,085176,0.013345,0.0007,0.1155
2026-08-10T15:46:05.471951,0000,085184,0.011579,0.0009,0.1076
2026-08-10T15:46:07.251011,0000,085192,1.143202,-0.0000,1.0692
2026-08-10T15:46:09.117597,0000,085200,0.011330,0.0005,0.1064
2026-08-10T15:46:10.978189,0000,085208,0.027315,-0.0000,0.1653
2026-08-10T15:46:12.748514,0000,085216,0.013315,-0.0003,0.1154
2026-08-10T15:46:14.776283,0000,085224,0.020065,-0.0003,0.1417
2026-08-10T15:46:16.607185,0000,085232,0.030873,0.0001,0.1757
2026-08-10T15:46:18.528596,0000,085240,0.026499,-0.0000,0.1628
2026-08-10T15:46:20.548927,0000,085248,0.017452,0.0008,0.1321
2026-08-10T15:46:22.360111,0000,085256,0.023098,0.0004,0.1520
2026-08-10T15:46:24.125598,0000,085264,0.009021,0.0002,0.0950
2026-08-10T15:46:25.906189,0000,085272,0.051320,-0.0003,0.2265
2026-08-10T15:46:27.709312,0000,085280,0.008491,-0.0005,0.0921
2026-08-10T15:46:29.565816,0000,085288,0.007453,-0.0004,0.0863
2026-08-10T15:46:31.370125,0000,085296,0.013543,0.0000,0.1164
2026-08-10T15:46:33.175065,0000,085304,1.141809,-0.0008,1.0686
2026-08-10T15:46:34.962275,0000,085312,0.014320,0.0005,0.1197
2026-08-10T15:46:37.115795,0000,085320,0.029029,0.0004,0.1704
2026-08-10T15:46:38.870983,0000,085328,0.050967,0.0001,0.2258
2026-08-10T15:46:41.219939,0000,085336,0.010072,-0.0004,0.1004
2026-08-10T15:46:43.141339,0000,085344,0.022753,-0.0007,0.1508
2026-08-10T15:46:45.012988,0000,085352,0.018541,-0.0004,0.1362
2026-08-10T15:46:46.931569,0000,085360,0.009857,0.0000,0.0993
2026-08-10T15:46:49.061043,0000,085368,0.017081,0.0005,0.1307
2026-08-10T15:46:50.866751,0000,085376,0.048106,-0.0003,0.2193
2026-08-10T15:46:52.634008,0000,085384,0.010537,-0.0002,0.1027
2026-08-10T15:46:54.726695,0000,085392,0.025088,0.0001,0.1584
2026-08-10T15:46:56.508730,0000,085400,0.009311,0.0002,0.0965
2026-08-10T15:46:58.306151,0000,085408,0.005944,0.0001,0.0771
2026-08-10T15:47:00.119829,0000,085416,0.014697,-0.0005,0.1212
2026-08-10T15:47:02.146134,0000,085424,0.014627,-0.0007,0.1209
2026-08-10T15:47:03.974748,0000,085432,0.025055,-0.0005,0.1583
2026-08-10T15:47:05.866263,0000,085440,0.016285,0.0000,0.1276
2026-08-10T15:47:07.837630,0000,085448,0.023405,-0.0002,0.1530
2026-08-10T15:47:09.575952,0000,085456,0.017007,0.0004,0.1304
2026-08-10T15:47:11.379854,0000,085464,0.026197,0.0003,0.1619
2026-08-10T15:47:13.174834,0000,085472,0.012775,0.0001,0.1130
2026-08-10T15:47:14.962243,0000,085480,0.008837,-0.0004,0.0940
2026-08-10T15:47:16.714900,0000,085488,0.026492,-0.0005,0.1628
2026-08-10T15:47:18.683808,0000,085496,0.013067,-0.0005,0.1143
2026-08-10T15:47:20.821621,0000,085504,0.005966,0.0000,0.0772
2026-08-10T15:47:22.845914,0000,085512,0.008957,0.0001,0.0946
2026-08-10T15:47:24.660650,0000,085520,0.014431,-0.0002,0.1201
2026-08-10T15:47:26.460291,0000,085528,0.011004,-0.0001,0.1049
2026-08-10T15:47:28.275790,0000,085536,0.016695,0.0004,0.1292
2026-08-10T15:47:30.137477,0000,085544,0.012115,0.0004,0.1101
2026-08-10T15:47:32.000919,0000,085552,0.011566,0.0001,0.1075
2026-08-10T15:47:33.739901,0000,085560,0.009107,-0.0004,0.0954
2026-08-10T15:47:35.882691,0000,085568,0.009537,-0.0003,0.0977
2026-08-10T15:47:37.808579,0000,085576,0.013347,-0.0004,0.1155
2026-08-10T15:47:39.590485,0000,085584,0.010245,0.0000,0.1012
2026-08-10T15:47:41.414108,0000,085592,0.005500,0.0001,0.0742
2026-08-10T15:47:43.464553,0000,085600,0.008027,-0.0001,0.0896
2026-08-10T15:47:45.306999,0000,085608,0.006509,-0.0000,0.0807
2026-08-10T15:47:47.586667,0000,085616,0.024233,-0.0003,0.1557
2026-08-10T15:47:49.597967,0000,085624,1.154636,-0.0012,1.0745
2026-08-10T15:47:52.196845,0000,085632,0.021749,0.0007,0.1475
2026-08-10T15:47:54.252404,0000,085640,0.016194,0.0003,0.1273
2026-08-10T15:47:56.256703,0000,085648,0.016203,0.0001,0.1273
2026-08-10T15:47:58.442481,0000,085656,0.014514,-0.0004,0.1205
2026-08-10T15:48:00.795846,0000,085664,0.014042,-0.0006,0.1185
2026-08-10T15:48:02.923284,0000,085672,0.013703,-0.0005,0.1171
2026-08-10T15:48:05.117768,0000,085680,0.004715,-0.0000,0.0687
2026-08-10T15:48:07.769245,0000,085688,0.012823,0.0009,0.1132
2026-08-10T15:48:10.072261,0000,085696,0.011563,0.0010,0.1075
2026-08-10T15:48:12.314201,0000,085704,0.035748,0.0008,0.1891
2026-08-10T15:48:14.728270,0000,085712,0.027382,0.0007,0.1655
2026-08-10T15:48:16.580804,0000,085720,0.014356,0.0001,0.1198
2026-08-10T15:48:18.350236,0000,085728,0.018455,-0.0009,0.1358
2026-08-10T15:48:20.356643,0000,085736,0.019995,-0.0014,0.1414
2026-08-10T15:48:22.459403,0000,085744,0.016161,-0.0012,0.1271
2026-08-10T15:48:24.731743,0000,085752,0.019583,-0.0012,0.1399
2026-08-10T15:48:26.900683,0000,085760,0.029598,-0.0006,0.1720
2026-08-10T15:48:28.818285,0000,085768,0.148185,0.0001,0.3849
2026-08-10T15:48:31.031686,0000,085776,0.011475,0.0007,0.1071
2026-08-10T15:48:32.935907,0000,085784,0.028896,0.0006,0.1700
2026-08-10T15:48:34.684641,0000,085792,0.010393,0.0002,0.1019
2026-08-10T15:48:36.482741,0000,085800,0.006389,-0.0002,0.0799
2026-08-10T15:48:38.617335,0000,085808,0.008979,-0.0003,0.0948
2026-08-10T15:48:40.702633,0000,085816,0.011289,-0.0003,0.1063
2026-08-10T15:48:42.438358,0000,085824,0.018436,0.0001,0.1358
2026-08-10T15:48:44.250953,0000,085832,0.010359,0.0002,0.1018
2026-08-10T15:48:45.996601,0000,085840,0.014308,-0.0000,0.1196
2026-08-10T15:48:47.874081,0000,085848,0.014051,0.0001,0.1185
2026-08-10T15:48:49.666750,0000,085856,1.155926,-0.0011,1.0751
2026-08-10T15:48:51.762422,0000,085864,0.025191,-0.0003,0.1587
2026-08-10T15:48:53.511592,0000,085872,0.018073,0.0003,0.1344
2026-08-10T15:48:55.248399,0000,085880,0.016377,0.0003,0.1280
2026-08-10T15:48:57.115940,0000,085888,0.004121,0.0002,0.0642
2026-08-10T15:48:59.024445,0000,085896,0.010252,-0.0004,0.1013
2026-08-10T15:49:00.974337,0000,085904,0.008515,-0.0005,0.0923
2026-08-10T15:49:02.965925,0000,085912,0.009559,-0.0004,0.0978
2026-08-10T15:49:04.806937,0000,085920,0.005932,0.0001,0.0770
2026-08-10T15:49:07.294358,0000,085928,0.021724,0.0002,0.1474
2026-08-10T15:49:09.313162,0000,085936,0.009376,-0.0001,0.0968
2026-08-10T15:49:11.165603,0000,085944,0.013243,0.0000,0.1151
2026-08-10T15:49:12.896136,0000,085952,0.009275,-0.0002,0.0963
2026-08-10T15:49:14.872638,0000,085960,0.019258,-0.0001,0.1388
2026-08-10T15:49:16.663754,0000,085968,0.011588,0.0003,0.1076
2026-08-10T15:49:18.628454,0000,085976,0.009325,0.0003,0.0966
2026-08-10T15:49:20.529352,0000,085984,0.017235,-0.0001,0.1313
2026-08-10T15:49:22.521227,0000,085992,0.019881,0.0002,0.1410
2026-08-10T15:49:24.333628,0000,086000,0.014830,-0.0001,0.1218
2026-08-10T15:49:26.104380,0000,086008,0.004823,0.0000,0.0694
2026-08-10T15:49:28.029083,0000,086016,0.020071,-0.0003,0.1417
2026-08-10T15:49:30.015815,0000,086024,1.152146,-0.0010,1.0734
2026-08-10T15:49:31.988479,0000,086032,0.009031,0.0003,0.0950
2026-08-10T15:49:34.039637,0000,086040,0.029989,0.0001,0.1732
2026-08-10T15:49:35.896685,0000,086048,0.147167,0.0006,0.3836
2026-08-10T15:49:37.774227,0000,086056,0.015243,0.0007,0.1235
2026-08-10T15:49:39.648539,0000,086064,1.143904,-0.0007,1.0695
2026-08-10T15:49:41.813438,0000,086072,0.009277,0.0004,0.0963
2026-08-10T15:49:43.896562,0000,086080,0.005716,0.0004,0.0756
2026-08-10T15:49:45.929695,0000,086088,0.006822,-0.0003,0.0826
2026-08-10T15:49:47.700220,0000,086096,0.007955,-0.0005,0.0892
2026-08-10T15:49:49.550427,0000,086104,0.022137,-0.0003,0.1488
2026-08-10T15:49:51.553181,0000,086112,0.009475,0.0000,0.0973
2026-08-10T15:49:53.533511,0000,086120,0.007029,0.0001,0.0838
2026-08-10T15:49:55.363702,0000,086128,0.005077,-0.0000,0.0713
2026-08-10T15:49:57.151603,0000,086136,0.005758,0.0001,0.0759
2026-08-10T15:49:59.560303,0000,086144,0.026705,-0.0005,0.1634
2026-08-10T15:50:01.880508,0000,086152,0.011907,-0.0002,0.1091
2026-08-10T15:50:03.776257,0000,086160,0.007533,0.0002,0.0868
2026-08-10T15:50:05.727928,0000,086168,0.016694,0.0003,0.1292
2026-08-10T15:50:07.550364,0000,086176,1.140443,-0.0008,1.0679
2026-08-10T15:50:09.519592,0000,086184,0.056276,0.0001,0.2372
2026-08-10T15:50:11.682649,0000,086192,0.003728,-0.0001,0.0611
2026-08-10T15:50:13.854831,0000,086200,0.026419,-0.0008,0.1625
2026-08-10T15:50:15.964182,0000,086208,0.009347,-0.0007,0.0967
2026-08-10T15:50:18.321276,0000,086216,0.019115,-0.0007,0.1383
2026-08-10T15:50:20.093387,0000,086224,0.026823,-0.0003,0.1638
2026-08-10T15:50:22.489081,0000,086232,0.142702,0.0002,0.3778
2026-08-10T15:50:25.086494,0000,086240,0.017852,0.0010,0.1336
2026-08-10T15:50:28.158797,0000,086248,0.047478,0.0012,0.2179
2026-08-10T15:50:30.381912,0000,086256,0.010502,0.0005,0.1025
2026-08-10T15:50:32.739305,0000,086264,0.012069,0.0000,0.1099
2026-08-10T15:50:34.450309,0000,086272,0.019157,-0.0008,0.1384
2026-08-10T15:50:36.299298,0000,086280,0.012337,-0.0013,0.1111
2026-08-10T15:50:38.146386,0000,086288,0.033572,-0.0014,0.1832
2026-08-10T15:50:40.183905,0000,086296,0.033001,-0.0012,0.1817
2026-08-10T15:50:42.301266,0000,086304,0.010115,-0.0006,0.1006
2026-08-10T15:50:44.409331,0000,086312,0.036519,-0.0002,0.1911
2026-08-10T15:50:46.298580,0000,086320,0.014275,0.0010,0.1195
2026-08-10T15:50:48.174371,0000,086328,0.021105,0.0017,0.1453
2026-08-10T15:50:50.184043,0000,086336,0.017108,0.0019,0.1308
2026-08-10T15:50:51.921321,0000,086344,0.014349,0.0016,0.1198
2026-08-10T15:50:53.698739,0000,086352,0.016171,0.0013,0.1272
2026-08-10T15:50:55.929300,0000,086360,0.013865,0.0005,0.1177
2026-08-10T15:50:58.976233,0000,086368,0.026561,-0.0005,0.1630
2026-08-10T15:51:01.733157,0000,086376,0.017720,-0.0006,0.1331
2026-08-10T15:51:04.447402,0000,086384,0.056068,-0.0008,0.2368
2026-08-10T15:51:06.908504,0000,086392,0.008231,-0.0006,0.0907
2026-08-10T15:51:09.004127,0000,086400,0.010166,-0.0002,0.1008
2026-08-10T15:51:11.234871,0000,086408,0.010979,0.0004,0.1048
2026-08-10T15:51:13.579921,0000,086416,0.022687,0.0009,0.1506
2026-08-10T15:51:15.623291,0000,086424,0.013709,0.0009,0.1171
2026-08-10T15:51:17.748046,0000,086432,0.022377,0.0003,0.1496
2026-08-10T15:51:19.726353,0000,086440,0.018880,-0.0001,0.1374
2026-08-10T15:51:21.423359,0000,086448,0.006781,-0.0003,0.0823
2026-08-10T15:51:23.282514,0000,086456,0.035727,-0.0004,0.1890
2026-08-10T15:51:25.207186,0000,086464,0.035017,-0.0000,0.1871
2026-08-10T15:51:26.927155,0000,086472,0.007324,0.0009,0.0856
2026-08-10T15:51:28.752484,0000,086480,0.012477,0.0012,0.1117
2026-08-10T15:51:30.743335,0000,086488,0.012110,0.0012,0.1100
2026-08-10T15:51:32.749132,0000,086496,0.017054,0.0009,0.1306
2026-08-10T15:51:35.068591,0000,086504,0.017259,0.0001,0.1314
2026-08-10T15:51:38.106437,0000,086512,0.061893,-0.0007,0.2488
2026-08-10T15:51:40.504107,0000,086520,0.026728,-0.0011,0.1635
2026-08-10T15:51:42.585378,0000,086528,0.009787,-0.0011,0.0989
2026-08-10T15:51:44.611440,0000,086536,0.015988,-0.0010,0.1264
2026-08-10T15:51:46.559160,0000,086544,1.156970,-0.0013,1.0756
2026-08-10T15:51:48.633690,0000,086552,0.021209,0.0001,0.1456
2026-08-10T15:51:50.517060,0000,086560,0.019365,0.0005,0.1392
2026-08-10T15:51:52.387198,0000,086568,0.010503,0.0005,0.1025
2026-08-10T15:51:54.336304,0000,086576,0.016803,0.0003,0.1296
2026-08-10T15:51:56.801739,0000,086584,0.008149,-0.0003,0.0903
2026-08-10T15:51:58.738696,0000,086592,0.016982,-0.0005,0.1303
2026-08-10T15:52:01.320880,0000,086600,0.013191,-0.0003,0.1149
2026-08-10T15:52:03.631232,0000,086608,0.016259,0.0004,0.1275
2026-08-10T15:52:05.550449,0000,086616,0.014603,0.0001,0.1208
2026-08-10T15:52:07.542072,0000,086624,0.014183,0.0000,0.1191
2026-08-10T15:52:09.266949,0000,086632,0.006147,-0.0005,0.0784
2026-08-10T15:52:11.097157,0000,086640,0.007626,-0.0006,0.0873
2026-08-10T15:52:12.906290,0000,086648,0.020895,-0.0007,0.1446
2026-08-10T15:52:14.874260,0000,086656,0.020020,-0.0001,0.1415
2026-08-10T15:52:16.844688,0000,086664,0.147204,0.0005,0.3837
2026-08-10T15:52:18.678783,0000,086672,1.140230,0.0001,1.0678
2026-08-10T15:52:20.609135,0000,086680,0.011989,0.0009,0.1095
2026-08-10T15:52:22.338014,0000,086688,0.018536,0.0005,0.1361
2026-08-10T15:52:24.059069,0000,086696,1.153069,-0.0010,1.0738
2026-08-10T15:52:25.955387,0000,086704,0.023920,-0.0003,0.1547
2026-08-10T15:52:27.905250,0000,086712,0.021117,-0.0002,0.1453
2026-08-10T15:52:29.873373,0000,086720,0.014889,0.0003,0.1220
2026-08-10T15:52:31.609557,0000,086728,0.022222,0.0002,0.1491
2026-08-10T15:52:33.443006,0000,086736,0.008133,0.0000,0.0902
2026-08-10T15:52:35.210227,0000,086744,0.018081,-0.0004,0.1345
2026-08-10T15:52:37.080255,0000,086752,0.017978,-0.0006,0.1341
2026-08-10T15:52:39.130873,0000,086760,0.023913,-0.0007,0.1546
2026-08-10T15:52:40.994076,0000,086768,0.032471,-0.0004,0.1802
2026-08-10T15:52:43.001778,0000,086776,0.013227,0.0006,0.1150
2026-08-10T15:52:44.743545,0000,086784,0.010113,0.0010,0.1006
2026-08-10T15:52:46.739974,0000,086792,0.015419,0.0011,0.1242
2026-08-10T15:52:48.657132,0000,086800,0.007233,0.0005,0.0850
2026-08-10T15:52:50.438847,0000,086808,0.019660,0.0000,0.1402
2026-08-10T15:52:52.365931,0000,086816,0.011450,-0.0008,0.1070
2026-08-10T15:52:54.245915,0000,086824,0.008426,-0.0011,0.0918
2026-08-10T15:52:56.025443,0000,086832,0.022932,-0.0014,0.1514
2026-08-10T15:52:57.734412,0000,086840,0.022887,-0.0011,0.1513
2026-08-10T15:52:59.443147,0000,086848,0.012738,-0.0007,0.1129
2026-08-10T15:53:01.368832,0000,086856,0.015302,0.0000,0.1237
2026-08-10T15:53:03.097725,0000,086864,0.007709,0.0005,0.0878
2026-08-10T15:53:05.142921,0000,086872,0.010948,0.0007,0.1046
2026-08-10T15:53:06.987977,0000,086880,0.025168,0.0003,0.1586
2026-08-10T15:53:08.834341,0000,086888,0.049875,-0.0004,0.2233
2026-08-10T15:53:10.717309,0000,086896,0.018382,-0.0004,0.1356
2026-08-10T15:53:12.554055,0000,086904,0.021055,-0.0003,0.1451
2026-08-10T15:53:14.713495,0000,086912,0.028948,0.0003,0.1701
2026-08-10T15:53:16.443907,0000,086920,0.018250,0.0001,0.1351
2026-08-10T15:53:18.169780,0000,086928,0.013909,-0.0001,0.1179
2026-08-10T15:53:20.080685,0000,086936,0.019628,-0.0002,0.1401
2026-08-10T15:53:21.971228,0000,086944,0.015830,0.0006,0.1258
2026-08-10T15:53:23.871938,0000,086952,0.012055,0.0005,0.1098
2026-08-10T15:53:25.610723,0000,086960,0.008886,0.0002,0.0943
2026-08-10T15:53:27.364742,0000,086968,0.049093,-0.0005,0.2216
2026-08-10T15:53:29.221938,0000,086976,0.025565,-0.0004,0.1599
2026-08-10T15:53:30.991925,0000,086984,0.010736,-0.0003,0.1036
2026-08-10T15:53:32.710856,0000,086992,0.014126,-0.0000,0.1189
2026-08-10T15:53:34.607328,0000,087000,0.036996,0.0006,0.1923
2026-08-10T15:53:36.440828,0000,087008,0.021618,0.0011,0.1470
2026-08-10T15:53:38.317869,0000,087016,0.011461,0.0011,0.1071
2026-08-10T15:53:40.506850,0000,087024,0.062387,0.0009,0.2498
2026-08-10T15:53:42.389208,0000,087032,0.016758,0.0003,0.1295
2026-08-10T15:53:44.269693,0000,087040,0.016514,-0.0006,0.1285
2026-08-10T15:53:46.017412,0000,087048,0.014212,-0.0011,0.1192
2026-08-10T15:53:47.778638,0000,087056,0.015750,-0.0012,0.1255
2026-08-10T15:53:49.480708,0000,087064,0.024140,-0.0011,0.1554
2026-08-10T15:53:51.322098,0000,087072,0.010644,-0.0005,0.1032
2026-08-10T15:53:53.043945,0000,087080,0.009163,0.0001,0.0957
2026-08-10T15:53:54.858734,0000,087088,0.029604,0.0004,0.1721
2026-08-10T15:53:56.648798,0000,087096,0.032069,0.0003,0.1791
2026-08-10T15:53:58.466029,0000,087104,0.010480,0.0003,0.1024
2026-08-10T15:54:00.206034,0000,087112,0.007068,-0.0003,0.0841
2026-08-10T15:54:02.068788,0000,087120,0.006501,-0.0004,0.0806
2026-08-10T15:54:03.829294,0000,087128,0.009744,-0.0003,0.0987
2026-08-10T15:54:05.553148,0000,087136,0.015005,0.0001,0.1225
2026-08-10T15:54:07.301225,0000,087144,0.008146,0.0002,0.0903
2026-08-10T15:54:09.074291,0000,087152,0.015331,-0.0001,0.1238
2026-08-10T15:54:10.814048,0000,087160,0.024459,-0.0002,0.1564
2026-08-10T15:54:12.546790,0000,087168,0.022866,0.0003,0.1512
2026-08-10T15:54:14.293575,0000,087176,0.010639,0.0004,0.1031
2026-08-10T15:54:16.128763,0000,087184,0.009203,0.0002,0.0959
2026-08-10T15:54:17.840319,0000,087192,0.016004,-0.0003,0.1265
2026-08-10T15:54:19.556899,0000,087200,0.011915,-0.0004,0.1092
2026-08-10T15:54:21.292623,0000,087208,0.013487,-0.0004,0.1161
2026-08-10T15:54:23.264083,0000,087216,0.020087,0.0000,0.1417
2026-08-10T15:54:25.204056,0000,087224,0.024619,0.0001,0.1569
2026-08-10T15:54:26.916998,0000,087232,0.007676,-0.0001,0.0876
2026-08-10T15:54:28.633251,0000,087240,0.009910,-0.0000,0.0995
2026-08-10T15:54:30.343842,0000,087248,0.027593,0.0004,0.1661
2026-08-10T15:54:32.287565,0000,087256,0.009186,0.0005,0.0958
2026-08-10T15:54:34.061613,0000,087264,0.028337,0.0001,0.1683
2026-08-10T15:54:36.162804,0000,087272,0.054583,-0.0003,0.2336
2026-08-10T15:54:38.370938,0000,087280,0.011016,-0.0006,0.1050
2026-08-10T15:54:40.086485,0000,087288,0.013568,-0.0004,0.1165
2026-08-10T15:54:41.819527,0000,087296,1.144144,-0.0009,1.0696
2026-08-10T15:54:43.755810,0000,087304,0.022496,0.0007,0.1500
2026-08-10T15:54:45.653134,0000,087312,0.013082,0.0011,0.1144
2026-08-10T15:54:47.488793,0000,087320,0.034473,0.0009,0.1857
2026-08-10T15:54:49.444512,0000,087328,0.023543,0.0006,0.1534
2026-08-10T15:54:51.324825,0000,087336,0.012151,0.0000,0.1102
2026-08-10T15:54:53.147697,0000,087344,0.019204,-0.0007,0.1386
2026-08-10T15:54:55.024563,0000,087352,0.025420,-0.0014,0.1594
2026-08-10T15:54:56.792126,0000,087360,0.018729,-0.0013,0.1369
2026-08-10T15:54:58.748917,0000,087368,0.011857,-0.0011,0.1089
2026-08-10T15:55:00.507415,0000,087376,0.006369,-0.0006,0.0798
2026-08-10T15:55:02.370859,0000,087384,0.012752,0.0002,0.1129
2026-08-10T15:55:04.092320,0000,087392,0.012711,0.0005,0.1127
2026-08-10T15:55:06.091805,0000,087400,0.009675,0.0007,0.0984
2026-08-10T15:55:07.811664,0000,087408,0.018558,0.0002,0.1362
2026-08-10T15:55:09.540768,0000,087416,0.006375,-0.0002,0.0798
2026-08-10T15:55:11.760505,0000,087424,0.040156,-0.0007,0.2004
2026-08-10T15:55:13.623719,0000,087432,0.013516,-0.0003,0.1163
2026-08-10T15:55:15.569598,0000,087440,0.012148,0.0001,0.1102
2026-08-10T15:55:17.325236,0000,087448,0.063050,0.0001,0.2511
2026-08-10T15:55:19.045757,0000,087456,0.010126,-0.0000,0.1006
2026-08-10T15:55:20.764978,0000,087464,0.009567,0.0000,0.0978
2026-08-10T15:55:22.491583,0000,087472,0.067659,-0.0003,0.2601
2026-08-10T15:55:24.369174,0000,087480,0.005931,-0.0000,0.0770
2026-08-10T15:55:26.091526,0000,087488,0.009454,-0.0004,0.0972
2026-08-10T15:55:27.833547,0000,087496,0.014436,-0.0001,0.1201
2026-08-10T15:55:29.829327,0000,087504,0.011884,0.0005,0.1090
2026-08-10T15:55:31.836300,0000,087512,0.011198,0.0002,0.1058
2026-08-10T15:55:33.738243,0000,087520,0.036703,-0.0001,0.1916
2026-08-10T15:55:35.496225,0000,087528,0.077489,0.0000,0.2784
2026-08-10T15:55:37.337050,0000,087536,0.014046,-0.0000,0.1185
2026-08-10T15:55:39.133530,0000,087544,0.007241,0.0000,0.0851
2026-08-10T15:55:40.952893,0000,087552,0.008350,-0.0002,0.0914
2026-08-10T15:55:42.764956,0000,087560,0.012404,-0.0001,0.1114
2026-08-10T15:55:44.824544,0000,087568,0.016597,0.0001,0.1288
2026-08-10T15:55:46.539051,0000,087576,0.006274,0.0004,0.0792
2026-08-10T15:55:48.274499,0000,087584,0.017251,0.0000,0.1313
2026-08-10T15:55:50.050540,0000,087592,0.026114,-0.0006,0.1616
2026-08-10T15:55:51.849774,0000,087600,0.029981,-0.0006,0.1732
2026-08-10T15:55:53.657475,0000,087608,0.029167,-0.0006,0.1708
2026-08-10T15:55:55.513601,0000,087616,0.162587,-0.0002,0.4032
2026-08-10T15:55:57.230224,0000,087624,0.009090,0.0006,0.0953
2026-08-10T15:55:59.268444,0000,087632,0.017414,0.0012,0.1320
2026-08-10T15:56:01.484029,0000,087640,0.017749,0.0014,0.1332
2026-08-10T15:56:03.410114,0000,087648,0.023644,0.0005,0.1538
2026-08-10T15:56:05.360423,0000,087656,0.006429,0.0002,0.0802
2026-08-10T15:56:07.204961,0000,087664,0.023325,-0.0007,0.1527
2026-08-10T15:56:09.155549,0000,087672,0.014851,-0.0013,0.1219
2026-08-10T15:56:11.322886,0000,087680,0.019660,-0.0014,0.1402
2026-08-10T15:56:13.040010,0000,087688,0.020856,-0.0011,0.1444
2026-08-10T15:56:15.070278,0000,087696,0.034793,-0.0009,0.1865
2026-08-10T15:56:16.795489,0000,087704,0.012581,0.0002,0.1122
2026-08-10T15:56:18.710168,0000,087712,0.010623,0.0005,0.1031
2026-08-10T15:56:20.499501,0000,087720,0.006589,0.0005,0.0812
2026-08-10T15:56:22.467929,0000,087728,0.035517,0.0000,0.1885
2026-08-10T15:56:24.204377,0000,087736,0.010495,-0.0002,0.1024
2026-08-10T15:56:25.924400,0000,087744,1.128278,-0.0010,1.0622
2026-08-10T15:56:27.669198,0000,087752,0.020431,-0.0000,0.1429
2026-08-10T15:56:29.476724,0000,087760,0.014189,0.0005,0.1191
2026-08-10T15:56:31.221431,0000,087768,0.019953,0.0007,0.1413
2026-08-10T15:56:32.994348,0000,087776,0.009431,0.0006,0.0971
2026-08-10T15:56:34.713164,0000,087784,0.032346,0.0001,0.1798
2026-08-10T15:56:36.515377,0000,087792,0.006027,-0.0005,0.0776
2026-08-10T15:56:38.401344,0000,087800,0.014309,-0.0007,0.1196
2026-08-10T15:56:40.112066,0000,087808,0.008433,-0.0008,0.0918
2026-08-10T15:56:41.995283,0000,087816,0.015244,-0.0006,0.1235
2026-08-10T15:56:43.715047,0000,087824,0.006230,0.0001,0.0789
2026-08-10T15:56:45.445047,0000,087832,0.006334,0.0002,0.0796
2026-08-10T15:56:47.232093,0000,087840,0.009849,0.0002,0.0992
2026-08-10T15:56:48.950411,0000,087848,0.007451,-0.0003,0.0863
2026-08-10T15:56:50.858077,0000,087856,0.013035,-0.0002,0.1142
2026-08-10T15:56:52.600305,0000,087864,0.010020,-0.0001,0.1001
2026-08-10T15:56:54.432486,0000,087872,0.026744,0.0004,0.1635
2026-08-10T15:56:56.597756,0000,087880,0.023361,0.0011,0.1528
2026-08-10T15:56:58.361327,0000,087888,0.008295,0.0006,0.0911
2026-08-10T15:57:00.221918,0000,087896,0.029531,-0.0000,0.1718
2026-08-10T15:57:02.082433,0000,087904,0.021660,-0.0005,0.1472
2026-08-10T15:57:04.043305,0000,087912,0.010267,-0.0008,0.1013
2026-08-10T15:57:05.785614,0000,087920,0.019841,-0.0007,0.1409
2026-08-10T15:57:07.544161,0000,087928,0.010882,-0.0003,0.1043
2026-08-10T15:57:09.463294,0000,087936,0.009521,0.0003,0.0976
2026-08-10T15:57:11.320335,0000,087944,0.007508,0.0008,0.0867
2026-08-10T15:57:13.104336,0000,087952,0.016098,0.0005,0.1269
2026-08-10T15:57:15.043015,0000,087960,0.028505,0.0001,0.1688
2026-08-10T15:57:16.753770,0000,087968,0.009522,-0.0004,0.0976
2026-08-10T15:57:18.606310,0000,087976,0.029794,-0.0008,0.1726
2026-08-10T15:57:20.479770,0000,087984,0.013231,-0.0005,0.1150
2026-08-10T15:57:22.441192,0000,087992,0.024411,-0.0003,0.1562
2026-08-10T15:57:24.221256,0000,088000,0.009097,0.0004,0.0954
2026-08-10T15:57:25.958072,0000,088008,0.028316,0.0006,0.1683
2026-08-10T15:57:27.721098,0000,088016,0.030216,0.0006,0.1738
2026-08-10T15:57:29.477002,0000,088024,0.030322,0.0003,0.1741
2026-08-10T15:57:31.260194,0000,088032,0.043914,-0.0003,0.2096
2026-08-10T15:57:33.002923,0000,088040,0.145803,-0.0006,0.3818
2026-08-10T15:57:34.988878,0000,088048,0.008495,-0.0004,0.0922
2026-08-10T15:57:37.022386,0000,088056,0.018835,0.0001,0.1372
2026-08-10T15:57:38.736271,0000,088064,0.009989,-0.0001,0.0999
2026-08-10T15:57:40.723644,0000,088072,0.004382,0.0002,0.0662
2026-08-10T15:57:42.479229,0000,088080,0.030085,0.0002,0.1734
2026-08-10T15:57:44.394439,0000,088088,0.018717,0.0001,0.1368
2026-08-10T15:57:46.223924,0000,088096,0.020754,-0.0006,0.1441
2026-08-10T15:57:47.927654,0000,088104,0.009294,-0.0007,0.0964
2026-08-10T15:57:49.705849,0000,088112,0.012595,-0.0007,0.1122
2026-08-10T15:57:51.429020,0000,088120,0.009717,-0.0003,0.0986
2026-08-10T15:57:53.384885,0000,088128,0.009137,0.0006,0.0956
2026-08-10T15:57:55.193830,0000,088136,0.020335,0.0007,0.1426
2026-08-10T15:57:56.930945,0000,088144,0.015251,0.0006,0.1235
2026-08-10T15:57:58.984915,0000,088152,0.007292,0.0004,0.0854
2026-08-10T15:58:01.160788,0000,088160,0.010374,-0.0001,0.1019
2026-08-10T15:58:03.288229,0000,088168,0.011173,-0.0012,0.1057
2026-08-10T15:58:05.449772,0000,088176,0.019737,-0.0018,0.1405
2026-08-10T15:58:07.290905,0000,088184,0.013986,-0.0015,0.1183
2026-08-10T15:58:09.209135,0000,088192,0.069052,-0.0017,0.2628
2026-08-10T15:58:10.943098,0000,088200,0.017677,-0.0010,0.1330
2026-08-10T15:58:12.716015,0000,088208,0.011375,-0.0002,0.1067
2026-08-10T15:58:14.561990,0000,088216,0.029056,0.0007,0.1705
2026-08-10T15:58:16.306067,0000,088224,0.011191,0.0012,0.1058
2026-08-10T15:58:18.419321,0000,088232,0.019063,0.0017,0.1381
2026-08-10T15:58:20.221202,0000,088240,0.057199,0.0013,0.2392
2026-08-10T15:58:21.998939,0000,088248,0.012087,0.0011,0.1099
2026-08-10T15:58:23.971192,0000,088256,0.028056,0.0005,0.1675
2026-08-10T15:58:25.684095,0000,088264,0.022105,-0.0006,0.1487
2026-08-10T15:58:27.680992,0000,088272,0.011789,-0.0011,0.1086
2026-08-10T15:58:29.426870,0000,088280,0.019484,-0.0012,0.1396
2026-08-10T15:58:31.433218,0000,088288,0.024339,-0.0012,0.1560
2026-08-10T15:58:33.293943,0000,088296,0.009456,-0.0005,0.0972
2026-08-10T15:58:35.021843,0000,088304,0.011829,-0.0000,0.1088
2026-08-10T15:58:36.766101,0000,088312,0.016746,0.0009,0.1294
2026-08-10T15:58:38.578203,0000,088320,0.019940,0.0014,0.1412
2026-08-10T15:58:40.723290,0000,088328,0.037350,0.0022,0.1933
2026-08-10T15:58:42.486880,0000,088336,0.022894,0.0015,0.1513
2026-08-10T15:58:44.250753,0000,088344,0.026963,0.0009,0.1642
2026-08-10T15:58:46.154946,0000,088352,0.015277,0.0005,0.1236
2026-08-10T15:58:48.034790,0000,088360,0.012802,-0.0003,0.1131
2026-08-10T15:58:49.746913,0000,088368,0.018392,-0.0009,0.1356
2026-08-10T15:58:51.476088,0000,088376,0.010617,-0.0010,0.1030
2026-08-10T15:58:53.458621,0000,088384,0.034304,-0.0010,0.1852
2026-08-10T15:58:55.419170,0000,088392,0.016314,-0.0006,0.1277
2026-08-10T15:58:57.237298,0000,088400,0.008907,0.0002,0.0944
2026-08-10T15:58:59.208891,0000,088408,0.031084,0.0005,0.1763
2026-08-10T15:59:01.229887,0000,088416,0.015369,0.0006,0.1240
2026-08-10T15:59:03.133688,0000,088424,0.010432,0.0003,0.1021
2026-08-10T15:59:04.951640,0000,088432,0.010807,-0.0004,0.1040
2026-08-10T15:59:06.905014,0000,088440,0.031296,-0.0004,0.1769
2026-08-10T15:59:08.649196,0000,088448,0.006289,-0.0005,0.0793
2026-08-10T15:59:10.373801,0000,088456,0.006737,-0.0002,0.0821
2026-08-10T15:59:12.080837,0000,088464,0.015084,0.0004,0.1228
2026-08-10T15:59:14.039880,0000,088472,0.015222,0.0009,0.1234
2026-08-10T15:59:15.775862,0000,088480,0.007803,0.0007,0.0883
2026-08-10T15:59:17.579861,0000,088488,0.025688,0.0004,0.1603
2026-08-10T15:59:19.301864,0000,088496,0.014910,-0.0002,0.1221
2026-08-10T15:59:21.074638,0000,088504,0.023320,-0.0005,0.1527
2026-08-10T15:59:22.813194,0000,088512,0.012598,-0.0003,0.1122
2026-08-10T15:59:24.811725,0000,088520,0.021375,0.0001,0.1462
2026-08-10T15:59:26.528708,0000,088528,0.012383,-0.0001,0.1113
2026-08-10T15:59:28.503612,0000,088536,0.027020,0.0004,0.1644
2026-08-10T15:59:30.215091,0000,088544,0.018867,0.0002,0.1374
2026-08-10T15:59:32.232950,0000,088552,1.142353,-0.0007,1.0688
2026-08-10T15:59:34.043387,0000,088560,0.020925,0.0002,0.1447
2026-08-10T15:59:35.842671,0000,088568,0.023185,-0.0003,0.1523
2026-08-10T15:59:38.076482,0000,088576,0.008912,-0.0000,0.0944
2026-08-10T15:59:39.845186,0000,088584,0.020364,-0.0006,0.1427
2026-08-10T15:59:41.567065,0000,088592,0.008073,-0.0003,0.0898
2026-08-10T15:59:43.357110,0000,088600,0.011031,0.0001,0.1050
2026-08-10T15:59:45.115953,0000,088608,0.007852,0.0001,0.0886
2026-08-10T15:59:46.833095,0000,088616,0.010183,-0.0003,0.1009
2026-08-10T15:59:48.576561,0000,088624,0.009750,-0.0002,0.0987
2026-08-10T15:59:50.290542,0000,088632,0.012227,0.0001,0.1106
2026-08-10T15:59:52.490760,0000,088640,0.011154,0.0002,0.1056
2026-08-10T15:59:54.358362,0000,088648,0.026201,-0.0003,0.1619
2026-08-10T15:59:56.227100,0000,088656,0.013919,-0.0001,0.1180
2026-08-10T15:59:57.960121,0000,088664,0.009548,0.0001,0.0977
2026-08-10T15:59:59.674695,0000,088672,0.015389,-0.0001,0.1241
2026-08-10T16:00:01.747221,0000,088680,0.026274,0.0002,0.1621
2026-08-10T16:00:03.497645,0000,088688,0.007755,-0.0001,0.0881
2026-08-10T16:00:05.317856,0000,088696,0.020385,0.0000,0.1428
2026-08-10T16:00:07.267421,0000,088704,0.018394,0.0000,0.1356
2026-08-10T16:00:09.030926,0000,088712,0.019157,-0.0003,0.1384
2026-08-10T16:00:10.811644,0000,088720,0.059963,-0.0003,0.2449
2026-08-10T16:00:12.560520,0000,088728,0.012725,0.0000,0.1128
2026-08-10T16:00:14.512219,0000,088736,0.005992,-0.0000,0.0774
2026-08-10T16:00:16.248512,0000,088744,0.010186,0.0003,0.1009
2026-08-10T16:00:18.051321,0000,088752,0.012041,0.0001,0.1097
2026-08-10T16:00:19.780571,0000,088760,0.010996,-0.0002,0.1049
2026-08-10T16:00:21.510888,0000,088768,0.013101,-0.0002,0.1145
2026-08-10T16:00:23.562934,0000,088776,0.017558,0.0002,0.1325
2026-08-10T16:00:25.513120,0000,088784,0.052182,-0.0001,0.2284
2026-08-10T16:00:27.542324,0000,088792,0.024706,0.0001,0.1572
2026-08-10T16:00:29.506742,0000,088800,0.009428,0.0003,0.0971
2026-08-10T16:00:31.337139,0000,088808,0.007321,-0.0001,0.0856
2026-08-10T16:00:33.067461,0000,088816,0.019222,-0.0002,0.1386
2026-08-10T16:00:34.858635,0000,088824,0.021261,0.0001,0.1458
2026-08-10T16:00:36.627786,0000,088832,0.022848,0.0000,0.1512
2026-08-10T16:00:38.383940,0000,088840,0.012715,-0.0003,0.1128
2026-08-10T16:00:40.096461,0000,088848,0.011200,-0.0004,0.1058
2026-08-10T16:00:41.874627,0000,088856,0.016590,0.0000,0.1288
2026-08-10T16:00:43.650594,0000,088864,0.144758,-0.0002,0.3805
2026-08-10T16:00:45.381966,0000,088872,0.020177,0.0001,0.1420
2026-08-10T16:00:47.201346,0000,088880,0.015397,0.0002,0.1241
2026-08-10T16:00:49.249052,0000,088888,0.016302,-0.0002,0.1277
2026-08-10T16:00:51.139509,0000,088896,0.019530,-0.0003,0.1397
2026-08-10T16:00:52.926606,0000,088904,0.005428,0.0000,0.0737
2026-08-10T16:00:54.922574,0000,088912,0.039865,-0.0002,0.1997
2026-08-10T16:00:56.655824,0000,088920,0.004063,0.0002,0.0637
2026-08-10T16:00:58.459084,0000,088928,0.033118,0.0001,0.1820
2026-08-10T16:01:00.400399,0000,088936,0.010310,-0.0002,0.1015
2026-08-10T16:01:02.244071,0000,088944,0.017304,-0.0002,0.1315
2026-08-10T16:01:03.974824,0000,088952,0.007863,0.0001,0.0887
2026-08-10T16:01:06.007458,0000,088960,0.024281,-0.0000,0.1558
2026-08-10T16:01:07.749404,0000,088968,0.019787,0.0001,0.1407
2026-08-10T16:01:09.616565,0000,088976,0.023488,0.0001,0.1533
2026-08-10T16:01:11.623435,0000,088984,0.029534,0.0004,0.1719
2026-08-10T16:01:13.331417,0000,088992,0.008153,0.0003,0.0903
2026-08-10T16:01:15.106381,0000,089000,0.017327,-0.0000,0.1316
2026-08-10T16:01:16.830914,0000,089008,0.022262,-0.0006,0.1492
2026-08-10T16:01:18.562265,0000,089016,0.019376,-0.0009,0.1392
2026-08-10T16:01:20.353379,0000,089024,0.037181,-0.0009,0.1928
2026-08-10T16:01:22.083578,0000,089032,0.026322,-0.0005,0.1622
2026-08-10T16:01:24.004837,0000,089040,0.008707,0.0003,0.0933
2026-08-10T16:01:26.198899,0000,089048,0.007517,0.0006,0.0867
2026-08-10T16:01:27.946283,0000,089056,0.010071,0.0002,0.1004
2026-08-10T16:01:29.905361,0000,089064,0.006969,-0.0000,0.0835
2026-08-10T16:01:31.904406,0000,089072,0.009922,-0.0000,0.0996
2026-08-10T16:01:33.622382,0000,089080,0.012005,0.0002,0.1096
2026-08-10T16:01:35.359456,0000,089088,0.010161,0.0002,0.1008
2026-08-10T16:01:37.187594,0000,089096,0.006861,-0.0002,0.0828
2026-08-10T16:01:39.214944,0000,089104,0.022550,-0.0005,0.1502
2026-08-10T16:01:40.947526,0000,089112,0.009244,0.0000,0.0961
2026-08-10T16:01:42.742820,0000,089120,0.004165,0.0000,0.0645
2026-08-10T16:01:44.458798,0000,089128,0.015920,-0.0003,0.1262
2026-08-10T16:01:46.198264,0000,089136,0.016885,-0.0003,0.1299
2026-08-10T16:01:48.046466,0000,089144,1.137882,-0.0009,1.0667
2026-08-10T16:01:49.848406,0000,089152,0.036068,0.0004,0.1899
2026-08-10T16:01:51.630513,0000,089160,0.014048,0.0007,0.1185
2026-08-10T16:01:53.627957,0000,089168,0.013354,0.0007,0.1156
2026-08-10T16:01:55.436014,0000,089176,0.015355,0.0004,0.1239
2026-08-10T16:01:57.281252,0000,089184,0.010096,-0.0003,0.1005
2026-08-10T16:01:59.195335,0000,089192,0.013177,-0.0007,0.1148
2026-08-10T16:02:00.933257,0000,089200,0.025587,-0.0006,0.1600
2026-08-10T16:02:02.956452,0000,089208,0.022745,-0.0005,0.1508
2026-08-10T16:02:04.716436,0000,089216,0.011871,0.0004,0.1090
2026-08-10T16:02:06.497252,0000,089224,0.014308,0.0006,0.1196
2026-08-10T16:02:08.263430,0000,089232,0.009899,0.0004,0.0995
2026-08-10T16:02:10.205584,0000,089240,0.010623,0.0001,0.1031
2026-08-10T16:02:11.937174,0000,089248,0.007526,-0.0005,0.0868
2026-08-10T16:02:13.939953,0000,089256,0.010819,-0.0010,0.1040
2026-08-10T16:02:15.791602,0000,089264,0.037853,-0.0010,0.1946
2026-08-10T16:02:17.647609,0000,089272,0.014738,-0.0004,0.1214
2026-08-10T16:02:19.399442,0000,089280,0.013147,0.0002,0.1147
2026-08-10T16:02:21.201972,0000,089288,0.011585,0.0005,0.1076
2026-08-10T16:02:23.038762,0000,089296,0.023678,0.0004,0.1539
2026-08-10T16:02:24.794238,0000,089304,0.018133,-0.0001,0.1347
2026-08-10T16:02:26.497172,0000,089312,0.008367,-0.0000,0.0915
2026-08-10T16:02:28.422753,0000,089320,0.016407,0.0004,0.1281
2026-08-10T16:02:30.154325,0000,089328,0.006951,0.0002,0.0834
2026-08-10T16:02:32.200389,0000,089336,0.022341,-0.0002,0.1495
2026-08-10T16:02:33.969453,0000,089344,1.143292,-0.0011,1.0692
2026-08-10T16:02:35.714495,0000,089352,0.007213,0.0001,0.0849
2026-08-10T16:02:37.429485,0000,089360,0.142851,-0.0001,0.3780
2026-08-10T16:02:39.286801,0000,089368,0.025065,0.0003,0.1583
2026-08-10T16:02:41.015910,0000,089376,0.006948,0.0003,0.0834
2026-08-10T16:02:42.987357,0000,089384,0.057667,-0.0003,0.2401
2026-08-10T16:02:44.902775,0000,089392,0.008759,-0.0000,0.0936
2026-08-10T16:02:46.620158,0000,089400,0.006698,-0.0004,0.0818
2026-08-10T16:02:48.707108,0000,089408,0.012020,-0.0002,0.1096
2026-08-10T16:02:50.470515,0000,089416,0.025296,-0.0001,0.1590
2026-08-10T16:02:52.635466,0000,089424,0.025829,0.0004,0.1607
2026-08-10T16:02:54.517287,0000,089432,0.005747,0.0007,0.0758
2026-08-10T16:02:56.280533,0000,089440,0.008069,0.0007,0.0898
2026-08-10T16:02:58.034988,0000,089448,0.015834,0.0001,0.1258
2026-08-10T16:02:59.823002,0000,089456,0.024161,-0.0003,0.1554
2026-08-10T16:03:01.606113,0000,089464,0.016543,-0.0007,0.1286
2026-08-10T16:03:03.340964,0000,089472,0.010957,-0.0006,0.1047
2026-08-10T16:03:05.247947,0000,089480,0.019646,-0.0004,0.1402
2026-08-10T16:03:07.080739,0000,089488,0.017071,0.0003,0.1307
2026-08-10T16:03:08.907335,0000,089496,0.011087,0.0006,0.1053
2026-08-10T16:03:10.750048,0000,089504,0.012944,0.0005,0.1138
2026-08-10T16:03:12.492210,0000,089512,1.166509,-0.0009,1.0801
2026-08-10T16:03:14.226746,0000,089520,0.009659,0.0001,0.0983
2026-08-10T16:03:16.286128,0000,089528,0.017326,-0.0004,0.1316
2026-08-10T16:03:18.215509,0000,089536,0.008117,-0.0003,0.0901
2026-08-10T16:03:19.929076,0000,089544,0.025797,-0.0000,0.1606
2026-08-10T16:03:21.682904,0000,089552,0.010560,0.0005,0.1028
2026-08-10T16:03:23.493871,0000,089560,0.024031,0.0009,0.1550
2026-08-10T16:03:25.250577,0000,089568,0.016474,0.0007,0.1284
2026-08-10T16:03:26.961092,0000,089576,0.021090,0.0003,0.1452
2026-08-10T16:03:29.256269,0000,089584,0.012850,-0.0005,0.1134
2026-08-10T16:03:31.122817,0000,089592,0.005514,-0.0006,0.0743
2026-08-10T16:03:32.984073,0000,089600,0.013625,-0.0006,0.1167
2026-08-10T16:03:34.968966,0000,089608,0.020060,-0.0006,0.1416
2026-08-10T16:03:36.996104,0000,089616,0.009576,0.0005,0.0979
2026-08-10T16:03:38.953131,0000,089624,0.008499,0.0006,0.0922
2026-08-10T16:03:40.703043,0000,089632,0.021028,0.0005,0.1450
2026-08-10T16:03:42.506890,0000,089640,0.019640,0.0002,0.1401
2026-08-10T16:03:44.579803,0000,089648,0.010145,-0.0005,0.1007
2026-08-10T16:03:46.299718,0000,089656,0.009896,-0.0007,0.0995
2026-08-10T16:03:48.161820,0000,089664,0.014914,-0.0006,0.1221
2026-08-10T16:03:49.969635,0000,089672,0.011911,-0.0003,0.1091
2026-08-10T16:03:51.722828,0000,089680,0.017407,0.0003,0.1319
2026-08-10T16:03:53.511769,0000,089688,0.040978,0.0003,0.2024
2026-08-10T16:03:55.246027,0000,089696,0.012126,0.0004,0.1101
2026-08-10T16:03:56.991985,0000,089704,0.019035,0.0001,0.1380
2026-08-10T16:03:58.747941,0000,089712,0.012958,-0.0004,0.1138
2026-08-10T16:04:00.556358,0000,089720,0.012369,-0.0008,0.1112
2026-08-10T16:04:02.794265,0000,089728,0.013873,-0.0011,0.1178
2026-08-10T16:04:04.553684,0000,089736,0.039191,-0.0005,0.1980
2026-08-10T16:04:06.565962,0000,089744,0.009957,0.0002,0.0998
2026-08-10T16:04:08.309519,0000,089752,0.012362,0.0004,0.1112
2026-08-10T16:04:10.432648,0000,089760,0.007886,0.0006,0.0888
2026-08-10T16:04:12.283717,0000,089768,0.145680,-0.0000,0.3817
2026-08-10T16:04:14.321852,0000,089776,0.021905,0.0002,0.1480
2026-08-10T16:04:16.268812,0000,089784,0.030013,-0.0005,0.1732
2026-08-10T16:04:18.071740,0000,089792,0.012316,-0.0003,0.1110
2026-08-10T16:04:20.097376,0000,089800,0.008321,-0.0001,0.0912
2026-08-10T16:04:21.945913,0000,089808,0.013329,0.0006,0.1155
2026-08-10T16:04:23.951183,0000,089816,0.023900,0.0006,0.1546
2026-08-10T16:04:26.168898,0000,089824,0.025312,0.0006,0.1591
2026-08-10T16:04:28.009028,0000,089832,0.026939,-0.0000,0.1641
2026-08-10T16:04:29.984822,0000,089840,0.010230,0.0002,0.1011
2026-08-10T16:04:31.948785,0000,089848,0.019568,-0.0001,0.1399
2026-08-10T16:04:33.934656,0000,089856,0.016776,-0.0002,0.1295
2026-08-10T16:04:35.681454,0000,089864,0.009761,0.0002,0.0988
2026-08-10T16:04:37.400756,0000,089872,0.015397,0.0001,0.1241
2026-08-10T16:04:39.353792,0000,089880,0.015017,-0.0003,0.1225
2026-08-10T16:04:41.269257,0000,089888,0.010993,-0.0002,0.1048
2026-08-10T16:04:42.990093,0000,089896,0.011120,0.0000,0.1054
2026-08-10T16:04:44.749793,0000,089904,0.013764,-0.0000,0.1173
2026-08-10T16:04:46.562671,0000,089912,0.075803,0.0001,0.2753
2026-08-10T16:04:48.378547,0000,089920,0.052670,0.0001,0.2295
2026-08-10T16:04:50.161860,0000,089928,0.024749,-0.0001,0.1573
2026-08-10T16:04:52.060675,0000,089936,0.021995,-0.0003,0.1483
2026-08-10T16:04:53.862759,0000,089944,0.019444,-0.0002,0.1394
2026-08-10T16:04:55.583860,0000,089952,0.009360,0.0008,0.0967
2026-08-10T16:04:57.327095,0000,089960,0.057693,0.0008,0.2402
2026-08-10T16:04:59.157619,0000,089968,0.058891,0.0005,0.2427
2026-08-10T16:05:00.898725,0000,089976,0.012614,0.0003,0.1123
2026-08-10T16:05:02.649547,0000,089984,0.012492,-0.0003,0.1118
2026-08-10T16:05:04.446238,0000,089992,0.017002,-0.0006,0.1304
2026-08-10T16:05:06.699867,0000,090000,0.015383,-0.0008,0.1240
2026-08-10T16:05:08.526738,0000,090008,0.006169,-0.0002,0.0785
2026-08-10T16:05:10.585737,0000,090016,0.008540,0.0005,0.0924
2026-08-10T16:05:12.311741,0000,090024,0.029617,0.0006,0.1721
2026-08-10T16:05:14.059080,0000,090032,0.023496,0.0005,0.1533
2026-08-10T16:05:15.762868,0000,090040,0.007473,0.0001,0.0864
2026-08-10T16:05:17.624272,0000,090048,0.018146,-0.0006,0.1347
2026-08-10T16:05:19.353561,0000,090056,0.020432,-0.0007,0.1429
2026-08-10T16:05:21.119019,0000,090064,0.011337,-0.0006,0.1065
2026-08-10T16:05:22.830344,0000,090072,0.052050,-0.0004,0.2281
2026-08-10T16:05:24.789269,0000,090080,0.052875,0.0003,0.2299
2026-08-10T16:05:26.506718,0000,090088,0.011457,0.0005,0.1070
2026-08-10T16:05:28.233309,0000,090096,0.052262,0.0003,0.2286
2026-08-10T16:05:30.000023,0000,090104,0.010737,0.0001,0.1036
2026-08-10T16:05:31.911651,0000,090112,0.005724,-0.0006,0.0757
2026-08-10T16:05:33.873927,0000,090120,0.029263,-0.0010,0.1711
2026-08-10T16:05:35.859516,0000,090128,0.011078,-0.0009,0.1053
2026-08-10T16:05:37.626850,0000,090136,0.013969,-0.0004,0.1182
2026-08-10T16:05:39.359098,0000,090144,0.009923,0.0001,0.0996
2026-08-10T16:05:41.059725,0000,090152,0.014920,0.0003,0.1221
2026-08-10T16:05:42.772561,0000,090160,0.011356,0.0003,0.1066
2026-08-10T16:05:44.504509,0000,090168,0.011155,-0.0000,0.1056
2026-08-10T16:05:46.199177,0000,090176,0.007939,-0.0001,0.0891
2026-08-10T16:05:48.096458,0000,090184,0.039133,-0.0000,0.1978
2026-08-10T16:05:49.990685,0000,090192,0.012087,0.0009,0.1099
2026-08-10T16:05:51.965754,0000,090200,0.034759,0.0010,0.1864
2026-08-10T16:05:53.735250,0000,090208,0.007316,0.0009,0.0855
2026-08-10T16:05:55.751118,0000,090216,0.006219,0.0005,0.0789
2026-08-10T16:05:57.782810,0000,090224,0.007647,-0.0003,0.0874
2026-08-10T16:05:59.553122,0000,090232,0.008966,-0.0005,0.0947
2026-08-10T16:06:01.474598,0000,090240,0.037730,-0.0007,0.1942
2026-08-10T16:06:03.188236,0000,090248,0.013498,-0.0002,0.1162
2026-08-10T16:06:05.053522,0000,090256,0.026053,0.0002,0.1614
2026-08-10T16:06:06.789444,0000,090264,0.007195,0.0006,0.0848
2026-08-10T16:06:08.501307,0000,090272,0.045975,0.0004,0.2144
2026-08-10T16:06:10.486596,0000,090280,0.013162,0.0001,0.1147
2026-08-10T16:06:12.454453,0000,090288,0.022615,-0.0004,0.1504
2026-08-10T16:06:14.231524,0000,090296,0.010455,-0.0006,0.1022
2026-08-10T16:06:16.134703,0000,090304,0.030906,-0.0008,0.1758
2026-08-10T16:06:17.932201,0000,090312,0.008146,-0.0004,0.0903
2026-08-10T16:06:19.727451,0000,090320,0.013823,0.0002,0.1176
2026-08-10T16:06:21.457587,0000,090328,0.012403,0.0004,0.1114
2026-08-10T16:06:23.321291,0000,090336,0.026562,0.0004,0.1630
2026-08-10T16:06:25.170587,0000,090344,0.029614,-0.0001,0.1721
2026-08-10T16:06:26.877889,0000,090352,0.034560,-0.0001,0.1859
2026-08-10T16:06:28.587812,0000,090360,0.013239,0.0002,0.1151
2026-08-10T16:06:30.526290,0000,090368,0.008708,0.0001,0.0933
2026-08-10T16:06:32.439695,0000,090376,0.016532,-0.0001,0.1286
2026-08-10T16:06:34.163037,0000,090384,0.006891,-0.0001,0.0830
2026-08-10T16:06:36.126982,0000,090392,0.032341,0.0001,0.1798
2026-08-10T16:06:38.036183,0000,090400,0.006701,0.0002,0.0819
2026-08-10T16:06:39.795168,0000,090408,0.009774,-0.0001,0.0989
2026-08-10T16:06:41.538205,0000,090416,0.012118,-0.0002,0.1101
2026-08-10T16:06:43.543587,0000,090424,0.011836,-0.0001,0.1088
2026-08-10T16:06:45.376933,0000,090432,0.025765,0.0006,0.1605
2026-08-10T16:06:47.114402,0000,090440,0.151708,0.0006,0.3895
2026-08-10T16:06:48.819444,0000,090448,0.015456,0.0006,0.1243
2026-08-10T16:06:50.552486,0000,090456,0.011806,0.0002,0.1087
2026-08-10T16:06:52.555152,0000,090464,0.026199,-0.0003,0.1619
2026-08-10T16:06:54.330252,0000,090472,0.010738,-0.0005,0.1036
2026-08-10T16:06:56.058137,0000,090480,0.013259,-0.0007,0.1151
2026-08-10T16:06:58.166391,0000,090488,0.032843,-0.0005,0.1812
2026-08-10T16:07:00.103190,0000,090496,0.013849,0.0003,0.1177
2026-08-10T16:07:01.939374,0000,090504,0.025890,0.0005,0.1609
2026-08-10T16:07:03.671007,0000,090512,0.013005,0.0005,0.1140
2026-08-10T16:07:05.395751,0000,090520,0.021912,0.0001,0.1480
2026-08-10T16:07:07.114686,0000,090528,0.016660,-0.0005,0.1291
2026-08-10T16:07:08.837062,0000,090536,0.007123,-0.0007,0.0844
2026-08-10T16:07:10.578739,0000,090544,0.026215,-0.0007,0.1619
2026-08-10T16:07:12.332497,0000,090552,0.018685,-0.0004,0.1367
2026-08-10T16:07:14.330221,0000,090560,0.010623,0.0003,0.1031
2026-08-10T16:07:16.347258,0000,090568,0.019980,0.0004,0.1414
2026-08-10T16:07:18.095294,0000,090576,0.005012,0.0004,0.0708
2026-08-10T16:07:19.910558,0000,090584,0.004470,0.0000,0.0669
2026-08-10T16:07:21.695296,0000,090592,0.014177,-0.0005,0.1191
2026-08-10T16:07:23.715393,0000,090600,0.015728,-0.0010,0.1254
2026-08-10T16:07:25.604223,0000,090608,0.015906,-0.0007,0.1261
2026-08-10T16:07:27.419283,0000,090616,0.016492,-0.0006,0.1284
2026-08-10T16:07:29.412965,0000,090624,0.004869,0.0003,0.0698
2026-08-10T16:07:31.205917,0000,090632,0.017457,0.0003,0.1321
2026-08-10T16:07:33.010784,0000,090640,0.018910,0.0003,0.1375
2026-08-10T16:07:34.745251,0000,090648,0.012805,0.0000,0.1132
2026-08-10T16:07:36.531021,0000,090656,0.008725,-0.0006,0.0934
2026-08-10T16:07:38.368640,0000,090664,0.012427,-0.0008,0.1115
2026-08-10T16:07:40.110371,0000,090672,0.023687,-0.0008,0.1539
2026-08-10T16:07:41.861108,0000,090680,0.062888,-0.0004,0.2508
2026-08-10T16:07:43.783240,0000,090688,0.016638,0.0000,0.1290
2026-08-10T16:07:45.782130,0000,090696,0.149767,0.0004,0.3870
2026-08-10T16:07:47.759150,0000,090704,0.015031,0.0005,0.1226
2026-08-10T16:07:49.497249,0000,090712,0.006877,0.0001,0.0829
2026-08-10T16:07:51.467280,0000,090720,0.147136,-0.0008,0.3836
2026-08-10T16:07:53.164114,0000,090728,0.020205,-0.0009,0.1421
2026-08-10T16:07:54.881973,0000,090736,0.022458,-0.0008,0.1499
2026-08-10T16:07:56.638756,0000,090744,0.011716,-0.0004,0.1082
2026-08-10T16:07:58.618585,0000,090752,0.110711,-0.0001,0.3327
2026-08-10T16:08:00.518382,0000,090760,0.017301,0.0011,0.1315
2026-08-10T16:08:02.286820,0000,090768,0.023879,0.0013,0.1545
2026-08-10T16:08:04.001031,0000,090776,0.016018,0.0015,0.1266
2026-08-10T16:08:06.025959,0000,090784,0.015873,0.0015,0.1260
2026-08-10T16:08:08.185233,0000,090792,0.035620,0.0009,0.1887
2026-08-10T16:08:10.014993,0000,090800,0.007746,0.0002,0.0880
2026-08-10T16:08:12.041243,0000,090808,0.022688,-0.0006,0.1506
2026-08-10T16:08:13.789763,0000,090816,0.009709,-0.0011,0.0985
2026-08-10T16:08:15.560239,0000,090824,0.027476,-0.0014,0.1658
2026-08-10T16:08:17.422838,0000,090832,0.019244,-0.0012,0.1387
2026-08-10T16:08:19.185984,0000,090840,0.028365,-0.0009,0.1684
2026-08-10T16:08:21.034521,0000,090848,0.011482,-0.0002,0.1072
2026-08-10T16:08:22.787047,0000,090856,0.012932,0.0006,0.1137
2026-08-10T16:08:24.496802,0000,090864,0.010219,0.0010,0.1011
2026-08-10T16:08:26.433991,0000,090872,0.013247,0.0011,0.1151
2026-08-10T16:08:28.456620,0000,090880,0.010607,0.0012,0.1030
2026-08-10T16:08:30.204966,0000,090888,0.021255,0.0006,0.1458
2026-08-10T16:08:31.922081,0000,090896,0.010764,-0.0001,0.1038
2026-08-10T16:08:33.701970,0000,090904,0.012630,-0.0003,0.1124
2026-08-10T16:08:35.666758,0000,090912,0.030153,-0.0005,0.1736
2026-08-10T16:08:37.436012,0000,090920,0.009179,0.0000,0.0958
2026-08-10T16:08:39.172981,0000,090928,0.007977,-0.0000,0.0893
2026-08-10T16:08:40.893918,0000,090936,0.010264,0.0002,0.1013
2026-08-10T16:08:42.603845,0000,090944,0.010927,0.0001,0.1045
2026-08-10T16:08:44.316911,0000,090952,0.018807,-0.0001,0.1371
2026-08-10T16:08:46.072088,0000,090960,0.021687,-0.0001,0.1473
2026-08-10T16:08:47.839661,0000,090968,0.019915,0.0002,0.1411
2026-08-10T16:08:49.730738,0000,090976,0.008417,0.0001,0.0917
2026-08-10T16:08:51.725648,0000,090984,0.012240,-0.0002,0.1106
2026-08-10T16:08:53.518567,0000,090992,0.030963,-0.0003,0.1760
2026-08-10T16:08:55.409801,0000,091000,0.005115,0.0001,0.0715
2026-08-10T16:08:57.118737,0000,091008,0.024405,0.0001,0.1562
2026-08-10T16:08:58.875852,0000,091016,0.020686,-0.0003,0.1438
2026-08-10T16:09:00.644565,0000,091024,0.020146,-0.0003,0.1419
2026-08-10T16:09:02.511651,0000,091032,0.013699,0.0001,0.1170
2026-08-10T16:09:04.256861,0000,091040,0.011977,0.0001,0.1094
2026-08-10T16:09:06.418963,0000,091048,0.014218,-0.0004,0.1192
2026-08-10T16:09:08.139590,0000,091056,0.016296,-0.0002,0.1277
2026-08-10T16:09:09.975282,0000,091064,0.020366,-0.0001,0.1427
2026-08-10T16:09:11.691721,0000,091072,0.010617,0.0006,0.1030
2026-08-10T16:09:13.448690,0000,091080,0.013403,0.0007,0.1158
2026-08-10T16:09:15.193652,0000,091088,0.017346,0.0007,0.1317
2026-08-10T16:09:16.927497,0000,091096,0.009914,0.0003,0.0996
2026-08-10T16:09:18.995755,0000,091104,0.009276,-0.0002,0.0963
2026-08-10T16:09:21.007911,0000,091112,0.021161,-0.0009,0.1455
2026-08-10T16:09:23.126997,0000,091120,0.011670,-0.0008,0.1080
2026-08-10T16:09:24.864817,0000,091128,1.137226,-0.0013,1.0664
2026-08-10T16:09:26.783889,0000,091136,0.008684,0.0001,0.0932
2026-08-10T16:09:28.532735,0000,091144,0.015207,0.0004,0.1233
2026-08-10T16:09:30.470193,0000,091152,0.024415,0.0001,0.1563
2026-08-10T16:09:32.327387,0000,091160,0.009899,0.0004,0.0995
2026-08-10T16:09:34.337813,0000,091168,0.012790,0.0005,0.1131
2026-08-10T16:09:36.575548,0000,091176,0.018694,0.0000,0.1367
2026-08-10T16:09:38.360737,0000,091184,0.020153,-0.0000,0.1420
2026-08-10T16:09:40.183788,0000,091192,0.009165,0.0002,0.0957
2026-08-10T16:09:41.930630,0000,091200,0.013510,0.0001,0.1162
2026-08-10T16:09:43.641649,0000,091208,0.007106,-0.0003,0.0843
2026-08-10T16:09:45.345780,0000,091216,0.009143,-0.0004,0.0956
2026-08-10T16:09:47.200689,0000,091224,0.005186,-0.0001,0.0720
2026-08-10T16:09:48.983529,0000,091232,0.005887,0.0004,0.0767
2026-08-10T16:09:50.780733,0000,091240,0.016008,0.0006,0.1265
2026-08-10T16:09:52.617569,0000,091248,0.053787,0.0004,0.2319
2026-08-10T16:09:54.417114,0000,091256,0.015164,0.0001,0.1231
2026-08-10T16:09:56.235489,0000,091264,0.011362,-0.0006,0.1066
2026-08-10T16:09:57.966622,0000,091272,1.160573,-0.0017,1.0773
2026-08-10T16:09:59.833003,0000,091280,0.030151,-0.0009,0.1736
2026-08-10T16:10:01.591741,0000,091288,0.014251,-0.0005,0.1194
2026-08-10T16:10:03.400370,0000,091296,0.008295,0.0001,0.0911
2026-08-10T16:10:05.106489,0000,091304,1.155374,-0.0007,1.0749
2026-08-10T16:10:06.877892,0000,091312,0.011988,0.0008,0.1095
2026-08-10T16:10:09.050133,0000,091320,0.010382,0.0009,0.1019
2026-08-10T16:10:10.947473,0000,091328,0.023117,0.0006,0.1520
2026-08-10T16:10:12.684057,0000,091336,0.010564,0.0002,0.1028
2026-08-10T16:10:14.702460,0000,091344,0.013979,-0.0005,0.1182
2026-08-10T16:10:16.520589,0000,091352,0.027263,-0.0008,0.1651
2026-08-10T16:10:18.274498,0000,091360,0.018360,-0.0007,0.1355
2026-08-10T16:10:20.283698,0000,091368,0.011216,-0.0004,0.1059
2026-08-10T16:10:22.113233,0000,091376,0.012314,0.0002,0.1110
2026-08-10T16:10:23.860523,0000,091384,0.024013,0.0003,0.1550
2026-08-10T16:10:25.598945,0000,091392,0.014827,0.0002,0.1218
2026-08-10T16:10:27.331044,0000,091400,0.010853,-0.0001,0.1042
2026-08-10T16:10:29.408711,0000,091408,0.021025,-0.0001,0.1450
2026-08-10T16:10:31.160729,0000,091416,0.024480,-0.0005,0.1565
2026-08-10T16:10:32.881376,0000,091424,0.011122,-0.0005,0.1055
2026-08-10T16:10:34.636606,0000,091432,0.009918,-0.0003,0.0996
2026-08-10T16:10:36.361249,0000,091440,0.026878,0.0002,0.1639
2026-08-10T16:10:38.079394,0000,091448,0.007281,0.0005,0.0853
2026-08-10T16:10:39.814639,0000,091456,0.015361,0.0002,0.1239
2026-08-10T16:10:41.659326,0000,091464,0.007716,-0.0001,0.0878
2026-08-10T16:10:43.367248,0000,091472,0.026879,-0.0001,0.1639
2026-08-10T16:10:45.107670,0000,091480,0.016302,0.0001,0.1277
2026-08-10T16:10:47.092627,0000,091488,0.005536,0.0001,0.0744
2026-08-10T16:10:48.859427,0000,091496,0.029328,-0.0003,0.1713
2026-08-10T16:10:50.586486,0000,091504,0.012095,-0.0003,0.1100
2026-08-10T16:10:52.301476,0000,091512,0.009210,-0.0001,0.0960
2026-08-10T16:10:54.195206,0000,091520,0.029984,0.0002,0.1732
2026-08-10T16:10:55.961307,0000,091528,0.010717,0.0006,0.1035
2026-08-10T16:10:57.673392,0000,091536,0.029636,0.0004,0.1722
2026-08-10T16:10:59.540820,0000,091544,0.014875,-0.0001,0.1220
2026-08-10T16:11:01.296285,0000,091552,0.010221,0.0000,0.1011
2026-08-10T16:11:03.388888,0000,091560,0.009821,-0.0005,0.0991
2026-08-10T16:11:05.121338,0000,091568,0.023059,-0.0005,0.1519
2026-08-10T16:11:06.836788,0000,091576,0.050568,-0.0002,0.2249
2026-08-10T16:11:08.753310,0000,091584,0.008919,0.0002,0.0944
2026-08-10T16:11:10.484288,0000,091592,0.014898,0.0006,0.1221
2026-08-10T16:11:12.373580,0000,091600,0.012104,0.0004,0.1100
2026-08-10T16:11:14.253040,0000,091608,0.034824,-0.0000,0.1866
2026-08-10T16:11:16.007290,0000,091616,1.137962,-0.0008,1.0668
2026-08-10T16:11:17.764455,0000,091624,0.018558,0.0000,0.1362
2026-08-10T16:11:19.674963,0000,091632,0.016644,0.0006,0.1290
2026-08-10T16:11:21.616325,0000,091640,0.014682,0.0009,0.1212
2026-08-10T16:11:23.420242,0000,091648,0.013610,0.0007,0.1167
2026-08-10T16:11:25.185168,0000,091656,0.017710,0.0003,0.1331
2026-08-10T16:11:26.925188,0000,091664,0.010833,-0.0003,0.1041
2026-08-10T16:11:28.881045,0000,091672,0.029110,-0.0011,0.1706
2026-08-10T16:11:30.610975,0000,091680,0.007165,-0.0007,0.0846
2026-08-10T16:11:32.322235,0000,091688,0.018813,-0.0004,0.1372
2026-08-10T16:11:34.035907,0000,091696,0.006560,0.0001,0.0810
2026-08-10T16:11:36.354484,0000,091704,0.007662,0.0002,0.0875
2026-08-10T16:11:38.194016,0000,091712,0.012872,0.0001,0.1135
2026-08-10T16:11:40.020095,0000,091720,0.010071,-0.0002,0.1004
2026-08-10T16:11:41.774810,0000,091728,0.024113,-0.0003,0.1553
2026-08-10T16:11:43.546269,0000,091736,0.018552,-0.0000,0.1362
2026-08-10T16:11:45.332139,0000,091744,0.023747,0.0003,0.1541
2026-08-10T16:11:47.634290,0000,091752,0.043884,0.0009,0.2095
2026-08-10T16:11:49.551286,0000,091760,0.015471,0.0006,0.1244
2026-08-10T16:11:51.305100,0000,091768,0.010167,0.0001,0.1008
2026-08-10T16:11:53.278079,0000,091776,0.007827,-0.0007,0.0885
2026-08-10T16:11:55.232868,0000,091784,0.018621,-0.0008,0.1365
2026-08-10T16:11:56.951124,0000,091792,0.007189,-0.0007,0.0848
2026-08-10T16:11:58.683921,0000,091800,0.018000,-0.0005,0.1342
2026-08-10T16:12:00.384946,0000,091808,0.006580,0.0000,0.0811
2026-08-10T16:12:02.326039,0000,091816,0.008699,0.0001,0.0933
2026-08-10T16:12:04.044055,0000,091824,0.013267,0.0002,0.1152
2026-08-10T16:12:06.064179,0000,091832,0.011201,-0.0002,0.1058
2026-08-10T16:12:07.805587,0000,091840,0.013295,-0.0003,0.1153
2026-08-10T16:12:09.580862,0000,091848,0.006086,0.0001,0.0780
2026-08-10T16:12:11.400908,0000,091856,0.013959,-0.0001,0.1181
2026-08-10T16:12:13.117431,0000,091864,0.009004,0.0001,0.0949
2026-08-10T16:12:15.024711,0000,091872,0.020142,-0.0000,0.1419
2026-08-10T16:12:16.737061,0000,091880,0.014017,0.0002,0.1184
2026-08-10T16:12:18.626389,0000,091888,0.015414,0.0001,0.1242
2026-08-10T16:12:20.434087,0000,091896,0.008294,-0.0001,0.0911
2026-08-10T16:12:22.230930,0000,091904,0.021973,-0.0002,0.1482
2026-08-10T16:12:24.117732,0000,091912,0.008463,-0.0000,0.0920
2026-08-10T16:12:25.857888,0000,091920,0.137447,0.0004,0.3707
2026-08-10T16:12:27.797040,0000,091928,0.014282,0.0006,0.1195
2026-08-10T16:12:29.623560,0000,091936,0.015859,0.0005,0.1259
2026-08-10T16:12:31.868974,0000,091944,0.017266,0.0001,0.1314
2026-08-10T16:12:33.759352,0000,091952,0.009329,-0.0004,0.0966
2026-08-10T16:12:35.495189,0000,091960,0.015855,-0.0008,0.1259
2026-08-10T16:12:37.203815,0000,091968,0.011751,-0.0008,0.1084
2026-08-10T16:12:38.948664,0000,091976,0.012571,-0.0005,0.1121
2026-08-10T16:12:40.690850,0000,091984,0.006485,0.0001,0.0805
2026-08-10T16:12:42.456600,0000,091992,0.008660,0.0003,0.0931
2026-08-10T16:12:44.525417,0000,092000,0.009122,0.0002,0.0955
2026-08-10T16:12:46.381029,0000,092008,0.009369,-0.0002,0.0968
2026-08-10T16:12:48.235070,0000,092016,0.008412,-0.0004,0.0917
2026-08-10T16:12:50.082879,0000,092024,0.022737,-0.0001,0.1508
2026-08-10T16:12:52.171909,0000,092032,0.023343,0.0004,0.1528
2026-08-10T16:12:53.918736,0000,092040,0.016890,0.0006,0.1300
2026-08-10T16:12:55.789955,0000,092048,0.011261,0.0004,0.1061
2026-08-10T16:12:57.885757,0000,092056,0.013676,0.0001,0.1169
2026-08-10T16:12:59.676527,0000,092064,0.015735,-0.0006,0.1254
2026-08-10T16:13:01.407590,0000,092072,0.020115,-0.0009,0.1418
2026-08-10T16:13:03.338236,0000,092080,0.031452,-0.0011,0.1773
2026-08-10T16:13:05.255683,0000,092088,0.058249,-0.0008,0.2413
2026-08-10T16:13:07.260588,0000,092096,0.012137,0.0003,0.1102
2026-08-10T16:13:09.007709,0000,092104,0.019539,0.0001,0.1398
2026-08-10T16:13:10.972643,0000,092112,0.008688,0.0002,0.0932
2026-08-10T16:13:12.893775,0000,092120,0.010831,-0.0003,0.1041
2026-08-10T16:13:14.700508,0000,092128,0.033468,-0.0003,0.1829
2026-08-10T16:13:16.490037,0000,092136,0.012460,-0.0001,0.1116
2026-08-10T16:13:18.223707,0000,092144,0.014549,0.0003,0.1206
2026-08-10T16:13:20.802126,0000,092152,0.011305,0.0008,0.1063
2026-08-10T16:13:22.562195,0000,092160,0.016150,0.0004,0.1271
2026-08-10T16:13:24.424532,0000,092168,0.010606,0.0000,0.1030
2026-08-10T16:13:26.165530,0000,092176,0.023498,-0.0005,0.1533
2026-08-10T16:13:28.019234,0000,092184,0.021270,-0.0010,0.1458
2026-08-10T16:13:29.739616,0000,092192,0.013972,-0.0008,0.1182
2026-08-10T16:13:31.449019,0000,092200,0.007419,-0.0006,0.0861
2026-08-10T16:13:33.302966,0000,092208,0.031413,-0.0000,0.1772
2026-08-10T16:13:35.016590,0000,092216,0.017216,0.0007,0.1312
2026-08-10T16:13:36.732345,0000,092224,0.009219,0.0011,0.0960
2026-08-10T16:13:38.849199,0000,092232,0.041067,0.0017,0.2026
2026-08-10T16:13:40.602067,0000,092240,0.011807,0.0011,0.1087
2026-08-10T16:13:42.574409,0000,092248,0.010179,0.0007,0.1009
2026-08-10T16:13:44.375691,0000,092256,0.011368,0.0000,0.1066
2026-08-10T16:13:46.257666,0000,092264,0.018792,-0.0010,0.1371
2026-08-10T16:13:47.980167,0000,092272,0.013524,-0.0015,0.1163
2026-08-10T16:13:49.899220,0000,092280,0.044257,-0.0020,0.2104
2026-08-10T16:13:51.841499,0000,092288,0.022669,-0.0017,0.1506
2026-08-10T16:13:53.707999,0000,092296,0.018019,-0.0012,0.1342
2026-08-10T16:13:55.470465,0000,092304,0.013269,-0.0005,0.1152
2026-08-10T16:13:57.192123,0000,092312,0.012682,0.0003,0.1126
2026-08-10T16:13:59.108773,0000,092320,0.019213,0.0007,0.1386
2026-08-10T16:14:00.824456,0000,092328,0.014778,0.0008,0.1216
2026-08-10T16:14:02.528564,0000,092336,0.012577,0.0006,0.1121
2026-08-10T16:14:04.472405,0000,092344,0.024191,0.0002,0.1555
2026-08-10T16:14:06.425963,0000,092352,0.012672,-0.0004,0.1126
2026-08-10T16:14:08.216069,0000,092360,0.010393,-0.0006,0.1019
2026-08-10T16:14:10.028244,0000,092368,0.009900,-0.0007,0.0995
2026-08-10T16:14:11.897617,0000,092376,0.019010,-0.0005,0.1379
2026-08-10T16:14:13.616295,0000,092384,0.045003,0.0001,0.2121
2026-08-10T16:14:15.340328,0000,092392,0.049832,0.0002,0.2232
2026-08-10T16:14:17.051554,0000,092400,0.006866,0.0001,0.0829
2026-08-10T16:14:18.962387,0000,092408,1.140129,-0.0011,1.0678
2026-08-10T16:14:20.879245,0000,092416,0.018104,-0.0003,0.1346
2026-08-10T16:14:22.646890,0000,092424,0.006493,0.0001,0.0806
2026-08-10T16:14:24.356070,0000,092432,0.152985,-0.0001,0.3911
2026-08-10T16:14:26.103521,0000,092440,0.007556,0.0002,0.0869
2026-08-10T16:14:27.920107,0000,092448,0.012735,0.0000,0.1129
2026-08-10T16:14:29.673533,0000,092456,0.008033,-0.0002,0.0896
2026-08-10T16:14:31.390432,0000,092464,0.009074,-0.0003,0.0953
2026-08-10T16:14:33.147202,0000,092472,0.009007,-0.0001,0.0949
2026-08-10T16:14:35.205276,0000,092480,0.024405,0.0008,0.1562
2026-08-10T16:14:37.028403,0000,092488,0.008258,0.0006,0.0909
2026-08-10T16:14:38.771359,0000,092496,0.010160,0.0004,0.1008
2026-08-10T16:14:40.635314,0000,092504,0.033093,-0.0002,0.1819
2026-08-10T16:14:42.451755,0000,092512,0.009754,-0.0000,0.0988
2026-08-10T16:14:44.206940,0000,092520,0.053152,-0.0003,0.2305
2026-08-10T16:14:46.103336,0000,092528,0.013881,-0.0005,0.1178
2026-08-10T16:14:47.851323,0000,092536,0.013545,-0.0001,0.1164
2026-08-10T16:14:49.747224,0000,092544,0.014680,0.0004,0.1212
2026-08-10T16:14:51.553667,0000,092552,0.015344,0.0005,0.1239
2026-08-10T16:14:53.313207,0000,092560,0.018669,0.0004,0.1366
2026-08-10T16:14:55.046962,0000,092568,0.027358,-0.0001,0.1654
2026-08-10T16:14:56.768906,0000,092576,0.011039,-0.0000,0.1051
2026-08-10T16:14:58.477179,0000,092584,0.017554,0.0001,0.1325
2026-08-10T16:15:00.447231,0000,092592,0.008394,0.0001,0.0916
2026-08-10T16:15:02.215149,0000,092600,0.011348,-0.0002,0.1065
2026-08-10T16:15:04.326917,0000,092608,0.023305,-0.0001,0.1527
2026-08-10T16:15:06.128696,0000,092616,0.019195,0.0000,0.1385
2026-08-10T16:15:07.993489,0000,092624,0.009874,0.0000,0.0994
2026-08-10T16:15:09.907374,0000,092632,0.013282,-0.0005,0.1152
2026-08-10T16:15:11.635158,0000,092640,0.010403,-0.0004,0.1020
2026-08-10T16:15:13.400267,0000,092648,0.007355,-0.0002,0.0858
2026-08-10T16:15:15.105489,0000,092656,0.013375,0.0003,0.1156
2026-08-10T16:15:16.921141,0000,092664,0.015420,0.0005,0.1242
2026-08-10T16:15:18.791072,0000,092672,0.026309,0.0004,0.1622
2026-08-10T16:15:20.532230,0000,092680,1.163177,-0.0008,1.0785
2026-08-10T16:15:22.382209,0000,092688,0.006789,0.0000,0.0824
2026-08-10T16:15:24.112705,0000,092696,1.155167,-0.0012,1.0748
2026-08-10T16:15:25.871938,0000,092704,0.010770,-0.0004,0.1038
2026-08-10T16:15:27.830908,0000,092712,0.011094,-0.0002,0.1053
2026-08-10T16:15:29.542228,0000,092720,0.008518,0.0005,0.0923
2026-08-10T16:15:31.270961,0000,092728,0.012979,0.0007,0.1139
2026-08-10T16:15:33.008183,0000,092736,0.010840,0.0006,0.1041
2026-08-10T16:15:34.839016,0000,092744,0.012833,0.0002,0.1133
2026-08-10T16:15:36.650417,0000,092752,0.149739,-0.0005,0.3870
2026-08-10T16:15:38.453039,0000,092760,0.020301,-0.0008,0.1425
2026-08-10T16:15:40.243834,0000,092768,0.025200,-0.0007,0.1587
2026-08-10T16:15:42.001491,0000,092776,0.014459,-0.0003,0.1202
2026-08-10T16:15:44.238793,0000,092784,0.006372,0.0003,0.0798
2026-08-10T16:15:46.188255,0000,092792,0.005595,0.0004,0.0748
2026-08-10T16:15:47.936817,0000,092800,0.015556,0.0003,0.1247
2026-08-10T16:15:50.181012,0000,092808,0.013902,-0.0003,0.1179
2026-08-10T16:15:52.039466,0000,092816,0.008597,-0.0002,0.0927
2026-08-10T16:15:53.777834,0000,092824,0.009176,0.0002,0.0958
2026-08-10T16:15:55.562171,0000,092832,0.010794,0.0000,0.1039
2026-08-10T16:15:57.595987,0000,092840,0.005584,-0.0003,0.0747
2026-08-10T16:15:59.485531,0000,092848,0.005862,-0.0002,0.0766
2026-08-10T16:16:01.206032,0000,092856,0.009212,0.0000,0.0960
2026-08-10T16:16:02.964082,0000,092864,0.011678,-0.0000,0.1081
2026-08-10T16:16:04.670654,0000,092872,0.010891,0.0001,0.1044
2026-08-10T16:16:06.378956,0000,092880,0.020430,0.0001,0.1429
2026-08-10T16:16:08.328149,0000,092888,0.013545,-0.0001,0.1164
2026-08-10T16:16:10.330963,0000,092896,0.021478,-0.0003,0.1466
2026-08-10T16:16:12.055102,0000,092904,0.014412,0.0000,0.1201
2026-08-10T16:16:13.937149,0000,092912,0.031425,-0.0002,0.1773
2026-08-10T16:16:15.653867,0000,092920,0.007867,0.0003,0.0887
2026-08-10T16:16:17.580935,0000,092928,0.019439,0.0001,0.1394
2026-08-10T16:16:19.302608,0000,092936,0.015628,-0.0002,0.1250
2026-08-10T16:16:21.730481,0000,092944,0.017507,-0.0004,0.1323
2026-08-10T16:16:23.957564,0000,092952,0.008613,0.0003,0.0928
2026-08-10T16:16:26.078745,0000,092960,0.028287,-0.0002,0.1682
2026-08-10T16:16:27.786214,0000,092968,1.158991,-0.0007,1.0766
2026-08-10T16:16:29.574055,0000,092976,0.026113,0.0007,0.1616
2026-08-10T16:16:31.387410,0000,092984,0.012265,0.0009,0.1107
2026-08-10T16:16:33.391457,0000,092992,0.007483,0.0009,0.0865
2026-08-10T16:16:35.101686,0000,093000,0.007735,0.0003,0.0879
2026-08-10T16:16:36.813748,0000,093008,0.018180,-0.0002,0.1348
2026-08-10T16:16:38.678922,0000,093016,0.007574,-0.0007,0.0870
2026-08-10T16:16:40.407707,0000,093024,0.023552,-0.0006,0.1535
2026-08-10T16:16:42.127648,0000,093032,1.145517,-0.0012,1.0703
2026-08-10T16:16:43.876297,0000,093040,0.014122,0.0002,0.1188
2026-08-10T16:16:46.099605,0000,093048,1.163275,-0.0005,1.0786
2026-08-10T16:16:47.812678,0000,093056,0.007119,0.0004,0.0844
2026-08-10T16:16:49.526263,0000,093064,0.010800,-0.0000,0.1039
2026-08-10T16:16:51.393019,0000,093072,0.026916,-0.0001,0.1641
2026-08-10T16:16:53.210207,0000,093080,0.023295,0.0000,0.1526
2026-08-10T16:16:54.933344,0000,093088,0.151715,0.0005,0.3895
2026-08-10T16:16:56.660257,0000,093096,0.013854,0.0008,0.1177
2026-08-10T16:16:58.651462,0000,093104,0.009484,0.0007,0.0974
2026-08-10T16:17:00.475158,0000,093112,0.054432,0.0002,0.2333
2026-08-10T16:17:02.196393,0000,093120,0.013453,-0.0005,0.1160
2026-08-10T16:17:03.929494,0000,093128,0.011142,-0.0006,0.1056
2026-08-10T16:17:05.746729,0000,093136,0.018124,-0.0008,0.1346
2026-08-10T16:17:07.575126,0000,093144,0.015207,-0.0005,0.1233
2026-08-10T16:17:09.535334,0000,093152,0.024018,-0.0001,0.1550
2026-08-10T16:17:11.261742,0000,093160,0.013220,0.0009,0.1150
2026-08-10T16:17:13.233654,0000,093168,0.023926,0.0012,0.1547
2026-08-10T16:17:14.969517,0000,093176,0.013191,0.0013,0.1149
2026-08-10T16:17:16.745277,0000,093184,0.016334,0.0011,0.1278
2026-08-10T16:17:18.931380,0000,093192,0.075260,0.0006,0.2743
2026-08-10T16:17:20.943271,0000,093200,0.008892,-0.0001,0.0943
2026-08-10T16:17:22.733068,0000,093208,0.015803,-0.0003,0.1257
2026-08-10T16:17:24.476657,0000,093216,0.010656,-0.0003,0.1032
2026-08-10T16:17:26.372159,0000,093224,0.015547,-0.0002,0.1247
2026-08-10T16:17:28.281603,0000,093232,0.066984,0.0003,0.2588
2026-08-10T16:17:30.067227,0000,093240,0.007477,0.0006,0.0865
2026-08-10T16:17:31.791448,0000,093248,0.008240,0.0004,0.0908
2026-08-10T16:17:33.517596,0000,093256,0.017217,0.0001,0.1312
2026-08-10T16:17:35.543519,0000,093264,0.021046,-0.0008,0.1451
2026-08-10T16:17:37.263638,0000,093272,0.023534,-0.0011,0.1534
2026-08-10T16:17:39.400888,0000,093280,0.011050,-0.0008,0.1051
2026-08-10T16:17:41.451974,0000,093288,0.010575,-0.0006,0.1028
2026-08-10T16:17:43.453630,0000,093296,0.030035,-0.0002,0.1733
2026-08-10T16:17:45.278028,0000,093304,0.012286,0.0008,0.1108
2026-08-10T16:17:47.059780,0000,093312,0.011307,0.0011,0.1063
2026-08-10T16:17:48.772620,0000,093320,0.017184,0.0012,0.1311
2026-08-10T16:17:50.785504,0000,093328,0.013795,0.0012,0.1175
2026-08-10T16:17:52.578478,0000,093336,0.012562,0.0007,0.1121
2026-08-10T16:17:54.654575,0000,093344,0.009605,0.0000,0.0980
2026-08-10T16:17:56.372670,0000,093352,0.014968,-0.0005,0.1223
2026-08-10T16:17:58.102475,0000,093360,0.017859,-0.0008,0.1336
2026-08-10T16:17:59.955430,0000,093368,0.010634,-0.0006,0.1031
2026-08-10T16:18:01.743527,0000,093376,0.008805,-0.0003,0.0938
2026-08-10T16:18:03.463750,0000,093384,0.013053,0.0002,0.1142
2026-08-10T16:18:05.425491,0000,093392,0.012882,0.0005,0.1135
2026-08-10T16:18:07.162572,0000,093400,0.014330,0.0005,0.1197
2026-08-10T16:18:09.192090,0000,093408,0.004626,0.0002,0.0680
2026-08-10T16:18:11.191382,0000,093416,0.014101,-0.0005,0.1187
2026-08-10T16:18:12.959752,0000,093424,0.031679,-0.0008,0.1780
2026-08-10T16:18:14.669436,0000,093432,0.006796,-0.0004,0.0824
2026-08-10T16:18:16.453524,0000,093440,0.022543,-0.0003,0.1501
2026-08-10T16:18:18.187410,0000,093448,0.069534,0.0003,0.2637
2026-08-10T16:18:20.104462,0000,093456,0.020688,0.0006,0.1438
2026-08-10T16:18:21.839547,0000,093464,0.011264,0.0006,0.1061
2026-08-10T16:18:23.677011,0000,093472,0.013797,0.0003,0.1175
2026-08-10T16:18:26.278329,0000,093480,0.022534,-0.0007,0.1501
2026-08-10T16:18:28.162598,0000,093488,0.018176,-0.0004,0.1348
2026-08-10T16:18:30.044297,0000,093496,0.007242,-0.0005,0.0851
2026-08-10T16:18:32.183101,0000,093504,0.012056,0.0000,0.1098
2026-08-10T16:18:33.918061,0000,093512,0.021080,-0.0001,0.1452
2026-08-10T16:18:35.906474,0000,093520,0.020880,0.0003,0.1445
2026-08-10T16:18:37.903416,0000,093528,0.025459,0.0002,0.1596
2026-08-10T16:18:39.762508,0000,093536,0.021174,-0.0001,0.1455
2026-08-10T16:18:41.479512,0000,093544,0.022711,-0.0003,0.1507
2026-08-10T16:18:43.393724,0000,093552,0.007216,0.0004,0.0849
2026-08-10T16:18:45.164415,0000,093560,0.011241,0.0003,0.1060
2026-08-10T16:18:47.054230,0000,093568,0.004454,-0.0001,0.0667
2026-08-10T16:18:48.886570,0000,093576,0.019591,-0.0002,0.1400
2026-08-10T16:18:50.798190,0000,093584,0.021595,0.0003,0.1470
2026-08-10T16:18:52.504023,0000,093592,0.011956,0.0003,0.1093
2026-08-10T16:18:54.382048,0000,093600,0.009109,0.0001,0.0954
2026-08-10T16:18:56.260597,0000,093608,0.005474,-0.0005,0.0740
2026-08-10T16:18:57.979960,0000,093616,0.013118,-0.0006,0.1145
2026-08-10T16:18:59.935498,0000,093624,0.006684,-0.0006,0.0818
2026-08-10T16:19:01.669570,0000,093632,0.011202,-0.0001,0.1058
2026-08-10T16:19:03.425024,0000,093640,0.012077,0.0003,0.1099
2026-08-10T16:19:05.221583,0000,093648,1.132151,-0.0001,1.0640
2026-08-10T16:19:07.157503,0000,093656,0.033764,0.0005,0.1837
2026-08-10T16:19:08.903447,0000,093664,0.058480,0.0003,0.2418
2026-08-10T16:19:10.654356,0000,093672,0.010828,-0.0000,0.1041
2026-08-10T16:19:12.383138,0000,093680,0.007351,-0.0004,0.0857
2026-08-10T16:19:14.103422,0000,093688,0.017822,-0.0003,0.1335
2026-08-10T16:19:15.835227,0000,093696,0.025974,0.0001,0.1612
2026-08-10T16:19:17.555370,0000,093704,0.008365,0.0001,0.0915
2026-08-10T16:19:19.424131,0000,093712,0.006599,-0.0002,0.0812
2026-08-10T16:19:21.180103,0000,093720,0.025235,-0.0001,0.1589
2026-08-10T16:19:22.952344,0000,093728,1.162746,-0.0007,1.0783
2026-08-10T16:19:24.667104,0000,093736,0.029609,0.0006,0.1721
2026-08-10T16:19:26.501190,0000,093744,0.025112,0.0010,0.1585
2026-08-10T16:19:28.229917,0000,093752,0.007771,0.0009,0.0882
2026-08-10T16:19:30.145122,0000,093760,0.010396,0.0006,0.1020
2026-08-10T16:19:32.091402,0000,093768,0.017139,-0.0000,0.1309
2026-08-10T16:19:33.936142,0000,093776,0.024515,-0.0004,0.1566
2026-08-10T16:19:35.682353,0000,093784,0.004725,-0.0001,0.0687
2026-08-10T16:19:37.511365,0000,093792,0.009004,0.0003,0.0949
2026-08-10T16:19:39.546225,0000,093800,0.019104,0.0001,0.1382
2026-08-10T16:19:41.297348,0000,093808,0.018044,-0.0001,0.1343
2026-08-10T16:19:43.098522,0000,093816,0.013620,0.0001,0.1167
2026-08-10T16:19:44.843184,0000,093824,0.009034,-0.0001,0.0950
2026-08-10T16:19:46.638734,0000,093832,0.009393,-0.0002,0.0969
2026-08-10T16:19:48.438162,0000,093840,0.028672,0.0001,0.1693
2026-08-10T16:19:50.188250,0000,093848,0.008290,0.0002,0.0911
2026-08-10T16:19:51.996777,0000,093856,0.054110,-0.0002,0.2326
2026-08-10T16:19:53.731751,0000,093864,0.013595,-0.0000,0.1166
2026-08-10T16:19:55.646854,0000,093872,0.019902,0.0003,0.1411
2026-08-10T16:19:57.379253,0000,093880,0.019818,0.0002,0.1408
2026-08-10T16:19:59.146173,0000,093888,0.005394,0.0000,0.0734
2026-08-10T16:20:00.916250,0000,093896,0.013847,-0.0004,0.1177
2026-08-10T16:20:02.678934,0000,093904,0.009613,-0.0006,0.0980
2026-08-10T16:20:04.512713,0000,093912,0.159253,-0.0009,0.3991
2026-08-10T16:20:06.301834,0000,093920,0.009321,-0.0002,0.0965
2026-08-10T16:20:08.147128,0000,093928,0.018064,0.0004,0.1344
2026-08-10T16:20:10.002694,0000,093936,0.005390,0.0006,0.0734
2026-08-10T16:20:11.813092,0000,093944,0.030620,0.0005,0.1750
2026-08-10T16:20:13.562317,0000,093952,0.018724,0.0004,0.1368
2026-08-10T16:20:15.283760,0000,093960,0.011662,-0.0001,0.1080
2026-08-10T16:20:17.079021,0000,093968,0.010643,-0.0004,0.1032
2026-08-10T16:20:18.877714,0000,093976,0.012489,-0.0003,0.1118
2026-08-10T16:20:20.594955,0000,093984,0.016862,0.0000,0.1299
2026-08-10T16:20:22.332266,0000,093992,0.012904,0.0003,0.1136
2026-08-10T16:20:24.257470,0000,094000,0.010692,0.0004,0.1034
2026-08-10T16:20:26.086892,0000,094008,0.023536,0.0000,0.1534
2026-08-10T16:20:28.107924,0000,094016,0.014019,-0.0005,0.1184
2026-08-10T16:20:29.936838,0000,094024,0.013064,-0.0005,0.1143
2026-08-10T16:20:31.892936,0000,094032,0.020275,-0.0004,0.1424
2026-08-10T16:20:33.617947,0000,094040,0.007376,0.0001,0.0859
2026-08-10T16:20:35.434843,0000,094048,0.040027,0.0000,0.2001
2026-08-10T16:20:37.259374,0000,094056,0.006716,-0.0002,0.0819
2026-08-10T16:20:39.011703,0000,094064,0.015714,-0.0001,0.1254
2026-08-10T16:20:41.039700,0000,094072,0.028382,-0.0001,0.1685
2026-08-10T16:20:43.192616,0000,094080,0.028706,0.0014,0.1694
2026-08-10T16:20:45.110668,0000,094088,0.020317,0.0011,0.1425
2026-08-10T16:20:46.844780,0000,094096,0.009020,0.0008,0.0950
2026-08-10T16:20:48.630901,0000,094104,0.017902,0.0007,0.1338
2026-08-10T16:20:50.587746,0000,094112,0.010621,0.0002,0.1031
2026-08-10T16:20:52.296201,0000,094120,0.007995,-0.0008,0.0894
2026-08-10T16:20:54.133314,0000,094128,0.016817,-0.0012,0.1297
2026-08-10T16:20:55.902669,0000,094136,0.024459,-0.0013,0.1564
2026-08-10T16:20:57.617902,0000,094144,0.009825,-0.0011,0.0991
2026-08-10T16:20:59.652312,0000,094152,0.011134,-0.0006,0.1055
2026-08-10T16:21:01.882427,0000,094160,0.022646,0.0001,0.1505
2026-08-10T16:21:03.660519,0000,094168,0.007967,0.0003,0.0893
2026-08-10T16:21:05.385927,0000,094176,0.011388,0.0002,0.1067
2026-08-10T16:21:07.113141,0000,094184,0.141449,-0.0002,0.3761
2026-08-10T16:21:08.993581,0000,094192,0.022162,0.0000,0.1489
2026-08-10T16:21:10.916731,0000,094200,0.012670,-0.0002,0.1126
2026-08-10T16:21:12.755854,0000,094208,0.010633,-0.0001,0.1031
2026-08-10T16:21:14.660032,0000,094216,0.015980,0.0002,0.1264
2026-08-10T16:21:16.568948,0000,094224,0.015197,0.0002,0.1233
2026-08-10T16:21:18.328725,0000,094232,0.006852,-0.0001,0.0828
2026-08-10T16:21:20.049575,0000,094240,0.008476,-0.0001,0.0921
2026-08-10T16:21:21.767641,0000,094248,0.019438,0.0002,0.1394
2026-08-10T16:21:23.472945,0000,094256,0.018331,0.0001,0.1354
2026-08-10T16:21:25.342995,0000,094264,0.005376,-0.0000,0.0733
2026-08-10T16:21:27.188409,0000,094272,0.018104,0.0000,0.1345
2026-08-10T16:21:29.020607,0000,094280,0.012396,-0.0002,0.1113
2026-08-10T16:21:30.823869,0000,094288,0.019202,-0.0001,0.1386
2026-08-10T16:21:32.654230,0000,094296,0.032497,0.0001,0.1803
2026-08-10T16:21:34.701217,0000,094304,0.009399,0.0003,0.0969
2026-08-10T16:21:36.561274,0000,094312,0.015005,-0.0000,0.1225
2026-08-10T16:21:38.332240,0000,094320,0.030875,-0.0006,0.1757
2026-08-10T16:21:40.033787,0000,094328,0.006887,-0.0007,0.0830
2026-08-10T16:21:41.752469,0000,094336,0.005578,-0.0005,0.0747
2026-08-10T16:21:43.616372,0000,094344,0.014327,-0.0003,0.1197
2026-08-10T16:21:45.469612,0000,094352,0.008578,0.0004,0.0926
2026-08-10T16:21:47.366299,0000,094360,0.018042,0.0006,0.1343
2026-08-10T16:21:49.246513,0000,094368,0.013887,0.0007,0.1178
2026-08-10T16:21:50.950242,0000,094376,0.021079,0.0003,0.1452
2026-08-10T16:21:52.653528,0000,094384,0.009450,-0.0001,0.0972
2026-08-10T16:21:54.483492,0000,094392,0.028914,-0.0005,0.1700
2026-08-10T16:21:56.440066,0000,094400,0.013853,-0.0004,0.1177
2026-08-10T16:21:58.165557,0000,094408,0.010913,0.0000,0.1045
2026-08-10T16:22:00.233918,0000,094416,0.006863,0.0002,0.0828
2026-08-10T16:22:02.037671,0000,094424,0.018389,-0.0001,0.1356
2026-08-10T16:22:03.839473,0000,094432,0.014714,-0.0000,0.1213
2026-08-10T16:22:05.597981,0000,094440,0.013737,0.0003,0.1172
2026-08-10T16:22:07.562560,0000,094448,0.041248,0.0002,0.2031
2026-08-10T16:22:09.277286,0000,094456,0.022468,0.0000,0.1499
2026-08-10T16:22:11.073612,0000,094464,0.008807,-0.0004,0.0938
2026-08-10T16:22:13.039588,0000,094472,0.024952,-0.0009,0.1580
2026-08-10T16:22:14.773176,0000,094480,0.014738,-0.0005,0.1214
2026-08-10T16:22:16.482533,0000,094488,0.014926,-0.0002,0.1222
2026-08-10T16:22:18.192620,0000,094496,1.139576,-0.0004,1.0675
2026-08-10T16:22:20.120190,0000,094504,0.017399,0.0014,0.1319
2026-08-10T16:22:22.124617,0000,094512,0.089257,0.0017,0.2988
2026-08-10T16:22:23.983478,0000,094520,0.022849,0.0020,0.1512
2026-08-10T16:22:25.843746,0000,094528,0.025878,0.0016,0.1609
2026-08-10T16:22:27.714027,0000,094536,0.015685,0.0015,0.1252
2026-08-10T16:22:29.799914,0000,094544,0.012194,0.0007,0.1104
2026-08-10T16:22:31.646618,0000,094552,0.010386,-0.0001,0.1019
2026-08-10T16:22:33.759007,0000,094560,0.013139,-0.0007,0.1146
2026-08-10T16:22:35.593079,0000,094568,0.006173,-0.0007,0.0786
2026-08-10T16:22:37.520039,0000,094576,0.012837,-0.0007,0.1133
2026-08-10T16:22:39.267455,0000,094584,0.028533,-0.0002,0.1689
2026-08-10T16:22:40.983390,0000,094592,0.011957,0.0003,0.1093
2026-08-10T16:22:42.930180,0000,094600,0.026695,0.0006,0.1634
2026-08-10T16:22:44.919162,0000,094608,0.018919,0.0007,0.1375
2026-08-10T16:22:46.871990,0000,094616,0.007622,0.0003,0.0873
2026-08-10T16:22:48.825042,0000,094624,0.018237,-0.0003,0.1350
2026-08-10T16:22:50.600046,0000,094632,0.016730,-0.0004,0.1293
2026-08-10T16:22:52.412372,0000,094640,0.022343,-0.0003,0.1495
2026-08-10T16:22:54.133331,0000,094648,0.006610,0.0000,0.0813
2026-08-10T16:22:55.895544,0000,094656,0.009382,0.0001,0.0969
2026-08-10T16:22:57.592285,0000,094664,0.008774,-0.0001,0.0937
2026-08-10T16:22:59.342426,0000,094672,0.023521,-0.0002,0.1534
2026-08-10T16:23:01.060448,0000,094680,0.009773,0.0002,0.0989
2026-08-10T16:23:03.083702,0000,094688,0.014022,0.0004,0.1184
2026-08-10T16:23:04.823323,0000,094696,0.012067,0.0001,0.1098
2026-08-10T16:23:06.578363,0000,094704,0.024665,-0.0004,0.1571
2026-08-10T16:23:08.317126,0000,094712,0.007927,-0.0006,0.0890
2026-08-10T16:23:10.198197,0000,094720,0.008882,-0.0007,0.0942
2026-08-10T16:23:12.058313,0000,094728,0.018783,-0.0002,0.1371
2026-08-10T16:23:13.781810,0000,094736,0.012204,0.0004,0.1105
2026-08-10T16:23:15.624003,0000,094744,0.020612,0.0006,0.1436
2026-08-10T16:23:17.329308,0000,094752,0.010833,0.0007,0.1041
2026-08-10T16:23:19.153306,0000,094760,0.018610,0.0004,0.1364
2026-08-10T16:23:21.152396,0000,094768,0.007974,0.0000,0.0893
2026-08-10T16:23:23.306957,0000,094776,0.018310,-0.0012,0.1353
2026-08-10T16:23:25.096088,0000,094784,0.019467,-0.0013,0.1395
2026-08-10T16:23:27.069811,0000,094792,0.023389,-0.0018,0.1529
2026-08-10T16:23:28.821082,0000,094800,0.015697,-0.0011,0.1253
2026-08-10T16:23:30.813618,0000,094808,0.027242,-0.0006,0.1651
2026-08-10T16:23:33.117104,0000,094816,0.024751,-0.0001,0.1573
2026-08-10T16:23:35.130774,0000,094824,0.010961,0.0008,0.1047
2026-08-10T16:23:37.066445,0000,094832,0.016515,0.0014,0.1285
2026-08-10T16:23:38.971583,0000,094840,0.018006,0.0015,0.1342
2026-08-10T16:23:40.759165,0000,094848,0.017853,0.0013,0.1336
2026-08-10T16:23:42.708989,0000,094856,0.010233,0.0010,0.1012
2026-08-10T16:23:44.700364,0000,094864,0.021499,0.0005,0.1466
2026-08-10T16:23:46.583572,0000,094872,0.032106,-0.0006,0.1792
2026-08-10T16:23:48.350224,0000,094880,0.012569,-0.0009,0.1121
2026-08-10T16:23:50.334224,0000,094888,0.009242,-0.0010,0.0961
2026-08-10T16:23:52.116787,0000,094896,0.030435,-0.0009,0.1745
2026-08-10T16:23:53.860021,0000,094904,0.009618,-0.0004,0.0981
2026-08-10T16:23:55.753169,0000,094912,0.009741,0.0003,0.0987
2026-08-10T16:23:57.465195,0000,094920,0.006774,0.0004,0.0823
2026-08-10T16:23:59.246210,0000,094928,0.017157,0.0004,0.1310
2026-08-10T16:24:01.229542,0000,094936,0.015552,0.0002,0.1247
2026-08-10T16:24:03.069867,0000,094944,0.005286,-0.0002,0.0727
2026-08-10T16:24:04.963933,0000,094952,0.005848,-0.0006,0.0765
2026-08-10T16:24:06.707517,0000,094960,0.015733,-0.0004,0.1254
2026-08-10T16:24:08.541668,0000,094968,0.015099,-0.0000,0.1229
2026-08-10T16:24:10.302132,0000,094976,0.008468,0.0001,0.0920
2026-08-10T16:24:12.344031,0000,094984,0.011449,-0.0003,0.1070
2026-08-10T16:24:14.052049,0000,094992,0.024275,-0.0001,0.1558
2026-08-10T16:24:15.945862,0000,095000,0.014008,0.0002,0.1184
2026-08-10T16:24:17.667091,0000,095008,0.023670,0.0003,0.1539
2026-08-10T16:24:19.625690,0000,095016,0.008654,0.0000,0.0930
2026-08-10T16:24:21.443100,0000,095024,0.012184,-0.0002,0.1104
2026-08-10T16:24:23.205110,0000,095032,0.020380,-0.0002,0.1428
2026-08-10T16:24:24.917480,0000,095040,0.006943,0.0002,0.0833
2026-08-10T16:24:26.780776,0000,095048,0.005769,0.0003,0.0760
2026-08-10T16:24:28.520157,0000,095056,0.006011,0.0001,0.0775
2026-08-10T16:24:30.236960,0000,095064,0.010957,-0.0005,0.1047
2026-08-10T16:24:32.140085,0000,095072,0.011422,-0.0007,0.1069
2026-08-10T16:24:33.868111,0000,095080,0.020624,-0.0007,0.1436
2026-08-10T16:24:35.960924,0000,095088,0.024183,-0.0003,0.1555
2026-08-10T16:24:37.698986,0000,095096,0.027818,0.0004,0.1668
2026-08-10T16:24:39.709795,0000,095104,0.009358,0.0008,0.0967
2026-08-10T16:24:41.432028,0000,095112,0.014523,0.0007,0.1205
2026-08-10T16:24:43.217872,0000,095120,0.024736,0.0002,0.1573
2026-08-10T16:24:45.091859,0000,095128,0.013836,-0.0000,0.1176
2026-08-10T16:24:47.254244,0000,095136,0.014926,-0.0003,0.1222
2026-08-10T16:24:49.278026,0000,095144,0.012608,-0.0004,0.1123
2026-08-10T16:24:51.056313,0000,095152,0.012075,0.0002,0.1099
2026-08-10T16:24:52.887920,0000,095160,0.011554,0.0001,0.1075
2026-08-10T16:24:54.839986,0000,095168,0.009585,-0.0001,0.0979
2026-08-10T16:24:56.581739,0000,095176,0.010510,-0.0001,0.1025
2026-08-10T16:24:58.355617,0000,095184,0.005598,0.0003,0.0748
2026-08-10T16:25:00.210034,0000,095192,0.028796,0.0002,0.1697
2026-08-10T16:25:02.059075,0000,095200,0.016071,0.0000,0.1268
2026-08-10T16:25:03.839139,0000,095208,0.019635,-0.0004,0.1401
2026-08-10T16:25:05.597913,0000,095216,0.009079,-0.0005,0.0953
2026-08-10T16:25:07.460777,0000,095224,0.022769,-0.0005,0.1509
2026-08-10T16:25:09.355169,0000,095232,0.013578,0.0000,0.1165
2026-08-10T16:25:11.114019,0000,095240,0.008300,0.0002,0.0911
2026-08-10T16:25:13.013847,0000,095248,0.022036,-0.0001,0.1484
2026-08-10T16:25:14.755658,0000,095256,0.021502,-0.0000,0.1466
2026-08-10T16:25:16.583763,0000,095264,0.067080,-0.0001,0.2590
2026-08-10T16:25:18.521882,0000,095272,0.007213,0.0003,0.0849
2026-08-10T16:25:20.698765,0000,095280,0.006719,0.0002,0.0820
2026-08-10T16:25:22.511640,0000,095288,0.007511,-0.0002,0.0867
2026-08-10T16:25:24.237989,0000,095296,0.004179,-0.0004,0.0646
2026-08-10T16:25:26.535668,0000,095304,0.024443,-0.0002,0.1563
2026-08-10T16:25:28.296646,0000,095312,0.005515,0.0003,0.0743
2026-08-10T16:25:30.179729,0000,095320,0.008435,0.0004,0.0918
2026-08-10T16:25:32.176203,0000,095328,0.026923,0.0002,0.1641
2026-08-10T16:25:34.061951,0000,095336,0.011249,-0.0001,0.1061
2026-08-10T16:25:35.830626,0000,095344,0.019732,-0.0002,0.1405
2026-08-10T16:25:37.592200,0000,095352,0.050105,0.0000,0.2238
2026-08-10T16:25:39.396673,0000,095360,0.025197,-0.0002,0.1587
2026-08-10T16:25:41.312083,0000,095368,0.020984,0.0003,0.1449
2026-08-10T16:25:43.063723,0000,095376,0.018221,0.0001,0.1350
2026-08-10T16:25:44.946671,0000,095384,0.025323,-0.0004,0.1591
2026-08-10T16:25:46.956870,0000,095392,0.014507,-0.0006,0.1204
2026-08-10T16:25:48.738688,0000,095400,0.029792,-0.0003,0.1726
2026-08-10T16:25:50.465706,0000,095408,0.012598,0.0003,0.1122
2026-08-10T16:25:52.181705,0000,095416,0.020298,0.0003,0.1425
2026-08-10T16:25:53.984174,0000,095424,0.008108,0.0004,0.0900
2026-08-10T16:25:56.111672,0000,095432,0.031245,-0.0002,0.1768
2026-08-10T16:25:57.999100,0000,095440,0.014848,-0.0002,0.1219
2026-08-10T16:25:59.878529,0000,095448,0.025984,-0.0001,0.1612
2026-08-10T16:26:02.028136,0000,095456,0.037896,0.0003,0.1947
2026-08-10T16:26:03.870527,0000,095464,0.020993,0.0005,0.1449
2026-08-10T16:26:05.618184,0000,095472,0.017078,0.0005,0.1307
2026-08-10T16:26:07.516871,0000,095480,0.009630,0.0001,0.0981
2026-08-10T16:26:09.379117,0000,095488,0.014283,-0.0005,0.1195
2026-08-10T16:26:11.161375,0000,095496,0.017968,-0.0008,0.1340
2026-08-10T16:26:13.004824,0000,095504,0.025666,-0.0009,0.1602
2026-08-10T16:26:14.741616,0000,095512,0.007805,-0.0005,0.0883
2026-08-10T16:26:16.711539,0000,095520,0.022626,-0.0001,0.1504
2026-08-10T16:26:18.586479,0000,095528,0.012758,0.0007,0.1130
2026-08-10T16:26:20.666957,0000,095536,0.027868,0.0012,0.1669
2026-08-10T16:26:22.385044,0000,095544,0.011490,0.0011,0.1072
2026-08-10T16:26:24.122495,0000,095552,0.008483,0.0010,0.0921
2026-08-10T16:26:25.889299,0000,095560,0.025115,0.0003,0.1585
2026-08-10T16:26:27.774507,0000,095568,0.022800,-0.0003,0.1510
2026-08-10T16:26:29.489844,0000,095576,0.004963,-0.0004,0.0705
2026-08-10T16:26:31.197056,0000,095584,0.006468,-0.0005,0.0804
2026-08-10T16:26:32.919056,0000,095592,0.021639,-0.0003,0.1471
2026-08-10T16:26:34.643935,0000,095600,0.052066,0.0001,0.2282
2026-08-10T16:26:36.606924,0000,095608,0.016788,0.0005,0.1296
2026-08-10T16:26:38.351509,0000,095616,0.051989,0.0001,0.2280
2026-08-10T16:26:40.298039,0000,095624,0.024029,-0.0001,0.1550
2026-08-10T16:26:42.092975,0000,095632,0.017612,-0.0007,0.1327
2026-08-10T16:26:44.146881,0000,095640,0.028452,-0.0010,0.1687
2026-08-10T16:26:46.043462,0000,095648,0.009067,-0.0010,0.0952
2026-08-10T16:26:48.029549,0000,095656,0.014020,-0.0008,0.1184
2026-08-10T16:26:49.805415,0000,095664,0.016178,-0.0002,0.1272
2026-08-10T16:26:52.209534,0000,095672,0.010757,0.0005,0.1037
2026-08-10T16:26:54.369213,0000,095680,0.025266,0.0009,0.1590
2026-08-10T16:26:56.794990,0000,095688,0.020950,0.0011,0.1447
2026-08-10T16:26:59.120019,0000,095696,0.013920,0.0009,0.1180
2026-08-10T16:27:01.098494,0000,095704,0.020664,0.0003,0.1437
2026-08-10T16:27:02.938361,0000,095712,0.005903,-0.0003,0.0768
2026-08-10T16:27:04.810462,0000,095720,0.020862,-0.0006,0.1444
2026-08-10T16:27:06.758815,0000,095728,0.147176,-0.0007,0.3836
2026-08-10T16:27:08.685943,0000,095736,0.012031,-0.0005,0.1097
2026-08-10T16:27:10.526271,0000,095744,0.017964,0.0001,0.1340
2026-08-10T16:27:12.753586,0000,095752,0.034117,0.0002,0.1847
2026-08-10T16:27:14.518565,0000,095760,0.009952,0.0001,0.0998
2026-08-10T16:27:16.345108,0000,095768,0.011786,-0.0002,0.1086
2026-08-10T16:27:18.205311,0000,095776,0.012629,-0.0002,0.1124
2026-08-10T16:27:20.003563,0000,095784,0.012463,-0.0000,0.1116
2026-08-10T16:27:21.846511,0000,095792,0.008252,0.0004,0.0908
2026-08-10T16:27:23.757539,0000,095800,0.005636,0.0005,0.0751
2026-08-10T16:27:25.731334,0000,095808,0.023118,0.0004,0.1520
2026-08-10T16:27:27.770880,0000,095816,0.064736,0.0000,0.2544
2026-08-10T16:27:29.721410,0000,095824,0.026867,-0.0006,0.1639
2026-08-10T16:27:32.062622,0000,095832,0.012969,-0.0009,0.1139
2026-08-10T16:27:34.395701,0000,095840,0.012972,-0.0009,0.1139
2026-08-10T16:27:36.259299,0000,095848,0.017140,-0.0006,0.1309
2026-08-10T16:27:38.037316,0000,095856,0.011363,-0.0000,0.1066
2026-08-10T16:27:39.952399,0000,095864,0.019534,0.0007,0.1398
2026-08-10T16:27:41.970770,0000,095872,0.023170,0.0010,0.1522
2026-08-10T16:27:44.206582,0000,095880,0.018382,0.0012,0.1356
2026-08-10T16:27:46.279963,0000,095888,0.017533,0.0010,0.1324
2026-08-10T16:27:48.221310,0000,095896,0.008768,0.0005,0.0936
2026-08-10T16:27:50.376224,0000,095904,0.011149,-0.0002,0.1056
2026-08-10T16:27:52.472306,0000,095912,0.009830,-0.0005,0.0991
2026-08-10T16:27:54.312739,0000,095920,0.019735,-0.0006,0.1405
2026-08-10T16:27:56.552165,0000,095928,0.010413,-0.0003,0.1020
2026-08-10T16:27:58.593590,0000,095936,0.008130,0.0002,0.0902
2026-08-10T16:28:00.703031,0000,095944,0.026123,0.0001,0.1616
2026-08-10T16:28:02.856416,0000,095952,0.016160,0.0002,0.1271
2026-08-10T16:28:04.817755,0000,095960,0.013870,-0.0001,0.1178
2026-08-10T16:28:07.282654,0000,095968,0.041395,-0.0004,0.2035
2026-08-10T16:28:09.683327,0000,095976,0.011115,0.0001,0.1054
2026-08-10T16:28:11.867695,0000,095984,0.015028,-0.0002,0.1226
2026-08-10T16:28:13.659422,0000,095992,0.007762,0.0001,0.0881
2026-08-10T16:28:15.769280,0000,096000,0.011631,-0.0000,0.1078
2026-08-10T16:28:17.621252,0000,096008,0.014118,-0.0005,0.1188
2026-08-10T16:28:19.755965,0000,096016,0.014124,-0.0005,0.1188
2026-08-10T16:28:21.911780,0000,096024,0.015552,-0.0002,0.1247
2026-08-10T16:28:23.957163,0000,096032,0.010008,0.0003,0.1000
2026-08-10T16:28:26.103294,0000,096040,0.062856,0.0002,0.2507
2026-08-10T16:28:27.963025,0000,096048,0.010454,0.0003,0.1022
2026-08-10T16:28:29.868213,0000,096056,0.008576,-0.0001,0.0926
2026-08-10T16:28:32.021862,0000,096064,0.023266,-0.0004,0.1525
2026-08-10T16:28:33.812339,0000,096072,0.014037,-0.0000,0.1185
2026-08-10T16:28:35.624817,0000,096080,0.009770,0.0005,0.0988
2026-08-10T16:28:37.409360,0000,096088,0.011635,0.0006,0.1079
2026-08-10T16:28:39.507785,0000,096096,0.006740,0.0005,0.0821
2026-08-10T16:28:41.378603,0000,096104,0.028205,0.0000,0.1679
2026-08-10T16:28:43.500048,0000,096112,0.008809,-0.0006,0.0939
2026-08-10T16:28:45.386318,0000,096120,0.012722,-0.0008,0.1128
2026-08-10T16:28:47.474005,0000,096128,0.011969,-0.0009,0.1094
2026-08-10T16:28:49.545382,0000,096136,0.032066,-0.0006,0.1791
2026-08-10T16:28:51.345008,0000,096144,0.006065,0.0000,0.0779
2026-08-10T16:28:53.351591,0000,096152,0.009997,0.0001,0.1000
2026-08-10T16:28:55.302151,0000,096160,0.070878,0.0004,0.2662
2026-08-10T16:28:57.454302,0000,096168,0.018396,0.0006,0.1356
2026-08-10T16:28:59.473749,0000,096176,0.014770,0.0006,0.1215
2026-08-10T16:29:01.307596,0000,096184,0.056334,0.0000,0.2373
2026-08-10T16:29:03.187855,0000,096192,0.022191,-0.0006,0.1490
2026-08-10T16:29:05.113187,0000,096200,0.012157,-0.0008,0.1103
2026-08-10T16:29:06.918083,0000,096208,0.016377,-0.0009,0.1280
2026-08-10T16:29:08.842246,0000,096216,0.018594,-0.0006,0.1364
2026-08-10T16:29:10.758461,0000,096224,0.008934,-0.0001,0.0945
2026-08-10T16:29:12.699969,0000,096232,0.019436,0.0007,0.1394
2026-08-10T16:29:14.532746,0000,096240,0.018040,0.0009,0.1343
2026-08-10T16:29:16.345695,0000,096248,0.015518,0.0010,0.1246
2026-08-10T16:29:18.209071,0000,096256,0.018759,0.0009,0.1370
2026-08-10T16:29:20.112067,0000,096264,0.142149,0.0004,0.3770
2026-08-10T16:29:21.947139,0000,096272,0.017329,-0.0003,0.1316
2026-08-10T16:29:23.822298,0000,096280,0.008731,-0.0005,0.0934
2026-08-10T16:29:25.789910,0000,096288,0.007117,-0.0005,0.0844
2026-08-10T16:29:27.630050,0000,096296,0.009017,-0.0004,0.0950
2026-08-10T16:29:30.270481,0000,096304,0.006587,0.0004,0.0812
2026-08-10T16:29:32.528892,0000,096312,0.013479,0.0005,0.1161
2026-08-10T16:29:34.582339,0000,096320,0.014710,0.0001,0.1213
2026-08-10T16:29:36.601972,0000,096328,0.018022,-0.0002,0.1342
2026-08-10T16:29:38.530559,0000,096336,0.010690,-0.0002,0.1034
2026-08-10T16:29:40.470826,0000,096344,0.010189,-0.0000,0.1009
2026-08-10T16:29:42.480706,0000,096352,0.021234,-0.0002,0.1457
2026-08-10T16:29:44.289951,0000,096360,0.012561,0.0000,0.1121
2026-08-10T16:29:46.556704,0000,096368,0.014240,0.0001,0.1193
2026-08-10T16:29:48.605817,0000,096376,0.009718,-0.0005,0.0986
2026-08-10T16:29:50.484561,0000,096384,0.019031,-0.0005,0.1380
2026-08-10T16:29:52.297031,0000,096392,0.011251,-0.0002,0.1061
2026-08-10T16:29:54.176571,0000,096400,0.011040,0.0003,0.1051
2026-08-10T16:29:56.245160,0000,096408,0.011909,0.0005,0.1091
2026-08-10T16:29:59.242550,0000,096416,0.008485,0.0004,0.0921
2026-08-10T16:30:01.493249,0000,096424,0.056298,-0.0003,0.2373
2026-08-10T16:30:03.872772,0000,096432,0.007121,-0.0001,0.0844
2026-08-10T16:30:05.824261,0000,096440,0.158309,-0.0000,0.3979
2026-08-10T16:30:07.798660,0000,096448,0.016355,0.0002,0.1279
2026-08-10T16:30:10.168805,0000,096456,0.024670,-0.0000,0.1571
2026-08-10T16:30:12.053001,0000,096464,0.031801,0.0003,0.1783
2026-08-10T16:30:13.978319,0000,096472,0.026668,0.0002,0.1633
2026-08-10T16:30:15.933640,0000,096480,0.017728,-0.0002,0.1331
2026-08-10T16:30:18.002657,0000,096488,0.019231,-0.0003,0.1387
2026-08-10T16:30:19.874273,0000,096496,0.006050,-0.0001,0.0778
2026-08-10T16:30:21.737682,0000,096504,0.011741,0.0004,0.1084
2026-08-10T16:30:23.904888,0000,096512,1.159016,-0.0001,1.0766
2026-08-10T16:30:25.812739,0000,096520,0.027237,0.0004,0.1650
2026-08-10T16:30:27.580693,0000,096528,0.059172,-0.0002,0.2433
2026-08-10T16:30:29.394381,0000,096536,0.004149,-0.0000,0.0644
2026-08-10T16:30:31.588267,0000,096544,0.007650,0.0002,0.0875
2026-08-10T16:30:33.540258,0000,096552,0.019625,-0.0000,0.1401
2026-08-10T16:30:35.637448,0000,096560,0.008166,0.0001,0.0904
2026-08-10T16:30:37.654933,0000,096568,0.020801,-0.0003,0.1442
2026-08-10T16:30:39.671664,0000,096576,0.018778,-0.0004,0.1370
2026-08-10T16:30:41.741770,0000,096584,0.008180,0.0002,0.0904
2026-08-10T16:30:43.926144,0000,096592,0.010920,0.0000,0.1045
2026-08-10T16:30:45.826632,0000,096600,0.027930,-0.0002,0.1671
2026-08-10T16:30:47.722457,0000,096608,0.045603,-0.0003,0.2135
2026-08-10T16:30:49.547192,0000,096616,0.009310,-0.0002,0.0965
2026-08-10T16:30:51.539857,0000,096624,0.020960,0.0004,0.1448
2026-08-10T16:30:53.388587,0000,096632,0.017558,0.0006,0.1325
2026-08-10T16:30:55.389672,0000,096640,0.011120,0.0008,0.1055
2026-08-10T16:30:57.097608,0000,096648,0.008613,0.0002,0.0928
2026-08-10T16:30:59.681799,0000,096656,0.028825,-0.0001,0.1698
2026-08-10T16:31:01.481171,0000,096664,0.012146,-0.0012,0.1102
2026-08-10T16:31:03.543177,0000,096672,0.038694,-0.0018,0.1967
2026-08-10T16:31:05.691666,0000,096680,0.024514,-0.0018,0.1566
2026-08-10T16:31:07.497769,0000,096688,1.154212,-0.0026,1.0743
2026-08-10T16:31:09.284735,0000,096696,0.009525,-0.0011,0.0976
2026-08-10T16:31:11.314399,0000,096704,0.007770,-0.0005,0.0881
2026-08-10T16:31:13.195983,0000,096712,0.012025,0.0004,0.1097
2026-08-10T16:31:14.904226,0000,096720,0.018385,0.0007,0.1356
2026-08-10T16:31:16.738406,0000,096728,0.009772,0.0009,0.0989
2026-08-10T16:31:19.240581,0000,096736,0.010410,0.0010,0.1020
2026-08-10T16:31:21.133784,0000,096744,0.047292,0.0005,0.2175
2026-08-10T16:31:23.153357,0000,096752,0.014126,-0.0002,0.1189
2026-08-10T16:31:24.963523,0000,096760,0.015667,-0.0005,0.1252
2026-08-10T16:31:26.759453,0000,096768,0.007381,-0.0003,0.0859
2026-08-10T16:31:28.770290,0000,096776,0.035286,-0.0004,0.1878
2026-08-10T16:31:30.690368,0000,096784,0.005568,0.0004,0.0746
2026-08-10T16:31:32.671413,0000,096792,0.017851,0.0005,0.1336
2026-08-10T16:31:34.960370,0000,096800,0.011842,0.0006,0.1088
2026-08-10T16:31:37.063247,0000,096808,0.018835,0.0003,0.1372
2026-08-10T16:31:39.101872,0000,096816,0.016835,-0.0004,0.1297
2026-08-10T16:31:40.866361,0000,096824,0.008844,-0.0006,0.0940
2026-08-10T16:31:42.641490,0000,096832,0.006765,-0.0006,0.0823
2026-08-10T16:31:44.514821,0000,096840,0.017535,-0.0002,0.1324
2026-08-10T16:31:46.549638,0000,096848,0.022434,0.0002,0.1498
2026-08-10T16:31:48.323477,0000,096856,0.017395,0.0005,0.1319
2026-08-10T16:31:50.075320,0000,096864,0.005696,0.0004,0.0755
2026-08-10T16:31:51.972104,0000,096872,0.008547,0.0002,0.0925
2026-08-10T16:31:53.909803,0000,096880,0.030760,-0.0005,0.1754
2026-08-10T16:31:56.037455,0000,096888,0.009053,-0.0007,0.0951
2026-08-10T16:31:57.942145,0000,096896,0.011799,-0.0006,0.1086
2026-08-10T16:32:00.299940,0000,096904,0.028863,-0.0006,0.1699
2026-08-10T16:32:02.196658,0000,096912,0.035460,0.0002,0.1883
2026-08-10T16:32:04.124806,0000,096920,0.015912,0.0004,0.1261
2026-08-10T16:32:05.945331,0000,096928,0.020554,0.0004,0.1434
2026-08-10T16:32:08.115287,0000,096936,1.166188,-0.0007,1.0799
2026-08-10T16:32:09.991356,0000,096944,0.015941,-0.0004,0.1263
2026-08-10T16:32:11.984477,0000,096952,0.010131,-0.0005,0.1007
2026-08-10T16:32:14.232442,0000,096960,0.022719,-0.0004,0.1507
2026-08-10T16:32:16.002939,0000,096968,0.018897,0.0001,0.1375
2026-08-10T16:32:17.802433,0000,096976,0.007966,0.0001,0.0893
2026-08-10T16:32:19.562913,0000,096984,0.009217,-0.0002,0.0960
2026-08-10T16:32:21.712037,0000,096992,0.018983,-0.0001,0.1378
2026-08-10T16:32:23.570219,0000,097000,0.025914,0.0003,0.1610
2026-08-10T16:32:25.396998,0000,097008,0.007634,0.0004,0.0874
2026-08-10T16:32:27.222456,0000,097016,0.005816,0.0002,0.0763
2026-08-10T16:32:29.075576,0000,097024,0.023551,-0.0004,0.1535
2026-08-10T16:32:31.230071,0000,097032,0.017948,-0.0005,0.1340
2026-08-10T16:32:32.974121,0000,097040,0.013057,-0.0003,0.1143
2026-08-10T16:32:34.819176,0000,097048,0.008748,0.0001,0.0935
2026-08-10T16:32:36.615087,0000,097056,0.017542,0.0000,0.1324
2026-08-10T16:32:38.770075,0000,097064,0.011028,0.0001,0.1050
2026-08-10T16:32:40.795420,0000,097072,0.020015,-0.0006,0.1415
2026-08-10T16:32:43.173755,0000,097080,0.037475,-0.0008,0.1936
2026-08-10T16:32:45.395369,0000,097088,0.047378,-0.0009,0.2177
2026-08-10T16:32:47.206532,0000,097096,0.006427,-0.0000,0.0802
2026-08-10T16:32:49.230403,0000,097104,0.012184,0.0007,0.1104
2026-08-10T16:32:51.037618,0000,097112,0.015248,0.0008,0.1235
2026-08-10T16:32:52.882556,0000,097120,0.022604,0.0009,0.1503
2026-08-10T16:32:54.774310,0000,097128,0.009992,0.0005,0.1000
2026-08-10T16:32:56.488564,0000,097136,0.013503,0.0001,0.1162
2026-08-10T16:32:58.507136,0000,097144,0.058388,-0.0009,0.2416
2026-08-10T16:33:00.334374,0000,097152,0.016578,-0.0010,0.1288
2026-08-10T16:33:02.085708,0000,097160,0.010824,-0.0011,0.1040
2026-08-10T16:33:03.845065,0000,097168,0.015157,-0.0009,0.1231
2026-08-10T16:33:05.724719,0000,097176,0.026147,-0.0005,0.1617
2026-08-10T16:33:07.493402,0000,097184,0.011945,0.0001,0.1093
2026-08-10T16:33:09.306423,0000,097192,0.015161,0.0005,0.1231
2026-08-10T16:33:11.437362,0000,097200,0.016167,0.0005,0.1272
2026-08-10T16:33:13.406231,0000,097208,0.008561,0.0003,0.0925
2026-08-10T16:33:15.457137,0000,097216,0.034620,-0.0004,0.1861
2026-08-10T16:33:17.384153,0000,097224,0.010379,-0.0003,0.1019
2026-08-10T16:33:19.824059,0000,097232,0.009554,-0.0002,0.0977
2026-08-10T16:33:21.912048,0000,097240,0.009909,0.0003,0.0995
2026-08-10T16:33:23.907739,0000,097248,0.008849,0.0002,0.0941
2026-08-10T16:33:25.819098,0000,097256,0.006006,-0.0000,0.0775
2026-08-10T16:33:27.868282,0000,097264,0.010062,0.0002,0.1003
2026-08-10T16:33:30.168261,0000,097272,0.041411,-0.0004,0.2035
2026-08-10T16:33:32.439835,0000,097280,0.027872,0.0000,0.1669
2026-08-10T16:33:34.274160,0000,097288,0.013999,0.0004,0.1183
2026-08-10T16:33:36.095002,0000,097296,0.021390,0.0004,0.1463
2026-08-10T16:33:37.989136,0000,097304,0.011453,0.0002,0.1070
2026-08-10T16:33:39.779914,0000,097312,0.007902,-0.0003,0.0889
2026-08-10T16:33:41.780304,0000,097320,0.018333,-0.0003,0.1354
2026-08-10T16:33:43.685949,0000,097328,0.014464,-0.0003,0.1203
2026-08-10T16:33:45.573989,0000,097336,0.015122,0.0000,0.1230
2026-08-10T16:33:47.503432,0000,097344,0.014033,0.0002,0.1185
2026-08-10T16:33:49.317904,0000,097352,0.013142,-0.0001,0.1146
2026-08-10T16:33:51.294272,0000,097360,0.006835,-0.0000,0.0827
2026-08-10T16:33:53.222511,0000,097368,0.020404,0.0004,0.1428
2026-08-10T16:33:55.155080,0000,097376,0.012985,0.0004,0.1140
2026-08-10T16:33:56.961100,0000,097384,0.010790,0.0001,0.1039
2026-08-10T16:33:58.851847,0000,097392,0.007733,-0.0002,0.0879
2026-08-10T16:34:00.952478,0000,097400,0.013054,-0.0006,0.1143
2026-08-10T16:34:02.741191,0000,097408,0.016132,-0.0003,0.1270
2026-08-10T16:34:04.859012,0000,097416,0.025563,0.0000,0.1599
2026-08-10T16:34:06.732709,0000,097424,0.014121,0.0007,0.1188
2026-08-10T16:34:08.502809,0000,097432,0.021663,0.0008,0.1472
2026-08-10T16:34:10.383303,0000,097440,0.017791,0.0009,0.1334
2026-08-10T16:34:12.591295,0000,097448,0.012030,0.0009,0.1097
2026-08-10T16:34:14.630162,0000,097456,0.016148,0.0002,0.1271
2026-08-10T16:34:16.599619,0000,097464,0.018310,-0.0006,0.1353
2026-08-10T16:34:18.357903,0000,097472,0.011361,-0.0010,0.1066
2026-08-10T16:34:20.150646,0000,097480,0.019752,-0.0010,0.1405
2026-08-10T16:34:21.995944,0000,097488,0.012730,-0.0009,0.1128
2026-08-10T16:34:24.024246,0000,097496,0.018662,-0.0006,0.1366
2026-08-10T16:34:25.764238,0000,097504,0.011399,0.0003,0.1068
2026-08-10T16:34:27.648844,0000,097512,0.013268,0.0005,0.1152
2026-08-10T16:34:29.439864,0000,097520,0.020909,0.0004,0.1446
2026-08-10T16:34:31.531871,0000,097528,0.010821,0.0004,0.1040
2026-08-10T16:34:33.366963,0000,097536,0.015660,-0.0002,0.1251
2026-08-10T16:34:35.266120,0000,097544,0.015530,-0.0003,0.1246
2026-08-10T16:34:37.035604,0000,097552,0.016896,-0.0003,0.1300
2026-08-10T16:34:39.083866,0000,097560,0.024638,0.0002,0.1570
2026-08-10T16:34:41.179187,0000,097568,0.017700,0.0001,0.1330
2026-08-10T16:34:43.144659,0000,097576,0.008236,0.0001,0.0908
2026-08-10T16:34:44.858647,0000,097584,0.024382,-0.0004,0.1561
2026-08-10T16:34:46.920503,0000,097592,0.011867,-0.0008,0.1089
2026-08-10T16:34:48.817376,0000,097600,0.015663,-0.0004,0.1252
2026-08-10T16:34:50.767715,0000,097608,0.008742,-0.0001,0.0935
2026-08-10T16:34:52.615311,0000,097616,0.012774,0.0006,0.1130
2026-08-10T16:34:54.971721,0000,097624,0.025879,0.0008,0.1609
2026-08-10T16:34:56.818807,0000,097632,0.014506,0.0008,0.1204
2026-08-10T16:34:58.759966,0000,097640,0.004719,0.0006,0.0687
2026-08-10T16:35:00.717909,0000,097648,0.021825,0.0001,0.1477
2026-08-10T16:35:02.500008,0000,097656,0.008672,-0.0006,0.0931
2026-08-10T16:35:04.652135,0000,097664,0.026081,-0.0012,0.1615
2026-08-10T16:35:06.479247,0000,097672,0.023557,-0.0011,0.1535
2026-08-10T16:35:08.702527,0000,097680,0.026262,-0.0010,0.1621
2026-08-10T16:35:10.689522,0000,097688,0.013513,-0.0004,0.1162
2026-08-10T16:35:12.620669,0000,097696,1.156251,-0.0007,1.0753
2026-08-10T16:35:14.528223,0000,097704,0.015427,0.0010,0.1242
2026-08-10T16:35:16.587071,0000,097712,0.023486,0.0014,0.1533
2026-08-10T16:35:18.532599,0000,097720,0.024264,0.0017,0.1558
2026-08-10T16:35:20.573411,0000,097728,0.028704,0.0015,0.1694
2026-08-10T16:35:22.347062,0000,097736,0.014742,0.0012,0.1214
2026-08-10T16:35:24.148767,0000,097744,0.007775,0.0008,0.0882
2026-08-10T16:35:25.920259,0000,097752,0.016444,-0.0001,0.1282
2026-08-10T16:35:27.820869,0000,097760,0.036667,-0.0006,0.1915
2026-08-10T16:35:29.817484,0000,097768,0.018586,-0.0007,0.1363
2026-08-10T16:35:31.840377,0000,097776,0.006377,-0.0005,0.0799
2026-08-10T16:35:33.856183,0000,097784,0.007900,-0.0002,0.0889
2026-08-10T16:35:35.699710,0000,097792,0.009485,0.0005,0.0974
2026-08-10T16:35:37.438799,0000,097800,0.012750,0.0008,0.1129
2026-08-10T16:35:39.385635,0000,097808,0.011451,0.0008,0.1070
2026-08-10T16:35:41.126593,0000,097816,0.062173,0.0004,0.2493
2026-08-10T16:35:43.047210,0000,097824,0.006125,0.0000,0.0783
2026-08-10T16:35:44.793563,0000,097832,0.010517,-0.0008,0.1026
2026-08-10T16:35:46.561322,0000,097840,0.016921,-0.0010,0.1301
2026-08-10T16:35:48.557748,0000,097848,0.014048,-0.0012,0.1185
2026-08-10T16:35:50.304866,0000,097856,0.023959,-0.0011,0.1548
2026-08-10T16:35:52.091245,0000,097864,0.045872,-0.0004,0.2142
2026-08-10T16:35:53.814257,0000,097872,1.172665,-0.0008,1.0829
2026-08-10T16:35:55.849534,0000,097880,0.025666,0.0010,0.1602
2026-08-10T16:35:57.663701,0000,097888,0.030092,0.0014,0.1735
2026-08-10T16:35:59.423404,0000,097896,0.019260,0.0017,0.1388
2026-08-10T16:36:01.304728,0000,097904,1.153670,0.0008,1.0741
2026-08-10T16:36:03.503692,0000,097912,0.014031,0.0013,0.1185
2026-08-10T16:36:05.789475,0000,097920,0.027064,0.0007,0.1645
2026-08-10T16:36:07.755101,0000,097928,0.032341,-0.0002,0.1798
2026-08-10T16:36:09.667022,0000,097936,0.028498,-0.0004,0.1688
2026-08-10T16:36:11.991473,0000,097944,0.011940,-0.0008,0.1093
2026-08-10T16:36:14.561676,0000,097952,0.019015,-0.0005,0.1379
2026-08-10T16:36:16.869876,0000,097960,0.014613,-0.0002,0.1209
2026-08-10T16:36:18.856938,0000,097968,0.013431,0.0005,0.1159
2026-08-10T16:36:20.634121,0000,097976,0.007954,0.0008,0.0892
2026-08-10T16:36:22.520757,0000,097984,0.016459,0.0007,0.1283
2026-08-10T16:36:24.429849,0000,097992,0.011784,0.0006,0.1086
2026-08-10T16:36:26.554353,0000,098000,0.010770,0.0000,0.1038
2026-08-10T16:36:28.304300,0000,098008,0.009661,-0.0001,0.0983
2026-08-10T16:36:30.097214,0000,098016,0.015420,-0.0001,0.1242
2026-08-10T16:36:32.049669,0000,098024,0.035851,0.0001,0.1893
2026-08-10T16:36:34.254466,0000,098032,0.018383,0.0004,0.1356
2026-08-10T16:36:36.188612,0000,098040,0.017805,0.0001,0.1334
2026-08-10T16:36:38.044076,0000,098048,0.013332,-0.0004,0.1155
2026-08-10T16:36:40.136880,0000,098056,0.015136,-0.0005,0.1230
2026-08-10T16:36:41.962902,0000,098064,0.011150,-0.0003,0.1056
2026-08-10T16:36:43.732189,0000,098072,0.007150,-0.0000,0.0846
2026-08-10T16:36:45.456251,0000,098080,0.026804,0.0006,0.1637
2026-08-10T16:36:47.404283,0000,098088,0.011890,0.0009,0.1090
2026-08-10T16:36:49.440654,0000,098096,0.049090,0.0008,0.2216
2026-08-10T16:36:51.809030,0000,098104,0.019812,0.0005,0.1408
2026-08-10T16:36:53.702453,0000,098112,0.005991,0.0001,0.0774
2026-08-10T16:36:55.442345,0000,098120,0.014229,-0.0005,0.1193
2026-08-10T16:36:57.223986,0000,098128,0.017124,-0.0009,0.1309
2026-08-10T16:36:59.023318,0000,098136,0.023363,-0.0011,0.1528
2026-08-10T16:37:00.899285,0000,098144,0.018062,-0.0009,0.1344
2026-08-10T16:37:02.681279,0000,098152,0.008970,-0.0005,0.0947
2026-08-10T16:37:04.515056,0000,098160,0.043015,-0.0001,0.2074
2026-08-10T16:37:06.507328,0000,098168,0.008961,0.0011,0.0947
2026-08-10T16:37:08.476996,0000,098176,0.017093,0.0016,0.1307
2026-08-10T16:37:10.238192,0000,098184,0.014787,0.0016,0.1216
2026-08-10T16:37:12.139983,0000,098192,0.023005,0.0017,0.1517
2026-08-10T16:37:13.994274,0000,098200,0.013313,0.0013,0.1154
2026-08-10T16:37:15.929239,0000,098208,1.146282,-0.0003,1.0706
2026-08-10T16:37:17.861428,0000,098216,0.008713,-0.0002,0.0933
2026-08-10T16:37:20.092179,0000,098224,0.012595,-0.0004,0.1122
2026-08-10T16:37:21.847533,0000,098232,0.011644,-0.0006,0.1079
2026-08-10T16:37:23.651423,0000,098240,0.017856,-0.0004,0.1336
2026-08-10T16:37:25.839345,0000,098248,0.006240,-0.0002,0.0790
2026-08-10T16:37:27.910955,0000,098256,0.022160,0.0005,0.1489
2026-08-10T16:37:29.719753,0000,098264,0.007230,0.0008,0.0850
2026-08-10T16:37:31.485268,0000,098272,0.007946,0.0007,0.0891
2026-08-10T16:37:33.704340,0000,098280,0.148615,0.0008,0.3855
2026-08-10T16:37:35.508077,0000,098288,0.015344,-0.0000,0.1239
2026-08-10T16:37:37.395222,0000,098296,0.016714,-0.0002,0.1293
2026-08-10T16:37:39.243820,0000,098304,0.020863,-0.0003,0.1444
2026-08-10T16:37:41.265000,0000,098312,0.006379,0.0003,0.0799
2026-08-10T16:37:43.676195,0000,098320,0.011093,0.0004,0.1053
2026-08-10T16:37:45.701717,0000,098328,0.011391,0.0000,0.1067
2026-08-10T16:37:47.631227,0000,098336,0.006526,-0.0004,0.0808
2026-08-10T16:37:49.559328,0000,098344,0.011199,-0.0005,0.1058
2026-08-10T16:37:51.431247,0000,098352,0.021645,-0.0005,0.1471
2026-08-10T16:37:53.466127,0000,098360,0.012883,0.0000,0.1135
2026-08-10T16:37:55.250530,0000,098368,0.027426,-0.0001,0.1656
2026-08-10T16:37:57.042188,0000,098376,0.006195,0.0004,0.0787
2026-08-10T16:37:59.150161,0000,098384,0.006413,0.0004,0.0801
2026-08-10T16:38:01.035432,0000,098392,0.007837,0.0002,0.0885
2026-08-10T16:38:02.989846,0000,098400,0.017524,-0.0002,0.1324
2026-08-10T16:38:04.899958,0000,098408,0.007852,-0.0004,0.0886
2026-08-10T16:38:06.822491,0000,098416,0.017241,-0.0002,0.1313
2026-08-10T16:38:08.863190,0000,098424,0.012364,0.0002,0.1112
2026-08-10T16:38:10.960093,0000,098432,0.006408,0.0001,0.0801
2026-08-10T16:38:13.010944,0000,098440,0.005800,-0.0001,0.0762
2026-08-10T16:38:14.889976,0000,098448,0.010872,0.0001,0.1043
2026-08-10T16:38:16.801305,0000,098456,0.043798,-0.0004,0.2093
2026-08-10T16:38:19.201964,0000,098464,0.018121,-0.0001,0.1346
2026-08-10T16:38:21.389591,0000,098472,0.009269,0.0002,0.0963
2026-08-10T16:38:23.700948,0000,098480,0.018307,0.0008,0.1353
2026-08-10T16:38:25.675798,0000,098488,0.005976,0.0001,0.0773
2026-08-10T16:38:27.650821,0000,098496,0.020886,-0.0003,0.1445
2026-08-10T16:38:29.542966,0000,098504,0.011279,-0.0006,0.1062
2026-08-10T16:38:31.308309,0000,098512,0.011310,-0.0004,0.1063
2026-08-10T16:38:33.073443,0000,098520,0.014515,0.0000,0.1205
2026-08-10T16:38:34.960030,0000,098528,0.005935,0.0000,0.0770
2026-08-10T16:38:37.038997,0000,098536,0.074267,0.0004,0.2725
2026-08-10T16:38:39.076999,0000,098544,0.012623,0.0005,0.1124
2026-08-10T16:38:40.894369,0000,098552,0.011289,0.0002,0.1063
2026-08-10T16:38:42.871679,0000,098560,0.012583,-0.0004,0.1122
2026-08-10T16:38:44.779078,0000,098568,0.005000,-0.0004,0.0707
2026-08-10T16:38:46.795960,0000,098576,0.019686,-0.0004,0.1403
2026-08-10T16:38:48.784206,0000,098584,0.031749,-0.0001,0.1782
2026-08-10T16:38:51.031446,0000,098592,0.018635,0.0004,0.1365
2026-08-10T16:38:52.979883,0000,098600,0.012023,0.0011,0.1096
2026-08-10T16:38:55.014189,0000,098608,0.025670,0.0008,0.1602
2026-08-10T16:38:56.810647,0000,098616,0.019142,0.0005,0.1384
2026-08-10T16:38:58.606751,0000,098624,0.017133,0.0001,0.1309
2026-08-10T16:39:00.339755,0000,098632,0.013626,-0.0006,0.1167
2026-08-10T16:39:02.088393,0000,098640,0.009769,-0.0010,0.0988
2026-08-10T16:39:03.898894,0000,098648,0.017141,-0.0011,0.1309
2026-08-10T16:39:05.692534,0000,098656,0.147451,-0.0010,0.3840
2026-08-10T16:39:07.446763,0000,098664,0.008751,-0.0005,0.0935
2026-08-10T16:39:09.480980,0000,098672,0.037225,0.0000,0.1929
2026-08-10T16:39:11.455554,0000,098680,0.024240,0.0006,0.1557
2026-08-10T16:39:13.385985,0000,098688,0.009630,0.0004,0.0981
2026-08-10T16:39:15.224657,0000,098696,0.055074,0.0001,0.2347
2026-08-10T16:39:16.966237,0000,098704,0.007621,-0.0002,0.0873
2026-08-10T16:39:18.998443,0000,098712,0.019621,-0.0003,0.1401
2026-08-10T16:39:21.150939,0000,098720,0.016263,-0.0001,0.1275
2026-08-10T16:39:23.222672,0000,098728,0.016277,-0.0005,0.1276
2026-08-10T16:39:25.134431,0000,098736,0.024264,-0.0005,0.1558
2026-08-10T16:39:26.868666,0000,098744,0.007990,-0.0000,0.0894
2026-08-10T16:39:28.731926,0000,098752,0.014107,0.0005,0.1188
2026-08-10T16:39:30.713669,0000,098760,0.023446,0.0008,0.1531
2026-08-10T16:39:32.556786,0000,098768,0.018796,0.0008,0.1371
2026-08-10T16:39:34.279716,0000,098776,0.007526,0.0006,0.0868
2026-08-10T16:39:35.994440,0000,098784,0.023487,0.0001,0.1533
2026-08-10T16:39:37.750234,0000,098792,0.015433,-0.0006,0.1242
2026-08-10T16:39:39.491384,0000,098800,0.015591,-0.0010,0.1249
2026-08-10T16:39:41.444119,0000,098808,0.025662,-0.0012,0.1602
2026-08-10T16:39:43.348258,0000,098816,0.036423,-0.0012,0.1908
2026-08-10T16:39:45.300498,0000,098824,0.011838,-0.0006,0.1088
2026-08-10T16:39:47.166328,0000,098832,0.021240,-0.0001,0.1457
2026-08-10T16:39:48.938967,0000,098840,0.019658,0.0009,0.1402
2026-08-10T16:39:50.869640,0000,098848,0.067436,0.0014,0.2597
2026-08-10T16:39:52.581825,0000,098856,0.017521,0.0015,0.1324
2026-08-10T16:39:54.486647,0000,098864,0.067907,0.0016,0.2606
2026-08-10T16:39:56.432093,0000,098872,0.013876,0.0013,0.1178
2026-08-10T16:39:58.159273,0000,098880,0.008938,0.0005,0.0945
2026-08-10T16:40:00.464479,0000,098888,0.037077,-0.0005,0.1926
2026-08-10T16:40:02.214135,0000,098896,0.020430,-0.0005,0.1429
2026-08-10T16:40:04.467148,0000,098904,1.141800,-0.0017,1.0686
2026-08-10T16:40:06.226088,0000,098912,0.018962,-0.0006,0.1377
2026-08-10T16:40:08.137501,0000,098920,0.031494,-0.0002,0.1775
2026-08-10T16:40:09.865604,0000,098928,0.017089,0.0003,0.1307
2026-08-10T16:40:11.595468,0000,098936,0.006356,0.0007,0.0797
2026-08-10T16:40:13.454777,0000,098944,0.007878,0.0008,0.0888
2026-08-10T16:40:15.155315,0000,098952,0.020205,0.0004,0.1421
2026-08-10T16:40:16.983946,0000,098960,0.006000,-0.0001,0.0775
2026-08-10T16:40:19.123494,0000,098968,0.007466,-0.0003,0.0864
2026-08-10T16:40:21.035814,0000,098976,0.018237,-0.0003,0.1350
2026-08-10T16:40:22.803820,0000,098984,0.009172,0.0002,0.0958
2026-08-10T16:40:24.540987,0000,098992,0.008850,0.0002,0.0941
2026-08-10T16:40:26.497396,0000,099000,0.141764,-0.0001,0.3765
2026-08-10T16:40:28.240330,0000,099008,0.008820,0.0001,0.0939
2026-08-10T16:40:30.164570,0000,099016,0.053001,-0.0002,0.2302
2026-08-10T16:40:31.958909,0000,099024,0.007868,-0.0000,0.0887
2026-08-10T16:40:34.072299,0000,099032,0.028318,0.0001,0.1683
2026-08-10T16:40:35.835293,0000,099040,0.011819,0.0004,0.1087
2026-08-10T16:40:37.676205,0000,099048,0.015387,0.0001,0.1240
2026-08-10T16:40:39.677525,0000,099056,0.008731,-0.0003,0.0934
2026-08-10T16:40:41.628435,0000,099064,0.018150,-0.0005,0.1347
2026-08-10T16:40:43.427720,0000,099072,0.018616,-0.0005,0.1364
2026-08-10T16:40:45.196325,0000,099080,0.021875,-0.0000,0.1479
2026-08-10T16:40:46.890462,0000,099088,0.010741,0.0004,0.1036
2026-08-10T16:40:48.615431,0000,099096,0.019337,0.0008,0.1391
2026-08-10T16:40:50.432130,0000,099104,0.020288,0.0007,0.1424
2026-08-10T16:40:52.169823,0000,099112,0.022009,0.0005,0.1484
2026-08-10T16:40:53.914239,0000,099120,0.020587,0.0000,0.1435
2026-08-10T16:40:55.646043,0000,099128,0.015639,-0.0006,0.1251
2026-08-10T16:40:57.415332,0000,099136,0.010867,-0.0009,0.1042
2026-08-10T16:40:59.243370,0000,099144,0.025296,-0.0012,0.1590
2026-08-10T16:41:01.357152,0000,099152,0.012717,-0.0009,0.1128
2026-08-10T16:41:03.176384,0000,099160,0.011462,-0.0005,0.1071
2026-08-10T16:41:05.139892,0000,099168,0.013280,0.0001,0.1152
2026-08-10T16:41:06.465487,0000,099176,0.021073,0.0001,0.1452
2026-08-10T16:41:08.705165,0001,000000,0.008459,0.0004,0.0920
2026-08-10T16:41:10.500543,0001,000008,0.024960,0.0003,0.1580
2026-08-10T16:41:12.208737,0001,000016,0.011374,-0.0002,0.1066
2026-08-10T16:41:14.208454,0001,000024,1.167703,-0.0013,1.0806
2026-08-10T16:41:16.135533,0001,000032,0.006711,-0.0003,0.0819
2026-08-10T16:41:18.198346,0001,000040,0.007814,0.0000,0.0884
2026-08-10T16:41:20.352538,0001,000048,0.009637,-0.0001,0.0982
2026-08-10T16:41:22.216269,0001,000056,0.009186,0.0005,0.0958
2026-08-10T16:41:24.282500,0001,000064,0.010451,0.0006,0.1022
2026-08-10T16:41:26.597404,0001,000072,0.023155,0.0004,0.1522
2026-08-10T16:41:28.721493,0001,000080,0.003743,-0.0001,0.0612
2026-08-10T16:41:30.706117,0001,000088,0.014887,-0.0002,0.1220
2026-08-10T16:41:32.842820,0001,000096,0.014014,-0.0002,0.1184
2026-08-10T16:41:34.909339,0001,000104,0.012851,0.0002,0.1134
2026-08-10T16:41:36.858290,0001,000112,0.012322,0.0003,0.1110
2026-08-10T16:41:38.914298,0001,000120,0.016586,0.0000,0.1288
2026-08-10T16:41:40.772866,0001,000128,0.026861,-0.0006,0.1639
2026-08-10T16:41:42.656788,0001,000136,0.022825,-0.0006,0.1511
2026-08-10T16:41:44.426504,0001,000144,0.009699,-0.0004,0.0985
2026-08-10T16:41:46.306943,0001,000152,0.011339,0.0001,0.1065
2026-08-10T16:41:48.263354,0001,000160,0.010232,0.0002,0.1012
2026-08-10T16:41:50.216107,0001,000168,0.016750,-0.0001,0.1294
2026-08-10T16:41:51.986065,0001,000176,0.012401,0.0000,0.1114
2026-08-10T16:41:54.543634,0001,000184,0.058400,0.0000,0.2417
2026-08-10T16:41:56.837251,0001,000192,0.013151,-0.0006,0.1147
2026-08-10T16:41:58.606624,0001,000200,0.139883,-0.0008,0.3740
2026-08-10T16:42:00.588613,0001,000208,0.015381,-0.0005,0.1240
2026-08-10T16:42:02.818169,0001,000216,0.006429,0.0000,0.0802
2026-08-10T16:42:04.759220,0001,000224,0.008087,0.0001,0.0899
2026-08-10T16:42:06.828199,0001,000232,0.015469,-0.0001,0.1244
2026-08-10T16:42:08.654733,0001,000240,0.012181,0.0001,0.1104
2026-08-10T16:42:10.482436,0001,000248,0.013471,-0.0002,0.1161
2026-08-10T16:42:12.270150,0001,000256,0.009797,0.0000,0.0990
2026-08-10T16:42:13.994177,0001,000264,0.009721,-0.0001,0.0986
2026-08-10T16:42:15.710150,0001,000272,0.018111,-0.0001,0.1346
2026-08-10T16:42:17.628244,0001,000280,0.020355,0.0002,0.1427
2026-08-10T16:42:19.594081,0001,000288,0.008711,0.0004,0.0933
2026-08-10T16:42:21.406676,0001,000296,0.017139,0.0002,0.1309
2026-08-10T16:42:23.859231,0001,000304,0.010663,-0.0002,0.1033
2026-08-10T16:42:25.782637,0001,000312,0.016783,-0.0002,0.1295
2026-08-10T16:42:27.670799,0001,000320,0.012605,-0.0002,0.1123
2026-08-10T16:42:29.583964,0001,000328,0.014137,0.0002,0.1189
2026-08-10T16:42:31.848265,0001,000336,0.005070,0.0003,0.0712
2026-08-10T16:42:34.440014,0001,000344,0.007557,0.0000,0.0869
2026-08-10T16:42:36.732020,0001,000352,0.051160,0.0001,0.2262
2026-08-10T16:42:38.537188,0001,000360,0.007879,0.0001,0.0888
2026-08-10T16:42:40.574816,0001,000368,0.025158,-0.0005,0.1586
2026-08-10T16:42:42.374396,0001,000376,0.011208,-0.0005,0.1059
2026-08-10T16:42:44.236493,0001,000384,0.015884,-0.0004,0.1260
2026-08-10T16:42:46.384168,0001,000392,0.007826,0.0000,0.0885
2026-08-10T16:42:48.475316,0001,000400,0.022360,0.0001,0.1495
2026-08-10T16:42:50.665188,0001,000408,0.026554,-0.0001,0.1630
2026-08-10T16:42:52.584876,0001,000416,0.017194,-0.0001,0.1311
2026-08-10T16:42:54.889287,0001,000424,0.142420,0.0003,0.3774
2026-08-10T16:42:56.800812,0001,000432,0.007939,0.0004,0.0891
2026-08-10T16:42:58.730872,0001,000440,0.010702,0.0003,0.1034
2026-08-10T16:43:00.713964,0001,000448,0.022075,-0.0003,0.1486
2026-08-10T16:43:02.680898,0001,000456,0.019077,-0.0004,0.1381
2026-08-10T16:43:04.429040,0001,000464,0.019652,-0.0001,0.1402
2026-08-10T16:43:06.577823,0001,000472,0.016121,0.0001,0.1270
2026-08-10T16:43:08.438089,0001,000480,0.022534,0.0001,0.1501
2026-08-10T16:43:10.257565,0001,000488,0.026469,-0.0001,0.1627
2026-08-10T16:43:12.181670,0001,000496,0.011496,0.0001,0.1072
2026-08-10T16:43:14.140810,0001,000504,0.009537,0.0000,0.0977
2026-08-10T16:43:16.146580,0001,000512,0.016557,-0.0004,0.1287
2026-08-10T16:43:17.952688,0001,000520,0.022094,-0.0006,0.1486
2026-08-10T16:43:19.974370,0001,000528,0.007002,-0.0004,0.0837
2026-08-10T16:43:21.759788,0001,000536,0.006212,0.0000,0.0788
2026-08-10T16:43:23.558056,0001,000544,0.008858,0.0001,0.0941
2026-08-10T16:43:25.596908,0001,000552,0.031723,-0.0001,0.1781
2026-08-10T16:43:27.663724,0001,000560,0.035531,-0.0001,0.1885
2026-08-10T16:43:29.581935,0001,000568,0.012358,0.0004,0.1112
2026-08-10T16:43:31.377783,0001,000576,0.012321,0.0006,0.1110
2026-08-10T16:43:33.238099,0001,000584,0.015631,0.0003,0.1250
2026-08-10T16:43:35.230683,0001,000592,0.009247,-0.0004,0.0962
2026-08-10T16:43:37.119748,0001,000600,0.022464,-0.0003,0.1499
2026-08-10T16:43:39.008711,0001,000608,0.014829,-0.0001,0.1218
2026-08-10T16:43:40.950413,0001,000616,0.015565,0.0003,0.1248
2026-08-10T16:43:42.716396,0001,000624,0.020525,0.0002,0.1433
2026-08-10T16:43:44.591006,0001,000632,0.014774,0.0001,0.1215
2026-08-10T16:43:46.680187,0001,000640,0.017338,-0.0004,0.1317
2026-08-10T16:43:48.425829,0001,000648,0.017016,-0.0004,0.1304
2026-08-10T16:43:50.514719,0001,000656,0.006695,-0.0003,0.0818
2026-08-10T16:43:52.249666,0001,000664,0.012498,0.0002,0.1118
2026-08-10T16:43:54.102430,0001,000672,0.011485,0.0001,0.1072
2026-08-10T16:43:56.037519,0001,000680,0.008678,0.0001,0.0932
2026-08-10T16:43:58.039602,0001,000688,0.016486,-0.0003,0.1284
2026-08-10T16:44:00.323138,0001,000696,0.006826,-0.0005,0.0826
2026-08-10T16:44:02.396455,0001,000704,0.030301,-0.0004,0.1741
2026-08-10T16:44:04.595629,0001,000712,0.011128,0.0002,0.1055
2026-08-10T16:44:06.728809,0001,000720,0.028208,-0.0000,0.1680
2026-08-10T16:44:08.792054,0001,000728,0.016427,0.0005,0.1282
2026-08-10T16:44:11.116624,0001,000736,0.015533,0.0006,0.1246
2026-08-10T16:44:13.028816,0001,000744,0.015832,0.0003,0.1258
2026-08-10T16:44:14.943335,0001,000752,0.003777,-0.0001,0.0615
2026-08-10T16:44:16.814431,0001,000760,0.006843,-0.0003,0.0827
2026-08-10T16:44:18.693942,0001,000768,0.020363,-0.0002,0.1427
2026-08-10T16:44:20.827771,0001,000776,0.007707,0.0002,0.0878
2026-08-10T16:44:22.886647,0001,000784,0.014509,0.0002,0.1205
2026-08-10T16:44:24.616537,0001,000792,0.007557,0.0001,0.0869
2026-08-10T16:44:26.532653,0001,000800,0.014164,-0.0003,0.1190
2026-08-10T16:44:28.646500,0001,000808,0.025549,-0.0006,0.1598
2026-08-10T16:44:30.847058,0001,000816,0.015126,-0.0004,0.1230
2026-08-10T16:44:32.703937,0001,000824,0.013003,0.0001,0.1140
2026-08-10T16:44:35.048218,0001,000832,0.020405,0.0003,0.1428
2026-08-10T16:44:37.003752,0001,000840,0.013484,0.0001,0.1161
2026-08-10T16:44:39.260192,0001,000848,0.010874,-0.0003,0.1043
2026-08-10T16:44:41.110074,0001,000856,0.009636,-0.0005,0.0982
2026-08-10T16:44:43.274537,0001,000864,0.017842,-0.0005,0.1336
2026-08-10T16:44:45.169479,0001,000872,0.030459,0.0000,0.1745
2026-08-10T16:44:47.153408,0001,000880,0.012506,0.0001,0.1118
2026-08-10T16:44:49.184392,0001,000888,0.014345,-0.0000,0.1198
2026-08-10T16:44:50.909232,0001,000896,0.009475,0.0001,0.0973
2026-08-10T16:44:52.766671,0001,000904,0.038513,-0.0001,0.1962
2026-08-10T16:44:54.710543,0001,000912,0.009853,0.0000,0.0993
2026-08-10T16:44:56.545593,0001,000920,0.012894,-0.0001,0.1136
2026-08-10T16:44:58.323324,0001,000928,0.025889,-0.0001,0.1609
2026-08-10T16:45:00.049518,0001,000936,0.008448,0.0004,0.0919
2026-08-10T16:45:02.178722,0001,000944,0.041863,0.0004,0.2046
2026-08-10T16:45:04.289868,0001,000952,1.148598,-0.0006,1.0717
2026-08-10T16:45:06.283726,0001,000960,0.008898,0.0003,0.0943
2026-08-10T16:45:08.162610,0001,000968,0.008588,0.0001,0.0927
2026-08-10T16:45:10.111518,0001,000976,0.006174,-0.0002,0.0786
2026-08-10T16:45:12.317386,0001,000984,0.013678,-0.0004,0.1170
2026-08-10T16:45:14.424017,0001,000992,0.006880,-0.0003,0.0829
2026-08-10T16:45:16.381404,0001,001000,0.012058,0.0002,0.1098
2026-08-10T16:45:18.169279,0001,001008,0.015853,0.0002,0.1259
2026-08-10T16:45:20.355382,0001,001016,0.021789,0.0001,0.1476
2026-08-10T16:45:22.301287,0001,001024,0.021181,-0.0004,0.1455
2026-08-10T16:45:24.319773,0001,001032,0.010098,-0.0005,0.1005
2026-08-10T16:45:26.228005,0001,001040,0.010531,-0.0004,0.1026
2026-08-10T16:45:28.273443,0001,001048,0.007926,0.0001,0.0890
2026-08-10T16:45:30.160215,0001,001056,0.011404,0.0001,0.1068
2026-08-10T16:45:32.364176,0001,001064,0.022449,-0.0000,0.1498
2026-08-10T16:45:34.302248,0001,001072,0.018791,0.0000,0.1371
2026-08-10T16:45:36.352033,0001,001080,0.009887,-0.0000,0.0994
2026-08-10T16:45:38.222280,0001,001088,0.017590,-0.0005,0.1326
2026-08-10T16:45:40.124242,0001,001096,0.016404,-0.0006,0.1281
2026-08-10T16:45:42.104244,0001,001104,0.035147,-0.0005,0.1875
2026-08-10T16:45:44.351252,0001,001112,0.012434,0.0000,0.1115
2026-08-10T16:45:46.176811,0001,001120,0.006625,0.0006,0.0814
2026-08-10T16:45:48.186558,0001,001128,0.013464,0.0008,0.1160
2026-08-10T16:45:50.184284,0001,001136,0.012535,0.0008,0.1120
2026-08-10T16:45:52.118947,0001,001144,0.019641,0.0004,0.1401
2026-08-10T16:45:53.950996,0001,001152,0.013615,-0.0000,0.1167
2026-08-10T16:45:55.813648,0001,001160,0.012304,-0.0003,0.1109
2026-08-10T16:45:57.569466,0001,001168,0.009848,-0.0002,0.0992
2026-08-10T16:45:59.427376,0001,001176,0.011665,0.0001,0.1080
2026-08-10T16:46:01.223424,0001,001184,0.016466,0.0002,0.1283
2026-08-10T16:46:03.368695,0001,001192,0.020817,-0.0001,0.1443
2026-08-10T16:46:05.222004,0001,001200,0.010519,-0.0000,0.1026
2026-08-10T16:46:07.086931,0001,001208,0.009950,0.0002,0.0998
2026-08-10T16:46:09.048032,0001,001216,0.025501,-0.0000,0.1597
2026-08-10T16:46:10.919997,0001,001224,0.008926,0.0003,0.0945
2026-08-10T16:46:13.004522,0001,001232,0.013700,0.0003,0.1170
2026-08-10T16:46:14.842718,0001,001240,0.011948,-0.0004,0.1093
2026-08-10T16:46:16.602824,0001,001248,0.008590,-0.0003,0.0927
2026-08-10T16:46:18.509339,0001,001256,0.009767,-0.0000,0.0988
2026-08-10T16:46:20.540084,0001,001264,0.008815,0.0005,0.0939
2026-08-10T16:46:22.279887,0001,001272,0.007261,0.0004,0.0852
2026-08-10T16:46:24.456002,0001,001280,0.027154,0.0003,0.1648
2026-08-10T16:46:26.277109,0001,001288,0.016755,-0.0000,0.1294
2026-08-10T16:46:28.306262,0001,001296,0.014702,-0.0002,0.1213
2026-08-10T16:46:30.465433,0001,001304,0.028099,-0.0000,0.1676
2026-08-10T16:46:32.497552,0001,001312,0.019373,0.0005,0.1392
2026-08-10T16:46:34.420275,0001,001320,0.008276,0.0005,0.0910
2026-08-10T16:46:36.484105,0001,001328,0.046275,0.0003,0.2151
2026-08-10T16:46:38.536100,0001,001336,0.018195,0.0001,0.1349
2026-08-10T16:46:40.464975,0001,001344,0.032900,-0.0007,0.1814
2026-08-10T16:46:42.475897,0001,001352,0.017671,-0.0010,0.1329
2026-08-10T16:46:44.478853,0001,001360,0.013495,-0.0009,0.1162
2026-08-10T16:46:46.309403,0001,001368,0.016952,-0.0005,0.1302
2026-08-10T16:46:48.253826,0001,001376,0.021989,-0.0002,0.1483
2026-08-10T16:46:50.251396,0001,001384,0.015133,0.0005,0.1230
2026-08-10T16:46:52.437541,0001,001392,0.024751,0.0010,0.1573
2026-08-10T16:46:54.399345,0001,001400,0.044943,0.0010,0.2120
2026-08-10T16:46:56.254918,0001,001408,0.018276,0.0008,0.1352
2026-08-10T16:46:58.356925,0001,001416,0.020704,0.0003,0.1439
2026-08-10T16:47:00.539786,0001,001424,0.010587,-0.0003,0.1029
2026-08-10T16:47:02.452887,0001,001432,0.013822,-0.0005,0.1176
2026-08-10T16:47:04.492247,0001,001440,0.012203,-0.0006,0.1105
2026-08-10T16:47:06.437072,0001,001448,0.008146,-0.0003,0.0903
2026-08-10T16:47:08.287089,0001,001456,0.012735,0.0001,0.1129
2026-08-10T16:47:10.085749,0001,001464,0.022335,0.0002,0.1494
2026-08-10T16:47:12.397280,0001,001472,0.013476,0.0004,0.1161
2026-08-10T16:47:14.331626,0001,001480,0.029716,-0.0002,0.1724
2026-08-10T16:47:16.162709,0001,001488,0.013856,-0.0002,0.1177
2026-08-10T16:47:17.926866,0001,001496,0.007063,-0.0000,0.0840
2026-08-10T16:47:19.915530,0001,001504,0.009358,0.0005,0.0967
2026-08-10T16:47:21.694857,0001,001512,0.007582,0.0005,0.0871
2026-08-10T16:47:23.471558,0001,001520,0.012418,0.0003,0.1114
2026-08-10T16:47:25.275700,0001,001528,0.009638,0.0000,0.0982
2026-08-10T16:47:27.123582,0001,001536,0.024858,-0.0006,0.1577
2026-08-10T16:47:29.180157,0001,001544,0.010054,-0.0008,0.1003
2026-08-10T16:47:31.074008,0001,001552,0.011461,-0.0008,0.1071
2026-08-10T16:47:33.349452,0001,001560,0.006154,-0.0006,0.0784
2026-08-10T16:47:35.295885,0001,001568,0.006430,-0.0000,0.0802
2026-08-10T16:47:37.198650,0001,001576,0.010421,0.0007,0.1021
2026-08-10T16:47:39.042024,0001,001584,0.028642,0.0008,0.1692
2026-08-10T16:47:41.016271,0001,001592,0.011437,0.0011,0.1069
2026-08-10T16:47:43.047429,0001,001600,0.009075,0.0010,0.0953
2026-08-10T16:47:45.135886,0001,001608,0.013703,0.0005,0.1171
2026-08-10T16:47:47.169632,0001,001616,0.004790,-0.0001,0.0692
2026-08-10T16:47:49.181674,0001,001624,0.015592,-0.0003,0.1249
2026-08-10T16:47:51.083499,0001,001632,0.009333,-0.0005,0.0966
2026-08-10T16:47:53.111922,0001,001640,0.011934,-0.0004,0.1092
2026-08-10T16:47:54.965249,0001,001648,0.007250,0.0003,0.0851
2026-08-10T16:47:56.946554,0001,001656,0.018348,0.0004,0.1355
2026-08-10T16:47:58.868100,0001,001664,0.022917,0.0002,0.1514
2026-08-10T16:48:00.686801,0001,001672,0.014767,-0.0002,0.1215
2026-08-10T16:48:02.468907,0001,001680,0.030898,-0.0002,0.1758
2026-08-10T16:48:04.273742,0001,001688,0.016949,0.0000,0.1302
2026-08-10T16:48:06.050384,0001,001696,0.005717,-0.0000,0.0756
2026-08-10T16:48:07.763502,0001,001704,0.010962,0.0001,0.1047
2026-08-10T16:48:09.571663,0001,001712,0.009963,-0.0000,0.0998
2026-08-10T16:48:11.448252,0001,001720,0.009730,0.0002,0.0986
2026-08-10T16:48:13.366563,0001,001728,0.010889,0.0001,0.1043
2026-08-10T16:48:15.270990,0001,001736,0.007913,-0.0001,0.0890
2026-08-10T16:48:17.125465,0001,001744,0.016209,-0.0003,0.1273
2026-08-10T16:48:19.232101,0001,001752,0.021767,-0.0002,0.1475
2026-08-10T16:48:21.019625,0001,001760,0.010268,0.0004,0.1013
2026-08-10T16:48:22.968595,0001,001768,0.013832,0.0006,0.1176
2026-08-10T16:48:25.043208,0001,001776,0.008755,0.0004,0.0936
2026-08-10T16:48:27.342719,0001,001784,0.011164,0.0000,0.1057
2026-08-10T16:48:29.675102,0001,001792,0.011991,-0.0006,0.1095
2026-08-10T16:48:31.579887,0001,001800,0.025290,-0.0008,0.1590
2026-08-10T16:48:34.004335,0001,001808,0.036135,-0.0011,0.1901
2026-08-10T16:48:36.298932,0001,001816,0.009853,-0.0006,0.0993
2026-08-10T16:48:38.526041,0001,001824,0.028087,-0.0002,0.1676
2026-08-10T16:48:40.528628,0001,001832,0.008553,0.0007,0.0925
2026-08-10T16:48:42.767966,0001,001840,0.017580,0.0011,0.1326
2026-08-10T16:48:44.677478,0001,001848,0.010867,0.0011,0.1042
2026-08-10T16:48:46.598919,0001,001856,0.010815,0.0009,0.1040
2026-08-10T16:48:48.557435,0001,001864,0.009233,0.0005,0.0961
2026-08-10T16:48:50.543166,0001,001872,0.016440,-0.0003,0.1282
2026-08-10T16:48:52.562409,0001,001880,0.031218,-0.0006,0.1767
2026-08-10T16:48:54.467246,0001,001888,0.019494,-0.0005,0.1396
2026-08-10T16:48:56.424350,0001,001896,0.027230,-0.0003,0.1650
2026-08-10T16:48:58.746428,0001,001904,0.013157,0.0001,0.1147
2026-08-10T16:49:01.304742,0001,001912,0.012602,0.0003,0.1123
2026-08-10T16:49:03.289400,0001,001920,0.011735,0.0001,0.1083
2026-08-10T16:49:05.769416,0001,001928,0.013735,-0.0001,0.1172
2026-08-10T16:49:07.831666,0001,001936,0.015440,-0.0002,0.1243
2026-08-10T16:49:10.032001,0001,001944,0.023981,-0.0000,0.1549
2026-08-10T16:49:11.915919,0001,001952,0.010945,0.0005,0.1046
2026-08-10T16:49:13.876940,0001,001960,0.014378,0.0006,0.1199
2026-08-10T16:49:15.875817,0001,001968,0.023857,0.0004,0.1545
2026-08-10T16:49:17.752265,0001,001976,0.013802,-0.0000,0.1175
2026-08-10T16:49:19.744247,0001,001984,0.007986,0.0001,0.0894
2026-08-10T16:49:21.801105,0001,001992,0.007695,-0.0004,0.0877
2026-08-10T16:49:23.729243,0001,002000,0.010100,-0.0002,0.1005
2026-08-10T16:49:25.825887,0001,002008,0.026092,-0.0003,0.1615
2026-08-10T16:49:27.887033,0001,002016,0.015535,0.0003,0.1246
2026-08-10T16:49:29.758274,0001,002024,1.143915,-0.0005,1.0695
2026-08-10T16:49:31.703615,0001,002032,0.144456,0.0008,0.3801
2026-08-10T16:49:34.122177,0001,002040,0.010651,0.0012,0.1032
2026-08-10T16:49:35.958590,0001,002048,0.008931,0.0008,0.0945
2026-08-10T16:49:38.026114,0001,002056,0.054510,0.0005,0.2335
2026-08-10T16:49:40.199139,0001,002064,0.009516,-0.0003,0.0975
2026-08-10T16:49:42.274849,0001,002072,0.013783,-0.0006,0.1174
2026-08-10T16:49:44.495212,0001,002080,0.023319,-0.0008,0.1527
2026-08-10T16:49:46.460109,0001,002088,0.021924,-0.0003,0.1481
2026-08-10T16:49:48.645211,0001,002096,0.017574,0.0000,0.1326
2026-08-10T16:49:50.741212,0001,002104,0.018632,0.0008,0.1365
2026-08-10T16:49:52.777657,0001,002112,0.037811,0.0009,0.1945
2026-08-10T16:49:54.712452,0001,002120,0.011232,0.0011,0.1060
2026-08-10T16:49:56.941235,0001,002128,0.030600,0.0008,0.1749
2026-08-10T16:49:59.246541,0001,002136,0.011470,0.0007,0.1071
2026-08-10T16:50:01.353591,0001,002144,0.014099,-0.0001,0.1187
2026-08-10T16:50:03.338313,0001,002152,0.010107,-0.0003,0.1005
2026-08-10T16:50:05.621352,0001,002160,0.036167,-0.0004,0.1902
2026-08-10T16:50:07.904778,0001,002168,0.021492,-0.0002,0.1466
2026-08-10T16:50:10.133603,0001,002176,0.007633,0.0003,0.0874
2026-08-10T16:50:12.290876,0001,002184,0.026472,0.0004,0.1627
2026-08-10T16:50:14.658678,0001,002192,0.012782,0.0004,0.1131
2026-08-10T16:50:16.779791,0001,002200,0.007357,-0.0000,0.0858
2026-08-10T16:50:18.783471,0001,002208,0.018208,-0.0006,0.1349
2026-08-10T16:50:20.715265,0001,002216,0.012602,-0.0008,0.1123
2026-08-10T16:50:22.805229,0001,002224,0.016840,-0.0010,0.1298
2026-08-10T16:50:25.207308,0001,002232,1.154215,-0.0016,1.0743
2026-08-10T16:50:27.137285,0001,002240,0.008771,-0.0001,0.0937
2026-08-10T16:50:29.200731,0001,002248,0.030995,0.0005,0.1761
2026-08-10T16:50:31.486039,0001,002256,0.025510,0.0013,0.1597
2026-08-10T16:50:33.727311,0001,002264,0.047767,0.0007,0.2186
2026-08-10T16:50:35.897805,0001,002272,0.011433,0.0009,0.1069
2026-08-10T16:50:37.863482,0001,002280,0.151724,0.0002,0.3895
2026-08-10T16:50:39.732459,0001,002288,0.015061,-0.0003,0.1227
2026-08-10T16:50:41.596289,0001,002296,0.021800,-0.0005,0.1476
2026-08-10T16:50:43.593984,0001,002304,0.021539,-0.0007,0.1468
2026-08-10T16:50:45.325549,0001,002312,0.013899,-0.0003,0.1179
2026-08-10T16:50:47.068656,0001,002320,0.009020,0.0002,0.0950
2026-08-10T16:50:48.824006,0001,002328,0.008858,0.0003,0.0941
2026-08-10T16:50:51.005800,0001,002336,0.026565,0.0001,0.1630
2026-08-10T16:50:52.725674,0001,002344,0.009841,-0.0001,0.0992
2026-08-10T16:50:54.719045,0001,002352,0.020562,-0.0003,0.1434
2026-08-10T16:50:56.621705,0001,002360,0.008262,-0.0000,0.0909
2026-08-10T16:50:58.371741,0001,002368,0.016399,0.0003,0.1281
2026-08-10T16:51:00.426059,0001,002376,0.026683,0.0004,0.1633
2026-08-10T16:51:02.178904,0001,002384,0.007968,0.0004,0.0893
2026-08-10T16:51:03.923494,0001,002392,0.006311,0.0001,0.0794
2026-08-10T16:51:05.700945,0001,002400,0.009102,-0.0005,0.0954
2026-08-10T16:51:07.587740,0001,002408,0.010278,-0.0008,0.1014
2026-08-10T16:51:09.372477,0001,002416,0.016679,-0.0008,0.1291
2026-08-10T16:51:11.153379,0001,002424,0.023809,-0.0006,0.1543
2026-08-10T16:51:12.895268,0001,002432,0.005178,-0.0000,0.0720
2026-08-10T16:51:14.626092,0001,002440,0.028151,0.0005,0.1678
2026-08-10T16:51:16.441641,0001,002448,0.018333,0.0010,0.1354
2026-08-10T16:51:18.529159,0001,002456,0.014026,0.0012,0.1184
2026-08-10T16:51:20.708056,0001,002464,0.035012,0.0009,0.1871
2026-08-10T16:51:22.782134,0001,002472,0.015055,0.0005,0.1227
2026-08-10T16:51:24.944852,0001,002480,0.011994,-0.0001,0.1095
2026-08-10T16:51:27.260533,0001,002488,0.011432,-0.0004,0.1069
2026-08-10T16:51:29.191416,0001,002496,0.019052,-0.0005,0.1380
2026-08-10T16:51:31.219826,0001,002504,0.025316,-0.0002,0.1591
2026-08-10T16:51:33.257516,0001,002512,0.024052,0.0002,0.1551
2026-08-10T16:51:35.429280,0001,002520,0.012928,0.0003,0.1137
2026-08-10T16:51:37.608633,0001,002528,0.014686,0.0002,0.1212
2026-08-10T16:51:40.264298,0001,002536,0.006840,-0.0002,0.0827
2026-08-10T16:51:42.236679,0001,002544,0.004443,-0.0002,0.0667
2026-08-10T16:51:44.174968,0001,002552,0.010435,-0.0000,0.1022
2026-08-10T16:51:46.264363,0001,002560,0.008059,0.0004,0.0898
2026-08-10T16:51:48.006555,0001,002568,0.009178,0.0006,0.0958
2026-08-10T16:51:50.200670,0001,002576,0.011659,0.0005,0.1080
2026-08-10T16:51:52.217528,0001,002584,0.011512,-0.0000,0.1073
2026-08-10T16:51:54.081845,0001,002592,0.040897,-0.0000,0.2022
2026-08-10T16:51:55.976277,0001,002600,0.008403,0.0001,0.0917
2026-08-10T16:51:57.872017,0001,002608,0.008296,0.0002,0.0911
2026-08-10T16:52:00.227073,0001,002616,0.009055,-0.0002,0.0952
2026-08-10T16:52:02.129028,0001,002624,0.017076,-0.0002,0.1307
2026-08-10T16:52:03.924284,0001,002632,0.007596,-0.0000,0.0872
2026-08-10T16:52:05.678486,0001,002640,0.023469,0.0004,0.1532
2026-08-10T16:52:07.666833,0001,002648,0.022695,0.0006,0.1506
2026-08-10T16:52:09.657768,0001,002656,0.009643,0.0003,0.0982
2026-08-10T16:52:12.067797,0001,002664,0.008921,0.0003,0.0945
2026-08-10T16:52:14.076513,0001,002672,0.019980,-0.0005,0.1414
2026-08-10T16:52:15.891028,0001,002680,0.031231,-0.0008,0.1767
2026-08-10T16:52:17.915474,0001,002688,0.014153,-0.0009,0.1190
2026-08-10T16:52:19.728572,0001,002696,0.022603,-0.0006,0.1503
2026-08-10T16:52:21.626161,0001,002704,0.019648,-0.0001,0.1402
2026-08-10T16:52:23.682521,0001,002712,0.021880,0.0007,0.1479
2026-08-10T16:52:25.747673,0001,002720,0.014235,0.0010,0.1193
2026-08-10T16:52:27.903416,0001,002728,0.056232,0.0011,0.2371
2026-08-10T16:52:30.079199,0001,002736,0.010029,0.0008,0.1001
2026-08-10T16:52:31.982550,0001,002744,0.006394,0.0005,0.0800
2026-08-10T16:52:33.839262,0001,002752,0.009493,-0.0002,0.0974
2026-08-10T16:52:35.707240,0001,002760,0.007862,-0.0004,0.0887
2026-08-10T16:52:37.515879,0001,002768,0.011390,-0.0005,0.1067
2026-08-10T16:52:39.463449,0001,002776,0.021571,-0.0003,0.1469
2026-08-10T16:52:41.390718,0001,002784,0.015826,0.0002,0.1258
2026-08-10T16:52:43.335659,0001,002792,0.021955,0.0003,0.1482
2026-08-10T16:52:45.221697,0001,002800,0.008153,0.0003,0.0903
2026-08-10T16:52:47.148856,0001,002808,0.016513,-0.0001,0.1285
2026-08-10T16:52:48.997336,0001,002816,0.011380,-0.0001,0.1067
2026-08-10T16:52:50.937456,0001,002824,0.011535,0.0000,0.1074
2026-08-10T16:52:53.175201,0001,002832,0.029118,-0.0002,0.1706
2026-08-10T16:52:55.159145,0001,002840,0.011619,0.0002,0.1078
2026-08-10T16:52:57.062247,0001,002848,0.030030,0.0001,0.1733
2026-08-10T16:52:58.969365,0001,002856,0.007899,-0.0002,0.0889
2026-08-10T16:53:00.865142,0001,002864,0.010908,-0.0002,0.1044
2026-08-10T16:53:03.038264,0001,002872,0.011547,-0.0001,0.1075
2026-08-10T16:53:04.873441,0001,002880,0.014947,0.0003,0.1223
2026-08-10T16:53:06.888586,0001,002888,0.006238,0.0006,0.0790
2026-08-10T16:53:08.869594,0001,002896,0.008556,0.0004,0.0925
2026-08-10T16:53:10.951429,0001,002904,0.013178,-0.0000,0.1148
2026-08-10T16:53:12.965503,0001,002912,0.141706,-0.0002,0.3764
2026-08-10T16:53:14.744281,0001,002920,0.009664,0.0001,0.0983
2026-08-10T16:53:16.715245,0001,002928,0.005879,0.0000,0.0767
2026-08-10T16:53:18.615628,0001,002936,0.017624,-0.0005,0.1328
2026-08-10T16:53:20.636419,0001,002944,0.008432,-0.0005,0.0918
2026-08-10T16:53:22.742302,0001,002952,0.043392,-0.0008,0.2083
2026-08-10T16:53:24.536740,0001,002960,0.011252,0.0000,0.1061
2026-08-10T16:53:26.647597,0001,002968,0.004192,0.0002,0.0647
2026-08-10T16:53:28.590176,0001,002976,0.004995,0.0001,0.0707
2026-08-10T16:53:30.813343,0001,002984,0.034850,-0.0003,0.1867
2026-08-10T16:53:32.766690,0001,002992,0.012357,-0.0005,0.1112
2026-08-10T16:53:34.955058,0001,003000,0.015353,-0.0004,0.1239
2026-08-10T16:53:36.761271,0001,003008,0.011107,0.0001,0.1054
2026-08-10T16:53:39.086962,0001,003016,0.030722,0.0000,0.1753
2026-08-10T16:53:41.250090,0001,003024,0.023542,0.0005,0.1534
2026-08-10T16:53:43.404155,0001,003032,0.022646,0.0006,0.1505
2026-08-10T16:53:45.711687,0001,003040,0.015561,0.0004,0.1247
2026-08-10T16:53:47.846352,0001,003048,0.145780,-0.0001,0.3818
2026-08-10T16:53:49.900865,0001,003056,0.012753,-0.0001,0.1129
2026-08-10T16:53:52.267076,0001,003064,0.015921,-0.0000,0.1262
2026-08-10T16:53:54.262873,0001,003072,0.015658,0.0003,0.1251
2026-08-10T16:53:56.260693,0001,003080,0.024030,0.0004,0.1550
2026-08-10T16:53:58.114472,0001,003088,0.022945,0.0002,0.1515
2026-08-10T16:54:00.334222,0001,003096,0.014661,-0.0001,0.1211
2026-08-10T16:54:02.306136,0001,003104,0.148294,-0.0003,0.3851
2026-08-10T16:54:04.229178,0001,003112,0.050931,-0.0000,0.2257
2026-08-10T16:54:06.161033,0001,003120,0.024049,0.0004,0.1551
2026-08-10T16:54:08.418044,0001,003128,0.028271,0.0002,0.1681
2026-08-10T16:54:10.547790,0001,003136,0.014286,0.0002,0.1195
2026-08-10T16:54:12.433492,0001,003144,0.010826,-0.0001,0.1040
2026-08-10T16:54:14.299239,0001,003152,0.012164,-0.0002,0.1103
2026-08-10T16:54:16.285913,0001,003160,0.017992,-0.0002,0.1341
2026-08-10T16:54:18.106590,0001,003168,0.016512,0.0002,0.1285
2026-08-10T16:54:19.964792,0001,003176,0.009615,0.0003,0.0981
2026-08-10T16:54:21.878727,0001,003184,0.012329,0.0001,0.1110
2026-08-10T16:54:23.701909,0001,003192,0.013867,-0.0002,0.1178
2026-08-10T16:54:25.669974,0001,003200,0.005593,-0.0003,0.0748
2026-08-10T16:54:27.413904,0001,003208,0.016508,-0.0001,0.1285
2026-08-10T16:54:29.342750,0001,003216,0.020666,-0.0000,0.1438
2026-08-10T16:54:31.166867,0001,003224,0.016126,0.0008,0.1270
2026-08-10T16:54:33.130155,0001,003232,0.012313,0.0011,0.1110
2026-08-10T16:54:35.278389,0001,003240,0.012719,0.0011,0.1128
2026-08-10T16:54:37.429024,0001,003248,0.009772,0.0008,0.0989
2026-08-10T16:54:39.534917,0001,003256,0.010314,0.0005,0.1016
2026-08-10T16:54:41.449257,0001,003264,0.018325,-0.0003,0.1354
2026-08-10T16:54:43.309862,0001,003272,0.009258,-0.0006,0.0962
2026-08-10T16:54:45.453046,0001,003280,0.007275,-0.0007,0.0853
2026-08-10T16:54:47.909638,0001,003288,0.034223,-0.0009,0.1850
2026-08-10T16:54:50.005233,0001,003296,0.025768,-0.0003,0.1605
2026-08-10T16:54:52.318544,0001,003304,0.027514,0.0004,0.1659
2026-08-10T16:54:54.601941,0001,003312,0.018490,0.0014,0.1360
2026-08-10T16:54:56.537414,0001,003320,0.031122,0.0008,0.1764
2026-08-10T16:54:58.579109,0001,003328,0.018340,0.0007,0.1354
2026-08-10T16:55:00.555794,0001,003336,0.005815,0.0003,0.0763
2026-08-10T16:55:02.524056,0001,003344,0.008430,-0.0004,0.0918
2026-08-10T16:55:04.416302,0001,003352,0.015277,-0.0008,0.1236
2026-08-10T16:55:06.432104,0001,003360,0.012673,-0.0007,0.1126
2026-08-10T16:55:08.446091,0001,003368,0.054328,-0.0006,0.2331
2026-08-10T16:55:10.347508,0001,003376,0.007566,-0.0002,0.0870
2026-08-10T16:55:12.261983,0001,003384,0.008483,0.0004,0.0921
2026-08-10T16:55:14.218534,0001,003392,0.013969,0.0007,0.1182
2026-08-10T16:55:16.068713,0001,003400,0.025102,0.0008,0.1584
2026-08-10T16:55:17.963791,0001,003408,0.007332,0.0006,0.0856
2026-08-10T16:55:19.838884,0001,003416,0.048290,0.0001,0.2197
2026-08-10T16:55:21.870829,0001,003424,0.012766,-0.0005,0.1130
2026-08-10T16:55:23.750125,0001,003432,0.013216,-0.0007,0.1150
2026-08-10T16:55:25.680758,0001,003440,1.154843,-0.0017,1.0746
2026-08-10T16:55:27.504531,0001,003448,0.009920,-0.0006,0.0996
2026-08-10T16:55:29.416558,0001,003456,0.008413,-0.0002,0.0917
2026-08-10T16:55:31.694235,0001,003464,1.176545,-0.0009,1.0847
2026-08-10T16:55:33.942427,0001,003472,0.035343,0.0010,0.1880
2026-08-10T16:55:36.017583,0001,003480,0.016313,0.0016,0.1277
2026-08-10T16:55:37.812873,0001,003488,0.017409,0.0018,0.1319
2026-08-10T16:55:40.006771,0001,003496,0.025807,0.0019,0.1606
2026-08-10T16:55:41.910617,0001,003504,0.020877,0.0015,0.1445
2026-08-10T16:55:44.061014,0001,003512,0.018576,0.0011,0.1363
2026-08-10T16:55:45.857786,0001,003520,0.008158,0.0002,0.0903
2026-08-10T16:55:47.807036,0001,003528,0.009357,-0.0006,0.0967
2026-08-10T16:55:49.739903,0001,003536,1.174047,-0.0020,1.0835
2026-08-10T16:55:51.724376,0001,003544,0.024270,-0.0014,0.1558
2026-08-10T16:55:53.617044,0001,003552,0.025469,-0.0014,0.1596
2026-08-10T16:55:55.764224,0001,003560,0.027755,-0.0012,0.1666
2026-08-10T16:55:58.011113,0001,003568,1.147430,-0.0016,1.0712
2026-08-10T16:55:59.936648,0001,003576,0.009969,0.0001,0.0998
2026-08-10T16:56:01.856003,0001,003584,0.017952,0.0003,0.1340
2026-08-10T16:56:03.751638,0001,003592,0.010219,0.0004,0.1011
2026-08-10T16:56:05.525361,0001,003600,0.008812,0.0002,0.0939
2026-08-10T16:56:07.548013,0001,003608,0.014610,-0.0004,0.1209
2026-08-10T16:56:09.656001,0001,003616,0.016529,-0.0004,0.1286
2026-08-10T16:56:11.519080,0001,003624,0.014190,-0.0002,0.1191
2026-08-10T16:56:14.154249,0001,003632,0.036868,-0.0001,0.1920
2026-08-10T16:56:16.088218,0001,003640,0.012720,0.0008,0.1128
2026-08-10T16:56:18.297555,0001,003648,0.034119,0.0011,0.1847
2026-08-10T16:56:20.246296,0001,003656,0.018637,0.0010,0.1365
2026-08-10T16:56:22.156876,0001,003664,0.011217,0.0007,0.1059
2026-08-10T16:56:24.179732,0001,003672,0.033054,0.0004,0.1818
2026-08-10T16:56:26.147232,0001,003680,0.008291,-0.0003,0.0911
2026-08-10T16:56:28.094011,0001,003688,0.008980,-0.0005,0.0948
2026-08-10T16:56:30.215585,0001,003696,0.013884,-0.0007,0.1178
2026-08-10T16:56:32.265080,0001,003704,0.038687,-0.0008,0.1967
2026-08-10T16:56:34.155209,0001,003712,0.027357,-0.0003,0.1654
2026-08-10T16:56:36.075830,0001,003720,0.014605,0.0005,0.1208
2026-08-10T16:56:37.897283,0001,003728,0.021624,0.0007,0.1471
2026-08-10T16:56:39.752585,0001,003736,0.009046,0.0009,0.0951
2026-08-10T16:56:41.696982,0001,003744,0.018404,0.0005,0.1357
2026-08-10T16:56:43.586349,0001,003752,0.004568,0.0002,0.0676
2026-08-10T16:56:45.573559,0001,003760,0.020426,-0.0005,0.1429
2026-08-10T16:56:47.383016,0001,003768,0.013270,-0.0008,0.1152
2026-08-10T16:56:49.536123,0001,003776,0.008759,-0.0009,0.0936
2026-08-10T16:56:51.530485,0001,003784,0.007572,-0.0006,0.0870
2026-08-10T16:56:53.526326,0001,003792,1.160872,-0.0011,1.0774
2026-08-10T16:56:55.482383,0001,003800,0.012852,0.0004,0.1134
2026-08-10T16:56:57.364316,0001,003808,0.008320,0.0008,0.0912
2026-08-10T16:56:59.261358,0001,003816,0.012510,0.0007,0.1118
2026-08-10T16:57:01.305891,0001,003824,0.013848,0.0005,0.1177
2026-08-10T16:57:03.846520,0001,003832,0.021850,-0.0000,0.1478
2026-08-10T16:57:06.008630,0001,003840,0.012036,-0.0000,0.1097
2026-08-10T16:57:08.076710,0001,003848,0.011247,0.0002,0.1061
2026-08-10T16:57:10.211865,0001,003856,0.025604,-0.0002,0.1600
2026-08-10T16:57:12.039247,0001,003864,0.011167,0.0002,0.1057
2026-08-10T16:57:13.790477,0001,003872,0.016853,-0.0000,0.1298
2026-08-10T16:57:15.640828,0001,003880,0.010772,0.0000,0.1038
2026-08-10T16:57:17.609313,0001,003888,0.005635,-0.0001,0.0751
2026-08-10T16:57:19.475221,0001,003896,0.008437,0.0002,0.0919
2026-08-10T16:57:21.269206,0001,003904,0.013765,-0.0000,0.1173
2026-08-10T16:57:23.427266,0001,003912,0.023045,-0.0001,0.1518
2026-08-10T16:57:25.512106,0001,003920,0.033718,0.0003,0.1836
2026-08-10T16:57:27.517133,0001,003928,0.010416,0.0005,0.1021
2026-08-10T16:57:29.399532,0001,003936,0.021449,0.0003,0.1465
2026-08-10T16:57:31.306072,0001,003944,0.006758,-0.0002,0.0822
2026-08-10T16:57:33.424152,0001,003952,0.021321,-0.0003,0.1460
2026-08-10T16:57:35.378450,0001,003960,0.010197,-0.0000,0.1010
2026-08-10T16:57:37.783928,0001,003968,0.026217,-0.0001,0.1619
2026-08-10T16:57:39.979400,0001,003976,0.034678,0.0009,0.1862
2026-08-10T16:57:42.063052,0001,003984,0.017562,0.0012,0.1325
2026-08-10T16:57:43.893652,0001,003992,0.012775,0.0009,0.1130
2026-08-10T16:57:45.939402,0001,004000,0.006926,0.0009,0.0832
2026-08-10T16:57:48.218163,0001,004008,0.031567,0.0005,0.1777
2026-08-10T16:57:50.420033,0001,004016,0.016506,-0.0004,0.1285
2026-08-10T16:57:52.379545,0001,004024,0.017958,-0.0007,0.1340
2026-08-10T16:57:54.757985,0001,004032,0.012657,-0.0011,0.1125
2026-08-10T16:57:56.875686,0001,004040,0.033311,-0.0006,0.1825
2026-08-10T16:57:58.814142,0001,004048,0.025118,-0.0002,0.1585
2026-08-10T16:58:00.900797,0001,004056,0.024700,0.0006,0.1572
2026-08-10T16:58:03.113814,0001,004064,0.012542,0.0009,0.1120
2026-08-10T16:58:04.943678,0001,004072,0.010797,0.0009,0.1039
2026-08-10T16:58:06.901587,0001,004080,0.013735,0.0006,0.1172
2026-08-10T16:58:08.932992,0001,004088,0.017614,0.0001,0.1327
2026-08-10T16:58:11.171954,0001,004096,0.021956,-0.0006,0.1482
2026-08-10T16:58:12.994066,0001,004104,0.015365,-0.0007,0.1240
2026-08-10T16:58:14.805061,0001,004112,0.015041,-0.0007,0.1226
2026-08-10T16:58:16.742159,0001,004120,0.009399,-0.0006,0.0969
2026-08-10T16:58:18.821189,0001,004128,0.011552,-0.0003,0.1075
2026-08-10T16:58:20.946923,0001,004136,0.020266,0.0002,0.1424
2026-08-10T16:58:22.830475,0001,004144,0.017120,0.0006,0.1308
2026-08-10T16:58:24.700161,0001,004152,0.014192,0.0007,0.1191
2026-08-10T16:58:26.765901,0001,004160,0.008872,0.0007,0.0942
2026-08-10T16:58:28.617834,0001,004168,0.019462,0.0001,0.1395
2026-08-10T16:58:30.513019,0001,004176,0.010626,-0.0006,0.1031
2026-08-10T16:58:32.493780,0001,004184,0.011828,-0.0007,0.1088
2026-08-10T16:58:34.586713,0001,004192,0.010731,-0.0010,0.1036
2026-08-10T16:58:36.819963,0001,004200,0.024417,-0.0008,0.1563
2026-08-10T16:58:38.855047,0001,004208,0.033531,-0.0004,0.1831
2026-08-10T16:58:41.055567,0001,004216,0.021467,0.0005,0.1465
2026-08-10T16:58:43.333373,0001,004224,0.027006,0.0007,0.1643
2026-08-10T16:58:45.774875,0001,004232,0.021006,0.0008,0.1449
2026-08-10T16:58:48.050014,0001,004240,0.016181,0.0005,0.1272
2026-08-10T16:58:50.259525,0001,004248,0.008106,0.0000,0.0900
2026-08-10T16:58:52.213581,0001,004256,0.013550,-0.0006,0.1164
2026-08-10T16:58:54.284948,0001,004264,0.028050,-0.0011,0.1675
2026-08-10T16:58:56.208466,0001,004272,0.011115,-0.0009,0.1054
2026-08-10T16:58:58.110304,0001,004280,0.021940,-0.0009,0.1481
2026-08-10T16:59:00.213857,0001,004288,0.005804,-0.0003,0.0762
2026-08-10T16:59:02.243292,0001,004296,0.154135,0.0002,0.3926
2026-08-10T16:59:04.791154,0001,004304,0.031291,0.0007,0.1769
2026-08-10T16:59:07.147244,0001,004312,0.018627,0.0010,0.1365
2026-08-10T16:59:09.412162,0001,004320,0.006551,0.0006,0.0809
2026-08-10T16:59:11.642920,0001,004328,0.011262,0.0000,0.1061
2026-08-10T16:59:13.745682,0001,004336,0.008154,-0.0006,0.0903
2026-08-10T16:59:15.832272,0001,004344,0.010349,-0.0009,0.1017
2026-08-10T16:59:17.728837,0001,004352,0.009176,-0.0009,0.0958
2026-08-10T16:59:19.823407,0001,004360,0.017414,-0.0009,0.1320
2026-08-10T16:59:21.702605,0001,004368,0.007386,-0.0003,0.0859
2026-08-10T16:59:23.659846,0001,004376,0.014403,0.0004,0.1200
2026-08-10T16:59:25.592889,0001,004384,0.014180,0.0007,0.1191
2026-08-10T16:59:27.609055,0001,004392,0.008940,0.0008,0.0946
2026-08-10T16:59:29.810857,0001,004400,0.010863,0.0004,0.1042
2026-08-10T16:59:32.076315,0001,004408,0.013835,-0.0000,0.1176
2026-08-10T16:59:34.086117,0001,004416,0.007734,-0.0000,0.0879
2026-08-10T16:59:35.870607,0001,004424,0.020845,-0.0000,0.1444
2026-08-10T16:59:37.977921,0001,004432,0.022305,0.0003,0.1493
2026-08-10T16:59:39.834548,0001,004440,0.019901,0.0005,0.1411
2026-08-10T16:59:41.814346,0001,004448,0.038238,0.0002,0.1955
2026-08-10T16:59:43.862532,0001,004456,0.009782,-0.0001,0.0989
2026-08-10T16:59:45.751469,0001,004464,0.015500,-0.0002,0.1245
2026-08-10T16:59:47.571478,0001,004472,0.006545,-0.0001,0.0809
2026-08-10T16:59:49.550116,0001,004480,0.019219,0.0003,0.1386
2026-08-10T16:59:51.529557,0001,004488,0.005057,0.0004,0.0711
2026-08-10T16:59:53.499342,0001,004496,0.012095,0.0002,0.1100
2026-08-10T16:59:55.746376,0001,004504,0.019496,-0.0002,0.1396
2026-08-10T16:59:57.507420,0001,004512,0.008931,-0.0002,0.0945
2026-08-10T16:59:59.575738,0001,004520,0.020361,-0.0004,0.1427
2026-08-10T17:00:01.466161,0001,004528,0.031698,-0.0000,0.1780
2026-08-10T17:00:03.413517,0001,004536,0.012333,0.0007,0.1111
2026-08-10T17:00:05.365618,0001,004544,0.016339,0.0010,0.1278
2026-08-10T17:00:07.519478,0001,004552,0.011520,0.0012,0.1073
2026-08-10T17:00:09.496719,0001,004560,0.014830,0.0007,0.1218
2026-08-10T17:00:11.289926,0001,004568,0.020003,0.0002,0.1414
2026-08-10T17:00:13.383025,0001,004576,0.015348,-0.0004,0.1239
2026-08-10T17:00:15.342807,0001,004584,0.015686,-0.0006,0.1252
2026-08-10T17:00:17.387492,0001,004592,0.015780,-0.0007,0.1256
2026-08-10T17:00:19.469207,0001,004600,0.032296,-0.0007,0.1797
2026-08-10T17:00:21.547174,0001,004608,0.011987,-0.0003,0.1095
2026-08-10T17:00:23.539774,0001,004616,1.164305,-0.0004,1.0790
2026-08-10T17:00:25.669368,0001,004624,1.164664,0.0005,1.0792
2026-08-10T17:00:27.683210,0001,004632,0.019320,0.0017,0.1390
2026-08-10T17:00:29.764452,0001,004640,0.016391,0.0018,0.1280
2026-08-10T17:00:31.927314,0001,004648,0.024318,0.0020,0.1559
2026-08-10T17:00:34.224930,0001,004656,0.033444,0.0018,0.1829
2026-08-10T17:00:36.290416,0001,004664,0.021301,0.0012,0.1459
2026-08-10T17:00:38.356708,0001,004672,0.020622,0.0002,0.1436
2026-08-10T17:00:40.379454,0001,004680,0.151629,-0.0008,0.3894
2026-08-10T17:00:42.298890,0001,004688,0.016788,-0.0012,0.1296
2026-08-10T17:00:44.547665,0001,004696,0.012909,-0.0014,0.1136
2026-08-10T17:00:47.416318,0001,004704,0.031282,-0.0020,0.1769
2026-08-10T17:00:49.886131,0001,004712,0.017235,-0.0014,0.1313
2026-08-10T17:00:52.242307,0001,004720,0.012372,-0.0007,0.1112
2026-08-10T17:00:54.419253,0001,004728,0.025929,-0.0002,0.1610
2026-08-10T17:00:56.643874,0001,004736,0.021083,0.0007,0.1452
2026-08-10T17:00:58.871574,0001,004744,0.014824,0.0013,0.1218
2026-08-10T17:01:00.912766,0001,004752,0.030760,0.0016,0.1754
2026-08-10T17:01:03.229256,0001,004760,0.013386,0.0016,0.1157
2026-08-10T17:01:05.199165,0001,004768,0.028788,0.0010,0.1697
2026-08-10T17:01:07.128699,0001,004776,0.025642,0.0006,0.1601
2026-08-10T17:01:09.043922,0001,004784,0.020931,-0.0002,0.1447
2026-08-10T17:01:10.946952,0001,004792,0.017613,-0.0005,0.1327
2026-08-10T17:01:13.076324,0001,004800,0.016286,-0.0006,0.1276
2026-08-10T17:01:14.958203,0001,004808,0.005146,-0.0003,0.0717
2026-08-10T17:01:16.946271,0001,004816,0.006995,0.0001,0.0836
2026-08-10T17:01:19.200584,0001,004824,0.016397,0.0000,0.1281
2026-08-10T17:01:21.163255,0001,004832,0.011227,0.0001,0.1060
2026-08-10T17:01:23.463734,0001,004840,0.014871,-0.0005,0.1219
2026-08-10T17:01:25.851066,0001,004848,0.007941,-0.0006,0.0891
2026-08-10T17:01:27.932333,0001,004856,0.029572,-0.0003,0.1720
2026-08-10T17:01:29.854912,0001,004864,0.006725,0.0000,0.0820
2026-08-10T17:01:32.035341,0001,004872,0.004795,0.0000,0.0692
2026-08-10T17:01:34.044909,0001,004880,0.008621,0.0005,0.0929
2026-08-10T17:01:35.954114,0001,004888,0.142633,0.0006,0.3777
2026-08-10T17:01:37.835157,0001,004896,0.014981,0.0003,0.1224
2026-08-10T17:01:39.933209,0001,004904,0.015150,-0.0001,0.1231
2026-08-10T17:01:41.799533,0001,004912,0.010497,-0.0002,0.1025
2026-08-10T17:01:44.024882,0001,004920,0.009908,-0.0001,0.0995
2026-08-10T17:01:45.955465,0001,004928,0.011341,0.0003,0.1065
2026-08-10T17:01:47.970108,0001,004936,0.004981,0.0005,0.0706
2026-08-10T17:01:49.887040,0001,004944,0.017176,0.0001,0.1311
2026-08-10T17:01:51.762052,0001,004952,0.008118,-0.0003,0.0901
2026-08-10T17:01:53.646281,0001,004960,0.049000,-0.0004,0.2214
2026-08-10T17:01:55.583729,0001,004968,0.010293,-0.0001,0.1015
2026-08-10T17:01:57.553932,0001,004976,0.011086,0.0002,0.1053
2026-08-10T17:01:59.416777,0001,004984,0.020477,0.0002,0.1431
2026-08-10T17:02:01.278091,0001,004992,0.143059,0.0000,0.3782
2026-08-10T17:02:03.414089,0001,005000,0.005942,-0.0003,0.0771
2026-08-10T17:02:05.560005,0001,005008,0.017614,-0.0005,0.1327
2026-08-10T17:02:07.456068,0001,005016,0.004743,-0.0002,0.0689
2026-08-10T17:02:09.387037,0001,005024,0.011534,0.0001,0.1074
2026-08-10T17:02:11.390114,0001,005032,0.011013,0.0002,0.1049
2026-08-10T17:02:13.323131,0001,005040,0.007500,0.0000,0.0866
2026-08-10T17:02:15.456719,0001,005048,0.012924,-0.0004,0.1137
2026-08-10T17:02:17.527827,0001,005056,0.007486,-0.0004,0.0865
2026-08-10T17:02:19.724920,0001,005064,0.005203,-0.0003,0.0721
