time,mse_loss
2026-08-11T10:20:34.665672,0000,000000,0.392828,0.0038,0.6268
2026-08-11T10:20:36.834931,0000,000008,0.495006,-0.0013,0.7036
2026-08-11T10:20:38.716230,0000,000016,0.675378,-0.0108,0.8218
2026-08-11T10:20:40.594672,0000,000024,0.805369,-0.0131,0.8974
2026-08-11T10:20:42.649438,0000,000032,0.744585,-0.0106,0.8629
2026-08-11T10:20:44.405105,0000,000040,0.564092,-0.0101,0.7511
2026-08-11T10:20:46.375669,0000,000048,0.423626,-0.0048,0.6509
2026-08-11T10:20:48.301922,0000,000056,0.347941,-0.0011,0.5899
2026-08-11T10:20:50.067283,0000,000064,0.377813,0.0030,0.6147
2026-08-11T10:20:51.971200,0000,000072,0.577430,0.0069,0.7599
2026-08-11T10:20:53.882185,0000,000080,0.781476,0.0096,0.8840
2026-08-11T10:20:55.663650,0000,000088,0.614064,0.0079,0.7836
2026-08-11T10:20:57.452341,0000,000096,0.539897,0.0065,0.7348
2026-08-11T10:20:59.273849,0000,000104,0.486607,0.0050,0.6976
2026-08-11T10:21:01.231413,0000,000112,0.643205,0.0054,0.8020
2026-08-11T10:21:03.070367,0000,000120,0.348518,-0.0008,0.5904
2026-08-11T10:21:05.072199,0000,000128,0.481939,-0.0009,0.6942
2026-08-11T10:21:06.951291,0000,000136,0.437157,-0.0055,0.6612
2026-08-11T10:21:08.717674,0000,000144,0.453315,-0.0087,0.6733
2026-08-11T10:21:10.755473,0000,000152,0.538936,-0.0059,0.7341
2026-08-11T10:21:12.650151,0000,000160,0.457881,-0.0065,0.6767
2026-08-11T10:21:14.411467,0000,000168,0.367074,-0.0071,0.6059
2026-08-11T10:21:16.180476,0000,000176,0.303175,-0.0047,0.5506
2026-08-11T10:21:18.401917,0000,000184,2.220852,0.0027,1.4903
2026-08-11T10:21:20.351034,0000,000192,0.510932,0.0027,0.7148
2026-08-11T10:21:22.226163,0000,000200,0.415699,0.0018,0.6447
2026-08-11T10:21:24.209155,0000,000208,0.517910,0.0029,0.7197
2026-08-11T10:21:26.037807,0000,000216,0.279343,-0.0011,0.5285
2026-08-11T10:21:27.995763,0000,000224,0.442333,0.0006,0.6651
2026-08-11T10:21:29.917345,0000,000232,0.397843,-0.0009,0.6307
2026-08-11T10:21:31.843070,0000,000240,0.378763,-0.0019,0.6154
2026-08-11T10:21:33.612192,0000,000248,0.279998,-0.0048,0.5291
2026-08-11T10:21:35.482074,0000,000256,0.370796,-0.0031,0.6089
2026-08-11T10:21:37.253315,0000,000264,0.256306,-0.0034,0.5063
2026-08-11T10:21:39.076051,0000,000272,0.282601,-0.0008,0.5316
2026-08-11T10:21:41.066275,0000,000280,0.551514,0.0043,0.7426
2026-08-11T10:21:42.997266,0000,000288,0.573396,0.0055,0.7572
2026-08-11T10:21:44.794302,0000,000296,0.336906,0.0029,0.5804
2026-08-11T10:21:46.713162,0000,000304,0.493969,0.0045,0.7028
2026-08-11T10:21:48.720901,0000,000312,0.605902,0.0055,0.7784
2026-08-11T10:21:50.746517,0000,000320,0.507940,0.0029,0.7127
2026-08-11T10:21:52.642096,0000,000328,0.317631,-0.0015,0.5636
2026-08-11T10:21:54.544746,0000,000336,0.345938,-0.0033,0.5882
2026-08-11T10:21:56.322048,0000,000344,0.293649,-0.0048,0.5419
2026-08-11T10:21:58.133953,0000,000352,0.275416,-0.0042,0.5248
2026-08-11T10:22:00.160494,0000,000360,0.435099,-0.0008,0.6596
2026-08-11T10:22:01.912017,0000,000368,0.216494,-0.0039,0.4653
2026-08-11T10:22:03.699233,0000,000376,0.233522,-0.0023,0.4832
2026-08-11T10:22:05.535390,0000,000384,0.246621,-0.0004,0.4966
2026-08-11T10:22:07.512766,0000,000392,0.514988,0.0044,0.7176
2026-08-11T10:22:09.322079,0000,000400,0.328816,0.0031,0.5734
2026-08-11T10:22:11.197961,0000,000408,0.477061,0.0052,0.6907
2026-08-11T10:22:13.235207,0000,000416,0.544413,0.0057,0.7378
2026-08-11T10:22:15.281475,0000,000424,0.416568,0.0035,0.6454
2026-08-11T10:22:17.247287,0000,000432,0.422264,0.0025,0.6498
2026-08-11T10:22:19.005869,0000,000440,0.195542,-0.0033,0.4422
2026-08-11T10:22:20.849135,0000,000448,0.275879,-0.0035,0.5252
2026-08-11T10:22:22.683756,0000,000456,0.258865,-0.0041,0.5088
2026-08-11T10:22:24.520238,0000,000464,0.303385,-0.0051,0.5508
2026-08-11T10:22:26.337958,0000,000472,0.248049,-0.0031,0.4980
2026-08-11T10:22:28.202954,0000,000480,0.274613,-0.0007,0.5240
2026-08-11T10:22:30.066090,0000,000488,0.325688,0.0016,0.5707
2026-08-11T10:22:32.015114,0000,000496,0.375065,0.0036,0.6124
2026-08-11T10:22:33.962917,0000,000504,0.351118,0.0030,0.5926
2026-08-11T10:22:35.939528,0000,000512,0.219976,0.0013,0.4690
2026-08-11T10:22:38.115871,0000,000520,0.434980,0.0034,0.6595
2026-08-11T10:22:40.213813,0000,000528,0.330990,0.0007,0.5753
2026-08-11T10:22:42.262691,0000,000536,0.227612,-0.0032,0.4771
2026-08-11T10:22:44.236695,0000,000544,0.245382,-0.0051,0.4954
2026-08-11T10:22:46.401655,0000,000552,0.256338,-0.0042,0.5063
2026-08-11T10:22:48.672311,0000,000560,0.365834,-0.0024,0.6048
2026-08-11T10:22:50.811916,0000,000568,0.339049,-0.0020,0.5823
2026-08-11T10:22:52.802991,0000,000576,0.339397,-0.0011,0.5826
2026-08-11T10:22:54.749904,0000,000584,0.328946,-0.0004,0.5735
2026-08-11T10:22:56.784587,0000,000592,0.411848,0.0015,0.6418
2026-08-11T10:22:59.202925,0000,000600,0.392221,0.0002,0.6263
2026-08-11T10:23:01.268120,0000,000608,0.315976,-0.0031,0.5621
2026-08-11T10:23:03.046822,0000,000616,0.248208,-0.0054,0.4982
2026-08-11T10:23:05.397528,0000,000624,0.348352,-0.0025,0.5902
2026-08-11T10:23:07.328939,0000,000632,0.211725,-0.0037,0.4601
2026-08-11T10:23:10.008915,0000,000640,0.576816,0.0041,0.7595
2026-08-11T10:23:12.640632,0000,000648,0.331882,0.0002,0.5761
2026-08-11T10:23:14.560447,0000,000656,0.196244,-0.0006,0.4430
2026-08-11T10:23:16.538846,0000,000664,0.336632,0.0016,0.5802
2026-08-11T10:23:18.440602,0000,000672,0.196726,-0.0005,0.4435
2026-08-11T10:23:20.658912,0000,000680,0.472728,0.0038,0.6876
2026-08-11T10:23:22.649352,0000,000688,0.297634,0.0014,0.5456
2026-08-11T10:23:24.484675,0000,000696,0.207159,-0.0008,0.4551
2026-08-11T10:23:26.359555,0000,000704,0.285735,0.0002,0.5345
2026-08-11T10:23:28.317393,0000,000712,0.311138,0.0004,0.5578
2026-08-11T10:23:30.005953,0000,000720,0.173434,-0.0041,0.4165
2026-08-11T10:23:31.834787,0000,000728,0.198392,-0.0040,0.4454
2026-08-11T10:23:33.725970,0000,000736,0.200747,-0.0037,0.4480
2026-08-11T10:23:35.950953,0000,000744,0.343824,0.0006,0.5864
2026-08-11T10:23:37.872960,0000,000752,0.184940,-0.0027,0.4300
2026-08-11T10:23:40.350173,0000,000760,0.257300,-0.0005,0.5072
2026-08-11T10:23:42.375070,0000,000768,0.160129,-0.0024,0.4002
2026-08-11T10:23:44.290766,0000,000776,0.309055,-0.0019,0.5559
2026-08-11T10:23:46.567408,0000,000784,0.313421,0.0016,0.5598
2026-08-11T10:23:48.616739,0000,000792,0.265398,0.0018,0.5152
2026-08-11T10:23:50.558649,0000,000800,0.155360,0.0003,0.3942
2026-08-11T10:23:52.791566,0000,000808,0.163932,-0.0003,0.4049
2026-08-11T10:23:55.334371,0000,000816,0.254803,0.0006,0.5048
2026-08-11T10:23:57.437854,0000,000824,0.193674,-0.0008,0.4401
2026-08-11T10:23:59.545449,0000,000832,0.152324,-0.0021,0.3903
2026-08-11T10:24:01.642917,0000,000840,0.202118,-0.0005,0.4496
2026-08-11T10:24:03.453992,0000,000848,0.121956,-0.0020,0.3492
2026-08-11T10:24:05.200730,0000,000856,0.131176,-0.0010,0.3622
2026-08-11T10:24:06.985540,0000,000864,0.128508,-0.0001,0.3585
2026-08-11T10:24:08.912576,0000,000872,0.354930,0.0043,0.5958
2026-08-11T10:24:10.944081,0000,000880,0.471704,0.0062,0.6868
2026-08-11T10:24:13.034804,0000,000888,0.504644,0.0069,0.7104
2026-08-11T10:24:14.980919,0000,000896,0.305559,0.0040,0.5528
2026-08-11T10:24:16.845940,0000,000904,0.174971,0.0019,0.4183
2026-08-11T10:24:18.950796,0000,000912,0.144710,-0.0001,0.3804
2026-08-11T10:24:21.185811,0000,000920,0.210853,-0.0023,0.4592
2026-08-11T10:24:23.278019,0000,000928,0.169261,-0.0038,0.4114
2026-08-11T10:24:25.289444,0000,000936,0.188146,-0.0052,0.4338
2026-08-11T10:24:27.259884,0000,000944,0.220826,-0.0051,0.4699
2026-08-11T10:24:29.258603,0000,000952,0.199799,-0.0037,0.4470
2026-08-11T10:24:31.043153,0000,000960,0.114658,-0.0033,0.3386
2026-08-11T10:24:33.252202,0000,000968,0.278019,0.0022,0.5273
2026-08-11T10:24:35.093387,0000,000976,0.105573,0.0003,0.3249
2026-08-11T10:24:36.872508,0000,000984,0.094271,0.0001,0.3070
2026-08-11T10:24:38.675009,0000,000992,0.089253,0.0003,0.2988
2026-08-11T10:24:40.808686,0000,001000,0.098640,-0.0002,0.3141
2026-08-11T10:24:42.756140,0000,001008,0.104897,-0.0032,0.3239
2026-08-11T10:24:44.771027,0000,001016,0.115837,-0.0043,0.3403
2026-08-11T10:24:47.006972,0000,001024,0.196434,-0.0031,0.4432
2026-08-11T10:24:49.478535,0000,001032,0.122847,-0.0019,0.3505
2026-08-11T10:24:51.474497,0000,001040,0.090227,-0.0008,0.3004
2026-08-11T10:24:53.334348,0000,001048,0.064969,0.0002,0.2549
2026-08-11T10:24:55.746466,0000,001056,0.330057,0.0049,0.5745
2026-08-11T10:24:57.800481,0000,001064,0.087263,0.0017,0.2954
2026-08-11T10:24:59.750583,0000,001072,0.098612,0.0017,0.3140
2026-08-11T10:25:01.697262,0000,001080,0.113597,-0.0001,0.3370
2026-08-11T10:25:03.521000,0000,001088,0.053294,-0.0012,0.2309
2026-08-11T10:25:05.622617,0000,001096,0.202401,0.0015,0.4499
2026-08-11T10:25:07.588444,0000,001104,0.075992,-0.0001,0.2757
2026-08-11T10:25:09.498865,0000,001112,0.111098,-0.0010,0.3333
2026-08-11T10:25:11.327911,0000,001120,0.099224,-0.0027,0.3150
2026-08-11T10:25:13.168483,0000,001128,0.073538,-0.0018,0.2712
2026-08-11T10:25:15.147667,0000,001136,0.066385,-0.0012,0.2577
2026-08-11T10:25:16.988745,0000,001144,0.047475,0.0008,0.2179
2026-08-11T10:25:18.954320,0000,001152,0.074220,0.0020,0.2724
2026-08-11T10:25:20.791928,0000,001160,0.061018,0.0014,0.2470
2026-08-11T10:25:22.642381,0000,001168,0.086899,0.0013,0.2948
2026-08-11T10:25:24.398679,0000,001176,0.058882,-0.0002,0.2427
2026-08-11T10:25:26.379322,0000,001184,0.117776,0.0005,0.3432
2026-08-11T10:25:28.166561,0000,001192,0.044995,-0.0014,0.2121
2026-08-11T10:25:30.268291,0000,001200,0.101076,-0.0004,0.3179
2026-08-11T10:25:32.591819,0000,001208,0.141809,-0.0016,0.3766
2026-08-11T10:25:34.478257,0000,001216,0.098894,-0.0034,0.3145
2026-08-11T10:25:36.474827,0000,001224,0.153183,-0.0025,0.3914
2026-08-11T10:25:38.891506,0000,001232,0.136622,0.0008,0.3696
2026-08-11T10:25:40.859701,0000,001240,0.096400,0.0001,0.3105
2026-08-11T10:25:42.638504,0000,001248,0.046959,-0.0016,0.2167
2026-08-11T10:25:44.544455,0000,001256,0.092767,-0.0002,0.3046
2026-08-11T10:25:46.779520,0000,001264,0.133024,0.0001,0.3647
2026-08-11T10:25:48.606507,0000,001272,0.066412,-0.0025,0.2577
2026-08-11T10:25:50.359243,0000,001280,0.101068,-0.0033,0.3179
2026-08-11T10:25:52.198229,0000,001288,0.087095,-0.0020,0.2951
2026-08-11T10:25:54.046141,0000,001296,0.068277,-0.0011,0.2613
2026-08-11T10:25:55.905162,0000,001304,0.084803,0.0005,0.2912
2026-08-11T10:25:57.897074,0000,001312,0.151161,0.0025,0.3888
2026-08-11T10:25:59.897358,0000,001320,0.168184,0.0033,0.4101
2026-08-11T10:26:01.643162,0000,001328,0.232007,0.0002,0.4817
2026-08-11T10:26:03.569789,0000,001336,0.036490,-0.0013,0.1910
2026-08-11T10:26:05.639504,0000,001344,0.060575,-0.0007,0.2461
2026-08-11T10:26:07.912836,0000,001352,0.041666,-0.0009,0.2041
2026-08-11T10:26:10.173389,0000,001360,0.075424,0.0012,0.2746
2026-08-11T10:26:12.282872,0000,001368,0.034501,0.0007,0.1857
2026-08-11T10:26:14.338032,0000,001376,0.049940,0.0001,0.2235
2026-08-11T10:26:16.213503,0000,001384,0.074511,-0.0015,0.2730
2026-08-11T10:26:18.184527,0000,001392,0.061089,-0.0017,0.2472
2026-08-11T10:26:20.112930,0000,001400,0.063497,-0.0017,0.2520
2026-08-11T10:26:21.937363,0000,001408,0.039270,-0.0004,0.1982
2026-08-11T10:26:23.893305,0000,001416,0.041684,0.0012,0.2042
2026-08-11T10:26:26.039737,0000,001424,0.144563,0.0021,0.3802
2026-08-11T10:26:28.333890,0000,001432,0.162832,0.0035,0.4035
2026-08-11T10:26:30.323380,0000,001440,0.030172,0.0009,0.1737
2026-08-11T10:26:32.591400,0000,001448,0.067150,0.0010,0.2591
2026-08-11T10:26:34.521361,0000,001456,0.062759,-0.0020,0.2505
2026-08-11T10:26:36.604283,0000,001464,0.088679,-0.0022,0.2978
2026-08-11T10:26:38.564407,0000,001472,0.120874,-0.0037,0.3477
2026-08-11T10:26:40.500289,0000,001480,0.098352,-0.0032,0.3136
2026-08-11T10:26:42.847144,0000,001488,0.113510,-0.0001,0.3369
2026-08-11T10:26:44.751443,0000,001496,0.127716,-0.0017,0.3574
2026-08-11T10:26:46.787334,0000,001504,0.166367,0.0009,0.4079
2026-08-11T10:26:48.834139,0000,001512,0.096260,0.0010,0.3103
2026-08-11T10:26:50.841042,0000,001520,0.031821,-0.0010,0.1784
2026-08-11T10:26:52.735906,0000,001528,0.047100,-0.0003,0.2170
2026-08-11T10:26:54.753225,0000,001536,0.079720,0.0002,0.2823
2026-08-11T10:26:56.659646,0000,001544,0.060557,0.0016,0.2461
2026-08-11T10:26:58.494121,0000,001552,0.068009,0.0003,0.2608
2026-08-11T10:27:00.431649,0000,001560,0.072488,-0.0016,0.2692
2026-08-11T10:27:02.521870,0000,001568,1.599058,-0.0015,1.2645
2026-08-11T10:27:04.425136,0000,001576,0.050705,-0.0013,0.2252
2026-08-11T10:27:06.288879,0000,001584,0.069334,-0.0000,0.2633
2026-08-11T10:27:08.195447,0000,001592,0.044407,0.0008,0.2107
2026-08-11T10:27:10.289059,0000,001600,0.068257,0.0006,0.2613
2026-08-11T10:27:12.202918,0000,001608,0.051389,-0.0016,0.2267
2026-08-11T10:27:14.450509,0000,001616,0.051366,-0.0022,0.2266
2026-08-11T10:27:16.538110,0000,001624,0.046450,-0.0019,0.2155
2026-08-11T10:27:18.516965,0000,001632,0.042878,-0.0008,0.2071
2026-08-11T10:27:20.469921,0000,001640,0.053270,0.0017,0.2308
2026-08-11T10:27:22.759558,0000,001648,0.222958,0.0047,0.4722
2026-08-11T10:27:24.816158,0000,001656,0.144751,0.0039,0.3805
2026-08-11T10:27:26.844222,0000,001664,0.044712,0.0014,0.2115
2026-08-11T10:27:29.029161,0000,001672,0.030739,0.0001,0.1753
2026-08-11T10:27:31.370396,0000,001680,0.079978,-0.0008,0.2828
2026-08-11T10:27:33.559394,0000,001688,0.120099,-0.0026,0.3466
2026-08-11T10:27:35.427920,0000,001696,0.091335,-0.0033,0.3022
2026-08-11T10:27:37.645058,0000,001704,0.089671,-0.0028,0.2995
2026-08-11T10:27:39.653269,0000,001712,0.053049,-0.0010,0.2303
2026-08-11T10:27:42.111986,0000,001720,0.057619,0.0010,0.2400
2026-08-11T10:27:44.132956,0000,001728,0.047600,0.0014,0.2182
2026-08-11T10:27:46.363692,0000,001736,0.160407,0.0027,0.4005
2026-08-11T10:27:48.387736,0000,001744,0.034041,0.0011,0.1845
2026-08-11T10:27:50.431171,0000,001752,0.046607,0.0002,0.2159
2026-08-11T10:27:52.629001,0000,001760,0.064150,-0.0027,0.2533
2026-08-11T10:27:54.747016,0000,001768,0.092450,-0.0029,0.3041
2026-08-11T10:27:56.755986,0000,001776,0.102270,-0.0040,0.3198
2026-08-11T10:27:58.947179,0000,001784,0.077891,-0.0023,0.2791
2026-08-11T10:28:01.143736,0000,001792,0.049883,-0.0008,0.2233
2026-08-11T10:28:03.405232,0000,001800,0.130492,0.0019,0.3612
2026-08-11T10:28:05.243898,0000,001808,0.041179,0.0014,0.2029
2026-08-11T10:28:07.081371,0000,001816,0.046844,0.0011,0.2164
2026-08-11T10:28:09.261126,0000,001824,0.078029,0.0015,0.2793
2026-08-11T10:28:11.428928,0000,001832,0.101822,0.0004,0.3191
2026-08-11T10:28:13.465936,0000,001840,0.063808,-0.0015,0.2526
2026-08-11T10:28:15.602662,0000,001848,0.083310,-0.0026,0.2886
2026-08-11T10:28:17.537150,0000,001856,0.110893,-0.0039,0.3330
2026-08-11T10:28:19.616954,0000,001864,0.078561,-0.0021,0.2803
2026-08-11T10:28:21.632827,0000,001872,0.074412,-0.0016,0.2728
2026-08-11T10:28:23.423754,0000,001880,0.031616,0.0000,0.1778
2026-08-11T10:28:25.222016,0000,001888,0.034656,0.0009,0.1862
2026-08-11T10:28:27.099580,0000,001896,0.059239,0.0013,0.2434
2026-08-11T10:28:29.052062,0000,001904,0.074692,0.0011,0.2733
2026-08-11T10:28:31.028149,0000,001912,0.058038,0.0002,0.2409
2026-08-11T10:28:32.884093,0000,001920,0.072764,-0.0029,0.2697
2026-08-11T10:28:35.003184,0000,001928,0.100960,-0.0024,0.3177
2026-08-11T10:28:36.912943,0000,001936,0.104103,-0.0036,0.3227
2026-08-11T10:28:38.838023,0000,001944,0.110314,-0.0025,0.3321
2026-08-11T10:28:40.875555,0000,001952,0.067599,-0.0012,0.2600
2026-08-11T10:28:42.693663,0000,001960,0.048074,0.0005,0.2193
2026-08-11T10:28:44.519955,0000,001968,0.055544,0.0013,0.2357
2026-08-11T10:28:46.428676,0000,001976,0.100834,0.0020,0.3175
2026-08-11T10:28:48.546023,0000,001984,0.140958,0.0022,0.3754
2026-08-11T10:28:50.369656,0000,001992,0.040925,-0.0001,0.2023
2026-08-11T10:28:52.318935,0000,002000,0.047744,-0.0009,0.2185
2026-08-11T10:28:54.281388,0000,002008,0.055507,-0.0005,0.2356
2026-08-11T10:28:56.115798,0000,002016,0.056466,-0.0015,0.2376
2026-08-11T10:28:57.942507,0000,002024,0.035068,-0.0008,0.1873
2026-08-11T10:28:59.676914,0000,002032,0.031975,-0.0007,0.1788
2026-08-11T10:29:01.525371,0000,002040,0.102654,0.0020,0.3204
2026-08-11T10:29:03.753846,0000,002048,0.196683,0.0033,0.4435
2026-08-11T10:29:05.774374,0000,002056,0.113397,0.0030,0.3367
2026-08-11T10:29:07.815773,0000,002064,0.059136,0.0013,0.2432
2026-08-11T10:29:09.658025,0000,002072,0.038975,-0.0007,0.1974
2026-08-11T10:29:11.571509,0000,002080,0.040836,-0.0009,0.2021
2026-08-11T10:29:13.494096,0000,002088,0.028853,-0.0011,0.1699
2026-08-11T10:29:15.596687,0000,002096,0.068419,0.0011,0.2616
2026-08-11T10:29:17.449244,0000,002104,0.046915,0.0002,0.2166
2026-08-11T10:29:19.360992,0000,002112,0.069708,-0.0001,0.2640
2026-08-11T10:29:21.227585,0000,002120,0.055349,-0.0017,0.2353
2026-08-11T10:29:22.953469,0000,002128,0.065965,-0.0024,0.2568
2026-08-11T10:29:24.685734,0000,002136,0.040740,-0.0017,0.2018
2026-08-11T10:29:26.668606,0000,002144,0.048677,-0.0002,0.2206
2026-08-11T10:29:28.432906,0000,002152,0.032820,-0.0004,0.1812
2026-08-11T10:29:30.159258,0000,002160,0.018452,0.0005,0.1358
2026-08-11T10:29:31.934808,0000,002168,0.025383,0.0007,0.1593
2026-08-11T10:29:34.100584,0000,002176,0.052753,0.0008,0.2297
2026-08-11T10:29:36.137664,0000,002184,0.031934,-0.0003,0.1787
2026-08-11T10:29:37.941115,0000,002192,0.060171,-0.0013,0.2453
2026-08-11T10:29:39.719761,0000,002200,0.040937,-0.0014,0.2023
2026-08-11T10:29:41.564632,0000,002208,0.248139,0.0001,0.4981
2026-08-11T10:29:43.380003,0000,002216,0.040602,0.0005,0.2015
2026-08-11T10:29:45.364612,0000,002224,0.072342,0.0004,0.2690
2026-08-11T10:29:47.410576,0000,002232,0.053583,-0.0011,0.2315
2026-08-11T10:29:49.394684,0000,002240,0.039440,-0.0018,0.1986
2026-08-11T10:29:51.147293,0000,002248,0.050201,-0.0018,0.2241
2026-08-11T10:29:53.259923,0000,002256,0.117787,0.0005,0.3432
2026-08-11T10:29:55.367178,0000,002264,0.034983,0.0002,0.1870
2026-08-11T10:29:58.311919,0000,002272,0.066989,0.0000,0.2588
2026-08-11T10:30:00.408294,0000,002280,0.077542,-0.0019,0.2785
2026-08-11T10:30:02.832550,0000,002288,0.046748,-0.0020,0.2162
2026-08-11T10:30:05.061128,0000,002296,0.052012,-0.0017,0.2281
2026-08-11T10:30:06.911330,0000,002304,0.049581,-0.0005,0.2227
2026-08-11T10:30:09.073447,0000,002312,0.095967,0.0019,0.3098
2026-08-11T10:30:11.003824,0000,002320,0.081686,0.0021,0.2858
2026-08-11T10:30:13.270365,0000,002328,0.078748,0.0025,0.2806
2026-08-11T10:30:15.173882,0000,002336,0.075685,0.0012,0.2751
2026-08-11T10:30:17.507376,0000,002344,0.055358,0.0004,0.2353
2026-08-11T10:30:19.531004,0000,002352,0.075873,-0.0019,0.2755
2026-08-11T10:30:21.408177,0000,002360,1.608388,-0.0044,1.2682
2026-08-11T10:30:23.494278,0000,002368,0.103774,-0.0035,0.3221
2026-08-11T10:30:25.641594,0000,002376,0.111589,-0.0029,0.3341
2026-08-11T10:30:27.642489,0000,002384,0.069107,-0.0012,0.2629
2026-08-11T10:30:29.634385,0000,002392,0.035944,0.0008,0.1896
2026-08-11T10:30:32.565928,0000,002400,0.119906,0.0033,0.3463
2026-08-11T10:30:35.172383,0000,002408,0.100544,0.0020,0.3171
2026-08-11T10:30:37.656979,0000,002416,0.078686,0.0011,0.2805
2026-08-11T10:30:39.738398,0000,002424,0.057809,-0.0008,0.2404
2026-08-11T10:30:42.028579,0000,002432,0.029484,-0.0007,0.1717
2026-08-11T10:30:44.192977,0000,002440,0.039466,-0.0004,0.1987
2026-08-11T10:30:46.083247,0000,002448,0.033911,0.0003,0.1842
2026-08-11T10:30:48.280434,0000,002456,0.050502,0.0013,0.2247
2026-08-11T10:30:50.373519,0000,002464,0.058347,-0.0003,0.2416
2026-08-11T10:30:52.674265,0000,002472,0.045603,0.0002,0.2135
2026-08-11T10:30:55.181952,0000,002480,0.046187,0.0007,0.2149
2026-08-11T10:30:57.439461,0000,002488,0.072510,-0.0016,0.2693
2026-08-11T10:30:59.346391,0000,002496,0.100068,-0.0019,0.3163
2026-08-11T10:31:01.146374,0000,002504,0.042593,-0.0017,0.2064
2026-08-11T10:31:03.210523,0000,002512,0.025374,0.0003,0.1593
2026-08-11T10:31:05.262829,0000,002520,0.042211,0.0001,0.2055
2026-08-11T10:31:07.234404,0000,002528,0.066950,-0.0005,0.2587
2026-08-11T10:31:09.269448,0000,002536,0.029811,0.0005,0.1727
2026-08-11T10:31:11.420529,0000,002544,0.032573,-0.0010,0.1805
2026-08-11T10:31:13.810208,0000,002552,0.027358,-0.0002,0.1654
2026-08-11T10:31:16.376471,0000,002560,0.060470,0.0012,0.2459
2026-08-11T10:31:18.449480,0000,002568,0.047202,0.0011,0.2173
2026-08-11T10:31:20.370282,0000,002576,0.041627,-0.0001,0.2040
2026-08-11T10:31:22.244234,0000,002584,0.031746,0.0005,0.1782
2026-08-11T10:31:24.343461,0000,002592,0.037234,0.0001,0.1930
2026-08-11T10:31:26.388566,0000,002600,0.035072,-0.0015,0.1873
2026-08-11T10:31:28.888053,0000,002608,0.077098,-0.0016,0.2777
2026-08-11T10:31:31.282182,0000,002616,0.062711,-0.0015,0.2504
2026-08-11T10:31:33.342800,0000,002624,0.043082,-0.0000,0.2076
2026-08-11T10:31:35.332723,0000,002632,0.042380,-0.0001,0.2059
2026-08-11T10:31:37.491849,0000,002640,0.059611,0.0015,0.2442
2026-08-11T10:31:39.410430,0000,002648,0.030618,0.0012,0.1750
2026-08-11T10:31:41.239587,0000,002656,0.061523,0.0009,0.2480
2026-08-11T10:31:43.321603,0000,002664,0.033651,-0.0005,0.1834
2026-08-11T10:31:45.618339,0000,002672,0.039854,-0.0012,0.1996
2026-08-11T10:31:48.249725,0000,002680,0.031299,-0.0006,0.1769
2026-08-11T10:31:50.475319,0000,002688,0.021405,0.0006,0.1463
2026-08-11T10:31:52.857681,0000,002696,0.040749,0.0011,0.2019
2026-08-11T10:31:54.782203,0000,002704,0.041139,-0.0001,0.2028
2026-08-11T10:31:56.804714,0000,002712,0.035037,0.0006,0.1872
2026-08-11T10:31:58.799771,0000,002720,0.018466,-0.0002,0.1359
2026-08-11T10:32:01.259994,0000,002728,0.031037,0.0007,0.1762
2026-08-11T10:32:03.830117,0000,002736,0.041617,-0.0000,0.2040
2026-08-11T10:32:05.857821,0000,002744,0.067850,-0.0016,0.2605
2026-08-11T10:32:07.752188,0000,002752,0.051946,-0.0019,0.2279
2026-08-11T10:32:09.852172,0000,002760,0.071345,-0.0014,0.2671
2026-08-11T10:32:11.927289,0000,002768,0.026901,0.0002,0.1640
2026-08-11T10:32:13.832335,0000,002776,0.030848,0.0004,0.1756
2026-08-11T10:32:16.079451,0000,002784,0.036164,-0.0005,0.1902
2026-08-11T10:32:18.037142,0000,002792,0.030365,-0.0001,0.1743
2026-08-11T10:32:20.300690,0000,002800,0.038415,0.0012,0.1960
2026-08-11T10:32:22.405430,0000,002808,0.040144,0.0014,0.2004
2026-08-11T10:32:24.451741,0000,002816,0.038352,0.0007,0.1958
2026-08-11T10:32:26.353661,0000,002824,0.030233,-0.0006,0.1739
2026-08-11T10:32:28.439194,0000,002832,0.122314,-0.0015,0.3497
2026-08-11T10:32:30.372993,0000,002840,0.029362,-0.0004,0.1714
2026-08-11T10:32:32.200296,0000,002848,0.055601,0.0008,0.2358
2026-08-11T10:32:34.172907,0000,002856,0.050590,0.0009,0.2249
2026-08-11T10:32:36.197157,0000,002864,0.035835,0.0005,0.1893
2026-08-11T10:32:38.061411,0000,002872,0.035568,-0.0012,0.1886
2026-08-11T10:32:39.986325,0000,002880,0.029737,-0.0014,0.1724
2026-08-11T10:32:42.320512,0000,002888,0.036800,-0.0012,0.1918
2026-08-11T10:32:44.847697,0000,002896,0.040544,0.0001,0.2014
2026-08-11T10:32:47.883363,0000,002904,0.068218,0.0006,0.2612
2026-08-11T10:32:50.457225,0000,002912,0.022282,-0.0000,0.1493
2026-08-11T10:32:52.397140,0000,002920,0.087373,-0.0015,0.2956
2026-08-11T10:32:54.232402,0000,002928,0.226662,-0.0019,0.4761
2026-08-11T10:32:56.094490,0000,002936,0.034088,-0.0011,0.1846
2026-08-11T10:32:57.922192,0000,002944,0.018692,0.0001,0.1367
2026-08-11T10:32:59.749048,0000,002952,0.035416,0.0004,0.1882
2026-08-11T10:33:01.703639,0000,002960,0.026901,0.0002,0.1640
2026-08-11T10:33:03.765662,0000,002968,0.049816,-0.0017,0.2232
2026-08-11T10:33:05.812528,0000,002976,0.054804,-0.0018,0.2341
2026-08-11T10:33:07.923730,0000,002984,0.031191,-0.0011,0.1766
2026-08-11T10:33:10.174857,0000,002992,0.022103,-0.0000,0.1487
2026-08-11T10:33:12.145081,0000,003000,0.027192,0.0002,0.1649
2026-08-11T10:33:14.267125,0000,003008,0.129328,-0.0002,0.3596
2026-08-11T10:33:16.412332,0000,003016,0.051259,-0.0000,0.2264
2026-08-11T10:33:18.515934,0000,003024,0.044921,0.0012,0.2119
2026-08-11T10:33:20.670036,0000,003032,0.063524,0.0014,0.2520
2026-08-11T10:33:22.695843,0000,003040,0.039991,0.0013,0.2000
2026-08-11T10:33:24.703935,0000,003048,0.039231,-0.0006,0.1981
2026-08-11T10:33:26.755577,0000,003056,0.051301,-0.0008,0.2265
2026-08-11T10:33:28.997159,0000,003064,0.042130,-0.0005,0.2053
2026-08-11T10:33:31.044657,0000,003072,0.027145,0.0005,0.1648
2026-08-11T10:33:32.911029,0000,003080,0.028720,0.0010,0.1695
2026-08-11T10:33:34.670871,0000,003088,0.028536,0.0004,0.1689
2026-08-11T10:33:36.665704,0000,003096,0.057427,-0.0007,0.2396
2026-08-11T10:33:38.425570,0000,003104,0.044977,-0.0013,0.2121
2026-08-11T10:33:40.735473,0000,003112,0.058042,-0.0008,0.2409
2026-08-11T10:33:42.840984,0000,003120,0.029958,0.0004,0.1731
2026-08-11T10:33:44.750320,0000,003128,0.033831,0.0005,0.1839
2026-08-11T10:33:46.892024,0000,003136,0.019247,0.0001,0.1387
2026-08-11T10:33:49.060214,0000,003144,0.081550,-0.0009,0.2856
2026-08-11T10:33:50.980299,0000,003152,0.049245,-0.0014,0.2219
2026-08-11T10:33:53.037236,0000,003160,0.025159,-0.0008,0.1586
2026-08-11T10:33:54.932038,0000,003168,0.016250,0.0006,0.1275
2026-08-11T10:33:56.787919,0000,003176,0.025051,0.0005,0.1583
2026-08-11T10:33:58.581533,0000,003184,0.042613,-0.0000,0.2064
2026-08-11T10:34:00.631771,0000,003192,0.028141,0.0002,0.1678
2026-08-11T10:34:02.441804,0000,003200,0.028619,-0.0001,0.1692
2026-08-11T10:34:04.285903,0000,003208,0.039206,0.0002,0.1980
2026-08-11T10:34:06.208842,0000,003216,0.064430,-0.0003,0.2538
2026-08-11T10:34:07.962035,0000,003224,0.024546,0.0001,0.1567
2026-08-11T10:34:09.939068,0000,003232,0.038858,-0.0003,0.1971
2026-08-11T10:34:11.714796,0000,003240,0.052146,-0.0000,0.2284
2026-08-11T10:34:13.491748,0000,003248,0.024893,0.0003,0.1578
2026-08-11T10:34:15.469231,0000,003256,0.042434,-0.0006,0.2060
2026-08-11T10:34:17.214911,0000,003264,0.085148,-0.0005,0.2918
2026-08-11T10:34:19.065087,0000,003272,0.046677,0.0005,0.2160
2026-08-11T10:34:21.196649,0000,003280,0.030624,0.0005,0.1750
2026-08-11T10:34:23.362848,0000,003288,0.021907,0.0001,0.1480
2026-08-11T10:34:25.447231,0000,003296,0.077868,-0.0019,0.2790
2026-08-11T10:34:27.307792,0000,003304,0.043608,-0.0020,0.2088
2026-08-11T10:34:29.498779,0000,003312,0.048261,-0.0022,0.2197
2026-08-11T10:34:31.337388,0000,003320,0.039965,-0.0005,0.1999
2026-08-11T10:34:33.400362,0000,003328,0.106842,0.0011,0.3269
2026-08-11T10:34:35.443191,0000,003336,0.057703,0.0020,0.2402
2026-08-11T10:34:37.232501,0000,003344,0.246386,0.0015,0.4964
2026-08-11T10:34:38.992608,0000,003352,0.042865,0.0008,0.2070
2026-08-11T10:34:40.823859,0000,003360,0.017322,-0.0004,0.1316
2026-08-11T10:34:42.663401,0000,003368,0.061311,-0.0012,0.2476
2026-08-11T10:34:44.712783,0000,003376,0.057095,-0.0010,0.2389
2026-08-11T10:34:46.926465,0000,003384,0.029781,-0.0000,0.1726
2026-08-11T10:34:48.801014,0000,003392,0.043616,0.0017,0.2088
2026-08-11T10:34:51.495758,0000,003400,0.086181,0.0030,0.2936
2026-08-11T10:34:53.963977,0000,003408,0.077672,0.0026,0.2787
2026-08-11T10:34:55.993828,0000,003416,0.024768,0.0014,0.1574
2026-08-11T10:34:58.159549,0000,003424,0.052948,-0.0002,0.2301
2026-08-11T10:34:59.883587,0000,003432,0.033837,-0.0008,0.1839
2026-08-11T10:35:01.720561,0000,003440,1.567265,-0.0019,1.2519
2026-08-11T10:35:03.624354,0000,003448,0.030971,0.0003,0.1760
2026-08-11T10:35:05.601317,0000,003456,0.055743,0.0004,0.2361
2026-08-11T10:35:07.662838,0000,003464,0.043168,-0.0002,0.2078
2026-08-11T10:35:09.674746,0000,003472,0.020668,-0.0001,0.1438
2026-08-11T10:35:11.782800,0000,003480,0.101439,0.0008,0.3185
2026-08-11T10:35:13.865189,0000,003488,0.023522,0.0008,0.1534
2026-08-11T10:35:15.586786,0000,003496,0.042327,-0.0000,0.2057
2026-08-11T10:35:17.666643,0000,003504,0.026890,0.0001,0.1640
2026-08-11T10:35:19.440309,0000,003512,0.038589,-0.0006,0.1964
2026-08-11T10:35:21.192951,0000,003520,0.049289,-0.0005,0.2220
2026-08-11T10:35:22.939707,0000,003528,0.048845,0.0004,0.2210
2026-08-11T10:35:24.681577,0000,003536,0.023341,0.0006,0.1528
2026-08-11T10:35:26.523987,0000,003544,0.016013,-0.0001,0.1265
2026-08-11T10:35:28.589183,0000,003552,0.024606,-0.0003,0.1569
2026-08-11T10:35:30.455960,0000,003560,0.044344,0.0007,0.2106
2026-08-11T10:35:32.201389,0000,003568,0.037475,0.0008,0.1936
2026-08-11T10:35:34.067794,0000,003576,0.071338,-0.0000,0.2671
2026-08-11T10:35:35.818005,0000,003584,0.029606,0.0001,0.1721
2026-08-11T10:35:37.549402,0000,003592,0.019474,-0.0006,0.1395
2026-08-11T10:35:39.466862,0000,003600,0.038841,-0.0005,0.1971
2026-08-11T10:35:41.302506,0000,003608,0.024563,0.0003,0.1567
2026-08-11T10:35:43.067564,0000,003616,0.019052,0.0006,0.1380
2026-08-11T10:35:44.783443,0000,003624,0.020703,-0.0003,0.1439
2026-08-11T10:35:46.663130,0000,003632,0.019742,0.0001,0.1405
2026-08-11T10:35:48.413908,0000,003640,0.031447,-0.0006,0.1773
2026-08-11T10:35:50.318326,0000,003648,0.084624,-0.0010,0.2909
2026-08-11T10:35:52.076091,0000,003656,0.019867,0.0003,0.1410
2026-08-11T10:35:53.902038,0000,003664,0.021841,0.0005,0.1478
2026-08-11T10:35:55.789468,0000,003672,0.060017,-0.0004,0.2450
2026-08-11T10:35:57.585380,0000,003680,0.026687,-0.0000,0.1634
2026-08-11T10:35:59.373940,0000,003688,0.022563,0.0006,0.1502
2026-08-11T10:36:01.505471,0000,003696,0.024739,0.0009,0.1573
2026-08-11T10:36:03.407405,0000,003704,0.017701,0.0002,0.1330
2026-08-11T10:36:05.339479,0000,003712,0.042630,-0.0017,0.2065
2026-08-11T10:36:07.112586,0000,003720,0.046129,-0.0019,0.2148
2026-08-11T10:36:08.833522,0000,003728,0.048708,-0.0017,0.2207
2026-08-11T10:36:10.637609,0000,003736,0.220740,-0.0007,0.4698
2026-08-11T10:36:12.407145,0000,003744,0.058471,0.0012,0.2418
2026-08-11T10:36:14.283107,0000,003752,0.073049,0.0021,0.2703
2026-08-11T10:36:16.269015,0000,003760,0.230806,0.0015,0.4804
2026-08-11T10:36:18.388035,0000,003768,0.044349,0.0013,0.2106
2026-08-11T10:36:20.270626,0000,003776,0.041097,-0.0006,0.2027
2026-08-11T10:36:22.104534,0000,003784,0.033700,-0.0012,0.1836
2026-08-11T10:36:24.198074,0000,003792,0.060648,-0.0015,0.2463
2026-08-11T10:36:26.205987,0000,003800,0.023041,-0.0001,0.1518
2026-08-11T10:36:28.004371,0000,003808,0.045632,0.0016,0.2136
2026-08-11T10:36:30.231104,0000,003816,0.095337,0.0024,0.3088
2026-08-11T10:36:32.568638,0000,003824,0.087776,0.0025,0.2963
2026-08-11T10:36:34.799661,0000,003832,0.127850,0.0011,0.3576
2026-08-11T10:36:36.827323,0000,003840,0.018096,-0.0002,0.1345
2026-08-11T10:36:38.835216,0000,003848,0.060922,-0.0012,0.2468
2026-08-11T10:36:40.814207,0000,003856,0.032427,-0.0007,0.1801
2026-08-11T10:36:42.728973,0000,003864,0.047663,0.0004,0.2183
2026-08-11T10:36:44.777963,0000,003872,0.026333,0.0001,0.1623
2026-08-11T10:36:46.970164,0000,003880,0.049503,0.0017,0.2225
2026-08-11T10:36:48.969163,0000,003888,0.046617,0.0012,0.2159
2026-08-11T10:36:50.910748,0000,003896,0.031753,0.0005,0.1782
2026-08-11T10:36:52.825165,0000,003904,0.040310,-0.0011,0.2008
2026-08-11T10:36:54.762874,0000,003912,0.059017,-0.0017,0.2429
2026-08-11T10:36:56.916796,0000,003920,0.031780,-0.0013,0.1783
2026-08-11T10:36:58.870232,0000,003928,0.046530,-0.0003,0.2157
2026-08-11T10:37:00.683175,0000,003936,0.227281,0.0011,0.4767
2026-08-11T10:37:02.847297,0000,003944,0.078356,0.0022,0.2799
2026-08-11T10:37:04.766335,0000,003952,0.060058,0.0021,0.2451
2026-08-11T10:37:06.787554,0000,003960,0.031699,0.0009,0.1780
2026-08-11T10:37:08.536903,0000,003968,0.036806,-0.0002,0.1918
2026-08-11T10:37:10.582019,0000,003976,0.078745,-0.0016,0.2806
2026-08-11T10:37:12.341845,0000,003984,0.050480,-0.0009,0.2247
2026-08-11T10:37:14.270324,0000,003992,0.031865,0.0001,0.1785
2026-08-11T10:37:16.290154,0000,004000,0.031843,0.0002,0.1784
2026-08-11T10:37:18.382526,0000,004008,0.066020,-0.0006,0.2569
2026-08-11T10:37:20.332482,0000,004016,1.558541,-0.0014,1.2484
2026-08-11T10:37:22.140037,0000,004024,0.044620,0.0005,0.2112
2026-08-11T10:37:24.150559,0000,004032,0.025235,0.0005,0.1589
2026-08-11T10:37:26.084033,0000,004040,0.018223,-0.0003,0.1350
2026-08-11T10:37:28.036553,0000,004048,0.017627,-0.0002,0.1328
2026-08-11T10:37:30.125701,0000,004056,0.029991,0.0010,0.1732
2026-08-11T10:37:31.996708,0000,004064,0.019942,0.0009,0.1412
2026-08-11T10:37:33.908850,0000,004072,0.019823,0.0003,0.1408
2026-08-11T10:37:35.818701,0000,004080,0.038781,-0.0012,0.1969
2026-08-11T10:37:37.670448,0000,004088,0.163559,-0.0019,0.4044
2026-08-11T10:37:39.578604,0000,004096,0.043230,-0.0016,0.2079
2026-08-11T10:37:41.561278,0000,004104,0.048607,-0.0006,0.2205
2026-08-11T10:37:44.053992,0000,004112,0.063758,0.0010,0.2525
2026-08-11T10:37:46.306140,0000,004120,0.050738,0.0021,0.2253
2026-08-11T10:37:48.256921,0000,004128,0.040263,0.0017,0.2007
2026-08-11T10:37:50.376189,0000,004136,0.036476,0.0012,0.1910
2026-08-11T10:37:52.428847,0000,004144,0.029582,-0.0006,0.1720
2026-08-11T10:37:54.400594,0000,004152,0.034732,-0.0012,0.1864
2026-08-11T10:37:56.373994,0000,004160,0.033104,-0.0009,0.1819
2026-08-11T10:37:58.516673,0000,004168,0.031667,0.0001,0.1780
2026-08-11T10:38:00.368984,0000,004176,0.027059,0.0001,0.1645
2026-08-11T10:38:02.330420,0000,004184,0.022968,-0.0006,0.1516
2026-08-11T10:38:04.179466,0000,004192,0.015860,-0.0004,0.1259
2026-08-11T10:38:06.492566,0000,004200,0.025460,0.0005,0.1596
2026-08-11T10:38:08.655960,0000,004208,0.023025,0.0006,0.1517
2026-08-11T10:38:10.755437,0000,004216,0.029547,-0.0001,0.1719
2026-08-11T10:38:12.731962,0000,004224,0.023207,-0.0002,0.1523
2026-08-11T10:38:14.898958,0000,004232,0.020437,0.0009,0.1430
2026-08-11T10:38:16.954663,0000,004240,0.064122,0.0009,0.2532
2026-08-11T10:38:19.169028,0000,004248,0.061172,0.0000,0.2473
2026-08-11T10:38:21.079505,0000,004256,0.052514,-0.0013,0.2292
2026-08-11T10:38:23.348446,0000,004264,0.075211,-0.0023,0.2742
2026-08-11T10:38:25.444074,0000,004272,0.030746,-0.0014,0.1753
2026-08-11T10:38:27.449700,0000,004280,0.020306,-0.0004,0.1425
2026-08-11T10:38:29.769971,0000,004288,0.038104,0.0015,0.1952
2026-08-11T10:38:32.168325,0000,004296,0.089826,0.0022,0.2997
2026-08-11T10:38:33.985019,0000,004304,0.059468,0.0017,0.2439
2026-08-11T10:38:35.923224,0000,004312,0.055725,0.0009,0.2361
2026-08-11T10:38:37.826412,0000,004320,0.025902,-0.0005,0.1609
2026-08-11T10:38:39.921758,0000,004328,0.102184,-0.0011,0.3197
2026-08-11T10:38:42.212068,0000,004336,0.047341,-0.0013,0.2176
2026-08-11T10:38:44.237461,0000,004344,0.013932,0.0001,0.1180
2026-08-11T10:38:46.238024,0000,004352,0.040739,-0.0001,0.2018
2026-08-11T10:38:48.461509,0000,004360,0.025616,0.0011,0.1601
2026-08-11T10:38:50.307061,0000,004368,0.047035,0.0010,0.2169
2026-08-11T10:38:52.297369,0000,004376,0.029012,0.0004,0.1703
2026-08-11T10:38:54.034631,0000,004384,0.030843,-0.0012,0.1756
2026-08-11T10:38:55.933371,0000,004392,0.048301,-0.0017,0.2198
2026-08-11T10:38:57.900994,0000,004400,0.028940,-0.0014,0.1701
2026-08-11T10:39:00.100293,0000,004408,0.029918,-0.0005,0.1730
2026-08-11T10:39:01.991884,0000,004416,0.029656,0.0013,0.1722
2026-08-11T10:39:04.003466,0000,004424,0.068376,0.0023,0.2615
2026-08-11T10:39:05.746690,0000,004432,0.035302,0.0019,0.1879
2026-08-11T10:39:07.878376,0000,004440,0.021081,0.0010,0.1452
2026-08-11T10:39:10.323897,0000,004448,0.049416,-0.0008,0.2223
2026-08-11T10:39:12.441349,0000,004456,0.025425,-0.0012,0.1595
2026-08-11T10:39:14.407037,0000,004464,0.023403,-0.0008,0.1530
2026-08-11T10:39:16.292527,0000,004472,0.030946,0.0001,0.1759
2026-08-11T10:39:18.410806,0000,004480,0.022805,0.0002,0.1510
2026-08-11T10:39:20.355990,0000,004488,0.109179,-0.0006,0.3304
2026-08-11T10:39:22.207886,0000,004496,0.046372,-0.0004,0.2153
2026-08-11T10:39:24.260036,0000,004504,0.082414,0.0006,0.2871
2026-08-11T10:39:26.131391,0000,004512,0.029199,0.0007,0.1709
2026-08-11T10:39:28.246265,0000,004520,0.018203,-0.0002,0.1349
2026-08-11T10:39:30.197671,0000,004528,0.027257,-0.0000,0.1651
2026-08-11T10:39:32.130258,0000,004536,0.073547,0.0011,0.2712
2026-08-11T10:39:33.980011,0000,004544,0.039398,0.0012,0.1985
2026-08-11T10:39:35.999031,0000,004552,0.031022,0.0004,0.1761
2026-08-11T10:39:38.010796,0000,004560,0.077217,-0.0017,0.2779
2026-08-11T10:39:39.804660,0000,004568,0.066248,-0.0018,0.2574
2026-08-11T10:39:41.670763,0000,004576,0.039278,-0.0015,0.1982
2026-08-11T10:39:43.858202,0000,004584,0.035884,-0.0006,0.1894
2026-08-11T10:39:45.601052,0000,004592,0.030314,0.0012,0.1741
2026-08-11T10:39:47.537478,0000,004600,0.038335,0.0021,0.1958
2026-08-11T10:39:49.605996,0000,004608,0.043193,0.0020,0.2078
2026-08-11T10:39:51.797101,0000,004616,0.084741,0.0009,0.2911
2026-08-11T10:39:54.096047,0000,004624,0.019800,-0.0002,0.1407
2026-08-11T10:39:56.000958,0000,004632,0.024793,-0.0011,0.1575
2026-08-11T10:39:58.151460,0000,004640,0.214024,-0.0011,0.4626
2026-08-11T10:40:00.116024,0000,004648,0.019597,0.0001,0.1400
2026-08-11T10:40:01.903983,0000,004656,0.042263,0.0004,0.2056
2026-08-11T10:40:03.754575,0000,004664,0.036948,-0.0005,0.1922
2026-08-11T10:40:05.701936,0000,004672,0.032252,-0.0002,0.1796
2026-08-11T10:40:07.472578,0000,004680,0.227651,0.0005,0.4771
2026-08-11T10:40:09.393078,0000,004688,0.017873,0.0006,0.1337
2026-08-11T10:40:11.185969,0000,004696,0.031976,0.0001,0.1788
2026-08-11T10:40:12.925782,0000,004704,0.036142,-0.0015,0.1901
2026-08-11T10:40:14.817121,0000,004712,0.120369,-0.0021,0.3469
2026-08-11T10:40:16.749870,0000,004720,0.058776,-0.0017,0.2424
2026-08-11T10:40:18.552825,0000,004728,0.035659,-0.0006,0.1888
2026-08-11T10:40:20.477679,0000,004736,0.042084,0.0011,0.2051
2026-08-11T10:40:22.493752,0000,004744,0.082597,0.0020,0.2874
2026-08-11T10:40:24.322480,0000,004752,0.074442,0.0018,0.2728
2026-08-11T10:40:26.325891,0000,004760,0.038269,0.0007,0.1956
2026-08-11T10:40:28.097926,0000,004768,0.021045,-0.0005,0.1451
2026-08-11T10:40:30.418206,0000,004776,0.060936,-0.0015,0.2469
2026-08-11T10:40:32.499096,0000,004784,0.025329,-0.0008,0.1592
2026-08-11T10:40:34.594310,0000,004792,0.027501,0.0001,0.1658
2026-08-11T10:40:36.686124,0000,004800,0.023952,0.0006,0.1548
2026-08-11T10:40:38.703255,0000,004808,0.018832,-0.0004,0.1372
2026-08-11T10:40:40.597818,0000,004816,0.018246,-0.0004,0.1351
2026-08-11T10:40:42.539169,0000,004824,1.628951,-0.0006,1.2763
2026-08-11T10:40:44.613188,0000,004832,0.084828,0.0023,0.2913
2026-08-11T10:40:46.461798,0000,004840,0.070463,0.0028,0.2654
2026-08-11T10:40:48.281940,0000,004848,0.065886,0.0027,0.2567
2026-08-11T10:40:50.214791,0000,004856,0.070484,0.0019,0.2655
2026-08-11T10:40:52.183637,0000,004864,0.020479,0.0002,0.1431
2026-08-11T10:40:54.073278,0000,004872,0.047317,-0.0018,0.2175
2026-08-11T10:40:56.215494,0000,004880,0.135976,-0.0038,0.3687
2026-08-11T10:40:58.103882,0000,004888,0.167167,-0.0034,0.4089
2026-08-11T10:41:00.158557,0000,004896,0.100185,-0.0032,0.3165
2026-08-11T10:41:02.232943,0000,004904,0.056141,-0.0022,0.2369
2026-08-11T10:41:04.327406,0000,004912,0.071793,-0.0002,0.2679
2026-08-11T10:41:06.215278,0000,004920,0.121778,0.0022,0.3490
2026-08-11T10:41:08.084145,0000,004928,0.100125,0.0037,0.3164
2026-08-11T10:41:09.913473,0000,004936,0.121673,0.0042,0.3488
2026-08-11T10:41:11.812580,0000,004944,0.109400,0.0040,0.3308
2026-08-11T10:41:13.560493,0000,004952,0.057242,0.0027,0.2393
2026-08-11T10:41:15.321483,0000,004960,0.038839,0.0012,0.1971
2026-08-11T10:41:17.099324,0000,004968,0.050801,-0.0011,0.2254
2026-08-11T10:41:18.863990,0000,004976,0.053104,-0.0022,0.2304
2026-08-11T10:41:20.636656,0000,004984,0.101139,-0.0027,0.3180
2026-08-11T10:41:22.388167,0000,004992,0.059671,-0.0024,0.2443
2026-08-11T10:41:24.416135,0000,005000,0.067413,-0.0015,0.2596
2026-08-11T10:41:26.525224,0000,005008,0.061911,0.0007,0.2488
2026-08-11T10:41:28.475257,0000,005016,0.076719,0.0012,0.2770
2026-08-11T10:41:30.446392,0000,005024,0.068633,0.0011,0.2620
2026-08-11T10:41:32.585579,0000,005032,0.023020,0.0006,0.1517
2026-08-11T10:41:34.785491,0000,005040,0.261723,-0.0013,0.5116
2026-08-11T10:41:36.791244,0000,005048,0.091157,-0.0020,0.3019
2026-08-11T10:41:38.754507,0000,005056,0.074419,-0.0015,0.2728
2026-08-11T10:41:40.754810,0000,005064,0.074298,-0.0005,0.2726
2026-08-11T10:41:42.620587,0000,005072,0.084221,0.0014,0.2902
2026-08-11T10:41:44.477709,0000,005080,0.056206,0.0024,0.2371
2026-08-11T10:41:46.429729,0000,005088,0.038459,0.0020,0.1961
2026-08-11T10:41:48.584597,0000,005096,0.032370,0.0013,0.1799
2026-08-11T10:41:50.508697,0000,005104,0.023202,-0.0002,0.1523
2026-08-11T10:41:52.601560,0000,005112,0.029611,-0.0010,0.1721
2026-08-11T10:41:54.491444,0000,005120,0.040884,-0.0007,0.2022
2026-08-11T10:41:56.674530,0000,005128,0.021074,0.0004,0.1452
2026-08-11T10:41:58.718235,0000,005136,0.064054,0.0001,0.2531
2026-08-11T10:42:00.524326,0000,005144,0.016624,-0.0003,0.1289
2026-08-11T10:42:02.649279,0000,005152,0.057534,-0.0003,0.2399
2026-08-11T10:42:04.716400,0000,005160,0.090335,0.0004,0.3006
2026-08-11T10:42:06.501792,0000,005168,0.044805,0.0008,0.2117
2026-08-11T10:42:08.396254,0000,005176,0.031520,0.0001,0.1775
2026-08-11T10:42:10.298251,0000,005184,0.056181,-0.0013,0.2370
2026-08-11T10:42:12.320525,0000,005192,0.062872,-0.0019,0.2507
2026-08-11T10:42:14.390696,0000,005200,0.042193,-0.0019,0.2054
2026-08-11T10:42:16.382893,0000,005208,0.075864,-0.0007,0.2754
2026-08-11T10:42:18.489253,0000,005216,0.040491,0.0013,0.2012
2026-08-11T10:42:20.455377,0000,005224,0.059451,0.0021,0.2438
2026-08-11T10:42:22.322106,0000,005232,0.047559,0.0017,0.2181
2026-08-11T10:42:24.359690,0000,005240,0.100038,0.0009,0.3163
2026-08-11T10:42:26.175692,0000,005248,0.032168,-0.0005,0.1794
2026-08-11T10:42:28.359453,0000,005256,0.025892,-0.0009,0.1609
2026-08-11T10:42:30.389466,0000,005264,0.023867,-0.0007,0.1545
2026-08-11T10:42:32.958375,0000,005272,0.019497,0.0000,0.1396
2026-08-11T10:42:35.232245,0000,005280,0.062105,0.0022,0.2492
2026-08-11T10:42:37.282328,0000,005288,0.059605,0.0024,0.2441
2026-08-11T10:42:39.482422,0000,005296,0.071192,0.0028,0.2668
2026-08-11T10:42:41.395251,0000,005304,0.034486,0.0015,0.1857
2026-08-11T10:42:43.378568,0000,005312,1.560432,-0.0011,1.2492
2026-08-11T10:42:45.309358,0000,005320,0.032039,-0.0007,0.1790
2026-08-11T10:42:47.593339,0000,005328,0.017512,-0.0003,0.1323
2026-08-11T10:42:49.558319,0000,005336,0.025360,0.0005,0.1592
2026-08-11T10:42:51.813072,0000,005344,0.070897,0.0003,0.2663
2026-08-11T10:42:53.978414,0000,005352,0.251475,-0.0004,0.5015
2026-08-11T10:42:55.980854,0000,005360,0.023532,0.0000,0.1534
2026-08-11T10:42:58.189160,0000,005368,0.026378,-0.0007,0.1624
2026-08-11T10:43:00.100960,0000,005376,0.036951,-0.0005,0.1922
2026-08-11T10:43:01.955196,0000,005384,0.027387,0.0005,0.1655
2026-08-11T10:43:03.849182,0000,005392,0.021860,0.0008,0.1479
2026-08-11T10:43:05.722271,0000,005400,0.027293,-0.0001,0.1652
2026-08-11T10:43:07.657408,0000,005408,0.038432,-0.0001,0.1960
2026-08-11T10:43:09.644276,0000,005416,0.024744,0.0010,0.1573
2026-08-11T10:43:11.685364,0000,005424,0.057758,0.0010,0.2403
2026-08-11T10:43:13.847492,0000,005432,0.027405,0.0005,0.1655
2026-08-11T10:43:15.738513,0000,005440,0.037399,-0.0011,0.1934
2026-08-11T10:43:18.000746,0000,005448,0.052830,-0.0021,0.2298
2026-08-11T10:43:20.124238,0000,005456,0.044351,-0.0013,0.2106
2026-08-11T10:43:22.335461,0000,005464,0.020305,-0.0003,0.1425
2026-08-11T10:43:24.265177,0000,005472,0.033887,0.0013,0.1841
2026-08-11T10:43:26.457052,0000,005480,0.062561,0.0026,0.2501
2026-08-11T10:43:28.631100,0000,005488,0.051657,0.0022,0.2273
2026-08-11T10:43:30.599501,0000,005496,0.054049,0.0011,0.2325
2026-08-11T10:43:32.563290,0000,005504,0.072936,-0.0003,0.2701
2026-08-11T10:43:34.797720,0000,005512,0.033843,-0.0011,0.1840
2026-08-11T10:43:36.829104,0000,005520,0.033511,-0.0005,0.1831
2026-08-11T10:43:38.629156,0000,005528,0.043960,0.0003,0.2097
2026-08-11T10:43:40.578419,0000,005536,0.087329,0.0004,0.2955
2026-08-11T10:43:42.342336,0000,005544,0.039619,-0.0003,0.1990
2026-08-11T10:43:44.301019,0000,005552,0.034735,0.0001,0.1864
2026-08-11T10:43:46.141124,0000,005560,0.031944,-0.0007,0.1787
2026-08-11T10:43:48.452090,0000,005568,0.054263,-0.0009,0.2329
2026-08-11T10:43:50.567885,0000,005576,0.017166,0.0005,0.1310
2026-08-11T10:43:52.318592,0000,005584,0.032600,0.0003,0.1806
2026-08-11T10:43:54.757410,0000,005592,0.045767,-0.0004,0.2139
2026-08-11T10:43:57.067978,0000,005600,0.014438,0.0000,0.1202
2026-08-11T10:43:59.217391,0000,005608,0.021806,0.0012,0.1477
2026-08-11T10:44:01.398016,0000,005616,0.022506,0.0010,0.1500
2026-08-11T10:44:03.481894,0000,005624,0.042176,0.0002,0.2054
2026-08-11T10:44:05.470894,0000,005632,0.038285,-0.0012,0.1957
2026-08-11T10:44:07.415285,0000,005640,0.042564,-0.0016,0.2063
2026-08-11T10:44:09.367896,0000,005648,0.031227,-0.0014,0.1767
2026-08-11T10:44:11.450269,0000,005656,0.032759,-0.0004,0.1810
2026-08-11T10:44:13.401885,0000,005664,0.030983,0.0012,0.1760
2026-08-11T10:44:15.562680,0000,005672,0.051013,0.0021,0.2259
2026-08-11T10:44:17.585633,0000,005680,0.057964,0.0021,0.2408
2026-08-11T10:44:19.546915,0000,005688,0.039804,0.0015,0.1995
2026-08-11T10:44:21.396168,0000,005696,0.022011,-0.0003,0.1484
2026-08-11T10:44:23.569818,0000,005704,0.081306,-0.0011,0.2851
2026-08-11T10:44:25.664165,0000,005712,0.018891,-0.0006,0.1374
2026-08-11T10:44:27.513974,0000,005720,0.036482,0.0004,0.1910
2026-08-11T10:44:29.329131,0000,005728,0.017901,0.0003,0.1338
2026-08-11T10:44:31.174134,0000,005736,0.031586,-0.0003,0.1777
2026-08-11T10:44:33.126143,0000,005744,0.017406,0.0000,0.1319
2026-08-11T10:44:34.987951,0000,005752,0.033406,-0.0007,0.1828
2026-08-11T10:44:37.156212,0000,005760,0.023416,-0.0004,0.1530
2026-08-11T10:44:38.935284,0000,005768,1.556106,-0.0008,1.2474
2026-08-11T10:44:40.774872,0000,005776,0.055954,0.0022,0.2365
2026-08-11T10:44:42.692719,0000,005784,0.104833,0.0029,0.3238
2026-08-11T10:44:44.664574,0000,005792,0.091867,0.0029,0.3031
2026-08-11T10:44:46.772432,0000,005800,0.064100,0.0019,0.2532
2026-08-11T10:44:48.720577,0000,005808,0.020506,0.0004,0.1432
2026-08-11T10:44:50.535196,0000,005816,0.046589,-0.0018,0.2158
2026-08-11T10:44:52.632685,0000,005824,0.117843,-0.0033,0.3433
2026-08-11T10:44:54.624928,0000,005832,0.131883,-0.0036,0.3632
2026-08-11T10:44:56.350012,0000,005840,0.068325,-0.0029,0.2614
2026-08-11T10:44:58.488243,0000,005848,0.054135,-0.0019,0.2327
2026-08-11T10:45:00.514061,0000,005856,0.039021,0.0000,0.1975
2026-08-11T10:45:02.416906,0000,005864,0.052255,0.0011,0.2286
2026-08-11T10:45:04.450627,0000,005872,0.059886,0.0014,0.2447
2026-08-11T10:45:06.302137,0000,005880,0.038974,0.0003,0.1974
2026-08-11T10:45:08.713321,0000,005888,0.047784,-0.0014,0.2186
2026-08-11T10:45:10.655949,0000,005896,0.080402,-0.0019,0.2836
2026-08-11T10:45:12.875856,0000,005904,0.037988,-0.0017,0.1949
2026-08-11T10:45:14.861557,0000,005912,0.091888,-0.0003,0.3031
2026-08-11T10:45:16.876152,0000,005920,0.040778,0.0017,0.2019
2026-08-11T10:45:18.722434,0000,005928,0.061786,0.0024,0.2486
2026-08-11T10:45:20.462019,0000,005936,0.038184,0.0020,0.1954
2026-08-11T10:45:22.285812,0000,005944,0.044771,0.0013,0.2116
2026-08-11T10:45:24.445988,0000,005952,0.019178,-0.0002,0.1385
2026-08-11T10:45:26.363644,0000,005960,0.033026,-0.0007,0.1817
2026-08-11T10:45:28.393852,0000,005968,0.038833,-0.0006,0.1971
2026-08-11T10:45:30.174557,0000,005976,0.119537,0.0003,0.3457
2026-08-11T10:45:32.570001,0000,005984,0.068707,0.0003,0.2621
2026-08-11T10:45:34.875920,0000,005992,0.040795,-0.0001,0.2020
2026-08-11T10:45:37.049264,0000,006000,0.031608,0.0001,0.1778
2026-08-11T10:45:38.953425,0000,006008,0.041702,-0.0008,0.2042
2026-08-11T10:45:41.083177,0000,006016,0.050883,-0.0006,0.2256
2026-08-11T10:45:43.050937,0000,006024,0.054998,0.0003,0.2345
2026-08-11T10:45:45.075186,0000,006032,0.029272,0.0006,0.1711
2026-08-11T10:45:47.165006,0000,006040,0.017162,0.0001,0.1310
2026-08-11T10:45:49.257756,0000,006048,0.058050,-0.0013,0.2409
2026-08-11T10:45:51.275804,0000,006056,0.054744,-0.0019,0.2340
2026-08-11T10:45:53.195501,0000,006064,0.032765,-0.0015,0.1810
2026-08-11T10:45:55.026389,0000,006072,0.023372,-0.0006,0.1529
2026-08-11T10:45:56.802718,0000,006080,0.033739,0.0012,0.1837
2026-08-11T10:45:58.737895,0000,006088,0.059922,0.0021,0.2448
2026-08-11T10:46:00.800398,0000,006096,0.050836,0.0022,0.2255
2026-08-11T10:46:02.652714,0000,006104,0.044434,0.0011,0.2108
2026-08-11T10:46:04.487627,0000,006112,0.027495,-0.0002,0.1658
2026-08-11T10:46:06.394538,0000,006120,0.016946,-0.0007,0.1302
2026-08-11T10:46:08.218615,0000,006128,0.023159,-0.0008,0.1522
2026-08-11T10:46:10.086812,0000,006136,0.019752,0.0003,0.1405
2026-08-11T10:46:13.117473,0000,006144,0.021200,0.0006,0.1456
2026-08-11T10:46:15.260716,0000,006152,0.013910,-0.0003,0.1179
2026-08-11T10:46:17.345737,0000,006160,0.027538,0.0002,0.1659
2026-08-11T10:46:19.427335,0000,006168,0.038677,-0.0007,0.1967
2026-08-11T10:46:21.384921,0000,006176,0.066860,-0.0005,0.2586
2026-08-11T10:46:23.441037,0000,006184,0.030466,0.0007,0.1745
2026-08-11T10:46:25.492097,0000,006192,0.047255,0.0006,0.2174
2026-08-11T10:46:27.622211,0000,006200,0.059262,-0.0001,0.2434
2026-08-11T10:46:29.643040,0000,006208,0.022832,0.0002,0.1511
2026-08-11T10:46:31.746708,0000,006216,0.018027,-0.0004,0.1343
2026-08-11T10:46:33.668733,0000,006224,0.032980,-0.0004,0.1816
2026-08-11T10:46:35.737854,0000,006232,0.052902,0.0006,0.2300
2026-08-11T10:46:37.682605,0000,006240,0.032662,0.0006,0.1807
2026-08-11T10:46:39.897154,0000,006248,0.056907,0.0001,0.2386
2026-08-11T10:46:41.852939,0000,006256,0.037683,-0.0014,0.1941
2026-08-11T10:46:43.827704,0000,006264,0.067372,-0.0018,0.2596
2026-08-11T10:46:45.788865,0000,006272,0.057267,-0.0014,0.2393
2026-08-11T10:46:47.770952,0000,006280,0.028452,-0.0004,0.1687
2026-08-11T10:46:49.828733,0000,006288,0.053038,0.0012,0.2303
2026-08-11T10:46:51.836657,0000,006296,0.049611,0.0021,0.2227
2026-08-11T10:46:54.011118,0000,006304,0.088063,0.0021,0.2968
2026-08-11T10:46:56.225267,0000,006312,0.079973,0.0013,0.2828
2026-08-11T10:46:58.209890,0000,006320,0.044507,-0.0003,0.2110
2026-08-11T10:47:00.194659,0000,006328,0.022181,-0.0008,0.1489
2026-08-11T10:47:02.081670,0000,006336,0.038853,-0.0006,0.1971
2026-08-11T10:47:04.188107,0000,006344,0.028113,0.0003,0.1677
2026-08-11T10:47:06.939706,0000,006352,0.050234,0.0005,0.2241
2026-08-11T10:47:09.012759,0000,006360,0.024120,-0.0001,0.1553
2026-08-11T10:47:10.936646,0000,006368,0.040534,-0.0001,0.2013
2026-08-11T10:47:13.359964,0000,006376,0.044206,0.0013,0.2103
2026-08-11T10:47:15.186778,0000,006384,0.037480,0.0010,0.1936
2026-08-11T10:47:17.588563,0000,006392,0.021023,0.0002,0.1450
2026-08-11T10:47:19.603999,0000,006400,0.026662,-0.0011,0.1633
2026-08-11T10:47:21.386630,0000,006408,0.053660,-0.0017,0.2316
2026-08-11T10:47:23.661272,0000,006416,0.065064,-0.0011,0.2551
2026-08-11T10:47:26.106259,0000,006424,0.022676,-0.0004,0.1506
2026-08-11T10:47:28.082474,0000,006432,0.034577,0.0014,0.1859
2026-08-11T10:47:30.013866,0000,006440,0.055907,0.0021,0.2364
2026-08-11T10:47:32.098509,0000,006448,0.069091,0.0021,0.2629
2026-08-11T10:47:34.168428,0000,006456,0.038666,0.0014,0.1966
2026-08-11T10:47:36.897721,0000,006464,0.058037,-0.0001,0.2409
2026-08-11T10:47:39.002409,0000,006472,1.601991,-0.0034,1.2657
2026-08-11T10:47:41.031377,0000,006480,0.099728,-0.0033,0.3158
2026-08-11T10:47:43.077617,0000,006488,0.085856,-0.0035,0.2930
2026-08-11T10:47:45.079710,0000,006496,0.118872,-0.0032,0.3448
2026-08-11T10:47:47.360261,0000,006504,0.057049,-0.0021,0.2388
2026-08-11T10:47:49.399468,0000,006512,0.041671,-0.0001,0.2041
2026-08-11T10:47:51.809406,0000,006520,0.074815,0.0027,0.2735
2026-08-11T10:47:53.998433,0000,006528,0.106709,0.0039,0.3267
2026-08-11T10:47:56.354347,0000,006536,0.205163,0.0051,0.4529
2026-08-11T10:47:58.249801,0000,006544,0.111198,0.0037,0.3335
2026-08-11T10:48:00.424584,0000,006552,0.086363,0.0032,0.2939
2026-08-11T10:48:02.464560,0000,006560,0.037195,0.0016,0.1929
2026-08-11T10:48:04.512020,0000,006568,0.042603,-0.0009,0.2064
2026-08-11T10:48:06.571063,0000,006576,0.073439,-0.0022,0.2710
2026-08-11T10:48:08.487239,0000,006584,0.063283,-0.0024,0.2516
2026-08-11T10:48:10.388400,0000,006592,0.057849,-0.0021,0.2405
2026-08-11T10:48:12.477324,0000,006600,0.071926,-0.0012,0.2682
2026-08-11T10:48:14.585487,0000,006608,0.025444,0.0008,0.1595
2026-08-11T10:48:16.511813,0000,006616,0.037433,0.0016,0.1935
2026-08-11T10:48:18.442229,0000,006624,0.040480,0.0019,0.2012
2026-08-11T10:48:20.526741,0000,006632,0.074212,0.0008,0.2724
2026-08-11T10:48:22.780234,0000,006640,0.029685,-0.0008,0.1723
2026-08-11T10:48:25.068547,0000,006648,0.114389,-0.0018,0.3382
2026-08-11T10:48:26.961468,0000,006656,0.025972,-0.0008,0.1612
2026-08-11T10:48:28.820982,0000,006664,0.036144,0.0001,0.1901
2026-08-11T10:48:30.715171,0000,006672,0.043269,0.0003,0.2080
2026-08-11T10:48:32.511744,0000,006680,0.052610,-0.0002,0.2294
2026-08-11T10:48:34.353061,0000,006688,0.026008,0.0000,0.1613
2026-08-11T10:48:36.263161,0000,006696,0.025488,-0.0006,0.1596
2026-08-11T10:48:38.078345,0000,006704,0.040987,-0.0006,0.2025
2026-08-11T10:48:40.254441,0000,006712,0.026688,0.0007,0.1634
2026-08-11T10:48:42.272590,0000,006720,0.072451,0.0003,0.2692
2026-08-11T10:48:44.072250,0000,006728,0.218787,-0.0001,0.4677
2026-08-11T10:48:46.084287,0000,006736,0.022535,0.0002,0.1501
2026-08-11T10:48:48.069857,0000,006744,0.016613,-0.0005,0.1289
2026-08-11T10:48:50.404440,0000,006752,0.043120,-0.0005,0.2077
2026-08-11T10:48:52.545395,0000,006760,0.036610,0.0007,0.1913
2026-08-11T10:48:54.565361,0000,006768,0.063418,0.0006,0.2518
2026-08-11T10:48:56.714613,0000,006776,0.018464,0.0001,0.1359
2026-08-11T10:48:58.829482,0000,006784,0.032473,-0.0015,0.1802
2026-08-11T10:49:00.657310,0000,006792,0.063078,-0.0018,0.2512
2026-08-11T10:49:02.683052,0000,006800,0.067481,-0.0017,0.2598
2026-08-11T10:49:04.714263,0000,006808,0.021458,-0.0005,0.1465
2026-08-11T10:49:06.564142,0000,006816,0.042188,0.0014,0.2054
2026-08-11T10:49:08.672210,0000,006824,0.055829,0.0022,0.2363
2026-08-11T10:49:10.472801,0000,006832,0.043897,0.0020,0.2095
2026-08-11T10:49:12.421360,0000,006840,0.029151,0.0014,0.1707
2026-08-11T10:49:14.284492,0000,006848,0.019393,-0.0001,0.1393
2026-08-11T10:49:16.742587,0000,006856,0.029985,-0.0008,0.1732
2026-08-11T10:49:18.741114,0000,006864,0.020102,-0.0006,0.1418
2026-08-11T10:49:20.845901,0000,006872,0.036542,0.0004,0.1912
2026-08-11T10:49:23.016854,0000,006880,0.029922,0.0007,0.1730
2026-08-11T10:49:25.210071,0000,006888,0.021689,-0.0001,0.1473
2026-08-11T10:49:27.082379,0000,006896,0.032731,-0.0000,0.1809
2026-08-11T10:49:29.030262,0000,006904,0.040301,0.0009,0.2008
2026-08-11T10:49:30.949602,0000,006912,0.121837,0.0010,0.3491
2026-08-11T10:49:33.325240,0000,006920,0.043283,0.0002,0.2080
2026-08-11T10:49:35.444931,0000,006928,0.040145,-0.0009,0.2004
2026-08-11T10:49:37.486988,0000,006936,0.038731,-0.0013,0.1968
2026-08-11T10:49:39.377278,0000,006944,0.039213,-0.0011,0.1980
2026-08-11T10:49:41.275568,0000,006952,0.024507,-0.0002,0.1565
2026-08-11T10:49:43.647545,0000,006960,0.065879,0.0017,0.2567
2026-08-11T10:49:45.705388,0000,006968,0.067057,0.0023,0.2590
2026-08-11T10:49:47.733683,0000,006976,0.054187,0.0024,0.2328
2026-08-11T10:49:50.232073,0000,006984,0.076535,0.0017,0.2766
2026-08-11T10:49:52.384679,0000,006992,0.028078,0.0000,0.1676
2026-08-11T10:49:54.393126,0000,007000,0.053414,-0.0021,0.2311
2026-08-11T10:49:56.346554,0000,007008,0.091080,-0.0031,0.3018
2026-08-11T10:49:58.254372,0000,007016,0.096323,-0.0032,0.3104
2026-08-11T10:50:00.165986,0000,007024,0.065437,-0.0028,0.2558
2026-08-11T10:50:02.180249,0000,007032,0.031154,-0.0015,0.1765
2026-08-11T10:50:04.187613,0000,007040,0.021896,0.0003,0.1480
2026-08-11T10:50:05.997040,0000,007048,0.065836,0.0009,0.2566
2026-08-11T10:50:07.763179,0000,007056,0.038019,0.0011,0.1950
2026-08-11T10:50:09.534498,0000,007064,0.022663,0.0005,0.1505
2026-08-11T10:50:11.280435,0000,007072,0.018608,-0.0009,0.1364
2026-08-11T10:50:13.175968,0000,007080,0.036344,-0.0015,0.1906
2026-08-11T10:50:14.981385,0000,007088,0.211171,-0.0012,0.4595
2026-08-11T10:50:16.902068,0000,007096,0.018090,0.0001,0.1345
2026-08-11T10:50:19.303566,0000,007104,0.029794,0.0000,0.1726
2026-08-11T10:50:21.192747,0000,007112,0.066686,0.0009,0.2582
2026-08-11T10:50:23.110976,0000,007120,0.042960,0.0010,0.2073
2026-08-11T10:50:25.259559,0000,007128,0.044542,0.0004,0.2110
2026-08-11T10:50:27.135118,0000,007136,0.052029,-0.0010,0.2281
2026-08-11T10:50:29.007748,0000,007144,0.028499,-0.0013,0.1688
2026-08-11T10:50:31.085109,0000,007152,0.043549,-0.0014,0.2087
2026-08-11T10:50:32.916966,0000,007160,0.032199,-0.0001,0.1794
2026-08-11T10:50:35.009344,0000,007168,0.110847,0.0017,0.3329
2026-08-11T10:50:37.306218,0000,007176,0.090106,0.0027,0.3002
2026-08-11T10:50:39.092666,0000,007184,0.039552,0.0021,0.1989
2026-08-11T10:50:40.840824,0000,007192,0.037318,0.0014,0.1932
2026-08-11T10:50:42.907995,0000,007200,0.028533,-0.0003,0.1689
2026-08-11T10:50:44.839753,0000,007208,0.083043,-0.0005,0.2882
2026-08-11T10:50:47.052830,0000,007216,0.024675,-0.0003,0.1571
2026-08-11T10:50:49.024459,0000,007224,0.038779,0.0006,0.1969
2026-08-11T10:50:50.790887,0000,007232,0.026906,0.0007,0.1640
2026-08-11T10:50:52.670929,0000,007240,0.027661,0.0002,0.1663
2026-08-11T10:50:54.646823,0000,007248,0.046445,-0.0011,0.2155
2026-08-11T10:50:56.571823,0000,007256,0.068634,-0.0018,0.2620
2026-08-11T10:50:58.515897,0000,007264,0.030015,-0.0012,0.1732
2026-08-11T10:51:00.455920,0000,007272,0.019409,-0.0002,0.1393
2026-08-11T10:51:02.472501,0000,007280,0.050371,0.0017,0.2244
2026-08-11T10:51:04.375563,0000,007288,0.088931,0.0020,0.2982
2026-08-11T10:51:06.159607,0000,007296,0.045941,0.0020,0.2143
2026-08-11T10:51:08.251374,0000,007304,0.037079,0.0016,0.1926
2026-08-11T10:51:10.309612,0000,007312,0.040739,-0.0001,0.2018
2026-08-11T10:51:12.285611,0000,007320,0.042657,-0.0006,0.2065
2026-08-11T10:51:14.092082,0000,007328,0.020840,-0.0004,0.1444
2026-08-11T10:51:15.927689,0000,007336,0.033181,0.0004,0.1822
2026-08-11T10:51:17.677004,0000,007344,0.026022,0.0005,0.1613
2026-08-11T10:51:19.556567,0000,007352,0.025532,0.0002,0.1598
2026-08-11T10:51:21.663010,0000,007360,0.048778,-0.0015,0.2209
2026-08-11T10:51:23.611778,0000,007368,0.050769,-0.0020,0.2253
2026-08-11T10:51:25.472909,0000,007376,0.032247,-0.0015,0.1796
2026-08-11T10:51:27.752073,0000,007384,0.062593,-0.0003,0.2502
2026-08-11T10:51:29.763538,0000,007392,0.081831,0.0015,0.2861
2026-08-11T10:51:31.773863,0000,007400,0.085182,0.0021,0.2919
2026-08-11T10:51:33.734504,0000,007408,0.062072,0.0024,0.2491
2026-08-11T10:51:35.496679,0000,007416,0.225132,0.0012,0.4745
2026-08-11T10:51:37.425220,0000,007424,0.028408,-0.0002,0.1685
2026-08-11T10:51:39.492625,0000,007432,0.242175,-0.0012,0.4921
2026-08-11T10:51:41.231748,0000,007440,0.099484,-0.0005,0.3154
2026-08-11T10:51:43.000329,0000,007448,0.029633,0.0005,0.1721
2026-08-11T10:51:44.724348,0000,007456,0.027521,0.0006,0.1659
2026-08-11T10:51:46.435950,0000,007464,0.040467,-0.0000,0.2012
2026-08-11T10:51:48.242473,0000,007472,0.015976,0.0003,0.1264
2026-08-11T10:51:50.207056,0000,007480,0.021113,-0.0005,0.1453
2026-08-11T10:51:52.291626,0000,007488,0.014190,-0.0003,0.1191
2026-08-11T10:51:54.091039,0000,007496,0.022539,0.0007,0.1501
2026-08-11T10:51:55.999331,0000,007504,0.026577,0.0009,0.1630
2026-08-11T10:51:57.733582,0000,007512,0.032568,0.0002,0.1805
2026-08-11T10:51:59.634294,0000,007520,0.031681,-0.0013,0.1780
2026-08-11T10:52:01.770510,0000,007528,0.054590,-0.0019,0.2336
2026-08-11T10:52:04.031569,0000,007536,0.052381,-0.0015,0.2289
2026-08-11T10:52:06.216204,0000,007544,0.022771,-0.0001,0.1509
2026-08-11T10:52:08.276519,0000,007552,0.033245,0.0014,0.1823
2026-08-11T10:52:10.332806,0000,007560,0.242160,0.0021,0.4921
2026-08-11T10:52:12.322563,0000,007568,0.034018,0.0021,0.1844
2026-08-11T10:52:14.261051,0000,007576,0.068324,0.0013,0.2614
2026-08-11T10:52:16.429875,0000,007584,0.028673,0.0002,0.1693
2026-08-11T10:52:18.153414,0000,007592,0.041848,-0.0020,0.2046
2026-08-11T10:52:20.010882,0000,007600,0.101232,-0.0031,0.3182
2026-08-11T10:52:21.719254,0000,007608,0.084293,-0.0033,0.2903
2026-08-11T10:52:23.454472,0000,007616,0.075141,-0.0027,0.2741
2026-08-11T10:52:25.320240,0000,007624,0.052210,-0.0017,0.2285
2026-08-11T10:52:27.285522,0000,007632,0.018467,0.0004,0.1359
2026-08-11T10:52:29.231384,0000,007640,0.035119,0.0012,0.1874
2026-08-11T10:52:31.037616,0000,007648,0.028674,0.0010,0.1693
2026-08-11T10:52:32.887721,0000,007656,0.020837,0.0006,0.1444
2026-08-11T10:52:34.758941,0000,007664,0.037403,-0.0008,0.1934
2026-08-11T10:52:36.899483,0000,007672,0.039162,-0.0017,0.1979
2026-08-11T10:52:38.656557,0000,007680,0.041375,-0.0009,0.2034
2026-08-11T10:52:40.427324,0000,007688,0.029138,0.0000,0.1707
2026-08-11T10:52:42.358527,0000,007696,0.031442,0.0002,0.1773
2026-08-11T10:52:44.094289,0000,007704,0.016212,-0.0004,0.1273
2026-08-11T10:52:45.855505,0000,007712,0.033419,-0.0002,0.1828
2026-08-11T10:52:48.090380,0000,007720,0.105754,0.0009,0.3252
2026-08-11T10:52:50.059629,0000,007728,0.102150,0.0008,0.3196
2026-08-11T10:52:52.043498,0000,007736,0.027171,0.0003,0.1648
2026-08-11T10:52:54.150356,0000,007744,0.042138,-0.0011,0.2053
2026-08-11T10:52:56.280728,0000,007752,0.042812,-0.0013,0.2069
2026-08-11T10:52:58.432034,0000,007760,0.038647,-0.0014,0.1966
2026-08-11T10:53:00.335026,0000,007768,0.027622,-0.0001,0.1662
2026-08-11T10:53:02.834525,0000,007776,0.063051,0.0018,0.2511
2026-08-11T10:53:04.673331,0000,007784,0.050082,0.0021,0.2238
2026-08-11T10:53:06.575425,0000,007792,0.060643,0.0024,0.2463
2026-08-11T10:53:08.524875,0000,007800,0.085578,0.0014,0.2925
2026-08-11T10:53:10.255367,0000,007808,0.034117,0.0000,0.1847
2026-08-11T10:53:12.013020,0000,007816,0.036376,-0.0019,0.1907
2026-08-11T10:53:14.075507,0000,007824,0.083855,-0.0033,0.2896
2026-08-11T10:53:16.347197,0000,007832,0.161369,-0.0044,0.4017
2026-08-11T10:53:18.181304,0000,007840,0.060102,-0.0026,0.2452
2026-08-11T10:53:20.118302,0000,007848,0.098830,-0.0016,0.3144
2026-08-11T10:53:21.937748,0000,007856,0.017111,0.0003,0.1308
2026-08-11T10:53:23.796558,0000,007864,0.063218,0.0011,0.2514
2026-08-11T10:53:25.616422,0000,007872,0.045083,0.0011,0.2123
2026-08-11T10:53:27.636728,0000,007880,0.023504,0.0004,0.1533
2026-08-11T10:53:29.488384,0000,007888,0.028973,-0.0008,0.1702
2026-08-11T10:53:31.571535,0000,007896,0.055831,-0.0014,0.2363
2026-08-11T10:53:33.526074,0000,007904,0.039441,-0.0010,0.1986
2026-08-11T10:53:35.331619,0000,007912,0.117614,-0.0000,0.3429
2026-08-11T10:53:37.215769,0000,007920,0.051064,0.0020,0.2260
2026-08-11T10:53:39.045316,0000,007928,0.049361,0.0025,0.2222
2026-08-11T10:53:40.766524,0000,007936,0.056650,0.0024,0.2380
2026-08-11T10:53:42.682445,0000,007944,0.042129,0.0017,0.2053
2026-08-11T10:53:44.550892,0000,007952,0.035277,0.0003,0.1878
2026-08-11T10:53:46.813256,0000,007960,0.061232,-0.0018,0.2475
2026-08-11T10:53:49.134148,0000,007968,0.068367,-0.0029,0.2615
2026-08-11T10:53:50.967289,0000,007976,0.104524,-0.0031,0.3233
2026-08-11T10:53:52.911297,0000,007984,0.069275,-0.0027,0.2632
2026-08-11T10:53:55.158096,0000,007992,0.068035,-0.0021,0.2608
2026-08-11T10:53:57.127417,0000,008000,0.036991,0.0003,0.1923
2026-08-11T10:53:58.972709,0000,008008,0.049131,0.0012,0.2217
2026-08-11T10:54:00.951133,0000,008016,0.056952,0.0012,0.2386
2026-08-11T10:54:02.868882,0000,008024,0.027955,0.0006,0.1672
2026-08-11T10:54:04.844792,0000,008032,0.249646,-0.0010,0.4996
2026-08-11T10:54:06.737320,0000,008040,0.031746,-0.0011,0.1782
2026-08-11T10:54:08.807348,0000,008048,0.038866,-0.0012,0.1971
2026-08-11T10:54:10.930906,0000,008056,0.040970,0.0003,0.2024
2026-08-11T10:54:12.806775,0000,008064,0.031908,0.0004,0.1786
2026-08-11T10:54:14.875440,0000,008072,0.022490,-0.0005,0.1500
2026-08-11T10:54:16.800296,0000,008080,0.034821,0.0001,0.1866
2026-08-11T10:54:18.814991,0000,008088,0.035492,-0.0005,0.1884
2026-08-11T10:54:20.828300,0000,008096,0.071103,-0.0003,0.2667
2026-08-11T10:54:22.622265,0000,008104,0.038422,0.0004,0.1960
2026-08-11T10:54:24.505241,0000,008112,0.018092,0.0008,0.1345
2026-08-11T10:54:26.538128,0000,008120,0.029811,0.0002,0.1727
2026-08-11T10:54:28.566077,0000,008128,0.025621,-0.0011,0.1601
2026-08-11T10:54:30.494259,0000,008136,0.043170,-0.0015,0.2078
2026-08-11T10:54:32.348156,0000,008144,0.051561,-0.0012,0.2271
2026-08-11T10:54:34.376275,0000,008152,0.039113,-0.0002,0.1978
2026-08-11T10:54:36.306614,0000,008160,0.059056,0.0016,0.2430
2026-08-11T10:54:38.323261,0000,008168,0.070191,0.0023,0.2649
2026-08-11T10:54:40.483091,0000,008176,0.083966,0.0024,0.2898
2026-08-11T10:54:42.284101,0000,008184,0.060453,0.0014,0.2459
2026-08-11T10:54:44.259631,0000,008192,0.044743,-0.0001,0.2115
2026-08-11T10:54:46.152047,0000,008200,0.019505,-0.0006,0.1397
2026-08-11T10:54:48.451115,0000,008208,0.058553,-0.0006,0.2420
2026-08-11T10:54:50.451197,0000,008216,0.032143,0.0007,0.1793
2026-08-11T10:54:52.679141,0000,008224,0.025329,0.0008,0.1592
2026-08-11T10:54:54.758549,0000,008232,0.024112,-0.0000,0.1553
2026-08-11T10:54:56.768159,0000,008240,0.022987,0.0003,0.1516
2026-08-11T10:54:58.656077,0000,008248,0.046803,-0.0004,0.2163
2026-08-11T10:55:00.407221,0000,008256,0.031062,0.0001,0.1762
2026-08-11T10:55:02.595173,0000,008264,0.034274,-0.0007,0.1851
2026-08-11T10:55:04.433700,0000,008272,0.025935,-0.0003,0.1610
2026-08-11T10:55:06.680143,0000,008280,0.061437,0.0004,0.2479
2026-08-11T10:55:09.018036,0000,008288,1.602720,-0.0004,1.2660
2026-08-11T10:55:11.013475,0000,008296,0.059747,0.0016,0.2444
2026-08-11T10:55:12.891119,0000,008304,0.033954,0.0016,0.1843
2026-08-11T10:55:14.955001,0000,008312,0.038946,0.0009,0.1973
2026-08-11T10:55:16.826030,0000,008320,0.027876,-0.0004,0.1670
2026-08-11T10:55:18.980889,0000,008328,0.046744,-0.0011,0.2162
2026-08-11T10:55:21.046800,0000,008336,0.247862,-0.0009,0.4979
2026-08-11T10:55:22.851102,0000,008344,1.594591,-0.0009,1.2628
2026-08-11T10:55:25.100473,0000,008352,0.074992,0.0020,0.2738
2026-08-11T10:55:27.095183,0000,008360,0.061161,0.0026,0.2473
2026-08-11T10:55:28.872176,0000,008368,0.061469,0.0026,0.2479
2026-08-11T10:55:31.048921,0000,008376,0.045139,0.0018,0.2125
2026-08-11T10:55:32.856795,0000,008384,0.036442,0.0002,0.1909
2026-08-11T10:55:34.621380,0000,008392,0.042775,-0.0017,0.2068
2026-08-11T10:55:36.452049,0000,008400,0.070475,-0.0029,0.2655
2026-08-11T10:55:38.205825,0000,008408,0.087471,-0.0031,0.2958
2026-08-11T10:55:40.126483,0000,008416,0.087568,-0.0028,0.2959
2026-08-11T10:55:42.425111,0000,008424,0.051976,-0.0016,0.2280
2026-08-11T10:55:44.836378,0000,008432,0.063836,0.0003,0.2527
2026-08-11T10:55:46.752298,0000,008440,0.043875,0.0011,0.2095
2026-08-11T10:55:48.995030,0000,008448,0.033179,0.0015,0.1822
2026-08-11T10:55:51.046196,0000,008456,0.026109,0.0007,0.1616
2026-08-11T10:55:53.057001,0000,008464,1.561262,-0.0019,1.2495
2026-08-11T10:55:55.014967,0000,008472,0.039675,-0.0011,0.1992
2026-08-11T10:55:57.183513,0000,008480,0.030745,-0.0010,0.1753
2026-08-11T10:55:59.147175,0000,008488,0.015645,0.0002,0.1251
2026-08-11T10:56:01.005022,0000,008496,0.099486,0.0001,0.3154
2026-08-11T10:56:02.728065,0000,008504,0.017621,-0.0003,0.1327
2026-08-11T10:56:04.653850,0000,008512,0.033079,-0.0001,0.1819
2026-08-11T10:56:06.794294,0000,008520,0.044327,0.0008,0.2105
2026-08-11T10:56:09.086260,0000,008528,0.023221,0.0010,0.1524
2026-08-11T10:56:11.393542,0000,008536,0.020435,0.0002,0.1430
2026-08-11T10:56:13.336115,0000,008544,0.018295,-0.0010,0.1353
2026-08-11T10:56:15.649992,0000,008552,0.042651,-0.0018,0.2065
2026-08-11T10:56:17.675278,0000,008560,0.037576,-0.0011,0.1938
2026-08-11T10:56:19.577512,0000,008568,0.020739,0.0001,0.1440
2026-08-11T10:56:21.976366,0000,008576,0.017801,-0.0002,0.1334
2026-08-11T10:56:24.020014,0000,008584,0.029533,0.0011,0.1719
2026-08-11T10:56:26.553907,0000,008592,0.034578,0.0009,0.1860
2026-08-11T10:56:28.590409,0000,008600,0.044849,0.0005,0.2118
2026-08-11T10:56:30.488845,0000,008608,0.028282,-0.0008,0.1682
2026-08-11T10:56:32.431979,0000,008616,0.031877,-0.0014,0.1785
2026-08-11T10:56:34.208594,0000,008624,0.037105,-0.0010,0.1926
2026-08-11T10:56:36.154056,0000,008632,0.024921,-0.0001,0.1579
2026-08-11T10:56:38.004735,0000,008640,0.054149,0.0016,0.2327
2026-08-11T10:56:40.049218,0000,008648,0.094117,0.0025,0.3068
2026-08-11T10:56:41.819494,0000,008656,0.048437,0.0024,0.2201
2026-08-11T10:56:43.726350,0000,008664,0.047829,0.0015,0.2187
2026-08-11T10:56:45.788286,0000,008672,0.013373,0.0001,0.1156
2026-08-11T10:56:47.770668,0000,008680,0.043580,-0.0020,0.2088
2026-08-11T10:56:49.680032,0000,008688,0.094688,-0.0029,0.3077
2026-08-11T10:56:51.614706,0000,008696,0.079934,-0.0032,0.2827
2026-08-11T10:56:53.619370,0000,008704,0.080710,-0.0026,0.2841
2026-08-11T10:56:55.527970,0000,008712,0.035708,-0.0015,0.1890
2026-08-11T10:56:57.466772,0000,008720,0.228022,0.0003,0.4775
2026-08-11T10:56:59.627267,0000,008728,0.027411,0.0013,0.1656
2026-08-11T10:57:01.542403,0000,008736,0.045376,0.0014,0.2130
2026-08-11T10:57:03.635533,0000,008744,0.061886,0.0007,0.2488
2026-08-11T10:57:05.474780,0000,008752,0.030727,-0.0008,0.1753
2026-08-11T10:57:07.810488,0000,008760,0.072097,-0.0016,0.2685
2026-08-11T10:57:09.861611,0000,008768,0.038396,-0.0009,0.1959
2026-08-11T10:57:11.666581,0000,008776,0.029900,0.0002,0.1729
2026-08-11T10:57:13.675550,0000,008784,0.023966,0.0004,0.1548
2026-08-11T10:57:15.581803,0000,008792,0.019280,-0.0003,0.1389
2026-08-11T10:57:17.336158,0000,008800,0.037237,-0.0001,0.1930
2026-08-11T10:57:19.783096,0000,008808,0.026634,0.0011,0.1632
2026-08-11T10:57:21.555580,0000,008816,0.029660,0.0009,0.1722
2026-08-11T10:57:23.420607,0000,008824,0.019247,0.0005,0.1387
2026-08-11T10:57:25.242512,0000,008832,0.029491,-0.0009,0.1717
2026-08-11T10:57:27.237349,0000,008840,0.039193,-0.0015,0.1980
2026-08-11T10:57:29.297045,0000,008848,0.034606,-0.0010,0.1860
2026-08-11T10:57:31.120027,0000,008856,0.019135,0.0000,0.1383
2026-08-11T10:57:32.943585,0000,008864,0.017384,0.0001,0.1318
2026-08-11T10:57:34.869636,0000,008872,0.056020,-0.0005,0.2367
2026-08-11T10:57:36.763127,0000,008880,0.032433,-0.0002,0.1801
2026-08-11T10:57:38.728374,0000,008888,0.043482,0.0008,0.2085
2026-08-11T10:57:40.611279,0000,008896,0.026527,0.0010,0.1629
2026-08-11T10:57:42.500283,0000,008904,0.016036,0.0003,0.1266
2026-08-11T10:57:44.395090,0000,008912,0.063026,-0.0009,0.2511
2026-08-11T10:57:46.161537,0000,008920,0.025446,-0.0014,0.1595
2026-08-11T10:57:48.686429,0000,008928,0.055381,-0.0017,0.2353
2026-08-11T10:57:50.792828,0000,008936,0.023434,-0.0003,0.1531
2026-08-11T10:57:52.766766,0000,008944,0.051073,0.0017,0.2260
2026-08-11T10:57:54.896719,0000,008952,0.080595,0.0026,0.2839
2026-08-11T10:57:56.789703,0000,008960,1.635394,0.0013,1.2788
2026-08-11T10:57:58.744709,0000,008968,0.039175,0.0017,0.1979
2026-08-11T10:58:00.765708,0000,008976,0.020830,-0.0001,0.1443
2026-08-11T10:58:02.719790,0000,008984,0.037132,-0.0004,0.1927
2026-08-11T10:58:04.626619,0000,008992,0.037212,-0.0002,0.1929
2026-08-11T10:58:06.512709,0000,009000,0.048289,0.0007,0.2197
2026-08-11T10:58:08.494218,0000,009008,0.022093,0.0012,0.1486
2026-08-11T10:58:10.521139,0000,009016,0.034023,0.0001,0.1845
2026-08-11T10:58:12.407413,0000,009024,0.022852,-0.0009,0.1512
2026-08-11T10:58:14.219563,0000,009032,0.058645,-0.0014,0.2422
2026-08-11T10:58:16.100574,0000,009040,0.047677,-0.0012,0.2184
2026-08-11T10:58:18.296708,0000,009048,0.057438,-0.0003,0.2397
2026-08-11T10:58:20.332687,0000,009056,0.039763,0.0016,0.1994
2026-08-11T10:58:22.795854,0000,009064,0.061123,0.0027,0.2472
2026-08-11T10:58:24.675333,0000,009072,0.240020,0.0019,0.4899
2026-08-11T10:58:26.765672,0000,009080,0.050750,0.0014,0.2253
2026-08-11T10:58:28.595518,0000,009088,0.039678,0.0001,0.1992
2026-08-11T10:58:30.352649,0000,009096,0.042414,-0.0018,0.2059
2026-08-11T10:58:32.474446,0000,009104,0.115510,-0.0033,0.3399
2026-08-11T10:58:34.662562,0000,009112,0.123079,-0.0038,0.3508
2026-08-11T10:58:36.802362,0000,009120,0.087604,-0.0027,0.2960
2026-08-11T10:58:38.622514,0000,009128,0.053412,-0.0016,0.2311
2026-08-11T10:58:40.795823,0000,009136,0.048205,0.0004,0.2196
2026-08-11T10:58:43.022535,0000,009144,0.028487,0.0014,0.1688
2026-08-11T10:58:44.913525,0000,009152,0.060804,0.0013,0.2466
2026-08-11T10:58:46.819666,0000,009160,0.047697,0.0005,0.2184
2026-08-11T10:58:48.850909,0000,009168,0.070365,-0.0008,0.2653
2026-08-11T10:58:51.487128,0000,009176,0.099834,-0.0016,0.3160
2026-08-11T10:58:54.325540,0000,009184,0.036573,-0.0011,0.1912
2026-08-11T10:58:56.206365,0000,009192,0.032268,0.0001,0.1796
2026-08-11T10:58:58.093286,0000,009200,0.027960,0.0005,0.1672
2026-08-11T10:58:59.877489,0000,009208,0.018620,-0.0001,0.1365
2026-08-11T10:59:02.100289,0000,009216,0.041667,-0.0002,0.2041
2026-08-11T10:59:04.004339,0000,009224,0.047228,0.0011,0.2173
2026-08-11T10:59:05.819280,0000,009232,0.038880,0.0010,0.1972
2026-08-11T10:59:07.572256,0000,009240,0.017926,0.0003,0.1339
2026-08-11T10:59:09.666577,0000,009248,0.035374,-0.0009,0.1881
2026-08-11T10:59:11.480818,0000,009256,0.033425,-0.0013,0.1828
2026-08-11T10:59:13.220338,0000,009264,0.048284,-0.0011,0.2197
2026-08-11T10:59:15.111005,0000,009272,0.016362,0.0003,0.1279
2026-08-11T10:59:17.160862,0000,009280,0.039259,0.0002,0.1981
2026-08-11T10:59:19.414316,0000,009288,0.025987,-0.0004,0.1612
2026-08-11T10:59:21.550493,0000,009296,0.021684,0.0002,0.1473
2026-08-11T10:59:23.627281,0000,009304,0.041273,-0.0010,0.2032
2026-08-11T10:59:25.507247,0000,009312,0.047680,-0.0006,0.2184
2026-08-11T10:59:27.451835,0000,009320,0.058501,0.0007,0.2419
2026-08-11T10:59:29.314330,0000,009328,0.023437,0.0009,0.1531
2026-08-11T10:59:31.146076,0000,009336,0.028350,0.0000,0.1684
2026-08-11T10:59:33.275839,0000,009344,0.027639,-0.0013,0.1662
2026-08-11T10:59:35.194226,0000,009352,0.039197,-0.0015,0.1980
2026-08-11T10:59:37.102805,0000,009360,0.039579,-0.0011,0.1989
2026-08-11T10:59:38.890893,0000,009368,0.022962,-0.0002,0.1515
2026-08-11T10:59:41.035537,0000,009376,0.064350,0.0017,0.2537
2026-08-11T10:59:43.061665,0000,009384,0.078593,0.0026,0.2803
2026-08-11T10:59:44.920450,0000,009392,0.060095,0.0025,0.2451
2026-08-11T10:59:46.909441,0000,009400,0.038659,0.0018,0.1966
2026-08-11T10:59:48.768082,0000,009408,0.085908,0.0003,0.2931
2026-08-11T10:59:51.079236,0000,009416,0.056901,-0.0023,0.2385
2026-08-11T10:59:52.959642,0000,009424,0.140805,-0.0030,0.3752
2026-08-11T10:59:55.009232,0000,009432,0.280557,-0.0034,0.5297
2026-08-11T10:59:56.976948,0000,009440,0.077077,-0.0027,0.2776
2026-08-11T10:59:58.782261,0000,009448,0.034860,-0.0014,0.1867
2026-08-11T11:00:00.610141,0000,009456,1.598729,-0.0006,1.2644
2026-08-11T11:00:02.504927,0000,009464,0.070139,0.0027,0.2648
2026-08-11T11:00:04.432671,0000,009472,0.137850,0.0042,0.3713
2026-08-11T11:00:06.351992,0000,009480,0.142079,0.0044,0.3769
2026-08-11T11:00:08.247735,0000,009488,0.125552,0.0042,0.3543
2026-08-11T11:00:10.343399,0000,009496,0.105266,0.0037,0.3244
2026-08-11T11:00:12.607281,0000,009504,0.077696,0.0022,0.2787
2026-08-11T11:00:14.590176,0000,009512,0.020088,-0.0002,0.1417
2026-08-11T11:00:16.691174,0000,009520,0.039443,-0.0015,0.1986
2026-08-11T11:00:18.764221,0000,009528,0.036664,-0.0017,0.1915
2026-08-11T11:00:20.649117,0000,009536,1.599461,-0.0027,1.2647
2026-08-11T11:00:22.504503,0000,009544,0.015690,-0.0004,0.1253
2026-08-11T11:00:24.240006,0000,009552,0.039379,0.0012,0.1984
2026-08-11T11:00:26.148640,0000,009560,0.062772,0.0023,0.2505
2026-08-11T11:00:28.093205,0000,009568,0.138993,0.0020,0.3728
2026-08-11T11:00:30.052438,0000,009576,0.033803,0.0015,0.1839
2026-08-11T11:00:32.221669,0000,009584,0.026578,-0.0002,0.1630
2026-08-11T11:00:34.172396,0000,009592,0.045238,-0.0008,0.2127
2026-08-11T11:00:36.336380,0000,009600,0.010128,-0.0001,0.1006
2026-08-11T11:00:38.504075,0000,009608,0.022091,0.0007,0.1486
2026-08-11T11:00:40.314704,0000,009616,0.045835,0.0008,0.2141
2026-08-11T11:00:42.239392,0000,009624,0.040166,0.0003,0.2004
2026-08-11T11:00:44.037766,0000,009632,0.041928,-0.0010,0.2048
2026-08-11T11:00:45.941144,0000,009640,0.049154,-0.0014,0.2217
2026-08-11T11:00:47.779401,0000,009648,0.020605,-0.0010,0.1435
2026-08-11T11:00:49.860247,0000,009656,0.032727,0.0002,0.1809
2026-08-11T11:00:51.862297,0000,009664,0.078084,0.0002,0.2794
2026-08-11T11:00:53.734729,0000,009672,0.046386,-0.0003,0.2154
2026-08-11T11:00:55.497472,0000,009680,0.017676,-0.0001,0.1330
2026-08-11T11:00:57.699228,0000,009688,0.024671,0.0008,0.1571
2026-08-11T11:00:59.674105,0000,009696,0.028300,0.0012,0.1682
2026-08-11T11:01:01.751381,0000,009704,0.105211,0.0001,0.3244
2026-08-11T11:01:03.750067,0000,009712,1.586301,-0.0024,1.2595
2026-08-11T11:01:05.669216,0000,009720,0.057350,-0.0013,0.2395
2026-08-11T11:01:07.644280,0000,009728,0.024628,-0.0009,0.1569
2026-08-11T11:01:09.844559,0000,009736,0.029930,0.0002,0.1730
2026-08-11T11:01:11.793205,0000,009744,0.101059,0.0002,0.3179
2026-08-11T11:01:14.195051,0000,009752,0.068517,-0.0004,0.2618
2026-08-11T11:01:16.276172,0000,009760,0.043875,0.0001,0.2095
2026-08-11T11:01:18.193949,0000,009768,0.048341,-0.0007,0.2199
2026-08-11T11:01:20.469581,0000,009776,0.024054,-0.0003,0.1551
2026-08-11T11:01:22.367606,0000,009784,0.031154,0.0007,0.1765
2026-08-11T11:01:24.183746,0000,009792,0.027561,0.0007,0.1660
2026-08-11T11:01:26.423707,0000,009800,0.029490,0.0003,0.1717
2026-08-11T11:01:28.279529,0000,009808,0.023077,-0.0010,0.1519
2026-08-11T11:01:30.392113,0000,009816,0.031090,-0.0014,0.1763
2026-08-11T11:01:32.308838,0000,009824,0.035600,-0.0011,0.1887
2026-08-11T11:01:34.111076,0000,009832,0.099871,-0.0001,0.3160
2026-08-11T11:01:35.996978,0000,009840,0.062895,0.0017,0.2508
2026-08-11T11:01:37.949174,0000,009848,0.067257,0.0026,0.2593
2026-08-11T11:01:39.722026,0000,009856,0.058602,0.0022,0.2421
2026-08-11T11:01:41.837933,0000,009864,0.089236,0.0017,0.2987
2026-08-11T11:01:43.688774,0000,009872,0.027474,0.0003,0.1658
2026-08-11T11:01:45.543825,0000,009880,0.068461,-0.0017,0.2616
2026-08-11T11:01:47.413016,0000,009888,0.058933,-0.0028,0.2428
2026-08-11T11:01:49.178681,0000,009896,0.065732,-0.0029,0.2564
2026-08-11T11:01:51.086409,0000,009904,0.055467,-0.0024,0.2355
2026-08-11T11:01:52.972887,0000,009912,0.030480,-0.0011,0.1746
2026-08-11T11:01:54.831807,0000,009920,0.038769,0.0004,0.1969
2026-08-11T11:01:56.790521,0000,009928,0.035918,0.0018,0.1895
2026-08-11T11:01:58.602684,0000,009936,0.111573,0.0014,0.3340
2026-08-11T11:02:00.365693,0000,009944,0.034960,0.0008,0.1870
2026-08-11T11:02:02.420176,0000,009952,0.016625,-0.0004,0.1289
2026-08-11T11:02:04.372637,0000,009960,0.044003,-0.0010,0.2098
2026-08-11T11:02:06.548453,0000,009968,0.021448,-0.0008,0.1465
2026-08-11T11:02:08.604471,0000,009976,0.120942,-0.0001,0.3478
2026-08-11T11:02:10.778945,0000,009984,0.057555,0.0023,0.2399
2026-08-11T11:02:12.677404,0000,009992,0.068091,0.0027,0.2609
2026-08-11T11:02:14.738379,0000,010000,0.085943,0.0029,0.2932
2026-08-11T11:02:16.974773,0000,010008,0.093827,0.0022,0.3063
2026-08-11T11:02:19.141555,0000,010016,0.037235,0.0006,0.1930
2026-08-11T11:02:20.999221,0000,010024,0.032472,-0.0015,0.1802
2026-08-11T11:02:22.786252,0000,010032,0.048007,-0.0025,0.2191
2026-08-11T11:02:24.526918,0000,010040,0.062940,-0.0028,0.2509
2026-08-11T11:02:26.696924,0000,010048,1.659970,-0.0037,1.2884
2026-08-11T11:02:28.614900,0000,010056,0.026500,-0.0011,0.1628
2026-08-11T11:02:30.387622,0000,010064,0.028728,0.0005,0.1695
2026-08-11T11:02:32.251859,0000,010072,0.062043,0.0014,0.2491
2026-08-11T11:02:34.291060,0000,010080,0.064231,0.0020,0.2534
2026-08-11T11:02:36.216715,0000,010088,0.044421,0.0009,0.2108
2026-08-11T11:02:38.277138,0000,010096,0.037840,-0.0006,0.1945
2026-08-11T11:02:40.302579,0000,010104,0.030056,-0.0009,0.1734
2026-08-11T11:02:42.369474,0000,010112,0.056771,-0.0006,0.2383
2026-08-11T11:02:44.198625,0000,010120,0.085718,0.0004,0.2928
2026-08-11T11:02:46.075382,0000,010128,0.015655,0.0006,0.1251
2026-08-11T11:02:48.156098,0000,010136,0.063575,-0.0001,0.2521
2026-08-11T11:02:50.039606,0000,010144,0.062601,-0.0002,0.2502
2026-08-11T11:02:52.138778,0000,010152,0.232489,0.0010,0.4822
2026-08-11T11:02:54.475476,0000,010160,0.040938,0.0014,0.2023
2026-08-11T11:02:56.404696,0000,010168,0.031804,0.0006,0.1783
2026-08-11T11:02:58.222686,0000,010176,0.039066,-0.0006,0.1977
2026-08-11T11:02:59.948660,0000,010184,0.052853,-0.0013,0.2299
2026-08-11T11:03:02.004514,0000,010192,0.074836,-0.0007,0.2736
2026-08-11T11:03:03.821237,0000,010200,0.023648,0.0003,0.1538
2026-08-11T11:03:05.790109,0000,010208,0.028695,0.0004,0.1694
2026-08-11T11:03:07.641516,0000,010216,0.047773,-0.0002,0.2186
2026-08-11T11:03:09.473627,0000,010224,0.020671,0.0001,0.1438
2026-08-11T11:03:11.326767,0000,010232,0.023866,-0.0003,0.1545
2026-08-11T11:03:13.129037,0000,010240,0.024390,-0.0003,0.1562
2026-08-11T11:03:15.466116,0000,010248,1.573715,0.0000,1.2545
2026-08-11T11:03:17.360225,0000,010256,0.028304,0.0010,0.1682
2026-08-11T11:03:19.517809,0000,010264,0.020159,0.0004,0.1420
2026-08-11T11:03:21.587806,0000,010272,0.022579,-0.0011,0.1503
2026-08-11T11:03:23.454627,0000,010280,0.048264,-0.0015,0.2197
2026-08-11T11:03:25.335756,0000,010288,0.113155,-0.0011,0.3364
2026-08-11T11:03:27.782467,0000,010296,0.059751,0.0000,0.2444
2026-08-11T11:03:29.649587,0000,010304,0.053126,0.0017,0.2305
2026-08-11T11:03:31.791352,0000,010312,0.085841,0.0031,0.2930
2026-08-11T11:03:33.677508,0000,010320,0.067429,0.0025,0.2597
2026-08-11T11:03:35.826916,0000,010328,0.053695,0.0020,0.2317
2026-08-11T11:03:37.848559,0000,010336,0.037781,0.0003,0.1944
2026-08-11T11:03:39.758034,0000,010344,0.027059,-0.0016,0.1645
2026-08-11T11:03:41.723620,0000,010352,0.060616,-0.0027,0.2462
2026-08-11T11:03:43.538807,0000,010360,0.092152,-0.0031,0.3036
2026-08-11T11:03:45.542715,0000,010368,0.045653,-0.0024,0.2137
2026-08-11T11:03:47.427411,0000,010376,0.030607,-0.0012,0.1749
2026-08-11T11:03:49.201751,0000,010384,1.592295,-0.0007,1.2619
2026-08-11T11:03:51.538219,0000,010392,0.103376,0.0034,0.3215
2026-08-11T11:03:53.949455,0000,010400,0.142551,0.0044,0.3776
2026-08-11T11:03:56.329215,0000,010408,0.148478,0.0047,0.3853
2026-08-11T11:03:58.299150,0000,010416,1.654834,0.0033,1.2864
2026-08-11T11:04:00.327897,0000,010424,0.129511,0.0034,0.3599
2026-08-11T11:04:02.558518,0000,010432,0.039192,0.0021,0.1980
2026-08-11T11:04:04.641613,0000,010440,0.062779,-0.0003,0.2506
2026-08-11T11:04:07.003053,0000,010448,0.103237,-0.0020,0.3213
2026-08-11T11:04:08.895911,0000,010456,0.059459,-0.0019,0.2438
2026-08-11T11:04:11.047581,0000,010464,0.063346,-0.0015,0.2517
2026-08-11T11:04:13.220569,0000,010472,0.023295,-0.0002,0.1526
2026-08-11T11:04:15.379384,0000,010480,0.047548,0.0016,0.2181
2026-08-11T11:04:17.527004,0000,010488,0.072679,0.0023,0.2696
2026-08-11T11:04:19.519904,0000,010496,0.043806,0.0022,0.2093
2026-08-11T11:04:21.817806,0000,010504,0.037852,0.0013,0.1946
2026-08-11T11:04:23.694497,0000,010512,0.031150,0.0001,0.1765
2026-08-11T11:04:25.582436,0000,010520,0.027202,-0.0017,0.1649
2026-08-11T11:04:27.425849,0000,010528,0.098342,-0.0029,0.3136
2026-08-11T11:04:29.833783,0000,010536,0.094290,-0.0032,0.3071
2026-08-11T11:04:31.851700,0000,010544,0.053480,-0.0024,0.2313
2026-08-11T11:04:33.785632,0000,010552,0.037814,-0.0014,0.1945
2026-08-11T11:04:35.724148,0000,010560,0.056459,0.0003,0.2376
2026-08-11T11:04:37.825773,0000,010568,0.037464,0.0017,0.1936
2026-08-11T11:04:39.803331,0000,010576,0.046887,0.0014,0.2165
2026-08-11T11:04:41.794643,0000,010584,0.031475,0.0008,0.1774
2026-08-11T11:04:43.894834,0000,010592,0.049804,-0.0006,0.2232
2026-08-11T11:04:45.958211,0000,010600,0.024411,-0.0009,0.1562
2026-08-11T11:04:48.280541,0000,010608,0.111559,-0.0008,0.3340
2026-08-11T11:04:50.273347,0000,010616,0.058510,-0.0000,0.2419
2026-08-11T11:04:52.679438,0000,010624,0.050044,0.0022,0.2237
2026-08-11T11:04:54.884673,0000,010632,0.145760,0.0027,0.3818
2026-08-11T11:04:57.080966,0000,010640,0.127316,0.0027,0.3568
2026-08-11T11:04:59.371814,0000,010648,0.066077,0.0018,0.2571
2026-08-11T11:05:01.800546,0000,010656,0.020501,0.0006,0.1432
2026-08-11T11:05:04.314500,0000,010664,0.071441,-0.0017,0.2673
2026-08-11T11:05:06.699998,0000,010672,0.080381,-0.0028,0.2835
2026-08-11T11:05:09.231107,0000,010680,0.075893,-0.0029,0.2755
2026-08-11T11:05:11.705209,0000,010688,0.063349,-0.0022,0.2517
2026-08-11T11:05:14.392103,0000,010696,0.107519,-0.0017,0.3279
2026-08-11T11:05:16.804891,0000,010704,0.024605,0.0005,0.1569
2026-08-11T11:05:18.995523,0000,010712,0.042952,0.0015,0.2072
2026-08-11T11:05:20.941493,0000,010720,0.055482,0.0017,0.2355
2026-08-11T11:05:22.838512,0000,010728,0.022352,0.0009,0.1495
2026-08-11T11:05:24.884317,0000,010736,0.039461,-0.0003,0.1986
2026-08-11T11:05:26.956301,0000,010744,0.017430,-0.0009,0.1320
2026-08-11T11:05:28.954877,0000,010752,0.054378,-0.0009,0.2332
2026-08-11T11:05:30.735665,0000,010760,0.020367,0.0003,0.1427
2026-08-11T11:05:32.538417,0000,010768,0.040808,0.0006,0.2020
2026-08-11T11:05:34.518080,0000,010776,0.029662,0.0001,0.1722
2026-08-11T11:05:36.301981,0000,010784,1.595509,-0.0022,1.2631
2026-08-11T11:05:38.426489,0000,010792,0.054683,-0.0021,0.2338
2026-08-11T11:05:40.556444,0000,010800,0.057721,-0.0014,0.2403
2026-08-11T11:05:42.483183,0000,010808,0.030062,-0.0002,0.1734
2026-08-11T11:05:44.597743,0000,010816,0.031936,0.0017,0.1787
2026-08-11T11:05:46.396708,0000,010824,0.052259,0.0023,0.2286
2026-08-11T11:05:48.220636,0000,010832,0.050786,0.0020,0.2254
2026-08-11T11:05:50.079092,0000,010840,0.043333,0.0015,0.2082
2026-08-11T11:05:52.125646,0000,010848,0.054469,0.0000,0.2334
2026-08-11T11:05:54.217922,0000,010856,0.041746,-0.0006,0.2043
2026-08-11T11:05:56.054617,0000,010864,0.113494,-0.0002,0.3369
2026-08-11T11:05:58.492995,0000,010872,0.026443,0.0009,0.1626
2026-08-11T11:06:01.143609,0000,010880,0.040747,0.0010,0.2019
2026-08-11T11:06:03.645357,0000,010888,0.027377,0.0002,0.1655
2026-08-11T11:06:06.398376,0000,010896,0.032508,-0.0009,0.1803
2026-08-11T11:06:08.854893,0000,010904,0.038172,-0.0013,0.1954
2026-08-11T11:06:11.562728,0000,010912,0.023561,-0.0011,0.1535
2026-08-11T11:06:14.354167,0000,010920,0.038397,-0.0001,0.1960
2026-08-11T11:06:17.022627,0000,010928,0.051785,0.0018,0.2276
2026-08-11T11:06:19.506164,0000,010936,0.052039,0.0024,0.2281
2026-08-11T11:06:21.944251,0000,010944,0.069747,0.0023,0.2641
2026-08-11T11:06:24.517339,0000,010952,0.039641,0.0015,0.1991
2026-08-11T11:06:27.092491,0000,010960,0.014777,0.0002,0.1216
2026-08-11T11:06:29.812313,0000,010968,0.076684,-0.0021,0.2769
2026-08-11T11:06:32.256174,0000,010976,0.048874,-0.0026,0.2211
2026-08-11T11:06:35.003159,0000,010984,0.093851,-0.0031,0.3064
2026-08-11T11:06:37.730046,0000,010992,0.133266,-0.0029,0.3651
2026-08-11T11:06:39.842321,0000,011000,0.033638,-0.0012,0.1834
2026-08-11T11:06:42.081614,0000,011008,0.029454,0.0004,0.1716
2026-08-11T11:06:44.412444,0000,011016,0.031281,0.0013,0.1769
2026-08-11T11:06:46.814193,0000,011024,0.035849,0.0012,0.1893
2026-08-11T11:06:49.146862,0000,011032,0.036889,0.0007,0.1921
2026-08-11T11:06:51.264325,0000,011040,0.230650,-0.0006,0.4803
2026-08-11T11:06:53.511077,0000,011048,0.070832,-0.0012,0.2661
2026-08-11T11:06:55.501474,0000,011056,0.032021,-0.0007,0.1789
2026-08-11T11:06:57.513146,0000,011064,0.051441,0.0003,0.2268
2026-08-11T11:06:59.749846,0000,011072,0.031351,0.0005,0.1771
2026-08-11T11:07:01.894320,0000,011080,0.036779,-0.0000,0.1918
2026-08-11T11:07:03.903298,0000,011088,0.044414,0.0001,0.2107
2026-08-11T11:07:05.748705,0000,011096,0.015709,-0.0004,0.1253
2026-08-11T11:07:07.458801,0000,011104,0.042282,-0.0002,0.2056
2026-08-11T11:07:09.204577,0000,011112,0.055894,0.0007,0.2364
2026-08-11T11:07:10.968823,0000,011120,0.023806,0.0009,0.1543
2026-08-11T11:07:12.695635,0000,011128,0.028677,0.0002,0.1693
2026-08-11T11:07:14.596061,0000,011136,0.020215,-0.0008,0.1422
2026-08-11T11:07:16.765137,0000,011144,0.044904,-0.0017,0.2119
2026-08-11T11:07:19.194330,0000,011152,0.032856,-0.0013,0.1813
2026-08-11T11:07:21.031324,0000,011160,0.016692,0.0001,0.1292
2026-08-11T11:07:23.035693,0000,011168,0.023147,0.0003,0.1521
2026-08-11T11:07:25.052213,0000,011176,0.016638,-0.0003,0.1290
2026-08-11T11:07:27.167939,0000,011184,0.025931,-0.0001,0.1610
2026-08-11T11:07:29.222079,0000,011192,0.019829,0.0009,0.1408
2026-08-11T11:07:31.252227,0000,011200,0.058365,0.0010,0.2416
2026-08-11T11:07:33.082279,0000,011208,0.030156,0.0006,0.1737
2026-08-11T11:07:34.852665,0000,011216,0.030970,-0.0009,0.1760
2026-08-11T11:07:36.760504,0000,011224,0.044102,-0.0013,0.2100
2026-08-11T11:07:38.739783,0000,011232,0.027643,-0.0008,0.1663
2026-08-11T11:07:40.689541,0000,011240,0.053733,0.0002,0.2318
2026-08-11T11:07:42.694227,0000,011248,0.070758,0.0000,0.2660
2026-08-11T11:07:44.663651,0000,011256,0.045323,-0.0004,0.2129
2026-08-11T11:07:46.515870,0000,011264,0.032487,-0.0000,0.1802
2026-08-11T11:07:48.606451,0000,011272,0.023329,0.0010,0.1527
2026-08-11T11:07:50.607683,0000,011280,0.030079,0.0011,0.1734
2026-08-11T11:07:52.509631,0000,011288,0.025570,0.0002,0.1599
2026-08-11T11:07:54.604686,0000,011296,0.057672,-0.0011,0.2401
2026-08-11T11:07:56.700114,0000,011304,0.068304,-0.0016,0.2614
2026-08-11T11:07:58.719518,0000,011312,0.050966,-0.0010,0.2258
2026-08-11T11:08:00.782901,0000,011320,0.024832,-0.0002,0.1576
2026-08-11T11:08:02.896648,0000,011328,0.037361,0.0017,0.1933
2026-08-11T11:08:04.885115,0000,011336,0.067467,0.0023,0.2597
2026-08-11T11:08:06.941557,0000,011344,0.075722,0.0022,0.2752
2026-08-11T11:08:08.894399,0000,011352,0.052282,0.0015,0.2287
2026-08-11T11:08:11.166592,0000,011360,0.020084,0.0003,0.1417
2026-08-11T11:08:12.997711,0000,011368,0.032768,-0.0018,0.1810
2026-08-11T11:08:14.903721,0000,011376,0.069190,-0.0030,0.2630
2026-08-11T11:08:16.890291,0000,011384,1.631616,-0.0041,1.2773
2026-08-11T11:08:18.676626,0000,011392,0.057885,-0.0025,0.2406
2026-08-11T11:08:20.679354,0000,011400,0.027929,-0.0014,0.1671
2026-08-11T11:08:22.825624,0000,011408,0.025444,0.0005,0.1595
2026-08-11T11:08:24.711947,0000,011416,0.034940,0.0012,0.1869
2026-08-11T11:08:26.578908,0000,011424,0.035892,0.0015,0.1895
2026-08-11T11:08:28.474021,0000,011432,0.018263,0.0006,0.1351
2026-08-11T11:08:30.387503,0000,011440,0.234224,-0.0008,0.4840
2026-08-11T11:08:32.366635,0000,011448,0.080560,-0.0012,0.2838
2026-08-11T11:08:34.392868,0000,011456,0.024917,-0.0010,0.1579
2026-08-11T11:08:36.453191,0000,011464,0.031213,0.0004,0.1767
2026-08-11T11:08:38.302000,0000,011472,0.027723,0.0004,0.1665
2026-08-11T11:08:40.415684,0000,011480,0.024969,0.0000,0.1580
2026-08-11T11:08:42.289633,0000,011488,0.036207,-0.0013,0.1903
2026-08-11T11:08:44.159319,0000,011496,0.047213,-0.0017,0.2173
2026-08-11T11:08:46.098887,0000,011504,0.057622,-0.0015,0.2400
2026-08-11T11:08:47.973228,0000,011512,0.039520,-0.0002,0.1988
2026-08-11T11:08:50.102443,0000,011520,0.036678,0.0016,0.1915
2026-08-11T11:08:52.149821,0000,011528,0.074936,0.0020,0.2737
2026-08-11T11:08:54.329041,0000,011536,0.122338,0.0023,0.3498
2026-08-11T11:08:56.704538,0000,011544,0.051269,0.0017,0.2264
2026-08-11T11:08:58.502273,0000,011552,0.023375,-0.0001,0.1529
2026-08-11T11:09:00.482772,0000,011560,0.016859,-0.0005,0.1298
2026-08-11T11:09:02.484705,0000,011568,0.024140,-0.0002,0.1554
2026-08-11T11:09:04.968763,0000,011576,0.022550,0.0008,0.1502
2026-08-11T11:09:06.920774,0000,011584,0.017038,0.0009,0.1305
2026-08-11T11:09:08.806806,0000,011592,0.020495,0.0001,0.1432
2026-08-11T11:09:10.841705,0000,011600,0.020748,-0.0010,0.1440
2026-08-11T11:09:12.739564,0000,011608,0.032867,-0.0014,0.1813
2026-08-11T11:09:14.528836,0000,011616,0.030628,-0.0011,0.1750
2026-08-11T11:09:16.418427,0000,011624,0.025770,-0.0000,0.1605
2026-08-11T11:09:18.189212,0000,011632,0.042954,0.0016,0.2073
2026-08-11T11:09:19.958441,0000,011640,0.058119,0.0021,0.2411
2026-08-11T11:09:21.667717,0000,011648,0.037898,0.0021,0.1947
2026-08-11T11:09:23.672528,0000,011656,0.043228,0.0019,0.2079
2026-08-11T11:09:25.406170,0000,011664,1.603138,-0.0009,1.2662
2026-08-11T11:09:27.564532,0000,011672,0.015259,-0.0002,0.1235
2026-08-11T11:09:29.538780,0000,011680,0.019393,-0.0001,0.1393
2026-08-11T11:09:31.523485,0000,011688,0.025594,0.0010,0.1600
2026-08-11T11:09:33.628557,0000,011696,0.029994,0.0009,0.1732
2026-08-11T11:09:35.461577,0000,011704,0.024348,0.0003,0.1560
2026-08-11T11:09:37.356574,0000,011712,0.070460,-0.0011,0.2654
2026-08-11T11:09:39.156747,0000,011720,0.068694,-0.0014,0.2621
2026-08-11T11:09:41.101753,0000,011728,0.028077,-0.0009,0.1676
2026-08-11T11:09:43.098807,0000,011736,0.031796,0.0000,0.1783
2026-08-11T11:09:45.497280,0000,011744,0.025023,0.0005,0.1582
2026-08-11T11:09:47.653012,0000,011752,0.021892,-0.0004,0.1480
2026-08-11T11:09:49.999745,0000,011760,0.012277,-0.0000,0.1108
2026-08-11T11:09:51.898054,0000,011768,0.026832,0.0010,0.1638
2026-08-11T11:09:53.697709,0000,011776,0.047498,0.0009,0.2179
2026-08-11T11:09:55.461624,0000,011784,0.027257,0.0002,0.1651
2026-08-11T11:09:57.303558,0000,011792,0.041763,-0.0008,0.2044
2026-08-11T11:09:59.234705,0000,011800,0.031028,-0.0014,0.1761
2026-08-11T11:10:01.229302,0000,011808,0.030323,-0.0011,0.1741
2026-08-11T11:10:03.130642,0000,011816,1.558308,-0.0010,1.2483
2026-08-11T11:10:05.067666,0000,011824,0.048624,0.0017,0.2205
2026-08-11T11:10:07.005793,0000,011832,0.066884,0.0022,0.2586
2026-08-11T11:10:09.074492,0000,011840,0.251730,0.0023,0.5017
2026-08-11T11:10:11.317591,0000,011848,0.063832,0.0016,0.2526
2026-08-11T11:10:13.339225,0000,011856,0.015002,0.0000,0.1225
2026-08-11T11:10:15.517114,0000,011864,0.038339,-0.0016,0.1958
2026-08-11T11:10:17.506491,0000,011872,1.615316,-0.0038,1.2710
2026-08-11T11:10:19.370171,0000,011880,0.073929,-0.0029,0.2719
2026-08-11T11:10:21.294437,0000,011888,0.077303,-0.0024,0.2780
2026-08-11T11:10:23.670904,0000,011896,0.030535,-0.0013,0.1747
2026-08-11T11:10:25.755730,0000,011904,0.038383,0.0005,0.1959
2026-08-11T11:10:28.031087,0000,011912,0.037003,0.0014,0.1924
2026-08-11T11:10:30.142303,0000,011920,0.042591,0.0014,0.2064
2026-08-11T11:10:32.474940,0000,011928,0.023309,0.0008,0.1527
2026-08-11T11:10:34.676682,0000,011936,0.029454,-0.0004,0.1716
2026-08-11T11:10:36.443466,0000,011944,0.043785,-0.0011,0.2092
2026-08-11T11:10:38.664530,0000,011952,0.044228,-0.0011,0.2103
2026-08-11T11:10:40.645016,0000,011960,0.038918,0.0002,0.1973
2026-08-11T11:10:42.542722,0000,011968,0.022576,0.0004,0.1503
2026-08-11T11:10:44.551072,0000,011976,0.025336,0.0000,0.1592
2026-08-11T11:10:46.751448,0000,011984,0.020568,-0.0014,0.1434
2026-08-11T11:10:48.713314,0000,011992,0.031978,-0.0016,0.1788
2026-08-11T11:10:50.905798,0000,012000,0.098122,-0.0016,0.3132
2026-08-11T11:10:52.876508,0000,012008,0.232314,-0.0003,0.4820
2026-08-11T11:10:55.111607,0000,012016,0.041937,0.0018,0.2048
2026-08-11T11:10:56.875625,0000,012024,0.068187,0.0022,0.2611
2026-08-11T11:10:58.797632,0000,012032,0.046238,0.0023,0.2150
2026-08-11T11:11:00.692111,0000,012040,0.046896,0.0016,0.2166
2026-08-11T11:11:02.503417,0000,012048,0.041520,-0.0000,0.2038
2026-08-11T11:11:04.640090,0000,012056,0.056639,-0.0005,0.2380
2026-08-11T11:11:06.647351,0000,012064,0.015570,-0.0001,0.1248
2026-08-11T11:11:08.611397,0000,012072,0.030383,0.0008,0.1743
2026-08-11T11:11:10.699710,0000,012080,0.033788,0.0011,0.1838
2026-08-11T11:11:12.608127,0000,012088,0.019454,0.0004,0.1395
2026-08-11T11:11:14.390403,0000,012096,0.020061,-0.0008,0.1416
2026-08-11T11:11:16.388445,0000,012104,0.040451,-0.0015,0.2011
2026-08-11T11:11:18.319487,0000,012112,0.034399,-0.0010,0.1855
2026-08-11T11:11:20.297212,0000,012120,0.056875,0.0001,0.2385
2026-08-11T11:11:22.256361,0000,012128,0.023925,0.0002,0.1547
2026-08-11T11:11:24.083214,0000,012136,0.027734,-0.0003,0.1665
2026-08-11T11:11:25.830593,0000,012144,0.025925,-0.0000,0.1610
2026-08-11T11:11:27.761072,0000,012152,0.032711,0.0009,0.1809
2026-08-11T11:11:29.609449,0000,012160,0.026762,0.0008,0.1636
2026-08-11T11:11:31.985976,0000,012168,0.046002,0.0003,0.2145
2026-08-11T11:11:33.956864,0000,012176,0.026367,-0.0010,0.1624
2026-08-11T11:11:36.022510,0000,012184,0.050029,-0.0016,0.2237
2026-08-11T11:11:38.646588,0000,012192,0.034513,-0.0012,0.1858
2026-08-11T11:11:40.603240,0000,012200,0.030983,0.0000,0.1760
2026-08-11T11:11:42.597644,0000,012208,0.032853,0.0004,0.1813
2026-08-11T11:11:44.795211,0000,012216,0.062254,-0.0005,0.2495
2026-08-11T11:11:46.681474,0000,012224,0.018617,-0.0001,0.1364
2026-08-11T11:11:48.503922,0000,012232,0.035574,0.0009,0.1886
2026-08-11T11:11:50.577749,0000,012240,0.034333,0.0012,0.1853
2026-08-11T11:11:52.608053,0000,012248,0.028827,0.0005,0.1698
2026-08-11T11:11:54.791056,0000,012256,0.042219,-0.0010,0.2055
2026-08-11T11:11:56.786047,0000,012264,0.052046,-0.0013,0.2281
2026-08-11T11:11:59.252643,0000,012272,0.054159,-0.0009,0.2327
2026-08-11T11:12:01.285629,0000,012280,0.031797,0.0003,0.1783
2026-08-11T11:12:03.209682,0000,012288,0.068085,0.0002,0.2609
2026-08-11T11:12:05.733613,0000,012296,0.030848,-0.0003,0.1756
2026-08-11T11:12:07.968210,0000,012304,0.022346,0.0000,0.1495
2026-08-11T11:12:09.991425,0000,012312,0.045775,-0.0005,0.2140
2026-08-11T11:12:12.047732,0000,012320,0.024813,-0.0000,0.1575
2026-08-11T11:12:14.055325,0000,012328,0.041246,-0.0006,0.2031
2026-08-11T11:12:15.850139,0000,012336,0.019626,-0.0003,0.1401
2026-08-11T11:12:17.640501,0000,012344,1.586828,-0.0004,1.2597
2026-08-11T11:12:19.502971,0000,012352,0.052572,0.0022,0.2293
2026-08-11T11:12:21.680794,0000,012360,0.116016,0.0032,0.3406
2026-08-11T11:12:23.916493,0000,012368,0.082786,0.0031,0.2877
2026-08-11T11:12:26.203237,0000,012376,0.058696,0.0023,0.2423
2026-08-11T11:12:28.277055,0000,012384,0.030663,0.0006,0.1751
2026-08-11T11:12:30.703597,0000,012392,0.048142,-0.0018,0.2194
2026-08-11T11:12:33.151961,0000,012400,0.084043,-0.0025,0.2899
2026-08-11T11:12:35.306000,0000,012408,0.112513,-0.0029,0.3354
2026-08-11T11:12:37.553789,0000,012416,0.089590,-0.0024,0.2993
2026-08-11T11:12:39.604450,0000,012424,0.045493,-0.0010,0.2133
2026-08-11T11:12:42.221087,0000,012432,0.036177,0.0009,0.1902
2026-08-11T11:12:44.566047,0000,012440,0.045511,0.0019,0.2133
2026-08-11T11:12:46.511615,0000,012448,0.074260,0.0017,0.2725
2026-08-11T11:12:48.276349,0000,012456,0.038366,0.0011,0.1959
2026-08-11T11:12:50.524706,0000,012464,0.025890,-0.0002,0.1609
2026-08-11T11:12:52.386274,0000,012472,0.027021,-0.0005,0.1644
2026-08-11T11:12:54.261753,0000,012480,0.027880,-0.0004,0.1670
2026-08-11T11:12:56.275544,0000,012488,0.025176,0.0007,0.1587
2026-08-11T11:12:58.672014,0000,012496,0.039325,0.0013,0.1983
2026-08-11T11:13:00.581546,0000,012504,0.027958,0.0002,0.1672
2026-08-11T11:13:02.847110,0000,012512,0.053690,-0.0012,0.2317
2026-08-11T11:13:05.034417,0000,012520,0.063569,-0.0014,0.2521
2026-08-11T11:13:07.430796,0000,012528,0.056447,-0.0009,0.2376
2026-08-11T11:13:09.376049,0000,012536,0.021001,0.0001,0.1449
2026-08-11T11:13:11.209312,0000,012544,0.055763,0.0003,0.2361
2026-08-11T11:13:13.174693,0000,012552,0.026952,-0.0003,0.1642
2026-08-11T11:13:15.329210,0000,012560,0.036680,-0.0001,0.1915
2026-08-11T11:13:17.438149,0000,012568,0.052728,0.0010,0.2296
2026-08-11T11:13:20.077384,0000,012576,0.036528,0.0012,0.1911
2026-08-11T11:13:22.064941,0000,012584,0.050291,0.0004,0.2243
2026-08-11T11:13:24.099741,0000,012592,0.037121,-0.0007,0.1927
2026-08-11T11:13:26.040478,0000,012600,0.029862,-0.0013,0.1728
2026-08-11T11:13:27.917490,0000,012608,0.028162,-0.0008,0.1678
2026-08-11T11:13:30.105701,0000,012616,0.021183,0.0003,0.1455
2026-08-11T11:13:32.208785,0000,012624,0.056019,0.0002,0.2367
2026-08-11T11:13:34.096559,0000,012632,0.030895,-0.0000,0.1758
2026-08-11T11:13:36.145720,0000,012640,0.224542,-0.0014,0.4739
2026-08-11T11:13:38.524405,0000,012648,0.038677,-0.0017,0.1967
2026-08-11T11:13:40.920738,0000,012656,0.019538,-0.0012,0.1398
2026-08-11T11:13:42.863985,0000,012664,0.103886,-0.0003,0.3223
2026-08-11T11:13:44.745401,0000,012672,0.064070,0.0015,0.2531
2026-08-11T11:13:46.673257,0000,012680,0.048262,0.0023,0.2197
2026-08-11T11:13:48.572347,0000,012688,0.047934,0.0023,0.2189
2026-08-11T11:13:50.825306,0000,012696,0.078331,0.0020,0.2799
2026-08-11T11:13:52.793163,0000,012704,0.029263,0.0005,0.1711
2026-08-11T11:13:55.055652,0000,012712,0.034955,-0.0016,0.1870
2026-08-11T11:13:57.153875,0000,012720,0.061295,-0.0024,0.2476
2026-08-11T11:13:59.479435,0000,012728,0.090045,-0.0030,0.3001
2026-08-11T11:14:01.841492,0000,012736,0.093786,-0.0026,0.3062
2026-08-11T11:14:03.841455,0000,012744,0.057652,-0.0012,0.2401
2026-08-11T11:14:05.732765,0000,012752,0.032100,0.0009,0.1792
2026-08-11T11:14:07.564575,0000,012760,0.061030,0.0017,0.2470
2026-08-11T11:14:09.480129,0000,012768,0.037752,0.0019,0.1943
2026-08-11T11:14:11.272998,0000,012776,0.055517,0.0012,0.2356
2026-08-11T11:14:13.162004,0000,012784,0.028656,-0.0001,0.1693
2026-08-11T11:14:15.005886,0000,012792,0.023602,-0.0005,0.1536
2026-08-11T11:14:16.949332,0000,012800,0.037624,-0.0003,0.1940
2026-08-11T11:14:18.864805,0000,012808,0.040920,0.0010,0.2023
2026-08-11T11:14:21.006489,0000,012816,0.022091,0.0009,0.1486
2026-08-11T11:14:23.258991,0000,012824,0.037073,0.0005,0.1925
2026-08-11T11:14:25.234234,0000,012832,0.060110,-0.0010,0.2452
2026-08-11T11:14:27.149998,0000,012840,0.025479,-0.0010,0.1596
2026-08-11T11:14:29.564457,0000,012848,0.049518,-0.0010,0.2225
2026-08-11T11:14:31.534909,0000,012856,0.017678,0.0003,0.1330
2026-08-11T11:14:33.862090,0000,012864,0.018503,0.0006,0.1360
2026-08-11T11:14:36.210180,0000,012872,0.049627,0.0000,0.2228
2026-08-11T11:14:38.247267,0000,012880,0.083522,0.0002,0.2890
2026-08-11T11:14:40.513819,0000,012888,0.020267,-0.0001,0.1424
2026-08-11T11:14:42.734174,0000,012896,0.042483,0.0001,0.2061
2026-08-11T11:14:44.687502,0000,012904,0.044316,-0.0005,0.2105
2026-08-11T11:14:46.620530,0000,012912,0.090543,-0.0001,0.3009
2026-08-11T11:14:48.711557,0000,012920,0.028170,0.0009,0.1678
2026-08-11T11:14:50.724606,0000,012928,0.045557,0.0010,0.2134
2026-08-11T11:14:52.812996,0000,012936,0.065442,0.0006,0.2558
2026-08-11T11:14:54.711893,0000,012944,0.010607,-0.0006,0.1030
2026-08-11T11:14:57.011632,0000,012952,0.062102,-0.0014,0.2492
2026-08-11T11:14:59.474362,0000,012960,0.034187,-0.0008,0.1849
2026-08-11T11:15:01.443407,0000,012968,0.021322,0.0004,0.1460
2026-08-11T11:15:03.570464,0000,012976,0.014958,0.0006,0.1223
2026-08-11T11:15:05.580295,0000,012984,0.026072,0.0001,0.1615
2026-08-11T11:15:07.674115,0000,012992,0.056654,-0.0012,0.2380
2026-08-11T11:15:09.742509,0000,013000,0.043936,-0.0014,0.2096
2026-08-11T11:15:11.725934,0000,013008,0.026220,-0.0008,0.1619
2026-08-11T11:15:13.931248,0000,013016,0.017044,0.0001,0.1306
2026-08-11T11:15:15.760191,0000,013024,0.024133,0.0003,0.1553
2026-08-11T11:15:17.781113,0000,013032,0.051697,-0.0002,0.2274
2026-08-11T11:15:19.772666,0000,013040,0.035928,0.0003,0.1895
2026-08-11T11:15:21.891646,0000,013048,0.019745,-0.0003,0.1405
2026-08-11T11:15:23.976335,0000,013056,0.016246,0.0002,0.1275
2026-08-11T11:15:26.071368,0000,013064,0.026973,-0.0004,0.1642
2026-08-11T11:15:28.353359,0000,013072,0.040296,-0.0001,0.2007
2026-08-11T11:15:30.389387,0000,013080,0.038740,0.0009,0.1968
2026-08-11T11:15:32.594127,0000,013088,0.068436,0.0010,0.2616
2026-08-11T11:15:35.059454,0000,013096,0.021599,0.0005,0.1470
2026-08-11T11:15:37.150501,0000,013104,0.014905,-0.0005,0.1221
2026-08-11T11:15:39.216020,0000,013112,0.030179,-0.0008,0.1737
2026-08-11T11:15:42.003857,0000,013120,0.036328,-0.0007,0.1906
2026-08-11T11:15:44.324297,0000,013128,0.018833,0.0004,0.1372
2026-08-11T11:15:46.360194,0000,013136,0.052355,0.0006,0.2288
2026-08-11T11:15:48.337629,0000,013144,0.022034,0.0002,0.1484
2026-08-11T11:15:50.809928,0000,013152,0.022593,-0.0008,0.1503
2026-08-11T11:15:53.109194,0000,013160,0.024508,-0.0013,0.1566
2026-08-11T11:15:55.139104,0000,013168,0.042468,-0.0009,0.2061
2026-08-11T11:15:57.024677,0000,013176,0.020472,0.0001,0.1431
2026-08-11T11:15:58.950145,0000,013184,0.017508,0.0004,0.1323
2026-08-11T11:16:01.011387,0000,013192,0.018212,-0.0001,0.1350
2026-08-11T11:16:03.444524,0000,013200,0.029927,0.0004,0.1730
2026-08-11T11:16:05.364363,0000,013208,0.015727,-0.0002,0.1254
2026-08-11T11:16:07.469308,0000,013216,0.038138,0.0002,0.1953
2026-08-11T11:16:09.359129,0000,013224,0.015194,-0.0003,0.1233
2026-08-11T11:16:11.271109,0000,013232,0.044044,-0.0000,0.2099
2026-08-11T11:16:13.047975,0000,013240,0.031735,0.0008,0.1781
2026-08-11T11:16:15.335845,0000,013248,0.039037,0.0009,0.1976
2026-08-11T11:16:17.226215,0000,013256,0.021510,0.0005,0.1467
2026-08-11T11:16:19.418275,0000,013264,0.027588,-0.0007,0.1661
2026-08-11T11:16:21.575742,0000,013272,0.064093,-0.0009,0.2532
2026-08-11T11:16:23.601958,0000,013280,0.024320,-0.0006,0.1559
2026-08-11T11:16:25.447117,0000,013288,0.029142,0.0005,0.1707
2026-08-11T11:16:28.026873,0000,013296,0.053595,0.0011,0.2315
2026-08-11T11:16:30.067196,0000,013304,0.051449,0.0004,0.2268
2026-08-11T11:16:32.266945,0000,013312,0.027450,-0.0012,0.1657
2026-08-11T11:16:34.307087,0000,013320,0.043968,-0.0013,0.2097
2026-08-11T11:16:36.516190,0000,013328,0.023029,-0.0007,0.1518
2026-08-11T11:16:38.631450,0000,013336,0.030777,0.0002,0.1754
2026-08-11T11:16:40.807186,0000,013344,0.030795,0.0008,0.1755
2026-08-11T11:16:43.063029,0000,013352,0.015654,-0.0000,0.1251
2026-08-11T11:16:44.880951,0000,013360,0.019343,0.0005,0.1391
2026-08-11T11:16:46.597812,0000,013368,0.019060,-0.0001,0.1381
2026-08-11T11:16:48.790259,0000,013376,0.017273,-0.0000,0.1314
2026-08-11T11:16:50.633103,0000,013384,0.056658,0.0011,0.2380
2026-08-11T11:16:52.407549,0000,013392,0.019034,0.0013,0.1380
2026-08-11T11:16:54.535354,0000,013400,0.032881,0.0011,0.1813
2026-08-11T11:16:56.329038,0000,013408,0.036474,-0.0005,0.1910
2026-08-11T11:16:58.194000,0000,013416,0.044864,-0.0006,0.2118
2026-08-11T11:17:00.031490,0000,013424,0.026532,-0.0005,0.1629
2026-08-11T11:17:02.063031,0000,013432,0.015587,0.0006,0.1248
2026-08-11T11:17:04.229242,0000,013440,0.035045,0.0009,0.1872
2026-08-11T11:17:06.330110,0000,013448,0.025219,0.0005,0.1588
2026-08-11T11:17:08.541598,0000,013456,0.022771,-0.0010,0.1509
2026-08-11T11:17:10.768692,0000,013464,0.041513,-0.0011,0.2037
2026-08-11T11:17:12.841092,0000,013472,0.038238,-0.0007,0.1955
2026-08-11T11:17:14.688877,0000,013480,0.034179,0.0004,0.1849
2026-08-11T11:17:16.706692,0000,013488,0.026994,0.0005,0.1643
2026-08-11T11:17:18.724951,0000,013496,0.014343,0.0002,0.1198
2026-08-11T11:17:20.913162,0000,013504,0.063414,-0.0011,0.2518
2026-08-11T11:17:22.957248,0000,013512,0.062430,-0.0013,0.2499
2026-08-11T11:17:24.873193,0000,013520,0.050887,-0.0011,0.2256
2026-08-11T11:17:27.101301,0000,013528,0.027433,0.0001,0.1656
2026-08-11T11:17:29.133723,0000,013536,0.078295,0.0003,0.2798
2026-08-11T11:17:31.526018,0000,013544,0.024386,-0.0001,0.1562
2026-08-11T11:17:33.592505,0000,013552,0.046147,0.0003,0.2148
2026-08-11T11:17:35.687872,0000,013560,0.025335,-0.0001,0.1592
2026-08-11T11:17:37.617518,0000,013568,0.094514,0.0002,0.3074
2026-08-11T11:17:39.654591,0000,013576,0.028358,-0.0003,0.1684
2026-08-11T11:17:41.416042,0000,013584,0.016383,-0.0000,0.1280
2026-08-11T11:17:43.647652,0000,013592,0.048467,0.0010,0.2202
2026-08-11T11:17:45.627372,0000,013600,0.044645,0.0011,0.2113
2026-08-11T11:17:47.652774,0000,013608,0.030210,0.0008,0.1738
2026-08-11T11:17:49.509328,0000,013616,0.049068,-0.0006,0.2215
2026-08-11T11:17:51.535252,0000,013624,0.015897,-0.0010,0.1261
2026-08-11T11:17:53.479542,0000,013632,0.020588,-0.0004,0.1435
2026-08-11T11:17:55.678488,0000,013640,0.029658,0.0007,0.1722
2026-08-11T11:17:57.867288,0000,013648,0.040394,0.0007,0.2010
2026-08-11T11:17:59.841422,0000,013656,0.031060,0.0002,0.1762
2026-08-11T11:18:02.088056,0000,013664,0.049218,-0.0009,0.2219
2026-08-11T11:18:03.988941,0000,013672,0.015340,-0.0011,0.1239
2026-08-11T11:18:05.882847,0000,013680,0.032526,-0.0008,0.1803
2026-08-11T11:18:07.774046,0000,013688,0.113194,0.0002,0.3364
2026-08-11T11:18:09.866146,0000,013696,0.021150,0.0007,0.1454
2026-08-11T11:18:12.042936,0000,013704,0.020241,0.0002,0.1423
2026-08-11T11:18:14.434147,0000,013712,0.052148,-0.0012,0.2284
2026-08-11T11:18:16.753044,0000,013720,0.039280,-0.0016,0.1982
2026-08-11T11:18:18.913070,0000,013728,0.053454,-0.0008,0.2312
2026-08-11T11:18:20.978103,0000,013736,0.028340,0.0003,0.1683
2026-08-11T11:18:22.927978,0000,013744,0.025057,0.0006,0.1583
2026-08-11T11:18:24.812047,0000,013752,0.016764,0.0001,0.1295
2026-08-11T11:18:27.222558,0000,013760,0.036374,-0.0015,0.1907
2026-08-11T11:18:29.232626,0000,013768,0.028939,-0.0015,0.1701
2026-08-11T11:18:31.159628,0000,013776,0.042597,-0.0008,0.2064
2026-08-11T11:18:33.358799,0000,013784,0.043984,0.0002,0.2097
2026-08-11T11:18:35.451729,0000,013792,0.074763,0.0005,0.2734
2026-08-11T11:18:37.429392,0000,013800,0.048645,-0.0001,0.2206
2026-08-11T11:18:39.366801,0000,013808,0.032248,0.0003,0.1796
2026-08-11T11:18:41.134114,0000,013816,0.020983,-0.0002,0.1449
2026-08-11T11:18:42.932150,0000,013824,0.033802,0.0002,0.1839
2026-08-11T11:18:45.023100,0000,013832,0.043993,-0.0004,0.2097
2026-08-11T11:18:46.941185,0000,013840,0.014241,0.0001,0.1193
2026-08-11T11:18:49.000718,0000,013848,0.102630,-0.0005,0.3204
2026-08-11T11:18:50.795898,0000,013856,0.020730,0.0000,0.1440
2026-08-11T11:18:52.988425,0000,013864,0.030114,-0.0005,0.1735
2026-08-11T11:18:54.989154,0000,013872,0.016514,0.0002,0.1285
2026-08-11T11:18:56.921878,0000,013880,0.013655,-0.0004,0.1169
2026-08-11T11:18:59.078933,0000,013888,0.084562,-0.0002,0.2908
2026-08-11T11:19:01.152683,0000,013896,0.041046,0.0009,0.2026
2026-08-11T11:19:03.283419,0000,013904,0.053365,0.0012,0.2310
2026-08-11T11:19:05.134949,0000,013912,0.024455,0.0007,0.1564
2026-08-11T11:19:07.359629,0000,013920,0.075009,-0.0009,0.2739
2026-08-11T11:19:09.646201,0000,013928,0.038389,-0.0013,0.1959
2026-08-11T11:19:11.555845,0000,013936,0.023404,-0.0005,0.1530
2026-08-11T11:19:13.562547,0000,013944,0.040325,0.0005,0.2008
2026-08-11T11:19:15.370026,0000,013952,0.033156,0.0008,0.1821
2026-08-11T11:19:17.177976,0000,013960,0.040777,0.0002,0.2019
2026-08-11T11:19:18.935981,0000,013968,0.028640,-0.0009,0.1692
2026-08-11T11:19:20.922021,0000,013976,0.057373,-0.0013,0.2395
2026-08-11T11:19:22.931436,0000,013984,0.013486,-0.0008,0.1161
2026-08-11T11:19:24.910111,0000,013992,0.026606,0.0003,0.1631
2026-08-11T11:19:26.764523,0000,014000,0.024526,0.0006,0.1566
2026-08-11T11:19:28.617492,0000,014008,0.042974,0.0001,0.2073
2026-08-11T11:19:30.531092,0000,014016,0.023806,-0.0009,0.1543
2026-08-11T11:19:32.498001,0000,014024,0.041038,-0.0012,0.2026
2026-08-11T11:19:34.341530,0000,014032,0.225141,-0.0010,0.4745
2026-08-11T11:19:36.276760,0000,014040,0.056253,0.0001,0.2372
2026-08-11T11:19:38.203876,0000,014048,0.027878,0.0006,0.1670
2026-08-11T11:19:40.203052,0000,014056,0.022249,0.0001,0.1492
2026-08-11T11:19:42.333237,0000,014064,0.108335,-0.0017,0.3291
2026-08-11T11:19:44.179905,0000,014072,0.025518,-0.0012,0.1597
2026-08-11T11:19:45.966554,0000,014080,1.546000,-0.0020,1.2434
2026-08-11T11:19:47.827819,0000,014088,0.217110,0.0001,0.4660
2026-08-11T11:19:49.638418,0000,014096,0.024344,0.0004,0.1560
2026-08-11T11:19:51.538582,0000,014104,0.021764,0.0001,0.1475
2026-08-11T11:19:53.474006,0000,014112,0.035867,-0.0010,0.1894
2026-08-11T11:19:55.668043,0000,014120,0.053281,-0.0015,0.2308
2026-08-11T11:19:57.558217,0000,014128,0.045115,-0.0011,0.2124
2026-08-11T11:19:59.299418,0000,014136,0.017158,0.0001,0.1310
2026-08-11T11:20:01.307548,0000,014144,0.019057,0.0006,0.1380
2026-08-11T11:20:03.405545,0000,014152,0.025851,-0.0001,0.1608
2026-08-11T11:20:05.466736,0000,014160,1.576240,-0.0009,1.2555
2026-08-11T11:20:07.338407,0000,014168,0.027174,0.0014,0.1648
2026-08-11T11:20:09.332100,0000,014176,0.033790,0.0014,0.1838
2026-08-11T11:20:11.717183,0000,014184,0.041040,0.0008,0.2026
2026-08-11T11:20:14.211232,0000,014192,0.017540,-0.0003,0.1324
2026-08-11T11:20:16.364792,0000,014200,0.063365,-0.0009,0.2517
2026-08-11T11:20:18.520543,0000,014208,0.081930,-0.0006,0.2862
2026-08-11T11:20:20.671323,0000,014216,0.025493,0.0006,0.1597
2026-08-11T11:20:22.478571,0000,014224,0.022398,0.0010,0.1497
2026-08-11T11:20:24.455194,0000,014232,0.058388,0.0003,0.2416
2026-08-11T11:20:26.894900,0000,014240,0.020182,-0.0008,0.1421
2026-08-11T11:20:29.075765,0000,014248,0.013824,-0.0009,0.1176
2026-08-11T11:20:31.073780,0000,014256,0.034337,-0.0005,0.1853
2026-08-11T11:20:33.201723,0000,014264,0.038879,0.0004,0.1972
2026-08-11T11:20:35.453311,0000,014272,0.057185,0.0005,0.2391
2026-08-11T11:20:37.480260,0000,014280,0.036831,0.0001,0.1919
2026-08-11T11:20:39.838762,0000,014288,0.030994,-0.0011,0.1761
2026-08-11T11:20:41.886743,0000,014296,0.036939,-0.0012,0.1922
2026-08-11T11:20:44.482256,0000,014304,0.024512,-0.0009,0.1566
2026-08-11T11:20:46.830410,0000,014312,0.044508,0.0002,0.2110
2026-08-11T11:20:49.284212,0000,014320,0.022623,0.0006,0.1504
2026-08-11T11:20:51.533350,0000,014328,0.115478,-0.0002,0.3398
2026-08-11T11:20:53.727389,0000,014336,0.018359,0.0005,0.1355
2026-08-11T11:20:55.713668,0000,014344,0.022887,-0.0000,0.1513
2026-08-11T11:20:58.140925,0000,014352,0.046256,0.0002,0.2151
2026-08-11T11:21:00.062213,0000,014360,0.031262,-0.0002,0.1768
2026-08-11T11:21:02.016565,0000,014368,0.019993,0.0003,0.1414
2026-08-11T11:21:04.212688,0000,014376,0.042041,-0.0005,0.2050
2026-08-11T11:21:06.682619,0000,014384,0.012321,0.0002,0.1110
2026-08-11T11:21:08.821596,0000,014392,0.024857,-0.0002,0.1577
2026-08-11T11:21:10.953930,0000,014400,0.034621,0.0000,0.1861
2026-08-11T11:21:13.301285,0000,014408,0.068126,-0.0008,0.2610
2026-08-11T11:21:15.109558,0000,014416,0.017419,0.0001,0.1320
2026-08-11T11:21:16.993694,0000,014424,0.031220,-0.0004,0.1767
2026-08-11T11:21:18.886262,0000,014432,0.029438,-0.0001,0.1716
2026-08-11T11:21:20.987489,0000,014440,0.032444,0.0010,0.1801
2026-08-11T11:21:22.986424,0000,014448,0.051305,0.0011,0.2265
2026-08-11T11:21:25.644834,0000,014456,0.047837,0.0008,0.2187
2026-08-11T11:21:27.847472,0000,014464,0.035260,-0.0005,0.1878
2026-08-11T11:21:29.959294,0000,014472,0.036558,-0.0011,0.1912
2026-08-11T11:21:32.007369,0000,014480,0.035468,-0.0006,0.1883
2026-08-11T11:21:34.122201,0000,014488,0.021922,0.0007,0.1481
2026-08-11T11:21:36.363413,0000,014496,0.039066,0.0008,0.1977
2026-08-11T11:21:38.596322,0000,014504,0.081353,0.0005,0.2852
2026-08-11T11:21:40.499136,0000,014512,0.016774,-0.0006,0.1295
2026-08-11T11:21:42.272626,0000,014520,0.030404,-0.0009,0.1744
2026-08-11T11:21:44.033101,0000,014528,0.036519,-0.0007,0.1911
2026-08-11T11:21:45.930579,0000,014536,0.039724,0.0003,0.1993
2026-08-11T11:21:47.906693,0000,014544,0.029126,0.0006,0.1707
2026-08-11T11:21:49.912200,0000,014552,0.031032,0.0000,0.1762
2026-08-11T11:21:51.856388,0000,014560,0.020319,-0.0008,0.1425
2026-08-11T11:21:53.638406,0000,014568,0.033920,-0.0011,0.1842
2026-08-11T11:21:55.361835,0000,014576,0.035301,-0.0007,0.1879
2026-08-11T11:21:58.249694,0000,014584,0.061072,0.0005,0.2471
2026-08-11T11:22:00.580876,0000,014592,0.139998,0.0007,0.3742
2026-08-11T11:22:02.816070,0000,014600,0.045718,0.0001,0.2138
2026-08-11T11:22:05.365483,0000,014608,0.026334,0.0004,0.1623
2026-08-11T11:22:07.783557,0000,014616,0.024832,0.0002,0.1576
2026-08-11T11:22:10.005745,0000,014624,0.034653,-0.0011,0.1862
2026-08-11T11:22:12.360712,0000,014632,0.053468,-0.0014,0.2312
2026-08-11T11:22:14.548396,0000,014640,0.046642,-0.0009,0.2160
2026-08-11T11:22:16.681297,0000,014648,0.022278,0.0002,0.1493
2026-08-11T11:22:18.686554,0000,014656,0.026829,0.0003,0.1638
2026-08-11T11:22:20.912196,0000,014664,0.023480,-0.0000,0.1532
2026-08-11T11:22:22.918477,0000,014672,0.043368,0.0003,0.2082
2026-08-11T11:22:25.030352,0000,014680,0.020325,-0.0001,0.1426
2026-08-11T11:22:27.581332,0000,014688,0.063689,-0.0000,0.2524
2026-08-11T11:22:29.574295,0000,014696,0.042439,0.0011,0.2060
2026-08-11T11:22:31.528474,0000,014704,0.035001,0.0015,0.1871
2026-08-11T11:22:33.683946,0000,014712,0.025491,0.0009,0.1597
2026-08-11T11:22:35.619334,0000,014720,0.015109,-0.0003,0.1229
2026-08-11T11:22:37.669289,0000,014728,0.023955,-0.0006,0.1548
2026-08-11T11:22:39.568239,0000,014736,0.024118,-0.0003,0.1553
2026-08-11T11:22:41.602560,0000,014744,0.046589,0.0006,0.2158
2026-08-11T11:22:43.762233,0000,014752,0.027838,0.0009,0.1668
2026-08-11T11:22:45.829036,0000,014760,0.023825,0.0005,0.1544
2026-08-11T11:22:47.874276,0000,014768,0.080989,-0.0008,0.2846
2026-08-11T11:22:49.971641,0000,014776,0.026501,-0.0009,0.1628
2026-08-11T11:22:52.297816,0000,014784,0.057685,-0.0007,0.2402
2026-08-11T11:22:54.254177,0000,014792,0.036113,0.0002,0.1900
2026-08-11T11:22:56.668789,0000,014800,0.028567,0.0008,0.1690
2026-08-11T11:22:58.901292,0000,014808,0.256974,0.0000,0.5069
2026-08-11T11:23:00.860565,0000,014816,0.026631,-0.0008,0.1632
2026-08-11T11:23:03.006719,0000,014824,0.039500,-0.0012,0.1987
2026-08-11T11:23:04.913074,0000,014832,0.019658,-0.0007,0.1402
2026-08-11T11:23:06.990316,0000,014840,0.027355,0.0003,0.1654
2026-08-11T11:23:08.846030,0000,014848,0.021216,0.0006,0.1457
2026-08-11T11:23:10.936701,0000,014856,0.031412,0.0004,0.1772
2026-08-11T11:23:12.883344,0000,014864,0.053080,-0.0009,0.2304
2026-08-11T11:23:14.997299,0000,014872,0.034526,-0.0014,0.1858
2026-08-11T11:23:16.919640,0000,014880,0.018609,-0.0007,0.1364
2026-08-11T11:23:19.084203,0000,014888,0.047275,0.0001,0.2174
2026-08-11T11:23:21.141379,0000,014896,0.016207,0.0006,0.1273
2026-08-11T11:23:23.499879,0000,014904,0.056255,0.0001,0.2372
2026-08-11T11:23:26.001485,0000,014912,0.080015,-0.0010,0.2829
2026-08-11T11:23:28.526484,0000,014920,0.033985,-0.0014,0.1844
2026-08-11T11:23:30.449163,0000,014928,0.021187,-0.0008,0.1456
2026-08-11T11:23:32.535388,0000,014936,0.021562,0.0001,0.1468
2026-08-11T11:23:34.908562,0000,014944,0.034052,0.0014,0.1845
2026-08-11T11:23:36.781117,0000,014952,0.030669,0.0014,0.1751
2026-08-11T11:23:38.587553,0000,014960,0.026679,0.0008,0.1633
2026-08-11T11:23:40.606183,0000,014968,0.018604,-0.0001,0.1364
2026-08-11T11:23:42.655031,0000,014976,0.056398,-0.0005,0.2375
2026-08-11T11:23:44.787121,0000,014984,0.014833,0.0002,0.1218
2026-08-11T11:23:47.009001,0000,014992,0.025117,0.0000,0.1585
2026-08-11T11:23:48.957234,0000,015000,0.032888,-0.0013,0.1814
2026-08-11T11:23:50.836143,0000,015008,0.034153,-0.0017,0.1848
2026-08-11T11:23:53.028244,0000,015016,0.061231,-0.0011,0.2474
2026-08-11T11:23:55.009630,0000,015024,0.021296,-0.0001,0.1459
2026-08-11T11:23:57.168008,0000,015032,0.059683,0.0019,0.2443
2026-08-11T11:23:59.330387,0000,015040,0.077402,0.0027,0.2782
2026-08-11T11:24:01.988303,0000,015048,0.139348,0.0039,0.3733
2026-08-11T11:24:04.218242,0000,015056,0.139701,0.0022,0.3738
2026-08-11T11:24:06.413689,0000,015064,0.059831,0.0010,0.2446
2026-08-11T11:24:08.241853,0000,015072,0.055860,-0.0010,0.2363
2026-08-11T11:24:10.309596,0000,015080,0.031544,-0.0015,0.1776
2026-08-11T11:24:12.474230,0000,015088,0.035743,-0.0019,0.1891
2026-08-11T11:24:14.628209,0000,015096,0.033911,-0.0014,0.1841
2026-08-11T11:24:16.519036,0000,015104,1.563364,-0.0016,1.2503
2026-08-11T11:24:18.869425,0000,015112,0.102650,0.0022,0.3204
2026-08-11T11:24:20.626658,0000,015120,0.113003,0.0021,0.3362
2026-08-11T11:24:22.543661,0000,015128,0.049887,0.0022,0.2234
2026-08-11T11:24:24.605240,0000,015136,0.087428,0.0020,0.2957
2026-08-11T11:24:26.790234,0000,015144,0.041671,0.0012,0.2041
2026-08-11T11:24:28.638149,0000,015152,0.021313,-0.0010,0.1460
2026-08-11T11:24:30.658065,0000,015160,0.028542,-0.0015,0.1689
2026-08-11T11:24:32.381113,0000,015168,0.048862,-0.0022,0.2210
2026-08-11T11:24:34.176942,0000,015176,0.104605,-0.0017,0.3234
2026-08-11T11:24:37.116427,0000,015184,0.061257,0.0011,0.2475
2026-08-11T11:24:38.888309,0000,015192,0.022579,-0.0002,0.1503
2026-08-11T11:24:40.937036,0000,015200,0.038386,0.0009,0.1959
2026-08-11T11:24:43.077128,0000,015208,0.132947,0.0019,0.3646
2026-08-11T11:24:44.950096,0000,015216,0.058159,0.0006,0.2412
2026-08-11T11:24:47.252094,0000,015224,0.029139,0.0000,0.1707
2026-08-11T11:24:49.297763,0000,015232,0.043987,-0.0019,0.2097
2026-08-11T11:24:51.800641,0000,015240,0.072259,-0.0029,0.2688
2026-08-11T11:24:53.888047,0000,015248,0.066912,-0.0028,0.2587
2026-08-11T11:24:56.071365,0000,015256,0.049123,-0.0021,0.2216
2026-08-11T11:24:58.293962,0000,015264,0.031776,-0.0007,0.1783
2026-08-11T11:25:00.610790,0000,015272,0.048674,0.0013,0.2206
2026-08-11T11:25:02.613895,0000,015280,0.066637,0.0018,0.2581
2026-08-11T11:25:04.731639,0000,015288,0.031450,0.0019,0.1773
2026-08-11T11:25:07.135203,0000,015296,0.050686,0.0018,0.2251
2026-08-11T11:25:09.207449,0000,015304,0.028870,0.0003,0.1699
2026-08-11T11:25:11.304064,0000,015312,0.093303,-0.0012,0.3055
2026-08-11T11:25:13.124202,0000,015320,0.064300,-0.0023,0.2536
2026-08-11T11:25:15.138496,0000,015328,0.060256,-0.0024,0.2455
2026-08-11T11:25:17.319781,0000,015336,0.054234,-0.0017,0.2329
2026-08-11T11:25:19.359753,0000,015344,0.023421,-0.0005,0.1530
2026-08-11T11:25:21.303499,0000,015352,0.038731,0.0010,0.1968
2026-08-11T11:25:23.572214,0000,015360,0.070923,0.0024,0.2663
2026-08-11T11:25:25.646785,0000,015368,0.051845,0.0023,0.2277
2026-08-11T11:25:28.051141,0000,015376,0.053038,0.0021,0.2303
2026-08-11T11:25:30.248680,0000,015384,0.073085,0.0006,0.2703
2026-08-11T11:25:32.474218,0000,015392,0.046593,-0.0009,0.2159
2026-08-11T11:25:34.697064,0000,015400,0.038481,-0.0020,0.1962
2026-08-11T11:25:36.692892,0000,015408,0.053582,-0.0021,0.2315
2026-08-11T11:25:38.776403,0000,015416,0.031712,-0.0014,0.1781
2026-08-11T11:25:41.378986,0000,015424,0.025878,0.0000,0.1609
2026-08-11T11:25:43.749110,0000,015432,1.594848,-0.0009,1.2629
2026-08-11T11:25:45.917305,0000,015440,0.052419,0.0013,0.2290
2026-08-11T11:25:48.208048,0000,015448,0.095560,0.0016,0.3091
2026-08-11T11:25:50.282343,0000,015456,0.025396,0.0009,0.1594
2026-08-11T11:25:52.388323,0000,015464,0.023424,-0.0001,0.1531
2026-08-11T11:25:54.635182,0000,015472,1.557529,-0.0015,1.2480
2026-08-11T11:25:56.703649,0000,015480,0.099432,-0.0002,0.3153
2026-08-11T11:25:59.067638,0000,015488,0.036327,0.0013,0.1906
2026-08-11T11:26:01.356653,0000,015496,0.025696,0.0011,0.1603
2026-08-11T11:26:03.343640,0000,015504,0.038124,0.0008,0.1953
2026-08-11T11:26:05.321424,0000,015512,0.023542,-0.0003,0.1534
2026-08-11T11:26:07.247592,0000,015520,0.022838,-0.0007,0.1511
2026-08-11T11:26:09.644006,0000,015528,0.023836,-0.0001,0.1544
2026-08-11T11:26:11.816814,0000,015536,0.074486,0.0010,0.2729
2026-08-11T11:26:13.966488,0000,015544,0.038042,0.0017,0.1950
2026-08-11T11:26:15.961950,0000,015552,0.025510,0.0009,0.1597
2026-08-11T11:26:18.076773,0000,015560,0.024578,-0.0000,0.1568
2026-08-11T11:26:20.065947,0000,015568,0.038393,-0.0019,0.1959
2026-08-11T11:26:22.337477,0000,015576,0.067093,-0.0028,0.2590
2026-08-11T11:26:24.517718,0000,015584,0.070448,-0.0029,0.2654
2026-08-11T11:26:26.605517,0000,015592,0.060310,-0.0020,0.2456
2026-08-11T11:26:28.533873,0000,015600,0.038117,-0.0009,0.1952
2026-08-11T11:26:30.694225,0000,015608,0.017500,0.0009,0.1323
2026-08-11T11:26:32.858495,0000,015616,0.071514,0.0016,0.2674
2026-08-11T11:26:35.182944,0000,015624,0.082355,0.0022,0.2870
2026-08-11T11:26:37.340345,0000,015632,0.045935,0.0014,0.2143
2026-08-11T11:26:39.150739,0000,015640,0.043245,0.0003,0.2080
2026-08-11T11:26:40.883034,0000,015648,0.058107,-0.0014,0.2411
2026-08-11T11:26:42.635801,0000,015656,0.040524,-0.0020,0.2013
2026-08-11T11:26:44.384812,0000,015664,0.055841,-0.0020,0.2363
2026-08-11T11:26:46.257384,0000,015672,0.025205,-0.0016,0.1588
2026-08-11T11:26:48.183769,0000,015680,0.047715,-0.0004,0.2184
2026-08-11T11:26:50.335736,0000,015688,0.042641,0.0017,0.2065
2026-08-11T11:26:52.814086,0000,015696,0.099298,0.0027,0.3151
2026-08-11T11:26:55.692901,0000,015704,0.119631,0.0035,0.3459
2026-08-11T11:26:57.696451,0000,015712,0.072519,0.0020,0.2693
2026-08-11T11:26:59.663817,0000,015720,0.034140,0.0006,0.1848
2026-08-11T11:27:01.958282,0000,015728,0.044468,-0.0008,0.2109
2026-08-11T11:27:04.472094,0000,015736,0.067995,-0.0020,0.2608
2026-08-11T11:27:06.856203,0000,015744,0.093132,-0.0020,0.3052
2026-08-11T11:27:09.478987,0000,015752,0.035475,-0.0012,0.1883
2026-08-11T11:27:11.774882,0000,015760,0.227033,-0.0004,0.4765
2026-08-11T11:27:13.794805,0000,015768,0.041612,0.0015,0.2040
2026-08-11T11:27:16.297049,0000,015776,0.108911,0.0033,0.3300
2026-08-11T11:27:18.742838,0000,015784,0.069395,0.0024,0.2634
2026-08-11T11:27:21.308618,0000,015792,0.047333,0.0019,0.2176
2026-08-11T11:27:23.814499,0000,015800,0.020452,0.0012,0.1430
2026-08-11T11:27:26.879952,0000,015808,0.027652,-0.0007,0.1663
2026-08-11T11:27:29.294444,0000,015816,0.065914,-0.0017,0.2567
2026-08-11T11:27:31.270733,0000,015824,0.039644,-0.0019,0.1991
2026-08-11T11:27:33.180567,0000,015832,0.029507,-0.0013,0.1718
2026-08-11T11:27:35.084788,0000,015840,0.013629,-0.0002,0.1167
2026-08-11T11:27:37.231941,0000,015848,0.039185,0.0020,0.1980
2026-08-11T11:27:39.373937,0000,015856,0.060326,0.0024,0.2456
2026-08-11T11:27:41.329731,0000,015864,0.115186,0.0024,0.3394
2026-08-11T11:27:43.385195,0000,015872,0.053169,0.0024,0.2306
2026-08-11T11:27:45.419819,0000,015880,0.056594,0.0010,0.2379
2026-08-11T11:27:47.403741,0000,015888,0.034685,-0.0008,0.1862
2026-08-11T11:27:49.638303,0000,015896,0.036171,-0.0017,0.1902
2026-08-11T11:27:51.897616,0000,015904,0.047267,-0.0019,0.2174
2026-08-11T11:27:54.097179,0000,015912,0.059643,-0.0013,0.2442
2026-08-11T11:27:55.976605,0000,015920,0.019146,-0.0002,0.1384
2026-08-11T11:27:57.865617,0000,015928,1.559380,0.0004,1.2488
2026-08-11T11:28:00.030297,0000,015936,0.086571,0.0029,0.2942
2026-08-11T11:28:02.041996,0000,015944,0.056298,0.0026,0.2373
2026-08-11T11:28:03.919268,0000,015952,0.035489,0.0020,0.1884
2026-08-11T11:28:05.993196,0000,015960,0.027987,0.0011,0.1673
2026-08-11T11:28:08.195549,0000,015968,0.053499,-0.0010,0.2313
2026-08-11T11:28:10.597045,0000,015976,0.046380,-0.0016,0.2154
2026-08-11T11:28:12.717904,0000,015984,0.053053,-0.0017,0.2303
2026-08-11T11:28:14.895493,0000,015992,0.052849,-0.0013,0.2299
2026-08-11T11:28:16.996358,0000,016000,0.025337,0.0000,0.1592
2026-08-11T11:28:19.331918,0000,016008,0.042414,0.0002,0.2059
2026-08-11T11:28:21.785432,0000,016016,0.048215,0.0002,0.2196
2026-08-11T11:28:24.011754,0000,016024,0.041151,-0.0010,0.2029
2026-08-11T11:28:26.860827,0000,016032,0.044707,-0.0012,0.2114
2026-08-11T11:28:28.766802,0000,016040,0.051157,-0.0008,0.2262
2026-08-11T11:28:31.120968,0000,016048,0.022970,0.0005,0.1516
2026-08-11T11:28:33.642147,0000,016056,0.028645,0.0009,0.1692
2026-08-11T11:28:35.862336,0000,016064,0.028854,0.0005,0.1699
2026-08-11T11:28:37.917686,0000,016072,0.016678,-0.0005,0.1291
2026-08-11T11:28:40.026344,0000,016080,0.042940,-0.0009,0.2072
2026-08-11T11:28:42.254232,0000,016088,0.013631,-0.0003,0.1168
2026-08-11T11:28:44.219304,0000,016096,0.029711,0.0005,0.1724
2026-08-11T11:28:46.261701,0000,016104,0.042466,0.0012,0.2061
2026-08-11T11:28:48.118346,0000,016112,0.026644,0.0005,0.1632
2026-08-11T11:28:50.572434,0000,016120,0.046057,0.0000,0.2146
2026-08-11T11:28:52.727407,0000,016128,0.052507,-0.0018,0.2291
2026-08-11T11:28:55.085413,0000,016136,0.051493,-0.0026,0.2269
2026-08-11T11:28:57.110604,0000,016144,0.069392,-0.0026,0.2634
2026-08-11T11:28:59.184820,0000,016152,0.051296,-0.0021,0.2265
2026-08-11T11:29:01.338368,0000,016160,0.057481,-0.0009,0.2398
2026-08-11T11:29:03.332726,0000,016168,0.020692,0.0009,0.1438
2026-08-11T11:29:05.677150,0000,016176,0.042525,0.0020,0.2062
2026-08-11T11:29:07.584937,0000,016184,0.049107,0.0021,0.2216
2026-08-11T11:29:09.728089,0000,016192,0.053348,0.0017,0.2310
2026-08-11T11:29:11.619296,0000,016200,0.016507,0.0004,0.1285
2026-08-11T11:29:13.700990,0000,016208,0.020842,-0.0010,0.1444
2026-08-11T11:29:15.734247,0000,016216,0.034082,-0.0019,0.1846
2026-08-11T11:29:17.935400,0000,016224,0.051668,-0.0020,0.2273
2026-08-11T11:29:20.047517,0000,016232,1.627091,-0.0028,1.2756
2026-08-11T11:29:21.997232,0000,016240,0.013158,-0.0003,0.1147
2026-08-11T11:29:23.765047,0000,016248,0.024864,0.0013,0.1577
2026-08-11T11:29:25.599372,0000,016256,0.046111,0.0023,0.2147
2026-08-11T11:29:27.683023,0000,016264,0.126212,0.0032,0.3553
2026-08-11T11:29:29.448217,0000,016272,0.049912,0.0019,0.2234
2026-08-11T11:29:31.368648,0000,016280,0.053481,0.0008,0.2313
2026-08-11T11:29:33.380096,0000,016288,0.060591,-0.0008,0.2462
2026-08-11T11:29:35.196776,0000,016296,0.033930,-0.0017,0.1842
2026-08-11T11:29:36.987215,0000,016304,0.034296,-0.0018,0.1852
2026-08-11T11:29:39.027117,0000,016312,0.020222,-0.0011,0.1422
2026-08-11T11:29:40.864245,0000,016320,0.020880,-0.0001,0.1445
2026-08-11T11:29:42.624114,0000,016328,0.028414,0.0015,0.1686
2026-08-11T11:29:44.633257,0000,016336,0.111821,0.0031,0.3344
2026-08-11T11:29:46.680425,0000,016344,0.086330,0.0033,0.2938
2026-08-11T11:29:48.618869,0000,016352,0.050056,0.0023,0.2237
2026-08-11T11:29:50.763749,0000,016360,0.050951,0.0015,0.2257
2026-08-11T11:29:52.622327,0000,016368,0.049709,-0.0009,0.2230
2026-08-11T11:29:54.411236,0000,016376,0.043377,-0.0015,0.2083
2026-08-11T11:29:56.349180,0000,016384,0.041819,-0.0016,0.2045
2026-08-11T11:29:58.154165,0000,016392,0.061109,-0.0013,0.2472
2026-08-11T11:30:00.120447,0000,016400,0.019214,0.0001,0.1386
2026-08-11T11:30:02.161721,0000,016408,0.074667,0.0001,0.2733
2026-08-11T11:30:03.994346,0000,016416,0.020701,0.0001,0.1439
2026-08-11T11:30:05.959185,0000,016424,0.055218,-0.0008,0.2350
2026-08-11T11:30:07.743534,0000,016432,0.036782,-0.0011,0.1918
2026-08-11T11:30:09.560970,0000,016440,0.027922,-0.0007,0.1671
2026-08-11T11:30:11.344193,0000,016448,0.027984,0.0004,0.1673
2026-08-11T11:30:13.346506,0000,016456,0.142001,0.0010,0.3768
2026-08-11T11:30:15.280464,0000,016464,0.042268,0.0007,0.2056
2026-08-11T11:30:17.226394,0000,016472,0.078543,-0.0007,0.2803
2026-08-11T11:30:19.039482,0000,016480,0.015431,-0.0007,0.1242
2026-08-11T11:30:20.880111,0000,016488,0.035520,-0.0002,0.1885
2026-08-11T11:30:22.668502,0000,016496,0.084458,0.0008,0.2906
2026-08-11T11:30:25.013895,0000,016504,0.036236,0.0016,0.1904
2026-08-11T11:30:26.837388,0000,016512,0.021735,0.0006,0.1474
2026-08-11T11:30:28.752129,0000,016520,0.012578,-0.0000,0.1122
2026-08-11T11:30:30.778887,0000,016528,0.047651,-0.0020,0.2183
2026-08-11T11:30:32.811046,0000,016536,0.065493,-0.0029,0.2559
2026-08-11T11:30:34.563094,0000,016544,0.076644,-0.0025,0.2768
2026-08-11T11:30:36.358995,0000,016552,0.056771,-0.0018,0.2383
2026-08-11T11:30:38.094112,0000,016560,1.582226,-0.0017,1.2579
2026-08-11T11:30:39.988654,0000,016568,0.058677,0.0013,0.2422
2026-08-11T11:30:41.763002,0000,016576,0.052134,0.0020,0.2283
2026-08-11T11:30:43.648023,0000,016584,0.064089,0.0027,0.2532
2026-08-11T11:30:45.436238,0000,016592,0.047577,0.0017,0.2181
2026-08-11T11:30:47.158711,0000,016600,0.015559,0.0006,0.1247
2026-08-11T11:30:49.390255,0000,016608,0.042710,-0.0010,0.2067
2026-08-11T11:30:51.172274,0000,016616,0.040902,-0.0018,0.2022
2026-08-11T11:30:53.486327,0000,016624,0.053854,-0.0022,0.2321
2026-08-11T11:30:55.333220,0000,016632,0.060967,-0.0013,0.2469
2026-08-11T11:30:57.230873,0000,016640,0.019433,-0.0000,0.1394
2026-08-11T11:30:59.371200,0000,016648,0.063768,0.0016,0.2525
2026-08-11T11:31:01.739950,0000,016656,0.089481,0.0034,0.2991
2026-08-11T11:31:03.791291,0000,016664,0.061199,0.0027,0.2474
2026-08-11T11:31:06.034379,0000,016672,0.096450,0.0027,0.3106
2026-08-11T11:31:08.431288,0000,016680,0.037282,0.0011,0.1931
2026-08-11T11:31:10.544391,0000,016688,0.046198,-0.0006,0.2149
2026-08-11T11:31:12.658854,0000,016696,0.052396,-0.0017,0.2289
2026-08-11T11:31:14.967177,0000,016704,0.047448,-0.0019,0.2178
2026-08-11T11:31:17.262666,0000,016712,0.051670,-0.0012,0.2273
2026-08-11T11:31:19.075045,0000,016720,0.024211,0.0001,0.1556
2026-08-11T11:31:21.133540,0000,016728,0.096264,0.0005,0.3103
2026-08-11T11:31:23.206461,0000,016736,0.020817,0.0003,0.1443
2026-08-11T11:31:25.315141,0000,016744,0.024399,-0.0008,0.1562
2026-08-11T11:31:27.715215,0000,016752,0.026628,-0.0008,0.1632
2026-08-11T11:31:29.829016,0000,016760,0.051530,-0.0003,0.2270
2026-08-11T11:31:32.088242,0000,016768,0.068053,0.0006,0.2609
2026-08-11T11:31:34.326523,0000,016776,0.085495,0.0012,0.2924
2026-08-11T11:31:36.425998,0000,016784,0.030652,0.0007,0.1751
2026-08-11T11:31:38.398582,0000,016792,0.059387,-0.0005,0.2437
2026-08-11T11:31:40.553093,0000,016800,0.024897,-0.0004,0.1578
2026-08-11T11:31:42.385792,0000,016808,0.020836,0.0001,0.1443
2026-08-11T11:31:44.263328,0000,016816,0.028656,-0.0001,0.1693
2026-08-11T11:31:46.091062,0000,016824,0.089312,0.0000,0.2989
2026-08-11T11:31:48.139942,0000,016832,0.029875,-0.0000,0.1728
2026-08-11T11:31:50.047632,0000,016840,0.035728,0.0004,0.1890
2026-08-11T11:31:52.154343,0000,016848,0.022902,0.0001,0.1513
2026-08-11T11:31:54.334248,0000,016856,0.049987,-0.0010,0.2236
2026-08-11T11:31:56.382755,0000,016864,0.023488,-0.0011,0.1533
2026-08-11T11:31:58.545864,0000,016872,0.031816,-0.0003,0.1784
2026-08-11T11:32:00.807221,0000,016880,0.029811,0.0010,0.1727
2026-08-11T11:32:02.583071,0000,016888,0.024505,0.0010,0.1565
2026-08-11T11:32:04.453463,0000,016896,0.021460,0.0007,0.1465
2026-08-11T11:32:06.346049,0000,016904,0.029217,-0.0002,0.1709
2026-08-11T11:32:08.133380,0000,016912,0.044446,-0.0007,0.2108
2026-08-11T11:32:09.913938,0000,016920,0.010931,0.0001,0.1046
2026-08-11T11:32:11.710641,0000,016928,0.023446,-0.0003,0.1531
2026-08-11T11:32:13.610744,0000,016936,0.024738,0.0000,0.1573
2026-08-11T11:32:16.030345,0000,016944,0.020778,-0.0001,0.1441
2026-08-11T11:32:18.141310,0000,016952,0.014417,0.0005,0.1201
2026-08-11T11:32:20.158267,0000,016960,0.023714,0.0001,0.1540
2026-08-11T11:32:22.200274,0000,016968,0.055376,-0.0010,0.2353
2026-08-11T11:32:24.206071,0000,016976,0.023292,-0.0011,0.1526
2026-08-11T11:32:25.950955,0000,016984,0.018014,-0.0006,0.1342
2026-08-11T11:32:27.811045,0000,016992,0.021468,0.0006,0.1465
2026-08-11T11:32:29.610403,0000,017000,0.021216,0.0008,0.1457
2026-08-11T11:32:31.892131,0000,017008,0.038514,0.0010,0.1963
2026-08-11T11:32:33.759730,0000,017016,0.245776,-0.0005,0.4958
2026-08-11T11:32:35.586937,0000,017024,0.019863,-0.0005,0.1409
2026-08-11T11:32:37.541212,0000,017032,0.013210,-0.0002,0.1149
2026-08-11T11:32:39.488668,0000,017040,0.031250,0.0010,0.1768
2026-08-11T11:32:41.793210,0000,017048,0.034730,0.0013,0.1864
2026-08-11T11:32:43.775376,0000,017056,0.040188,0.0010,0.2005
2026-08-11T11:32:45.937092,0000,017064,0.033480,0.0001,0.1830
2026-08-11T11:32:48.175623,0000,017072,0.058839,-0.0018,0.2426
2026-08-11T11:32:50.220992,0000,017080,0.069329,-0.0024,0.2633
2026-08-11T11:32:52.198679,0000,017088,0.049110,-0.0023,0.2216
2026-08-11T11:32:54.013048,0000,017096,0.030460,-0.0016,0.1745
2026-08-11T11:32:56.088826,0000,017104,0.057956,-0.0007,0.2407
2026-08-11T11:32:58.750259,0000,017112,0.031104,0.0016,0.1764
2026-08-11T11:33:01.119612,0000,017120,0.117453,0.0027,0.3427
2026-08-11T11:33:03.468648,0000,017128,0.068532,0.0027,0.2618
2026-08-11T11:33:05.709138,0000,017136,0.041271,0.0022,0.2032
2026-08-11T11:33:08.078403,0000,017144,0.074047,0.0011,0.2721
2026-08-11T11:33:09.946661,0000,017152,0.013661,-0.0007,0.1169
2026-08-11T11:33:12.280282,0000,017160,0.046397,-0.0017,0.2154
2026-08-11T11:33:14.739321,0000,017168,0.037346,-0.0018,0.1933
2026-08-11T11:33:16.492309,0000,017176,0.028076,-0.0010,0.1676
2026-08-11T11:33:18.714991,0000,017184,0.025873,-0.0000,0.1609
2026-08-11T11:33:20.501823,0000,017192,0.045659,0.0017,0.2137
2026-08-11T11:33:22.726897,0000,017200,0.112068,0.0035,0.3348
2026-08-11T11:33:24.573358,0000,017208,0.073634,0.0029,0.2714
2026-08-11T11:33:26.764108,0000,017216,0.132522,0.0025,0.3640
2026-08-11T11:33:28.562249,0000,017224,0.031862,0.0013,0.1785
2026-08-11T11:33:30.669334,0000,017232,0.029862,-0.0005,0.1728
2026-08-11T11:33:32.683310,0000,017240,0.065381,-0.0016,0.2557
2026-08-11T11:33:34.768060,0000,017248,0.041385,-0.0016,0.2034
2026-08-11T11:33:36.503945,0000,017256,0.030358,-0.0008,0.1742
2026-08-11T11:33:38.830940,0000,017264,0.016384,0.0003,0.1280
2026-08-11T11:33:40.848646,0000,017272,0.033812,0.0008,0.1839
2026-08-11T11:33:42.642337,0000,017280,0.050513,0.0002,0.2248
2026-08-11T11:33:44.421815,0000,017288,0.042217,-0.0006,0.2055
2026-08-11T11:33:46.286287,0000,017296,0.025465,-0.0007,0.1596
2026-08-11T11:33:48.057911,0000,017304,0.031054,-0.0003,0.1762
2026-08-11T11:33:50.050748,0000,017312,0.034100,0.0009,0.1847
2026-08-11T11:33:52.158071,0000,017320,0.023679,0.0012,0.1539
2026-08-11T11:33:54.380415,0000,017328,0.015435,0.0010,0.1242
2026-08-11T11:33:56.422301,0000,017336,0.014404,-0.0002,0.1200
2026-08-11T11:33:58.615248,0000,017344,0.029773,-0.0002,0.1725
2026-08-11T11:34:00.654283,0000,017352,0.014486,0.0003,0.1204
2026-08-11T11:34:03.074466,0000,017360,0.064637,-0.0002,0.2542
2026-08-11T11:34:05.338517,0000,017368,0.018303,0.0003,0.1353
2026-08-11T11:34:07.204029,0000,017376,0.020365,0.0000,0.1427
2026-08-11T11:34:09.140549,0000,017384,0.025651,-0.0008,0.1602
2026-08-11T11:34:11.535884,0000,017392,0.056833,-0.0013,0.2384
2026-08-11T11:34:13.374480,0000,017400,0.018975,-0.0006,0.1377
2026-08-11T11:34:15.588212,0000,017408,0.017825,0.0008,0.1335
2026-08-11T11:34:17.484335,0000,017416,0.024147,0.0009,0.1554
2026-08-11T11:34:19.807694,0000,017424,0.021812,0.0006,0.1477
2026-08-11T11:34:21.990755,0000,017432,0.029747,-0.0004,0.1725
2026-08-11T11:34:24.205320,0000,017440,0.027875,-0.0004,0.1670
2026-08-11T11:34:26.688075,0000,017448,0.090785,-0.0002,0.3013
2026-08-11T11:34:28.766869,0000,017456,0.025871,0.0012,0.1608
2026-08-11T11:34:30.731583,0000,017464,0.033597,0.0013,0.1833
2026-08-11T11:34:32.639108,0000,017472,0.027984,0.0009,0.1673
2026-08-11T11:34:34.734294,0000,017480,0.013156,0.0000,0.1147
2026-08-11T11:34:36.774237,0000,017488,0.026313,-0.0015,0.1622
2026-08-11T11:34:38.856581,0000,017496,0.247906,-0.0026,0.4979
2026-08-11T11:34:40.992583,0000,017504,0.073209,-0.0025,0.2706
2026-08-11T11:34:43.099416,0000,017512,0.041328,-0.0019,0.2033
2026-08-11T11:34:45.047800,0000,017520,0.024875,-0.0004,0.1577
2026-08-11T11:34:47.005682,0000,017528,0.040786,0.0014,0.2020
2026-08-11T11:34:48.754496,0000,017536,0.051445,0.0022,0.2268
2026-08-11T11:34:50.487689,0000,017544,0.070611,0.0025,0.2657
2026-08-11T11:34:52.320248,0000,017552,0.059512,0.0019,0.2440
2026-08-11T11:34:54.225441,0000,017560,0.021940,0.0009,0.1481
2026-08-11T11:34:56.372254,0000,017568,0.037475,-0.0009,0.1936
2026-08-11T11:34:58.071404,0000,017576,0.030131,-0.0016,0.1736
2026-08-11T11:34:59.775096,0000,017584,0.046660,-0.0015,0.2160
2026-08-11T11:35:01.521266,0000,017592,0.030630,-0.0010,0.1750
2026-08-11T11:35:03.271465,0000,017600,0.022031,0.0002,0.1484
2026-08-11T11:35:05.091602,0000,017608,0.028650,0.0007,0.1693
2026-08-11T11:35:06.826463,0000,017616,0.024960,0.0002,0.1580
2026-08-11T11:35:08.566631,0000,017624,0.042750,-0.0009,0.2068
2026-08-11T11:35:10.342620,0000,017632,0.042025,-0.0008,0.2050
2026-08-11T11:35:12.145482,0000,017640,0.015394,-0.0000,0.1241
2026-08-11T11:35:14.009542,0000,017648,0.048934,0.0007,0.2212
2026-08-11T11:35:15.852521,0000,017656,0.045350,0.0011,0.2130
2026-08-11T11:35:17.581674,0000,017664,0.039501,0.0008,0.1987
2026-08-11T11:35:19.295452,0000,017672,0.024720,-0.0002,0.1572
2026-08-11T11:35:21.093366,0000,017680,0.017158,-0.0002,0.1310
2026-08-11T11:35:22.802760,0000,017688,0.025197,0.0000,0.1587
2026-08-11T11:35:24.641169,0000,017696,0.017321,-0.0003,0.1316
2026-08-11T11:35:26.988941,0000,017704,0.031545,0.0001,0.1776
2026-08-11T11:35:28.827343,0000,017712,0.028004,0.0013,0.1673
2026-08-11T11:35:30.531472,0000,017720,0.046694,0.0015,0.2161
2026-08-11T11:35:32.295423,0000,017728,0.029123,0.0013,0.1707
2026-08-11T11:35:34.163584,0000,017736,0.068881,0.0002,0.2625
2026-08-11T11:35:35.927974,0000,017744,0.027466,-0.0015,0.1657
2026-08-11T11:35:38.019674,0000,017752,0.067268,-0.0026,0.2594
2026-08-11T11:35:39.716256,0000,017760,0.055802,-0.0023,0.2362
2026-08-11T11:35:41.712335,0000,017768,0.052780,-0.0018,0.2297
2026-08-11T11:35:43.423372,0000,017776,0.016846,-0.0004,0.1298
2026-08-11T11:35:45.191109,0000,017784,0.055276,0.0013,0.2351
2026-08-11T11:35:47.088694,0000,017792,0.058054,0.0025,0.2409
2026-08-11T11:35:48.869411,0000,017800,0.057298,0.0026,0.2394
2026-08-11T11:35:50.566007,0000,017808,0.064860,0.0018,0.2547
2026-08-11T11:35:52.713118,0000,017816,0.028153,0.0012,0.1678
2026-08-11T11:35:54.418409,0000,017824,0.057512,-0.0008,0.2398
2026-08-11T11:35:56.202420,0000,017832,0.024822,-0.0016,0.1575
2026-08-11T11:35:58.000441,0000,017840,0.026749,-0.0016,0.1636
2026-08-11T11:36:00.341484,0000,017848,0.077329,-0.0015,0.2781
2026-08-11T11:36:02.141456,0000,017856,0.019549,0.0001,0.1398
2026-08-11T11:36:03.875343,0000,017864,0.014445,0.0004,0.1202
2026-08-11T11:36:05.584197,0000,017872,0.030379,0.0001,0.1743
2026-08-11T11:36:07.356416,0000,017880,0.049340,-0.0008,0.2221
2026-08-11T11:36:09.084433,0000,017888,0.031537,-0.0011,0.1776
2026-08-11T11:36:10.818401,0000,017896,0.074938,-0.0006,0.2737
2026-08-11T11:36:12.559074,0000,017904,0.034959,0.0006,0.1870
2026-08-11T11:36:14.469286,0000,017912,0.031331,0.0011,0.1770
2026-08-11T11:36:16.372226,0000,017920,0.020679,0.0008,0.1438
2026-08-11T11:36:18.141412,0000,017928,0.213311,-0.0005,0.4619
2026-08-11T11:36:19.935392,0000,017936,0.018636,-0.0004,0.1365
2026-08-11T11:36:21.848137,0000,017944,0.054720,-0.0001,0.2339
2026-08-11T11:36:23.647514,0000,017952,0.028408,0.0011,0.1685
2026-08-11T11:36:25.644754,0000,017960,0.065524,0.0013,0.2560
2026-08-11T11:36:27.463829,0000,017968,0.028013,0.0009,0.1674
2026-08-11T11:36:29.184241,0000,017976,0.036959,-0.0001,0.1922
2026-08-11T11:36:30.905975,0000,017984,0.213318,-0.0006,0.4619
2026-08-11T11:36:32.966442,0000,017992,0.042870,0.0003,0.2070
2026-08-11T11:36:34.861763,0000,018000,0.032452,-0.0002,0.1801
2026-08-11T11:36:36.949582,0000,018008,0.019701,0.0005,0.1404
2026-08-11T11:36:38.676142,0000,018016,0.027441,-0.0000,0.1657
2026-08-11T11:36:40.506307,0000,018024,0.015127,0.0006,0.1230
2026-08-11T11:36:42.532030,0000,018032,0.018776,0.0003,0.1370
2026-08-11T11:36:44.238881,0000,018040,0.041839,-0.0009,0.2045
2026-08-11T11:36:46.063129,0000,018048,0.032257,-0.0009,0.1796
2026-08-11T11:36:47.779701,0000,018056,0.023192,-0.0004,0.1523
2026-08-11T11:36:49.597700,0000,018064,0.064831,0.0006,0.2546
2026-08-11T11:36:51.874848,0000,018072,0.055755,0.0017,0.2361
2026-08-11T11:36:53.577696,0000,018080,0.040518,0.0005,0.2013
2026-08-11T11:36:55.370556,0000,018088,0.023602,-0.0002,0.1536
2026-08-11T11:36:57.285199,0000,018096,0.053057,-0.0006,0.2303
2026-08-11T11:36:59.022137,0000,018104,0.022663,-0.0000,0.1505
2026-08-11T11:37:00.935115,0000,018112,0.025389,0.0011,0.1593
2026-08-11T11:37:02.749457,0000,018120,0.056935,0.0015,0.2386
2026-08-11T11:37:04.765125,0000,018128,0.064152,0.0011,0.2533
2026-08-11T11:37:06.613640,0000,018136,0.022893,0.0001,0.1513
2026-08-11T11:37:08.424722,0000,018144,0.047523,-0.0017,0.2180
2026-08-11T11:37:10.343929,0000,018152,0.056790,-0.0026,0.2383
2026-08-11T11:37:12.125627,0000,018160,0.049794,-0.0023,0.2231
2026-08-11T11:37:14.077903,0000,018168,0.052475,-0.0018,0.2291
2026-08-11T11:37:15.842273,0000,018176,0.021886,-0.0004,0.1479
2026-08-11T11:37:17.630147,0000,018184,0.033225,0.0014,0.1823
2026-08-11T11:37:19.353547,0000,018192,0.060771,0.0021,0.2465
2026-08-11T11:37:21.082892,0000,018200,0.076664,0.0023,0.2769
2026-08-11T11:37:23.388251,0000,018208,0.082282,0.0027,0.2868
2026-08-11T11:37:25.242850,0000,018216,0.030679,0.0009,0.1752
2026-08-11T11:37:27.025466,0000,018224,0.026756,-0.0009,0.1636
2026-08-11T11:37:28.759590,0000,018232,0.042912,-0.0016,0.2072
2026-08-11T11:37:30.501140,0000,018240,0.045654,-0.0017,0.2137
2026-08-11T11:37:32.407282,0000,018248,0.039565,-0.0010,0.1989
2026-08-11T11:37:34.351823,0000,018256,0.026072,-0.0002,0.1615
2026-08-11T11:37:36.175920,0000,018264,0.055548,0.0019,0.2357
2026-08-11T11:37:37.984391,0000,018272,0.088496,0.0028,0.2975
2026-08-11T11:37:39.739876,0000,018280,0.077364,0.0029,0.2781
2026-08-11T11:37:41.598881,0000,018288,0.054746,0.0025,0.2340
2026-08-11T11:37:43.395086,0000,018296,0.036774,0.0013,0.1918
2026-08-11T11:37:45.222416,0000,018304,0.042962,-0.0006,0.2073
2026-08-11T11:37:46.938215,0000,018312,0.051298,-0.0013,0.2265
2026-08-11T11:37:48.649924,0000,018320,0.033726,-0.0015,0.1836
2026-08-11T11:37:50.483826,0000,018328,0.082862,-0.0011,0.2879
2026-08-11T11:37:52.259262,0000,018336,0.022975,0.0004,0.1516
2026-08-11T11:37:54.176023,0000,018344,0.022295,0.0008,0.1493
2026-08-11T11:37:55.894236,0000,018352,0.031190,0.0002,0.1766
2026-08-11T11:37:57.819764,0000,018360,0.027031,-0.0007,0.1644
2026-08-11T11:37:59.874192,0000,018368,0.021425,-0.0008,0.1464
2026-08-11T11:38:01.691057,0000,018376,0.027304,-0.0001,0.1652
2026-08-11T11:38:03.399571,0000,018384,0.050309,0.0008,0.2243
2026-08-11T11:38:05.106084,0000,018392,0.027776,0.0010,0.1667
2026-08-11T11:38:06.950047,0000,018400,0.035782,0.0009,0.1892
2026-08-11T11:38:08.853067,0000,018408,0.013483,-0.0004,0.1161
2026-08-11T11:38:10.562114,0000,018416,0.015562,-0.0004,0.1247
2026-08-11T11:38:12.273005,0000,018424,0.035677,0.0000,0.1889
2026-08-11T11:38:14.274748,0000,018432,0.021660,-0.0002,0.1472
2026-08-11T11:38:16.127754,0000,018440,0.036019,0.0003,0.1898
2026-08-11T11:38:18.256028,0000,018448,0.017056,-0.0000,0.1306
2026-08-11T11:38:19.979963,0000,018456,0.018317,0.0003,0.1353
2026-08-11T11:38:21.695782,0000,018464,0.086916,-0.0001,0.2948
2026-08-11T11:38:23.635124,0000,018472,0.038084,0.0007,0.1951
2026-08-11T11:38:25.478801,0000,018480,0.031538,0.0002,0.1776
2026-08-11T11:38:27.354871,0000,018488,0.066936,-0.0008,0.2587
2026-08-11T11:38:29.082793,0000,018496,0.024737,-0.0008,0.1573
2026-08-11T11:38:31.107433,0000,018504,0.045810,-0.0003,0.2140
2026-08-11T11:38:32.966656,0000,018512,0.029331,0.0010,0.1713
2026-08-11T11:38:34.832726,0000,018520,0.022407,0.0012,0.1497
2026-08-11T11:38:36.544811,0000,018528,0.025412,0.0008,0.1594
2026-08-11T11:38:38.342893,0000,018536,0.029084,-0.0002,0.1705
2026-08-11T11:38:40.074973,0000,018544,0.060503,-0.0007,0.2460
2026-08-11T11:38:41.969360,0000,018552,0.018479,0.0002,0.1359
2026-08-11T11:38:43.746918,0000,018560,0.023603,-0.0002,0.1536
2026-08-11T11:38:45.646926,0000,018568,0.018373,0.0003,0.1355
2026-08-11T11:38:47.466732,0000,018576,0.018565,0.0000,0.1363
2026-08-11T11:38:49.244843,0000,018584,0.041408,-0.0008,0.2035
2026-08-11T11:38:50.953322,0000,018592,0.019546,-0.0010,0.1398
2026-08-11T11:38:52.663859,0000,018600,1.583306,-0.0016,1.2583
2026-08-11T11:38:54.373935,0000,018608,0.033091,0.0005,0.1819
2026-08-11T11:38:56.413773,0000,018616,0.044312,0.0012,0.2105
2026-08-11T11:38:58.282576,0000,018624,0.038128,0.0007,0.1953
2026-08-11T11:39:00.007102,0000,018632,0.017513,-0.0004,0.1323
2026-08-11T11:39:01.754802,0000,018640,0.028419,-0.0006,0.1686
2026-08-11T11:39:03.454938,0000,018648,0.018627,-0.0000,0.1365
2026-08-11T11:39:05.325451,0000,018656,0.117321,0.0012,0.3425
2026-08-11T11:39:07.144820,0000,018664,0.068018,0.0012,0.2608
2026-08-11T11:39:08.943879,0000,018672,0.024516,0.0011,0.1566
2026-08-11T11:39:10.781787,0000,018680,0.036741,0.0001,0.1917
2026-08-11T11:39:12.767495,0000,018688,0.041606,-0.0016,0.2040
2026-08-11T11:39:14.658170,0000,018696,0.048563,-0.0023,0.2204
2026-08-11T11:39:16.398655,0000,018704,0.062628,-0.0021,0.2503
2026-08-11T11:39:18.328687,0000,018712,0.056292,-0.0017,0.2373
2026-08-11T11:39:20.589811,0000,018720,0.020755,-0.0004,0.1441
2026-08-11T11:39:22.317544,0000,018728,0.035427,0.0014,0.1882
2026-08-11T11:39:24.038474,0000,018736,0.054765,0.0022,0.2340
2026-08-11T11:39:25.775258,0000,018744,0.087448,0.0024,0.2957
2026-08-11T11:39:27.496074,0000,018752,0.038777,0.0019,0.1969
2026-08-11T11:39:29.229529,0000,018760,0.039332,0.0009,0.1983
2026-08-11T11:39:31.020525,0000,018768,0.015359,-0.0006,0.1239
2026-08-11T11:39:32.758777,0000,018776,0.033256,-0.0014,0.1824
2026-08-11T11:39:34.465854,0000,018784,0.032109,-0.0015,0.1792
2026-08-11T11:39:36.415027,0000,018792,0.057925,-0.0012,0.2407
2026-08-11T11:39:38.134562,0000,018800,0.018180,0.0003,0.1348
2026-08-11T11:39:39.908839,0000,018808,0.051613,0.0006,0.2272
2026-08-11T11:39:41.651475,0000,018816,0.041890,0.0003,0.2047
2026-08-11T11:39:43.357382,0000,018824,0.027772,-0.0005,0.1666
2026-08-11T11:39:45.086728,0000,018832,0.030643,-0.0007,0.1751
2026-08-11T11:39:46.836695,0000,018840,1.565980,-0.0014,1.2514
2026-08-11T11:39:48.584594,0000,018848,0.028133,0.0008,0.1677
2026-08-11T11:39:50.457469,0000,018856,0.028437,0.0015,0.1686
2026-08-11T11:39:52.597085,0000,018864,0.058946,0.0007,0.2428
2026-08-11T11:39:54.528247,0000,018872,0.024982,-0.0001,0.1581
2026-08-11T11:39:56.421060,0000,018880,0.022749,-0.0004,0.1508
2026-08-11T11:39:58.210908,0000,018888,0.027689,0.0001,0.1664
2026-08-11T11:39:59.953749,0000,018896,0.018648,-0.0001,0.1366
2026-08-11T11:40:02.172629,0000,018904,0.045512,0.0005,0.2133
2026-08-11T11:40:03.998683,0000,018912,0.052055,0.0002,0.2282
2026-08-11T11:40:05.905807,0000,018920,0.028599,-0.0010,0.1691
2026-08-11T11:40:08.070852,0000,018928,0.051229,-0.0012,0.2263
2026-08-11T11:40:09.797569,0000,018936,0.018789,-0.0004,0.1371
2026-08-11T11:40:11.549681,0000,018944,0.017567,0.0007,0.1325
2026-08-11T11:40:13.525173,0000,018952,0.037141,0.0009,0.1927
2026-08-11T11:40:15.571773,0000,018960,0.067196,0.0006,0.2592
2026-08-11T11:40:17.323306,0000,018968,0.029780,-0.0002,0.1726
2026-08-11T11:40:19.042587,0000,018976,0.015641,-0.0004,0.1251
2026-08-11T11:40:20.827644,0000,018984,0.036308,0.0000,0.1905
2026-08-11T11:40:22.727570,0000,018992,0.022828,-0.0003,0.1511
2026-08-11T11:40:24.486430,0000,019000,0.047625,0.0003,0.2182
2026-08-11T11:40:26.348658,0000,019008,0.047151,-0.0000,0.2171
2026-08-11T11:40:28.476267,0000,019016,0.065263,0.0006,0.2555
2026-08-11T11:40:30.198460,0000,019024,0.021729,0.0000,0.1474
2026-08-11T11:40:31.910755,0000,019032,1.580138,-0.0018,1.2570
2026-08-11T11:40:33.613824,0000,019040,0.023676,-0.0008,0.1539
2026-08-11T11:40:35.398024,0000,019048,0.040308,-0.0004,0.2008
2026-08-11T11:40:37.180644,0000,019056,0.016172,0.0009,0.1272
2026-08-11T11:40:38.990831,0000,019064,0.047040,0.0011,0.2169
2026-08-11T11:40:40.807492,0000,019072,0.029340,0.0009,0.1713
2026-08-11T11:40:42.662568,0000,019080,0.050936,-0.0003,0.2257
2026-08-11T11:40:44.380898,0000,019088,0.024382,-0.0003,0.1561
2026-08-11T11:40:46.111738,0000,019096,0.034798,0.0000,0.1865
2026-08-11T11:40:48.174179,0000,019104,0.019444,-0.0004,0.1394
2026-08-11T11:40:50.094792,0000,019112,0.084517,0.0003,0.2907
2026-08-11T11:40:51.806706,0000,019120,0.036002,-0.0000,0.1897
2026-08-11T11:40:53.646373,0000,019128,0.027429,0.0006,0.1656
2026-08-11T11:40:55.466332,0000,019136,0.027703,0.0002,0.1664
2026-08-11T11:40:57.375427,0000,019144,0.028475,-0.0007,0.1687
2026-08-11T11:40:59.381808,0000,019152,0.031934,-0.0011,0.1787
2026-08-11T11:41:01.088261,0000,019160,0.024281,-0.0004,0.1558
2026-08-11T11:41:02.866612,0000,019168,0.043014,0.0008,0.2074
2026-08-11T11:41:04.589015,0000,019176,0.037915,0.0011,0.1947
2026-08-11T11:41:06.364787,0000,019184,0.063352,0.0007,0.2517
2026-08-11T11:41:08.267251,0000,019192,0.026433,-0.0002,0.1626
2026-08-11T11:41:10.170814,0000,019200,0.027604,-0.0004,0.1661
2026-08-11T11:41:11.977419,0000,019208,0.027342,0.0002,0.1654
2026-08-11T11:41:13.705349,0000,019216,0.017898,-0.0001,0.1338
2026-08-11T11:41:15.474267,0000,019224,0.026573,0.0005,0.1630
2026-08-11T11:41:17.390528,0000,019232,0.013851,-0.0000,0.1177
2026-08-11T11:41:19.190293,0000,019240,0.035689,0.0006,0.1889
2026-08-11T11:41:20.956726,0000,019248,0.038303,0.0002,0.1957
2026-08-11T11:41:22.829451,0000,019256,0.054383,-0.0008,0.2332
2026-08-11T11:41:24.776487,0000,019264,0.022539,-0.0009,0.1501
2026-08-11T11:41:26.735036,0000,019272,0.048032,-0.0004,0.2192
2026-08-11T11:41:28.760759,0000,019280,0.039035,0.0011,0.1976
2026-08-11T11:41:30.647381,0000,019288,0.059791,0.0011,0.2445
2026-08-11T11:41:32.563347,0000,019296,0.029946,0.0009,0.1730
2026-08-11T11:41:34.447317,0000,019304,0.038182,0.0001,0.1954
2026-08-11T11:41:36.323623,0000,019312,0.058397,-0.0017,0.2417
2026-08-11T11:41:38.238534,0000,019320,0.079787,-0.0026,0.2825
2026-08-11T11:41:39.971307,0000,019328,0.056322,-0.0024,0.2373
2026-08-11T11:41:41.878946,0000,019336,0.044370,-0.0019,0.2106
2026-08-11T11:41:43.626523,0000,019344,0.025300,-0.0003,0.1591
2026-08-11T11:41:45.339453,0000,019352,0.092473,0.0011,0.3041
2026-08-11T11:41:47.200143,0000,019360,0.054068,0.0024,0.2325
2026-08-11T11:41:48.960749,0000,019368,0.086785,0.0025,0.2946
2026-08-11T11:41:50.673462,0000,019376,0.073290,0.0019,0.2707
2026-08-11T11:41:52.463419,0000,019384,0.064588,0.0011,0.2541
2026-08-11T11:41:54.543430,0000,019392,0.033640,-0.0007,0.1834
2026-08-11T11:41:56.292645,0000,019400,0.033321,-0.0014,0.1825
2026-08-11T11:41:58.023071,0000,019408,0.024206,-0.0015,0.1556
2026-08-11T11:41:59.986027,0000,019416,0.018107,-0.0010,0.1346
2026-08-11T11:42:01.997098,0000,019424,0.028294,0.0003,0.1682
2026-08-11T11:42:03.844091,0000,019432,0.024918,0.0006,0.1579
2026-08-11T11:42:05.665064,0000,019440,0.047655,0.0003,0.2183
2026-08-11T11:42:07.533118,0000,019448,0.048252,-0.0006,0.2197
2026-08-11T11:42:09.269336,0000,019456,0.040222,-0.0008,0.2006
2026-08-11T11:42:11.007305,0000,019464,0.023750,-0.0001,0.1541
2026-08-11T11:42:12.827000,0000,019472,0.027130,0.0009,0.1647
2026-08-11T11:42:14.763136,0000,019480,0.020548,0.0012,0.1433
2026-08-11T11:42:16.629604,0000,019488,0.028582,0.0008,0.1691
2026-08-11T11:42:18.412476,0000,019496,0.021818,-0.0001,0.1477
2026-08-11T11:42:20.114126,0000,019504,0.020988,-0.0003,0.1449
2026-08-11T11:42:21.884995,0000,019512,0.040535,0.0002,0.2013
2026-08-11T11:42:23.679222,0000,019520,0.031351,-0.0001,0.1771
2026-08-11T11:42:25.448139,0000,019528,0.013961,0.0006,0.1182
2026-08-11T11:42:27.151233,0000,019536,1.654471,-0.0011,1.2863
2026-08-11T11:42:28.870170,0000,019544,0.229050,0.0003,0.4786
2026-08-11T11:42:30.796161,0000,019552,0.022007,0.0004,0.1483
2026-08-11T11:42:32.571289,0000,019560,0.014372,-0.0006,0.1199
2026-08-11T11:42:34.317213,0000,019568,0.028150,-0.0006,0.1678
2026-08-11T11:42:36.025628,0000,019576,0.013509,-0.0002,0.1162
2026-08-11T11:42:37.916271,0000,019584,0.022253,0.0010,0.1492
2026-08-11T11:42:39.634035,0000,019592,0.035732,0.0012,0.1890
2026-08-11T11:42:41.363273,0000,019600,0.033349,0.0008,0.1826
2026-08-11T11:42:43.061045,0000,019608,0.019980,0.0000,0.1413
2026-08-11T11:42:45.068347,0000,019616,0.073965,-0.0017,0.2720
2026-08-11T11:42:47.044973,0000,019624,0.053705,-0.0025,0.2317
2026-08-11T11:42:48.804412,0000,019632,0.066146,-0.0022,0.2572
2026-08-11T11:42:50.662810,0000,019640,0.029225,-0.0017,0.1710
2026-08-11T11:42:52.391349,0000,019648,0.023164,-0.0004,0.1522
2026-08-11T11:42:54.104081,0000,019656,0.023487,0.0013,0.1533
2026-08-11T11:42:55.831031,0000,019664,0.050588,0.0022,0.2249
2026-08-11T11:42:57.567462,0000,019672,0.062888,0.0025,0.2508
2026-08-11T11:42:59.272004,0000,019680,0.067703,0.0019,0.2602
2026-08-11T11:43:01.237501,0000,019688,0.031107,0.0011,0.1764
2026-08-11T11:43:03.245359,0000,019696,0.021284,-0.0007,0.1459
2026-08-11T11:43:05.029172,0000,019704,0.042621,-0.0014,0.2064
2026-08-11T11:43:07.511242,0000,019712,0.086351,-0.0022,0.2939
2026-08-11T11:43:09.631077,0000,019720,0.024792,-0.0010,0.1575
2026-08-11T11:43:11.708244,0000,019728,0.095924,0.0001,0.3097
2026-08-11T11:43:13.536246,0000,019736,0.020395,0.0007,0.1428
2026-08-11T11:43:15.737625,0000,019744,0.068842,-0.0001,0.2624
2026-08-11T11:43:17.579068,0000,019752,0.019796,0.0008,0.1407
2026-08-11T11:43:19.390291,0000,019760,0.028288,0.0005,0.1682
2026-08-11T11:43:21.173032,0000,019768,0.040134,-0.0005,0.2003
2026-08-11T11:43:22.897700,0000,019776,0.029113,-0.0007,0.1706
2026-08-11T11:43:24.819003,0000,019784,0.012865,0.0000,0.1134
2026-08-11T11:43:27.012667,0000,019792,0.025992,-0.0005,0.1612
2026-08-11T11:43:28.760878,0000,019800,0.025191,0.0002,0.1587
2026-08-11T11:43:30.466549,0000,019808,0.053627,-0.0002,0.2316
2026-08-11T11:43:32.192651,0000,019816,0.035284,0.0003,0.1878
2026-08-11T11:43:33.973553,0000,019824,0.026851,0.0001,0.1639
2026-08-11T11:43:35.895775,0000,019832,0.060104,-0.0010,0.2452
2026-08-11T11:43:37.843799,0000,019840,0.020041,-0.0011,0.1416
2026-08-11T11:43:39.731899,0000,019848,0.051114,-0.0005,0.2261
2026-08-11T11:43:42.263656,0000,019856,0.067465,0.0012,0.2597
2026-08-11T11:43:43.978416,0000,019864,0.020767,0.0010,0.1441
2026-08-11T11:43:45.708765,0000,019872,0.029336,0.0007,0.1713
2026-08-11T11:43:47.614949,0000,019880,0.019756,-0.0001,0.1406
2026-08-11T11:43:49.468147,0000,019888,0.032147,-0.0003,0.1793
2026-08-11T11:43:51.237725,0000,019896,0.035415,0.0001,0.1882
2026-08-11T11:43:53.419947,0000,019904,0.043574,-0.0002,0.2087
2026-08-11T11:43:55.260809,0000,019912,0.030706,0.0003,0.1752
2026-08-11T11:43:57.155884,0000,019920,0.029197,-0.0000,0.1709
2026-08-11T11:43:59.033985,0000,019928,0.022498,-0.0006,0.1500
2026-08-11T11:44:00.764842,0000,019936,0.030701,-0.0009,0.1752
2026-08-11T11:44:02.503834,0000,019944,0.097175,-0.0003,0.3117
2026-08-11T11:44:04.236796,0000,019952,0.033695,0.0006,0.1836
2026-08-11T11:44:06.270887,0000,019960,0.031806,0.0013,0.1783
2026-08-11T11:44:08.013147,0000,019968,0.042288,0.0007,0.2056
2026-08-11T11:44:09.987954,0000,019976,0.041916,-0.0003,0.2047
2026-08-11T11:44:11.715080,0000,019984,1.579467,-0.0013,1.2568
2026-08-11T11:44:13.715042,0000,019992,0.011929,0.0003,0.1092
2026-08-11T11:44:15.760117,0000,020000,0.025356,0.0001,0.1592
2026-08-11T11:44:17.552703,0000,020008,0.042007,-0.0010,0.2050
2026-08-11T11:44:19.672562,0000,020016,0.234180,-0.0014,0.4839
2026-08-11T11:44:21.679076,0000,020024,0.041761,-0.0006,0.2044
2026-08-11T11:44:23.549229,0000,020032,0.039081,0.0007,0.1977
2026-08-11T11:44:25.265502,0000,020040,0.053061,0.0010,0.2303
2026-08-11T11:44:27.206973,0000,020048,0.026207,0.0006,0.1619
2026-08-11T11:44:28.972875,0000,020056,0.025687,-0.0001,0.1603
2026-08-11T11:44:30.759821,0000,020064,0.013691,-0.0003,0.1170
2026-08-11T11:44:32.534802,0000,020072,0.048685,0.0000,0.2206
2026-08-11T11:44:34.258561,0000,020080,0.031804,-0.0001,0.1783
2026-08-11T11:44:36.019589,0000,020088,0.042752,0.0002,0.2068
2026-08-11T11:44:37.817706,0000,020096,0.016609,0.0001,0.1289
2026-08-11T11:44:39.620138,0000,020104,0.044105,-0.0009,0.2100
2026-08-11T11:44:41.728175,0000,020112,0.051588,-0.0013,0.2271
2026-08-11T11:44:43.444434,0000,020120,0.021389,-0.0003,0.1463
2026-08-11T11:44:45.194698,0000,020128,0.029031,0.0007,0.1704
2026-08-11T11:44:47.044760,0000,020136,0.029124,0.0011,0.1707
2026-08-11T11:44:49.045087,0000,020144,0.029032,0.0010,0.1704
2026-08-11T11:44:50.877861,0000,020152,0.027918,-0.0000,0.1671
2026-08-11T11:44:52.658829,0000,020160,0.087545,-0.0003,0.2959
2026-08-11T11:44:54.368614,0000,020168,0.035931,0.0001,0.1896
2026-08-11T11:44:56.134127,0000,020176,0.035382,-0.0001,0.1881
2026-08-11T11:44:58.141475,0000,020184,0.020938,0.0004,0.1447
2026-08-11T11:45:00.032431,0000,020192,0.021781,0.0001,0.1476
2026-08-11T11:45:01.754301,0000,020200,0.029435,-0.0008,0.1716
2026-08-11T11:45:03.582384,0000,020208,0.219791,-0.0010,0.4688
2026-08-11T11:45:05.505168,0000,020216,0.036374,-0.0005,0.1907
2026-08-11T11:45:07.478214,0000,020224,0.052315,0.0008,0.2287
2026-08-11T11:45:09.269432,0000,020232,0.044030,0.0012,0.2098
2026-08-11T11:45:10.995319,0000,020240,0.025172,0.0009,0.1587
2026-08-11T11:45:12.717510,0000,020248,0.042966,-0.0002,0.2073
2026-08-11T11:45:14.453029,0000,020256,0.021627,-0.0003,0.1471
2026-08-11T11:45:16.259459,0000,020264,0.015009,0.0002,0.1225
2026-08-11T11:45:18.013414,0000,020272,0.040182,-0.0003,0.2005
2026-08-11T11:45:19.761553,0000,020280,0.049431,0.0003,0.2223
2026-08-11T11:45:21.493471,0000,020288,0.034648,0.0001,0.1861
2026-08-11T11:45:23.341591,0000,020296,0.035297,-0.0007,0.1879
2026-08-11T11:45:25.151156,0000,020304,0.056037,-0.0010,0.2367
2026-08-11T11:45:26.874398,0000,020312,0.017562,-0.0002,0.1325
2026-08-11T11:45:28.852153,0000,020320,0.046998,0.0005,0.2168
2026-08-11T11:45:30.574427,0000,020328,0.237692,0.0009,0.4875
2026-08-11T11:45:32.385172,0000,020336,0.053219,0.0007,0.2307
2026-08-11T11:45:34.418294,0000,020344,0.038966,-0.0002,0.1974
2026-08-11T11:45:36.194390,0000,020352,0.037010,-0.0003,0.1924
2026-08-11T11:45:38.173076,0000,020360,0.049299,0.0001,0.2220
2026-08-11T11:45:40.179319,0000,020368,0.024541,-0.0001,0.1567
2026-08-11T11:45:41.987247,0000,020376,0.055183,0.0003,0.2349
2026-08-11T11:45:43.906257,0000,020384,0.050666,-0.0001,0.2251
2026-08-11T11:45:45.790024,0000,020392,0.075720,0.0001,0.2752
2026-08-11T11:45:47.619327,0000,020400,0.046389,0.0004,0.2154
2026-08-11T11:45:49.552996,0000,020408,0.017553,-0.0003,0.1325
2026-08-11T11:45:51.285189,0000,020416,0.012918,-0.0001,0.1137
2026-08-11T11:45:53.003104,0000,020424,0.022072,0.0004,0.1486
2026-08-11T11:45:54.754142,0000,020432,0.022600,0.0005,0.1503
2026-08-11T11:45:56.564168,0000,020440,0.030561,-0.0003,0.1748
2026-08-11T11:45:58.321104,0000,020448,0.012749,-0.0002,0.1129
2026-08-11T11:46:00.421369,0000,020456,0.065108,0.0007,0.2552
2026-08-11T11:46:02.315019,0000,020464,0.105770,0.0006,0.3252
2026-08-11T11:46:04.166936,0000,020472,0.023646,-0.0002,0.1538
2026-08-11T11:46:06.311095,0000,020480,0.041501,0.0004,0.2037
2026-08-11T11:46:08.051220,0000,020488,0.024096,-0.0009,0.1552
2026-08-11T11:46:09.846037,0000,020496,0.030160,-0.0007,0.1737
2026-08-11T11:46:11.546079,0000,020504,0.038949,-0.0004,0.1974
2026-08-11T11:46:13.514125,0000,020512,0.035738,0.0014,0.1890
2026-08-11T11:46:15.227855,0000,020520,0.031537,0.0015,0.1776
2026-08-11T11:46:17.025260,0000,020528,0.065393,0.0015,0.2557
2026-08-11T11:46:18.923770,0000,020536,0.059951,0.0008,0.2448
2026-08-11T11:46:20.629017,0000,020544,0.019874,-0.0006,0.1410
2026-08-11T11:46:22.390023,0000,020552,0.026987,-0.0012,0.1643
2026-08-11T11:46:24.424836,0000,020560,0.041205,-0.0011,0.2030
2026-08-11T11:46:26.144880,0000,020568,0.036007,-0.0005,0.1898
2026-08-11T11:46:27.902422,0000,020576,0.021915,0.0010,0.1480
2026-08-11T11:46:29.623071,0000,020584,0.035426,0.0013,0.1882
2026-08-11T11:46:31.511917,0000,020592,0.124313,0.0015,0.3526
2026-08-11T11:46:33.479080,0000,020600,0.026004,0.0009,0.1613
2026-08-11T11:46:35.257158,0000,020608,0.039742,-0.0008,0.1994
2026-08-11T11:46:36.962189,0000,020616,0.085284,-0.0015,0.2920
2026-08-11T11:46:38.762809,0000,020624,0.054097,-0.0013,0.2326
2026-08-11T11:46:40.719188,0000,020632,0.043512,-0.0003,0.2086
2026-08-11T11:46:42.420863,0000,020640,0.017115,0.0007,0.1308
2026-08-11T11:46:44.188078,0000,020648,0.039410,0.0016,0.1985
2026-08-11T11:46:45.992997,0000,020656,0.050435,0.0012,0.2246
2026-08-11T11:46:47.799574,0000,020664,0.020799,0.0007,0.1442
2026-08-11T11:46:49.683990,0000,020672,0.040398,-0.0009,0.2010
2026-08-11T11:46:51.421929,0000,020680,0.031557,-0.0014,0.1776
2026-08-11T11:46:53.203217,0000,020688,0.023188,-0.0011,0.1523
2026-08-11T11:46:55.093561,0000,020696,0.058487,-0.0003,0.2418
2026-08-11T11:46:56.874042,0000,020704,0.052012,0.0010,0.2281
2026-08-11T11:46:58.723793,0000,020712,0.045646,0.0016,0.2136
2026-08-11T11:47:00.485391,0000,020720,0.040496,0.0012,0.2012
2026-08-11T11:47:02.282774,0000,020728,0.025796,0.0006,0.1606
2026-08-11T11:47:04.031808,0000,020736,0.062383,-0.0009,0.2498
2026-08-11T11:47:06.385020,0000,020744,0.034153,-0.0012,0.1848
2026-08-11T11:47:08.198086,0000,020752,0.036933,-0.0013,0.1922
2026-08-11T11:47:09.917497,0000,020760,0.032319,-0.0005,0.1798
2026-08-11T11:47:11.875637,0000,020768,0.037469,0.0010,0.1936
2026-08-11T11:47:13.584542,0000,020776,0.232935,0.0010,0.4826
2026-08-11T11:47:15.293989,0000,020784,1.568824,0.0000,1.2525
2026-08-11T11:47:17.004856,0000,020792,0.023874,0.0004,0.1545
2026-08-11T11:47:18.744462,0000,020800,0.043281,-0.0009,0.2080
2026-08-11T11:47:20.463845,0000,020808,0.040488,-0.0015,0.2012
2026-08-11T11:47:22.310177,0000,020816,0.029418,-0.0011,0.1715
2026-08-11T11:47:24.075000,0000,020824,1.576891,-0.0015,1.2557
2026-08-11T11:47:25.923108,0000,020832,0.084770,0.0006,0.2912
2026-08-11T11:47:27.723221,0000,020840,0.048655,0.0014,0.2206
2026-08-11T11:47:29.463499,0000,020848,0.026148,0.0014,0.1617
2026-08-11T11:47:31.358703,0000,020856,0.050715,0.0005,0.2252
2026-08-11T11:47:33.287746,0000,020864,0.038994,-0.0009,0.1975
2026-08-11T11:47:35.166673,0000,020872,0.034908,-0.0014,0.1868
2026-08-11T11:47:36.880436,0000,020880,0.043958,-0.0014,0.2097
2026-08-11T11:47:38.656127,0000,020888,0.017645,-0.0005,0.1328
2026-08-11T11:47:40.536696,0000,020896,0.069651,0.0006,0.2639
2026-08-11T11:47:42.525715,0000,020904,0.038722,0.0017,0.1968
2026-08-11T11:47:44.641491,0000,020912,0.044375,0.0017,0.2107
2026-08-11T11:47:46.955764,0000,020920,0.049833,0.0009,0.2232
2026-08-11T11:47:48.781602,0000,020928,0.023598,-0.0007,0.1536
2026-08-11T11:47:50.504535,0000,020936,0.033305,-0.0014,0.1825
2026-08-11T11:47:52.213566,0000,020944,0.031072,-0.0012,0.1763
2026-08-11T11:47:53.962026,0000,020952,0.048583,-0.0005,0.2204
2026-08-11T11:47:55.699241,0000,020960,0.029924,0.0008,0.1730
2026-08-11T11:47:57.688036,0000,020968,0.053346,0.0018,0.2310
2026-08-11T11:47:59.593649,0000,020976,0.055083,0.0017,0.2347
2026-08-11T11:48:01.317073,0000,020984,0.012684,0.0004,0.1126
2026-08-11T11:48:03.229988,0000,020992,0.034474,-0.0010,0.1857
2026-08-11T11:48:05.557761,0000,021000,0.077419,-0.0013,0.2782
2026-08-11T11:48:07.314057,0000,021008,0.049997,-0.0014,0.2236
2026-08-11T11:48:09.018826,0000,021016,0.012681,-0.0005,0.1126
2026-08-11T11:48:10.789660,0000,021024,0.036852,0.0010,0.1920
2026-08-11T11:48:12.612637,0000,021032,0.044657,0.0015,0.2113
2026-08-11T11:48:14.410620,0000,021040,0.032618,0.0014,0.1806
2026-08-11T11:48:16.129628,0000,021048,0.042791,0.0005,0.2069
2026-08-11T11:48:18.262794,0000,021056,0.088266,-0.0009,0.2971
2026-08-11T11:48:20.429309,0000,021064,0.030052,-0.0012,0.1734
2026-08-11T11:48:22.216652,0000,021072,0.028446,-0.0012,0.1687
2026-08-11T11:48:24.383799,0000,021080,0.051684,-0.0002,0.2273
2026-08-11T11:48:26.138691,0000,021088,0.028077,0.0010,0.1676
2026-08-11T11:48:28.098482,0000,021096,0.065301,0.0017,0.2555
2026-08-11T11:48:30.248090,0000,021104,0.050765,0.0018,0.2253
2026-08-11T11:48:32.158063,0000,021112,0.050815,0.0006,0.2254
2026-08-11T11:48:33.967916,0000,021120,0.059110,-0.0008,0.2431
2026-08-11T11:48:35.687494,0000,021128,0.039166,-0.0013,0.1979
2026-08-11T11:48:37.409419,0000,021136,0.054054,-0.0012,0.2325
2026-08-11T11:48:39.290457,0000,021144,0.033200,-0.0003,0.1822
2026-08-11T11:48:41.002329,0000,021152,0.022772,0.0007,0.1509
2026-08-11T11:48:42.727235,0000,021160,0.037064,0.0014,0.1925
2026-08-11T11:48:44.471538,0000,021168,0.223537,0.0011,0.4728
2026-08-11T11:48:46.278389,0000,021176,0.019528,0.0006,0.1397
2026-08-11T11:48:48.027949,0000,021184,0.056720,-0.0007,0.2382
2026-08-11T11:48:49.762073,0000,021192,0.045473,-0.0014,0.2132
2026-08-11T11:48:51.585302,0000,021200,0.032461,-0.0011,0.1802
2026-08-11T11:48:53.578560,0000,021208,0.032777,-0.0004,0.1810
2026-08-11T11:48:55.359284,0000,021216,0.024258,0.0010,0.1557
2026-08-11T11:48:57.121749,0000,021224,0.043481,0.0014,0.2085
2026-08-11T11:48:59.144216,0000,021232,0.065397,0.0018,0.2557
2026-08-11T11:49:00.977935,0000,021240,0.033241,0.0007,0.1823
2026-08-11T11:49:02.711376,0000,021248,0.026869,-0.0008,0.1639
2026-08-11T11:49:04.484727,0000,021256,0.032733,-0.0012,0.1809
2026-08-11T11:49:06.285292,0000,021264,0.030650,-0.0011,0.1751
2026-08-11T11:49:08.078407,0000,021272,0.048221,-0.0003,0.2196
2026-08-11T11:49:09.858377,0000,021280,0.035980,0.0010,0.1897
2026-08-11T11:49:11.921114,0000,021288,0.047534,0.0019,0.2180
2026-08-11T11:49:13.952401,0000,021296,0.229093,0.0015,0.4786
2026-08-11T11:49:15.680244,0000,021304,1.568404,-0.0006,1.2524
2026-08-11T11:49:17.763466,0000,021312,0.019562,0.0007,0.1399
2026-08-11T11:49:19.562672,0000,021320,0.076856,-0.0001,0.2772
2026-08-11T11:49:21.298185,0000,021328,0.014794,-0.0002,0.1216
2026-08-11T11:49:23.268323,0000,021336,0.064622,0.0007,0.2542
2026-08-11T11:49:25.034474,0000,021344,0.025078,0.0006,0.1584
2026-08-11T11:49:26.773252,0000,021352,0.026416,-0.0002,0.1625
2026-08-11T11:49:28.602337,0000,021360,0.032055,0.0001,0.1790
2026-08-11T11:49:30.892079,0000,021368,0.052304,-0.0006,0.2287
2026-08-11T11:49:32.715212,0000,021376,0.025356,-0.0005,0.1592
2026-08-11T11:49:34.720380,0000,021384,0.024209,0.0003,0.1556
2026-08-11T11:49:36.675481,0000,021392,0.032023,0.0001,0.1790
2026-08-11T11:49:38.424240,0000,021400,0.022016,-0.0006,0.1484
2026-08-11T11:49:40.433364,0000,021408,0.025171,-0.0005,0.1587
2026-08-11T11:49:42.197479,0000,021416,0.041489,0.0001,0.2037
2026-08-11T11:49:44.146320,0000,021424,0.015732,0.0004,0.1254
2026-08-11T11:49:46.202731,0000,021432,0.098528,-0.0008,0.3139
2026-08-11T11:49:48.164891,0000,021440,0.015680,-0.0002,0.1252
2026-08-11T11:49:49.903098,0000,021448,0.035527,0.0003,0.1885
2026-08-11T11:49:51.617861,0000,021456,0.030447,0.0002,0.1745
2026-08-11T11:49:53.368206,0000,021464,0.237781,-0.0006,0.4876
2026-08-11T11:49:55.380249,0000,021472,0.035069,-0.0001,0.1873
2026-08-11T11:49:57.240474,0000,021480,0.018484,0.0006,0.1360
2026-08-11T11:49:58.948122,0000,021488,0.024317,0.0003,0.1559
2026-08-11T11:50:01.151295,0000,021496,0.015896,-0.0003,0.1261
2026-08-11T11:50:02.944789,0000,021504,0.030921,-0.0002,0.1758
2026-08-11T11:50:04.861846,0000,021512,0.028568,0.0006,0.1690
2026-08-11T11:50:06.840351,0000,021520,0.027295,0.0004,0.1652
2026-08-11T11:50:08.669318,0000,021528,0.025213,-0.0003,0.1588
2026-08-11T11:50:10.623313,0000,021536,0.035245,-0.0002,0.1877
2026-08-11T11:50:12.400166,0000,021544,0.018806,0.0006,0.1371
2026-08-11T11:50:14.113033,0000,021552,0.036167,0.0004,0.1902
2026-08-11T11:50:15.851167,0000,021560,1.567617,-0.0012,1.2520
2026-08-11T11:50:17.582726,0000,021568,0.022591,-0.0001,0.1503
2026-08-11T11:50:19.335085,0000,021576,0.049373,0.0006,0.2222
2026-08-11T11:50:21.050210,0000,021584,0.031665,0.0003,0.1779
2026-08-11T11:50:23.116084,0000,021592,0.031936,-0.0002,0.1787
2026-08-11T11:50:24.952148,0000,021600,0.042850,-0.0001,0.2070
2026-08-11T11:50:26.813252,0000,021608,0.037734,0.0008,0.1943
2026-08-11T11:50:28.555962,0000,021616,0.017164,0.0004,0.1310
2026-08-11T11:50:30.656176,0000,021624,0.063723,-0.0002,0.2524
2026-08-11T11:50:32.437158,0000,021632,0.017733,-0.0001,0.1332
2026-08-11T11:50:34.384533,0000,021640,0.049698,0.0006,0.2229
2026-08-11T11:50:36.331224,0000,021648,0.025448,0.0008,0.1595
2026-08-11T11:50:38.079217,0000,021656,0.071620,-0.0002,0.2676
2026-08-11T11:50:40.128797,0000,021664,0.072370,-0.0003,0.2690
2026-08-11T11:50:42.018006,0000,021672,0.024772,0.0007,0.1574
2026-08-11T11:50:43.749037,0000,021680,0.018753,0.0005,0.1369
2026-08-11T11:50:45.903375,0000,021688,0.072427,-0.0001,0.2691
2026-08-11T11:50:47.692252,0000,021696,0.023151,-0.0013,0.1522
2026-08-11T11:50:49.415943,0000,021704,0.050346,-0.0017,0.2244
2026-08-11T11:50:51.134948,0000,021712,0.043147,-0.0015,0.2077
2026-08-11T11:50:53.134426,0000,021720,0.041110,-0.0010,0.2028
2026-08-11T11:50:55.137942,0000,021728,0.060148,0.0005,0.2453
2026-08-11T11:50:56.902891,0000,021736,0.052106,0.0011,0.2283
2026-08-11T11:50:58.837615,0000,021744,0.064319,0.0013,0.2536
2026-08-11T11:51:00.701867,0000,021752,0.155750,-0.0000,0.3947
2026-08-11T11:51:02.669657,0000,021760,0.031958,0.0005,0.1788
2026-08-11T11:51:04.421043,0000,021768,0.051419,-0.0003,0.2268
2026-08-11T11:51:06.183049,0000,021776,0.042350,-0.0003,0.2058
2026-08-11T11:51:07.929166,0000,021784,0.044061,0.0004,0.2099
2026-08-11T11:51:09.844018,0000,021792,1.564718,-0.0005,1.2509
2026-08-11T11:51:11.588580,0000,021800,0.029880,0.0009,0.1729
2026-08-11T11:51:13.632639,0000,021808,0.037392,0.0012,0.1934
2026-08-11T11:51:15.357770,0000,021816,0.037836,0.0001,0.1945
2026-08-11T11:51:17.300642,0000,021824,0.110264,-0.0011,0.3321
2026-08-11T11:51:19.171763,0000,021832,0.034479,-0.0016,0.1857
2026-08-11T11:51:21.179756,0000,021840,0.067128,-0.0017,0.2591
2026-08-11T11:51:22.913013,0000,021848,0.067410,-0.0007,0.2596
2026-08-11T11:51:24.648358,0000,021856,0.021096,0.0008,0.1452
2026-08-11T11:51:26.348358,0000,021864,0.026078,0.0012,0.1615
2026-08-11T11:51:28.059703,0000,021872,0.031786,0.0011,0.1783
2026-08-11T11:51:29.794722,0000,021880,0.048240,0.0003,0.2196
2026-08-11T11:51:31.493211,0000,021888,0.032522,-0.0009,0.1803
2026-08-11T11:51:33.270650,0000,021896,0.026403,-0.0013,0.1625
2026-08-11T11:51:34.994804,0000,021904,0.054786,-0.0012,0.2341
2026-08-11T11:51:36.787794,0000,021912,0.050262,-0.0006,0.2242
2026-08-11T11:51:38.592927,0000,021920,0.053658,0.0011,0.2316
2026-08-11T11:51:40.350518,0000,021928,0.089897,0.0015,0.2998
2026-08-11T11:51:42.213780,0000,021936,0.035812,0.0015,0.1892
2026-08-11T11:51:43.928635,0000,021944,0.031456,0.0004,0.1774
2026-08-11T11:51:45.728568,0000,021952,0.081002,-0.0006,0.2846
2026-08-11T11:51:47.497780,0000,021960,0.035839,-0.0013,0.1893
2026-08-11T11:51:49.241555,0000,021968,0.030621,-0.0011,0.1750
2026-08-11T11:51:50.972565,0000,021976,0.042826,-0.0004,0.2069
2026-08-11T11:51:52.706003,0000,021984,0.027363,0.0009,0.1654
2026-08-11T11:51:54.464492,0000,021992,0.035871,0.0016,0.1894
2026-08-11T11:51:56.316214,0000,022000,0.035150,0.0014,0.1875
2026-08-11T11:51:58.027304,0000,022008,0.103781,0.0006,0.3222
2026-08-11T11:51:59.792854,0000,022016,0.019442,-0.0006,0.1394
2026-08-11T11:52:01.656862,0000,022024,0.230529,-0.0014,0.4801
2026-08-11T11:52:03.426673,0000,022032,0.023990,-0.0010,0.1549
2026-08-11T11:52:05.244552,0000,022040,0.048869,-0.0003,0.2211
2026-08-11T11:52:07.121666,0000,022048,0.030974,0.0011,0.1760
2026-08-11T11:52:08.876837,0000,022056,0.029646,0.0016,0.1722
2026-08-11T11:52:10.619467,0000,022064,0.036121,0.0013,0.1901
2026-08-11T11:52:12.574678,0000,022072,0.024415,0.0007,0.1563
2026-08-11T11:52:14.572899,0000,022080,0.027139,-0.0006,0.1647
2026-08-11T11:52:16.393518,0000,022088,0.041352,-0.0011,0.2034
2026-08-11T11:52:18.353590,0000,022096,0.027052,-0.0011,0.1645
2026-08-11T11:52:20.116142,0000,022104,0.027487,-0.0002,0.1658
2026-08-11T11:52:21.995537,0000,022112,0.038834,0.0012,0.1971
2026-08-11T11:52:23.720634,0000,022120,0.028874,0.0014,0.1699
2026-08-11T11:52:25.442576,0000,022128,0.028069,0.0014,0.1675
2026-08-11T11:52:27.148512,0000,022136,0.034271,0.0007,0.1851
2026-08-11T11:52:28.899678,0000,022144,0.034998,-0.0006,0.1871
2026-08-11T11:52:30.612924,0000,022152,0.019431,-0.0011,0.1394
2026-08-11T11:52:32.472308,0000,022160,0.035818,-0.0011,0.1893
2026-08-11T11:52:34.324177,0000,022168,0.012785,-0.0003,0.1131
2026-08-11T11:52:36.046627,0000,022176,0.223502,0.0009,0.4728
2026-08-11T11:52:37.985704,0000,022184,0.031783,0.0017,0.1783
2026-08-11T11:52:39.708673,0000,022192,0.042186,0.0014,0.2054
2026-08-11T11:52:41.716869,0000,022200,0.027875,0.0009,0.1670
2026-08-11T11:52:43.474502,0000,022208,0.035858,-0.0006,0.1894
2026-08-11T11:52:45.185811,0000,022216,0.017537,-0.0011,0.1324
2026-08-11T11:52:47.208909,0000,022224,0.031736,-0.0011,0.1781
2026-08-11T11:52:49.187529,0000,022232,0.039463,-0.0004,0.1987
2026-08-11T11:52:50.904181,0000,022240,0.030336,0.0010,0.1742
2026-08-11T11:52:52.632351,0000,022248,0.034263,0.0017,0.1851
2026-08-11T11:52:54.535030,0000,022256,0.036870,0.0016,0.1920
2026-08-11T11:52:56.713949,0000,022264,0.040958,0.0011,0.2024
2026-08-11T11:52:58.554572,0000,022272,0.022706,-0.0007,0.1507
2026-08-11T11:53:00.296819,0000,022280,0.023018,-0.0011,0.1517
2026-08-11T11:53:02.666596,0000,022288,0.060837,-0.0012,0.2467
2026-08-11T11:53:04.672665,0000,022296,0.226177,-0.0004,0.4756
2026-08-11T11:53:06.679845,0000,022304,0.042213,0.0013,0.2055
2026-08-11T11:53:08.538935,0000,022312,0.033439,0.0016,0.1829
2026-08-11T11:53:10.552843,0000,022320,0.050472,0.0016,0.2247
2026-08-11T11:53:12.293959,0000,022328,0.019093,0.0007,0.1382
2026-08-11T11:53:14.090852,0000,022336,0.018840,-0.0006,0.1373
2026-08-11T11:53:16.116659,0000,022344,0.026340,-0.0012,0.1623
2026-08-11T11:53:18.051922,0000,022352,0.038135,-0.0012,0.1953
2026-08-11T11:53:19.771615,0000,022360,0.010537,-0.0003,0.1027
2026-08-11T11:53:21.933933,0000,022368,0.032054,0.0012,0.1790
2026-08-11T11:53:23.902558,0000,022376,0.052273,0.0017,0.2286
2026-08-11T11:53:25.619981,0000,022384,0.046006,0.0013,0.2145
2026-08-11T11:53:27.400412,0000,022392,0.019407,0.0009,0.1393
2026-08-11T11:53:29.162482,0000,022400,0.027764,-0.0006,0.1666
2026-08-11T11:53:30.907302,0000,022408,0.025915,-0.0011,0.1610
2026-08-11T11:53:32.909326,0000,022416,0.022710,-0.0010,0.1507
2026-08-11T11:53:34.619521,0000,022424,0.042473,-0.0003,0.2061
2026-08-11T11:53:36.351490,0000,022432,0.041270,0.0010,0.2032
2026-08-11T11:53:38.254225,0000,022440,0.049225,0.0018,0.2219
2026-08-11T11:53:40.095215,0000,022448,0.081717,0.0013,0.2859
2026-08-11T11:53:42.270536,0000,022456,0.056784,0.0008,0.2383
2026-08-11T11:53:43.981355,0000,022464,0.214542,-0.0005,0.4632
2026-08-11T11:53:46.026351,0000,022472,0.034944,-0.0012,0.1869
2026-08-11T11:53:48.016900,0000,022480,0.048961,-0.0010,0.2213
2026-08-11T11:53:49.732016,0000,022488,0.041366,-0.0002,0.2034
2026-08-11T11:53:51.645051,0000,022496,0.020895,0.0010,0.1446
2026-08-11T11:53:53.543397,0000,022504,0.039573,0.0019,0.1989
2026-08-11T11:53:55.361551,0000,022512,0.027284,0.0015,0.1652
2026-08-11T11:53:57.103073,0000,022520,0.020478,0.0007,0.1431
2026-08-11T11:53:58.819665,0000,022528,0.058084,-0.0007,0.2410
2026-08-11T11:54:00.613474,0000,022536,0.040177,-0.0011,0.2004
2026-08-11T11:54:02.346819,0000,022544,0.049360,-0.0011,0.2222
2026-08-11T11:54:04.142326,0000,022552,0.013887,-0.0001,0.1178
2026-08-11T11:54:05.900243,0000,022560,0.020752,0.0011,0.1441
2026-08-11T11:54:07.647250,0000,022568,0.039290,0.0016,0.1982
2026-08-11T11:54:09.374554,0000,022576,0.038210,0.0013,0.1955
2026-08-11T11:54:11.333284,0000,022584,0.023927,0.0008,0.1547
2026-08-11T11:54:13.163313,0000,022592,0.019870,-0.0005,0.1410
2026-08-11T11:54:15.021105,0000,022600,0.038859,-0.0010,0.1971
2026-08-11T11:54:16.979549,0000,022608,0.043332,-0.0011,0.2082
2026-08-11T11:54:18.697316,0000,022616,0.023512,-0.0003,0.1533
2026-08-11T11:54:20.492457,0000,022624,0.046190,0.0012,0.2149
2026-08-11T11:54:22.397051,0000,022632,0.056448,0.0019,0.2376
2026-08-11T11:54:24.127227,0000,022640,0.084741,0.0014,0.2911
2026-08-11T11:54:25.936609,0000,022648,0.031900,0.0008,0.1786
2026-08-11T11:54:27.641262,0000,022656,0.020865,-0.0006,0.1444
2026-08-11T11:54:29.404032,0000,022664,0.028878,-0.0010,0.1699
2026-08-11T11:54:31.159437,0000,022672,0.034253,-0.0010,0.1851
2026-08-11T11:54:32.871299,0000,022680,0.043923,-0.0003,0.2096
2026-08-11T11:54:35.176925,0000,022688,0.044047,0.0017,0.2099
2026-08-11T11:54:36.911856,0000,022696,0.033547,0.0016,0.1832
2026-08-11T11:54:38.630172,0000,022704,0.029849,0.0015,0.1728
2026-08-11T11:54:40.351219,0000,022712,0.026729,0.0007,0.1635
2026-08-11T11:54:42.225448,0000,022720,0.037285,-0.0006,0.1931
2026-08-11T11:54:44.060017,0000,022728,0.027086,-0.0011,0.1646
2026-08-11T11:54:45.829507,0000,022736,0.027578,-0.0009,0.1661
2026-08-11T11:54:47.646144,0000,022744,0.024127,-0.0001,0.1553
2026-08-11T11:54:49.535121,0000,022752,0.069501,0.0010,0.2636
2026-08-11T11:54:51.260206,0000,022760,0.032358,0.0016,0.1799
2026-08-11T11:54:53.088199,0000,022768,0.048111,0.0017,0.2193
2026-08-11T11:54:54.807315,0000,022776,0.031965,0.0006,0.1788
2026-08-11T11:54:56.511293,0000,022784,1.557080,-0.0016,1.2478
2026-08-11T11:54:58.351111,0000,022792,0.019613,-0.0011,0.1400
2026-08-11T11:55:00.146571,0000,022800,0.027969,-0.0009,0.1672
2026-08-11T11:55:01.899468,0000,022808,0.023834,-0.0002,0.1544
2026-08-11T11:55:03.833161,0000,022816,0.051327,0.0011,0.2266
2026-08-11T11:55:05.591466,0000,022824,0.037034,0.0017,0.1924
2026-08-11T11:55:07.370794,0000,022832,0.056190,0.0015,0.2370
2026-08-11T11:55:09.193880,0000,022840,0.093082,0.0006,0.3051
2026-08-11T11:55:10.954227,0000,022848,0.033776,-0.0005,0.1838
2026-08-11T11:55:12.765281,0000,022856,0.038796,-0.0011,0.1970
2026-08-11T11:55:14.600536,0000,022864,0.054634,-0.0010,0.2337
2026-08-11T11:55:16.374081,0000,022872,0.038311,-0.0003,0.1957
2026-08-11T11:55:18.589413,0000,022880,0.059337,0.0013,0.2436
2026-08-11T11:55:20.558992,0000,022888,0.052767,0.0018,0.2297
2026-08-11T11:55:22.393284,0000,022896,0.036875,0.0017,0.1920
2026-08-11T11:55:24.104992,0000,022904,0.026307,0.0008,0.1622
2026-08-11T11:55:25.942785,0000,022912,0.010390,-0.0004,0.1019
2026-08-11T11:55:27.670155,0000,022920,0.096894,-0.0011,0.3113
2026-08-11T11:55:29.531011,0000,022928,0.023612,-0.0009,0.1537
2026-08-11T11:55:31.247461,0000,022936,0.015597,-0.0002,0.1249
2026-08-11T11:55:33.262129,0000,022944,0.050632,0.0015,0.2250
2026-08-11T11:55:34.999910,0000,022952,0.034975,0.0016,0.1870
2026-08-11T11:55:36.757762,0000,022960,0.042284,0.0015,0.2056
2026-08-11T11:55:38.533999,0000,022968,0.047234,0.0008,0.2173
2026-08-11T11:55:40.240357,0000,022976,0.016413,-0.0005,0.1281
2026-08-11T11:55:42.207241,0000,022984,0.020910,-0.0011,0.1446
2026-08-11T11:55:44.099061,0000,022992,0.035737,-0.0009,0.1890
2026-08-11T11:55:46.025302,0000,023000,0.040618,-0.0001,0.2015
2026-08-11T11:55:47.786037,0000,023008,0.043220,0.0011,0.2079
2026-08-11T11:55:49.752036,0000,023016,0.049624,0.0018,0.2228
2026-08-11T11:55:51.472785,0000,023024,0.027298,0.0015,0.1652
2026-08-11T11:55:53.426116,0000,023032,0.079621,0.0006,0.2822
2026-08-11T11:55:55.211868,0000,023040,0.022166,-0.0005,0.1489
2026-08-11T11:55:57.147813,0000,023048,0.032945,-0.0010,0.1815
2026-08-11T11:55:58.976808,0000,023056,0.019243,-0.0010,0.1387
2026-08-11T11:56:00.804917,0000,023064,0.037559,-0.0001,0.1938
2026-08-11T11:56:02.587096,0000,023072,0.028499,0.0013,0.1688
2026-08-11T11:56:04.333324,0000,023080,0.071579,0.0016,0.2675
2026-08-11T11:56:06.186073,0000,023088,0.035313,0.0017,0.1879
2026-08-11T11:56:08.001087,0000,023096,0.027460,0.0009,0.1657
2026-08-11T11:56:09.962451,0000,023104,0.038215,-0.0006,0.1955
2026-08-11T11:56:11.765090,0000,023112,0.028695,-0.0009,0.1694
2026-08-11T11:56:13.743916,0000,023120,0.023223,-0.0012,0.1524
2026-08-11T11:56:15.445270,0000,023128,0.030222,-0.0001,0.1738
2026-08-11T11:56:17.170747,0000,023136,0.047113,0.0011,0.2171
2026-08-11T11:56:18.899917,0000,023144,0.043261,0.0016,0.2080
2026-08-11T11:56:20.934281,0000,023152,0.043531,0.0019,0.2086
2026-08-11T11:56:22.790879,0000,023160,0.023976,0.0009,0.1548
2026-08-11T11:56:24.682654,0000,023168,0.052310,-0.0007,0.2287
2026-08-11T11:56:26.472821,0000,023176,0.021298,-0.0010,0.1459
2026-08-11T11:56:28.216922,0000,023184,0.019282,-0.0008,0.1389
2026-08-11T11:56:29.987114,0000,023192,0.036617,-0.0001,0.1914
2026-08-11T11:56:31.999772,0000,023200,0.065172,0.0013,0.2553
2026-08-11T11:56:33.724627,0000,023208,0.045068,0.0016,0.2123
2026-08-11T11:56:35.483916,0000,023216,0.052781,0.0016,0.2297
2026-08-11T11:56:37.258800,0000,023224,0.066820,0.0007,0.2585
2026-08-11T11:56:39.164995,0000,023232,0.016272,-0.0004,0.1276
2026-08-11T11:56:40.882463,0000,023240,0.081607,-0.0011,0.2857
2026-08-11T11:56:42.591177,0000,023248,0.047342,-0.0008,0.2176
2026-08-11T11:56:44.566188,0000,023256,0.016299,0.0002,0.1277
2026-08-11T11:56:46.612663,0000,023264,0.012215,-0.0000,0.1105
2026-08-11T11:56:48.430930,0000,023272,0.075305,0.0004,0.2744
2026-08-11T11:56:50.257470,0000,023280,0.049620,0.0006,0.2228
2026-08-11T11:56:51.967641,0000,023288,0.014971,0.0000,0.1224
2026-08-11T11:56:53.897115,0000,023296,0.067691,-0.0015,0.2602
2026-08-11T11:56:55.613061,0000,023304,0.045050,-0.0016,0.2123
2026-08-11T11:56:57.331805,0000,023312,0.045705,-0.0015,0.2138
2026-08-11T11:56:59.085630,0000,023320,0.026021,-0.0006,0.1613
2026-08-11T11:57:00.801634,0000,023328,0.055449,0.0006,0.2355
2026-08-11T11:57:02.572681,0000,023336,0.052314,0.0011,0.2287
2026-08-11T11:57:04.371674,0000,023344,0.032212,0.0013,0.1795
2026-08-11T11:57:06.079548,0000,023352,0.089195,0.0005,0.2987
2026-08-11T11:57:07.880752,0000,023360,0.018955,-0.0006,0.1377
2026-08-11T11:57:09.776105,0000,023368,0.050060,-0.0014,0.2237
2026-08-11T11:57:11.744754,0000,023376,0.020167,-0.0011,0.1420
2026-08-11T11:57:13.790044,0000,023384,0.057529,-0.0005,0.2399
2026-08-11T11:57:15.808572,0000,023392,0.044583,0.0012,0.2111
2026-08-11T11:57:17.655837,0000,023400,0.056207,0.0016,0.2371
2026-08-11T11:57:19.564393,0000,023408,0.084832,0.0015,0.2913
2026-08-11T11:57:21.259572,0000,023416,0.033895,0.0007,0.1841
2026-08-11T11:57:22.958591,0000,023424,0.022016,-0.0005,0.1484
2026-08-11T11:57:24.785823,0000,023432,0.089249,-0.0011,0.2987
2026-08-11T11:57:26.486455,0000,023440,1.558230,-0.0019,1.2483
2026-08-11T11:57:28.308672,0000,023448,0.040289,-0.0001,0.2007
2026-08-11T11:57:30.467765,0000,023456,0.034624,0.0015,0.1861
2026-08-11T11:57:32.188686,0000,023464,0.040700,0.0017,0.2017
2026-08-11T11:57:33.920681,0000,023472,0.064656,0.0015,0.2543
2026-08-11T11:57:35.698681,0000,023480,0.021202,0.0010,0.1456
2026-08-11T11:57:37.432963,0000,023488,0.020425,-0.0003,0.1429
2026-08-11T11:57:39.267539,0000,023496,0.040313,-0.0009,0.2008
2026-08-11T11:57:41.010717,0000,023504,0.039185,-0.0007,0.1980
2026-08-11T11:57:42.768854,0000,023512,0.041655,-0.0002,0.2041
2026-08-11T11:57:44.780539,0000,023520,0.052893,0.0011,0.2300
2026-08-11T11:57:46.904144,0000,023528,0.054729,0.0019,0.2339
2026-08-11T11:57:48.671154,0000,023536,0.038092,0.0017,0.1952
2026-08-11T11:57:50.389447,0000,023544,0.035431,0.0008,0.1882
2026-08-11T11:57:52.100508,0000,023552,0.224815,-0.0005,0.4741
2026-08-11T11:57:53.819415,0000,023560,0.014172,-0.0008,0.1190
2026-08-11T11:57:55.533355,0000,023568,0.019038,-0.0008,0.1380
2026-08-11T11:57:57.593591,0000,023576,0.037278,0.0000,0.1931
2026-08-11T11:57:59.331487,0000,023584,0.024707,0.0012,0.1572
2026-08-11T11:58:01.086564,0000,023592,0.043703,0.0019,0.2091
2026-08-11T11:58:02.886165,0000,023600,0.049413,0.0018,0.2223
2026-08-11T11:58:04.666452,0000,023608,0.039078,0.0008,0.1977
2026-08-11T11:58:06.366022,0000,023616,0.027172,-0.0004,0.1648
2026-08-11T11:58:08.241324,0000,023624,0.046015,-0.0011,0.2145
2026-08-11T11:58:10.294653,0000,023632,0.058848,-0.0011,0.2426
2026-08-11T11:58:12.038490,0000,023640,0.028549,0.0000,0.1690
2026-08-11T11:58:13.988916,0000,023648,0.026472,-0.0001,0.1627
2026-08-11T11:58:16.109273,0000,023656,0.022448,0.0008,0.1498
2026-08-11T11:58:18.117646,0000,023664,0.034648,0.0010,0.1861
2026-08-11T11:58:19.854303,0000,023672,0.054110,-0.0001,0.2326
2026-08-11T11:58:21.761548,0000,023680,0.040545,0.0001,0.2014
2026-08-11T11:58:23.583392,0000,023688,0.054040,-0.0005,0.2325
2026-08-11T11:58:25.324498,0000,023696,0.041463,-0.0005,0.2036
2026-08-11T11:58:27.065746,0000,023704,0.222341,0.0003,0.4715
2026-08-11T11:58:29.186173,0000,023712,0.041152,0.0004,0.2029
2026-08-11T11:58:30.964416,0000,023720,0.034530,-0.0003,0.1858
2026-08-11T11:58:32.735480,0000,023728,0.020074,-0.0002,0.1417
2026-08-11T11:58:34.461952,0000,023736,0.026800,0.0004,0.1637
2026-08-11T11:58:36.268299,0000,023744,0.034692,0.0006,0.1863
2026-08-11T11:58:38.037027,0000,023752,0.053647,-0.0003,0.2316
2026-08-11T11:58:39.786304,0000,023760,0.029925,-0.0000,0.1730
2026-08-11T11:58:41.657484,0000,023768,0.023645,0.0007,0.1538
2026-08-11T11:58:43.481334,0000,023776,0.081025,0.0005,0.2846
2026-08-11T11:58:45.265236,0000,023784,0.027400,-0.0000,0.1655
2026-08-11T11:58:47.016558,0000,023792,0.052953,-0.0008,0.2301
2026-08-11T11:58:48.906368,0000,023800,0.029289,-0.0014,0.1711
2026-08-11T11:58:50.600618,0000,023808,0.022726,-0.0007,0.1508
2026-08-11T11:58:52.412157,0000,023816,0.023629,0.0003,0.1537
2026-08-11T11:58:54.135396,0000,023824,0.015974,0.0005,0.1264
2026-08-11T11:58:56.163183,0000,023832,0.014744,-0.0000,0.1214
2026-08-11T11:58:58.185294,0000,023840,0.019269,0.0002,0.1388
2026-08-11T11:58:59.947665,0000,023848,0.050307,0.0008,0.2243
2026-08-11T11:59:01.774445,0000,023856,0.049846,0.0006,0.2233
2026-08-11T11:59:03.779489,0000,023864,0.017869,-0.0005,0.1337
2026-08-11T11:59:05.480354,0000,023872,0.019958,-0.0005,0.1413
2026-08-11T11:59:07.361236,0000,023880,0.017356,-0.0000,0.1317
2026-08-11T11:59:09.186547,0000,023888,0.233860,0.0010,0.4836
2026-08-11T11:59:11.174066,0000,023896,0.056464,0.0016,0.2376
2026-08-11T11:59:12.894823,0000,023904,0.036677,0.0011,0.1915
2026-08-11T11:59:14.636411,0000,023912,0.023225,0.0003,0.1524
2026-08-11T11:59:16.603758,0000,023920,0.046980,-0.0016,0.2167
2026-08-11T11:59:18.330252,0000,023928,0.054004,-0.0019,0.2324
2026-08-11T11:59:20.041414,0000,023936,0.026307,-0.0018,0.1622
2026-08-11T11:59:21.818695,0000,023944,0.034182,-0.0011,0.1849
2026-08-11T11:59:23.541359,0000,023952,0.011326,-0.0000,0.1064
2026-08-11T11:59:25.257283,0000,023960,0.052671,0.0015,0.2295
2026-08-11T11:59:27.211138,0000,023968,0.086286,0.0029,0.2937
2026-08-11T11:59:28.965579,0000,023976,0.085735,0.0026,0.2928
2026-08-11T11:59:30.702326,0000,023984,0.043132,0.0022,0.2077
2026-08-11T11:59:32.642252,0000,023992,0.049101,0.0013,0.2216
2026-08-11T11:59:34.402253,0000,024000,0.091398,-0.0002,0.3023
2026-08-11T11:59:36.128469,0000,024008,0.023310,-0.0010,0.1527
2026-08-11T11:59:38.137403,0000,024016,0.055864,-0.0013,0.2364
2026-08-11T11:59:39.972972,0000,024024,0.043222,-0.0007,0.2079
2026-08-11T11:59:41.700145,0000,024032,0.030373,0.0005,0.1743
2026-08-11T11:59:43.686054,0000,024040,0.027922,0.0011,0.1671
2026-08-11T11:59:45.661200,0000,024048,0.078992,0.0005,0.2811
2026-08-11T11:59:47.462291,0000,024056,0.072407,-0.0002,0.2691
2026-08-11T11:59:49.247084,0000,024064,0.013540,-0.0003,0.1164
2026-08-11T11:59:50.967129,0000,024072,0.049617,0.0001,0.2227
2026-08-11T11:59:52.868237,0000,024080,0.046827,-0.0003,0.2164
2026-08-11T11:59:54.682236,0000,024088,0.036370,0.0004,0.1907
2026-08-11T11:59:56.646729,0000,024096,0.014073,0.0001,0.1186
2026-08-11T11:59:58.617567,0000,024104,0.044574,-0.0007,0.2111
2026-08-11T12:00:00.715791,0000,024112,0.028733,-0.0005,0.1695
2026-08-11T12:00:02.649300,0000,024120,0.094613,-0.0005,0.3076
2026-08-11T12:00:04.368657,0000,024128,0.037385,0.0009,0.1934
2026-08-11T12:00:06.248763,0000,024136,0.037337,0.0012,0.1932
2026-08-11T12:00:08.250080,0000,024144,0.027291,0.0009,0.1652
2026-08-11T12:00:10.005194,0000,024152,0.045604,0.0001,0.2136
2026-08-11T12:00:11.761863,0000,024160,0.049914,-0.0014,0.2234
2026-08-11T12:00:13.456970,0000,024168,0.054429,-0.0020,0.2333
2026-08-11T12:00:15.205024,0000,024176,1.604456,-0.0029,1.2667
2026-08-11T12:00:16.946466,0000,024184,0.041073,-0.0014,0.2027
2026-08-11T12:00:18.822108,0000,024192,0.019740,-0.0001,0.1405
2026-08-11T12:00:20.575009,0000,024200,0.031895,0.0016,0.1786
2026-08-11T12:00:22.274065,0000,024208,0.055670,0.0023,0.2359
2026-08-11T12:00:23.979135,0000,024216,0.077250,0.0024,0.2779
2026-08-11T12:00:25.728364,0000,024224,0.044633,0.0022,0.2113
2026-08-11T12:00:27.459222,0000,024232,0.038867,0.0011,0.1971
2026-08-11T12:00:29.174901,0000,024240,0.015777,-0.0003,0.1256
2026-08-11T12:00:30.944882,0000,024248,0.027075,-0.0010,0.1645
2026-08-11T12:00:32.641057,0000,024256,0.041382,-0.0012,0.2034
2026-08-11T12:00:34.423718,0000,024264,0.024836,-0.0006,0.1576
2026-08-11T12:00:36.177864,0000,024272,0.016639,0.0006,0.1290
2026-08-11T12:00:37.993497,0000,024280,0.047896,0.0008,0.2189
2026-08-11T12:00:39.693988,0000,024288,0.022387,0.0005,0.1496
2026-08-11T12:00:41.541422,0000,024296,0.031378,-0.0003,0.1771
2026-08-11T12:00:43.396897,0000,024304,0.019705,-0.0003,0.1404
2026-08-11T12:00:45.145799,0000,024312,0.027109,0.0000,0.1646
2026-08-11T12:00:47.086205,0000,024320,0.054750,-0.0003,0.2340
2026-08-11T12:00:48.824865,0000,024328,0.038491,0.0003,0.1962
2026-08-11T12:00:50.583753,0000,024336,0.031295,0.0001,0.1769
2026-08-11T12:00:52.318843,0000,024344,0.024372,-0.0007,0.1561
2026-08-11T12:00:54.194193,0000,024352,0.017903,-0.0008,0.1338
2026-08-11T12:00:56.012324,0000,024360,0.053133,-0.0002,0.2305
2026-08-11T12:00:57.727972,0000,024368,0.046009,0.0006,0.2145
2026-08-11T12:00:59.426790,0000,024376,0.035096,0.0011,0.1873
2026-08-11T12:01:01.366909,0000,024384,0.048971,0.0010,0.2213
2026-08-11T12:01:03.210003,0000,024392,0.039236,0.0001,0.1981
2026-08-11T12:01:05.315994,0000,024400,0.076687,-0.0020,0.2769
2026-08-11T12:01:07.389985,0000,024408,0.079440,-0.0026,0.2819
2026-08-11T12:01:09.289469,0000,024416,0.101129,-0.0022,0.3180
2026-08-11T12:01:11.081450,0000,024424,0.032510,-0.0013,0.1803
2026-08-11T12:01:13.164098,0000,024432,0.028114,-0.0002,0.1677
2026-08-11T12:01:14.886005,0000,024440,0.043836,0.0015,0.2094
2026-08-11T12:01:16.742036,0000,024448,0.063025,0.0025,0.2510
2026-08-11T12:01:18.834171,0000,024456,0.105981,0.0030,0.3255
2026-08-11T12:01:20.598538,0000,024464,0.045934,0.0022,0.2143
2026-08-11T12:01:22.498586,0000,024472,0.040349,0.0013,0.2009
2026-08-11T12:01:24.250336,0000,024480,0.012871,-0.0003,0.1135
2026-08-11T12:01:26.115017,0000,024488,0.035393,-0.0013,0.1881
2026-08-11T12:01:27.976043,0000,024496,0.036712,-0.0012,0.1916
2026-08-11T12:01:29.748241,0000,024504,0.040123,-0.0008,0.2003
2026-08-11T12:01:31.748819,0000,024512,0.030301,0.0007,0.1741
2026-08-11T12:01:33.684536,0000,024520,0.023341,0.0008,0.1528
2026-08-11T12:01:35.596296,0000,024528,0.017018,0.0006,0.1305
2026-08-11T12:01:37.496306,0000,024536,0.025486,-0.0003,0.1596
2026-08-11T12:01:39.416776,0000,024544,0.027688,-0.0005,0.1664
2026-08-11T12:01:41.294255,0000,024552,0.041298,0.0001,0.2032
2026-08-11T12:01:43.234051,0000,024560,0.050165,-0.0003,0.2240
2026-08-11T12:01:44.957125,0000,024568,0.045215,0.0004,0.2126
2026-08-11T12:01:46.822758,0000,024576,0.050727,0.0000,0.2252
2026-08-11T12:01:48.767876,0000,024584,0.058004,-0.0009,0.2408
2026-08-11T12:01:50.777749,0000,024592,0.055047,-0.0008,0.2346
2026-08-11T12:01:52.491951,0000,024600,0.015081,-0.0003,0.1228
2026-08-11T12:01:54.228390,0000,024608,0.026008,0.0007,0.1613
2026-08-11T12:01:56.277012,0000,024616,0.067021,0.0009,0.2589
2026-08-11T12:01:58.008564,0000,024624,0.102889,0.0007,0.3208
2026-08-11T12:01:59.866873,0000,024632,0.017791,0.0001,0.1334
2026-08-11T12:02:01.579594,0000,024640,0.038794,-0.0014,0.1970
2026-08-11T12:02:03.321671,0000,024648,0.064162,-0.0020,0.2533
2026-08-11T12:02:05.025269,0000,024656,0.045026,-0.0019,0.2122
2026-08-11T12:02:06.837820,0000,024664,0.028074,-0.0013,0.1676
2026-08-11T12:02:08.562099,0000,024672,0.044845,-0.0002,0.2118
2026-08-11T12:02:10.406675,0000,024680,0.052772,0.0016,0.2297
2026-08-11T12:02:12.255078,0000,024688,0.064674,0.0026,0.2543
2026-08-11T12:02:13.989715,0000,024696,0.050575,0.0025,0.2249
2026-08-11T12:02:15.966540,0000,024704,0.053713,0.0025,0.2318
2026-08-11T12:02:17.879789,0000,024712,0.025295,0.0012,0.1590
2026-08-11T12:02:19.581575,0000,024720,0.019477,-0.0005,0.1396
2026-08-11T12:02:21.423587,0000,024728,0.117177,-0.0013,0.3423
2026-08-11T12:02:23.294628,0000,024736,0.056570,-0.0015,0.2378
2026-08-11T12:02:25.297480,0000,024744,0.029210,-0.0007,0.1709
2026-08-11T12:02:27.114755,0000,024752,0.024414,0.0005,0.1562
2026-08-11T12:02:28.834062,0000,024760,0.024050,0.0008,0.1551
2026-08-11T12:02:30.536936,0000,024768,0.032689,0.0005,0.1808
2026-08-11T12:02:32.340253,0000,024776,0.027599,-0.0002,0.1661
2026-08-11T12:02:34.350684,0000,024784,0.022205,-0.0003,0.1490
2026-08-11T12:02:36.142172,0000,024792,0.029717,0.0000,0.1724
2026-08-11T12:02:38.375516,0000,024800,0.035706,-0.0000,0.1890
2026-08-11T12:02:40.265550,0000,024808,0.026440,0.0004,0.1626
2026-08-11T12:02:42.241635,0000,024816,0.014222,0.0003,0.1193
2026-08-11T12:02:43.990713,0000,024824,0.014381,-0.0007,0.1199
2026-08-11T12:02:45.918454,0000,024832,0.030131,-0.0010,0.1736
2026-08-11T12:02:47.704404,0000,024840,0.022739,-0.0003,0.1508
2026-08-11T12:02:49.460661,0000,024848,0.019239,0.0008,0.1387
2026-08-11T12:02:51.492411,0000,024856,0.067664,0.0018,0.2601
2026-08-11T12:02:53.503459,0000,024864,0.045442,0.0010,0.2132
2026-08-11T12:02:55.477827,0000,024872,0.030581,-0.0000,0.1749
2026-08-11T12:02:57.220475,0000,024880,0.057412,-0.0016,0.2396
2026-08-11T12:02:58.928411,0000,024888,0.041205,-0.0020,0.2030
2026-08-11T12:03:00.942548,0000,024896,0.034543,-0.0020,0.1859
2026-08-11T12:03:02.678879,0000,024904,0.027028,-0.0012,0.1644
2026-08-11T12:03:04.442919,0000,024912,0.025150,-0.0001,0.1586
2026-08-11T12:03:06.247492,0000,024920,0.051173,0.0015,0.2262
2026-08-11T12:03:08.046530,0000,024928,0.055124,0.0025,0.2348
2026-08-11T12:03:09.937477,0000,024936,0.108172,0.0028,0.3289
2026-08-11T12:03:11.662444,0000,024944,0.040111,0.0022,0.2003
2026-08-11T12:03:13.380119,0000,024952,0.026157,0.0011,0.1617
2026-08-11T12:03:15.305133,0000,024960,0.053754,-0.0004,0.2318
2026-08-11T12:03:17.029555,0000,024968,0.035288,-0.0009,0.1879
2026-08-11T12:03:19.089662,0000,024976,0.037228,-0.0013,0.1929
2026-08-11T12:03:20.895331,0000,024984,0.018976,-0.0005,0.1378
2026-08-11T12:03:22.617494,0000,024992,0.019066,0.0006,0.1381
2026-08-11T12:03:24.334286,0000,025000,0.040033,0.0010,0.2001
2026-08-11T12:03:26.057418,0000,025008,0.032821,0.0007,0.1812
2026-08-11T12:03:27.793748,0000,025016,0.065270,-0.0003,0.2555
2026-08-11T12:03:29.749965,0000,025024,0.047117,-0.0004,0.2171
2026-08-11T12:03:31.475485,0000,025032,0.036760,0.0001,0.1917
2026-08-11T12:03:33.479705,0000,025040,0.025302,-0.0001,0.1591
2026-08-11T12:03:35.322540,0000,025048,0.049240,0.0003,0.2219
2026-08-11T12:03:37.070693,0000,025056,0.029586,0.0003,0.1720
2026-08-11T12:03:38.872226,0000,025064,0.025039,-0.0006,0.1582
2026-08-11T12:03:40.570418,0000,025072,1.571016,-0.0017,1.2534
2026-08-11T12:03:42.356898,0000,025080,0.040017,-0.0002,0.2000
2026-08-11T12:03:44.113849,0000,025088,0.029313,0.0009,0.1712
2026-08-11T12:03:45.836131,0000,025096,0.038344,0.0011,0.1958
2026-08-11T12:03:47.547433,0000,025104,0.045879,0.0009,0.2142
2026-08-11T12:03:49.268465,0000,025112,0.030169,0.0001,0.1737
2026-08-11T12:03:51.022493,0000,025120,0.044583,-0.0013,0.2111
2026-08-11T12:03:53.008944,0000,025128,0.087802,-0.0023,0.2963
2026-08-11T12:03:54.785431,0000,025136,0.029555,-0.0017,0.1719
2026-08-11T12:03:56.605564,0000,025144,0.072855,-0.0016,0.2699
2026-08-11T12:03:58.546395,0000,025152,0.017499,-0.0001,0.1323
2026-08-11T12:04:00.325513,0000,025160,0.032991,0.0016,0.1816
2026-08-11T12:04:02.065769,0000,025168,0.070921,0.0024,0.2663
2026-08-11T12:04:03.766438,0000,025176,0.068774,0.0025,0.2622
2026-08-11T12:04:05.641180,0000,025184,0.050050,0.0023,0.2237
2026-08-11T12:04:07.507347,0000,025192,0.032312,0.0014,0.1798
2026-08-11T12:04:09.302640,0000,025200,0.050301,-0.0002,0.2243
2026-08-11T12:04:11.027163,0000,025208,0.035200,-0.0010,0.1876
2026-08-11T12:04:12.802105,0000,025216,0.058270,-0.0011,0.2414
2026-08-11T12:04:14.801520,0000,025224,0.035806,-0.0005,0.1892
2026-08-11T12:04:16.689445,0000,025232,0.021759,0.0006,0.1475
2026-08-11T12:04:18.445360,0000,025240,0.031245,0.0010,0.1768
2026-08-11T12:04:20.233726,0000,025248,0.045407,0.0008,0.2131
2026-08-11T12:04:22.038460,0000,025256,0.028507,0.0001,0.1688
2026-08-11T12:04:24.022088,0000,025264,0.041226,-0.0016,0.2030
2026-08-11T12:04:25.760199,0000,025272,0.053941,-0.0021,0.2323
2026-08-11T12:04:28.101721,0000,025280,0.067388,-0.0024,0.2596
2026-08-11T12:04:29.949326,0000,025288,0.028718,-0.0013,0.1695
2026-08-11T12:04:31.649280,0000,025296,0.013230,-0.0002,0.1150
2026-08-11T12:04:33.586439,0000,025304,0.059662,0.0018,0.2443
2026-08-11T12:04:35.399938,0000,025312,0.068981,0.0025,0.2626
2026-08-11T12:04:37.122666,0000,025320,0.074306,0.0025,0.2726
2026-08-11T12:04:39.281961,0000,025328,0.106862,0.0025,0.3269
2026-08-11T12:04:41.186175,0000,025336,0.029837,0.0012,0.1727
2026-08-11T12:04:43.001697,0000,025344,0.009603,-0.0001,0.0980
2026-08-11T12:04:44.944528,0000,025352,0.061410,-0.0012,0.2478
2026-08-11T12:04:46.862209,0000,025360,0.047383,-0.0013,0.2177
2026-08-11T12:04:48.639172,0000,025368,0.045043,-0.0005,0.2122
2026-08-11T12:04:50.374975,0000,025376,0.020091,0.0007,0.1417
2026-08-11T12:04:52.293419,0000,025384,0.055030,0.0009,0.2346
2026-08-11T12:04:54.086442,0000,025392,0.046896,0.0007,0.2166
2026-08-11T12:04:55.839722,0000,025400,0.033210,-0.0001,0.1822
2026-08-11T12:04:57.621291,0000,025408,0.018380,-0.0002,0.1356
2026-08-11T12:04:59.409602,0000,025416,0.012880,0.0003,0.1135
2026-08-11T12:05:01.420398,0000,025424,0.026507,-0.0000,0.1628
2026-08-11T12:05:03.344397,0000,025432,0.018907,0.0006,0.1375
2026-08-11T12:05:05.073444,0000,025440,0.046382,0.0002,0.2154
2026-08-11T12:05:06.921446,0000,025448,0.035293,-0.0006,0.1879
2026-08-11T12:05:08.845271,0000,025456,0.080515,-0.0008,0.2838
2026-08-11T12:05:10.699190,0000,025464,0.025490,-0.0000,0.1597
2026-08-11T12:05:12.841955,0000,025472,0.044278,0.0014,0.2104
2026-08-11T12:05:14.710210,0000,025480,0.068038,0.0012,0.2608
2026-08-11T12:05:16.429078,0000,025488,0.023092,0.0011,0.1520
2026-08-11T12:05:18.241047,0000,025496,0.032223,0.0003,0.1795
2026-08-11T12:05:20.085443,0000,025504,0.058951,-0.0013,0.2428
2026-08-11T12:05:21.817683,0000,025512,0.032671,-0.0017,0.1808
2026-08-11T12:05:23.842407,0000,025520,0.055870,-0.0020,0.2364
2026-08-11T12:05:25.636207,0000,025528,0.039484,-0.0011,0.1987
2026-08-11T12:05:27.458972,0000,025536,0.052934,-0.0001,0.2301
2026-08-11T12:05:29.214658,0000,025544,0.029435,0.0017,0.1716
2026-08-11T12:05:30.934753,0000,025552,0.116900,0.0024,0.3419
2026-08-11T12:05:33.074637,0000,025560,0.112625,0.0031,0.3356
2026-08-11T12:05:34.780053,0000,025568,0.053284,0.0023,0.2308
2026-08-11T12:05:36.794135,0000,025576,0.055870,0.0016,0.2364
2026-08-11T12:05:38.536529,0000,025584,0.032530,-0.0001,0.1804
2026-08-11T12:05:40.238772,0000,025592,0.023417,-0.0008,0.1530
2026-08-11T12:05:41.966902,0000,025600,0.020236,-0.0010,0.1423
2026-08-11T12:05:43.824504,0000,025608,1.574433,-0.0015,1.2548
2026-08-11T12:05:46.269987,0000,025616,0.061942,0.0010,0.2489
2026-08-11T12:05:48.359170,0000,025624,0.020723,0.0011,0.1440
2026-08-11T12:05:50.095797,0000,025632,0.022697,0.0008,0.1507
2026-08-11T12:05:52.264511,0000,025640,0.069831,-0.0003,0.2643
2026-08-11T12:05:54.057100,0000,025648,0.011586,-0.0001,0.1076
2026-08-11T12:05:55.756720,0000,025656,0.027784,0.0002,0.1667
2026-08-11T12:05:57.518040,0000,025664,0.012630,0.0000,0.1124
2026-08-11T12:05:59.271993,0000,025672,0.021209,-0.0006,0.1456
2026-08-11T12:06:00.999987,0000,025680,0.041789,-0.0008,0.2044
2026-08-11T12:06:02.745057,0000,025688,0.016601,-0.0002,0.1288
2026-08-11T12:06:04.501025,0000,025696,0.029530,0.0009,0.1718
2026-08-11T12:06:06.468807,0000,025704,0.109977,0.0011,0.3316
2026-08-11T12:06:08.347090,0000,025712,0.021709,0.0009,0.1473
2026-08-11T12:06:10.293661,0000,025720,0.026017,0.0001,0.1613
2026-08-11T12:06:12.066868,0000,025728,0.040236,-0.0013,0.2006
2026-08-11T12:06:13.897823,0000,025736,1.614930,-0.0029,1.2708
2026-08-11T12:06:15.826853,0000,025744,0.077010,-0.0022,0.2775
2026-08-11T12:06:17.544822,0000,025752,0.027155,-0.0011,0.1648
2026-08-11T12:06:19.286017,0000,025760,0.028006,-0.0000,0.1674
2026-08-11T12:06:20.992924,0000,025768,0.027475,0.0016,0.1658
2026-08-11T12:06:22.710959,0000,025776,0.071817,0.0025,0.2680
2026-08-11T12:06:24.699039,0000,025784,0.297468,0.0031,0.5454
2026-08-11T12:06:26.424504,0000,025792,0.054881,0.0022,0.2343
2026-08-11T12:06:28.158849,0000,025800,0.056989,0.0011,0.2387
2026-08-11T12:06:29.896886,0000,025808,0.059532,-0.0003,0.2440
2026-08-11T12:06:31.773089,0000,025816,0.037432,-0.0010,0.1935
2026-08-11T12:06:33.537770,0000,025824,0.021489,-0.0010,0.1466
2026-08-11T12:06:35.293821,0000,025832,0.019973,-0.0003,0.1413
2026-08-11T12:06:37.192366,0000,025840,0.025693,0.0008,0.1603
2026-08-11T12:06:38.955218,0000,025848,0.023182,0.0011,0.1523
2026-08-11T12:06:40.783693,0000,025856,0.047112,0.0006,0.2171
2026-08-11T12:06:42.644767,0000,025864,0.090430,-0.0004,0.3007
2026-08-11T12:06:44.566955,0000,025872,0.048681,-0.0003,0.2206
2026-08-11T12:06:46.323098,0000,025880,0.013003,0.0003,0.1140
2026-08-11T12:06:48.096855,0000,025888,0.024069,0.0001,0.1551
2026-08-11T12:06:49.906138,0000,025896,0.050382,-0.0007,0.2245
2026-08-11T12:06:51.685359,0000,025904,0.047571,-0.0009,0.2181
2026-08-11T12:06:53.644964,0000,025912,0.050009,-0.0004,0.2236
2026-08-11T12:06:55.347107,0000,025920,0.018859,0.0007,0.1373
2026-08-11T12:06:57.106971,0000,025928,0.028520,0.0011,0.1689
2026-08-11T12:06:58.822054,0000,025936,0.098422,0.0008,0.3137
2026-08-11T12:07:00.636605,0000,025944,0.010021,0.0001,0.1001
2026-08-11T12:07:02.562210,0000,025952,0.046540,-0.0015,0.2157
2026-08-11T12:07:04.527584,0000,025960,0.050496,-0.0020,0.2247
2026-08-11T12:07:06.354024,0000,025968,0.040315,-0.0019,0.2008
2026-08-11T12:07:08.299961,0000,025976,0.025136,-0.0014,0.1585
2026-08-11T12:07:10.161069,0000,025984,0.057732,-0.0001,0.2403
2026-08-11T12:07:12.148756,0000,025992,0.058986,0.0018,0.2429
2026-08-11T12:07:14.169262,0000,026000,0.096418,0.0031,0.3105
2026-08-11T12:07:15.980906,0000,026008,0.073571,0.0028,0.2712
2026-08-11T12:07:17.671051,0000,026016,0.046960,0.0021,0.2167
2026-08-11T12:07:19.396013,0000,026024,0.047795,0.0012,0.2186
2026-08-11T12:07:21.225027,0000,026032,0.028451,-0.0003,0.1687
2026-08-11T12:07:22.923160,0000,026040,0.026456,-0.0009,0.1627
2026-08-11T12:07:24.618959,0000,026048,0.031747,-0.0011,0.1782
2026-08-11T12:07:26.356555,0000,026056,0.023652,-0.0005,0.1538
2026-08-11T12:07:28.133691,0000,026064,0.019584,0.0007,0.1399
2026-08-11T12:07:30.064772,0000,026072,1.574491,0.0000,1.2548
2026-08-11T12:07:31.795408,0000,026080,0.034877,0.0007,0.1868
2026-08-11T12:07:33.547709,0000,026088,0.042112,-0.0001,0.2052
2026-08-11T12:07:35.258461,0000,026096,0.017589,-0.0002,0.1326
2026-08-11T12:07:37.118895,0000,026104,0.024219,0.0003,0.1556
2026-08-11T12:07:38.854725,0000,026112,0.014181,0.0001,0.1191
2026-08-11T12:07:40.780924,0000,026120,0.025639,-0.0009,0.1601
2026-08-11T12:07:42.524794,0000,026128,0.033677,-0.0008,0.1835
2026-08-11T12:07:44.233822,0000,026136,0.019937,-0.0003,0.1412
2026-08-11T12:07:46.132631,0000,026144,0.040450,0.0006,0.2011
2026-08-11T12:07:47.976721,0000,026152,0.020702,0.0012,0.1439
2026-08-11T12:07:49.674640,0000,026160,0.021423,0.0009,0.1464
2026-08-11T12:07:51.566307,0000,026168,0.076996,-0.0001,0.2775
2026-08-11T12:07:53.284889,0000,026176,0.036412,-0.0002,0.1908
2026-08-11T12:07:55.002721,0000,026184,0.054547,0.0002,0.2336
2026-08-11T12:07:56.960023,0000,026192,0.031591,0.0002,0.1777
2026-08-11T12:07:58.696629,0000,026200,0.020914,-0.0006,0.1446
2026-08-11T12:08:00.394926,0000,026208,0.030146,-0.0008,0.1736
2026-08-11T12:08:02.366590,0000,026216,0.030451,-0.0004,0.1745
2026-08-11T12:08:04.299163,0000,026224,0.033525,0.0010,0.1831
2026-08-11T12:08:06.295575,0000,026232,0.028293,0.0012,0.1682
2026-08-11T12:08:08.079688,0000,026240,0.032121,0.0009,0.1792
2026-08-11T12:08:09.822183,0000,026248,0.032957,-0.0000,0.1815
2026-08-11T12:08:11.895728,0000,026256,0.037671,-0.0017,0.1941
2026-08-11T12:08:13.604686,0000,026264,0.045774,-0.0018,0.2139
2026-08-11T12:08:15.382623,0000,026272,0.030603,-0.0017,0.1749
2026-08-11T12:08:17.335032,0000,026280,0.032488,-0.0015,0.1802
2026-08-11T12:08:19.054586,0000,026288,0.032922,0.0000,0.1814
2026-08-11T12:08:20.764572,0000,026296,0.096113,0.0005,0.3100
2026-08-11T12:08:22.519661,0000,026304,0.028134,0.0003,0.1677
2026-08-11T12:08:24.222502,0000,026312,0.016516,-0.0005,0.1285
2026-08-11T12:08:26.020685,0000,026320,0.039965,-0.0007,0.1999
2026-08-11T12:08:27.882302,0000,026328,0.011907,-0.0001,0.1091
2026-08-11T12:08:29.667351,0000,026336,0.024618,0.0011,0.1569
2026-08-11T12:08:31.401475,0000,026344,0.032567,0.0014,0.1805
2026-08-11T12:08:33.227628,0000,026352,0.093983,0.0011,0.3066
2026-08-11T12:08:34.948526,0000,026360,0.015954,0.0003,0.1263
2026-08-11T12:08:36.672560,0000,026368,0.027250,-0.0011,0.1651
2026-08-11T12:08:38.685303,0000,026376,0.117705,-0.0025,0.3431
2026-08-11T12:08:40.643682,0000,026384,0.043339,-0.0020,0.2082
2026-08-11T12:08:42.674450,0000,026392,0.053001,-0.0013,0.2302
2026-08-11T12:08:44.416647,0000,026400,0.025370,0.0001,0.1593
2026-08-11T12:08:46.139936,0000,026408,0.025482,0.0006,0.1596
2026-08-11T12:08:47.842363,0000,026416,0.022272,0.0003,0.1492
2026-08-11T12:08:49.552525,0000,026424,0.033364,-0.0005,0.1827
2026-08-11T12:08:51.313674,0000,026432,0.112077,-0.0005,0.3348
2026-08-11T12:08:53.189471,0000,026440,0.041385,-0.0001,0.2034
2026-08-11T12:08:55.243605,0000,026448,0.025503,0.0012,0.1597
2026-08-11T12:08:56.951756,0000,026456,0.054247,0.0012,0.2329
2026-08-11T12:08:58.683478,0000,026464,0.070133,0.0011,0.2648
2026-08-11T12:09:00.673897,0000,026472,0.020553,0.0006,0.1434
2026-08-11T12:09:02.370778,0000,026480,0.028263,-0.0010,0.1681
2026-08-11T12:09:04.129347,0000,026488,0.030342,-0.0016,0.1742
2026-08-11T12:09:05.832361,0000,026496,0.037132,-0.0014,0.1927
2026-08-11T12:09:07.759750,0000,026504,1.629852,-0.0024,1.2767
2026-08-11T12:09:09.636823,0000,026512,0.218700,0.0000,0.4677
2026-08-11T12:09:11.385915,0000,026520,0.012192,0.0007,0.1104
2026-08-11T12:09:13.261348,0000,026528,0.019467,0.0003,0.1395
2026-08-11T12:09:15.279575,0000,026536,0.059753,-0.0005,0.2444
2026-08-11T12:09:16.995293,0000,026544,0.029671,-0.0004,0.1723
2026-08-11T12:09:18.830411,0000,026552,0.027504,0.0000,0.1658
2026-08-11T12:09:20.739988,0000,026560,0.017326,-0.0003,0.1316
2026-08-11T12:09:22.502374,0000,026568,0.021552,0.0004,0.1468
2026-08-11T12:09:24.211281,0000,026576,0.025274,0.0002,0.1590
2026-08-11T12:09:26.355956,0000,026584,0.031068,-0.0007,0.1763
2026-08-11T12:09:28.128433,0000,026592,0.019243,-0.0005,0.1387
2026-08-11T12:09:30.137234,0000,026600,0.034293,0.0003,0.1852
2026-08-11T12:09:31.884656,0000,026608,0.029370,-0.0002,0.1714
2026-08-11T12:09:33.581231,0000,026616,0.032897,0.0002,0.1814
2026-08-11T12:09:35.437222,0000,026624,0.022706,0.0001,0.1507
2026-08-11T12:09:37.174231,0000,026632,0.051504,-0.0006,0.2269
2026-08-11T12:09:39.004104,0000,026640,0.037212,-0.0005,0.1929
2026-08-11T12:09:40.745574,0000,026648,0.020117,-0.0001,0.1418
2026-08-11T12:09:42.436121,0000,026656,0.022658,0.0009,0.1505
2026-08-11T12:09:44.140399,0000,026664,0.030000,0.0013,0.1732
2026-08-11T12:09:46.048541,0000,026672,0.048068,0.0011,0.2192
2026-08-11T12:09:47.822678,0000,026680,0.117398,-0.0001,0.3426
2026-08-11T12:09:49.985252,0000,026688,0.051480,-0.0002,0.2269
2026-08-11T12:09:51.793901,0000,026696,0.048908,0.0004,0.2212
2026-08-11T12:09:53.757521,0000,026704,0.053866,0.0002,0.2321
2026-08-11T12:09:55.708191,0000,026712,0.026803,-0.0005,0.1637
2026-08-11T12:09:57.426126,0000,026720,0.027928,-0.0005,0.1671
2026-08-11T12:09:59.136426,0000,026728,0.015603,0.0000,0.1249
2026-08-11T12:10:00.884447,0000,026736,0.035978,-0.0002,0.1897
2026-08-11T12:10:02.665349,0000,026744,0.038340,0.0004,0.1958
2026-08-11T12:10:04.423692,0000,026752,0.014595,0.0002,0.1208
2026-08-11T12:10:06.305336,0000,026760,0.023041,-0.0007,0.1518
2026-08-11T12:10:08.096079,0000,026768,0.027674,-0.0007,0.1664
2026-08-11T12:10:09.803495,0000,026776,0.131646,-0.0002,0.3628
2026-08-11T12:10:11.608351,0000,026784,0.020914,0.0010,0.1446
2026-08-11T12:10:13.512532,0000,026792,0.044888,0.0015,0.2119
2026-08-11T12:10:15.230414,0000,026800,1.578106,-0.0001,1.2562
2026-08-11T12:10:17.065295,0000,026808,0.032699,0.0015,0.1808
2026-08-11T12:10:18.788313,0000,026816,0.028986,0.0010,0.1703
2026-08-11T12:10:20.522045,0000,026824,0.013040,0.0003,0.1142
2026-08-11T12:10:22.461243,0000,026832,0.037387,-0.0014,0.1934
2026-08-11T12:10:24.179220,0000,026840,0.126462,-0.0017,0.3556
2026-08-11T12:10:26.084811,0000,026848,0.069175,-0.0021,0.2630
2026-08-11T12:10:27.922092,0000,026856,0.031473,-0.0014,0.1774
2026-08-11T12:10:29.747181,0000,026864,0.030799,0.0001,0.1755
2026-08-11T12:10:31.566369,0000,026872,0.033043,0.0004,0.1818
2026-08-11T12:10:33.287335,0000,026880,0.014324,0.0002,0.1197
2026-08-11T12:10:34.978421,0000,026888,0.022984,-0.0006,0.1516
2026-08-11T12:10:36.911436,0000,026896,0.059703,-0.0009,0.2443
2026-08-11T12:10:38.782079,0000,026904,0.029371,-0.0001,0.1714
2026-08-11T12:10:40.581112,0000,026912,0.014779,0.0009,0.1216
2026-08-11T12:10:42.401333,0000,026920,0.027070,0.0013,0.1645
2026-08-11T12:10:44.126359,0000,026928,0.026346,0.0009,0.1623
2026-08-11T12:10:45.959149,0000,026936,0.023475,0.0001,0.1532
2026-08-11T12:10:47.681209,0000,026944,0.034052,-0.0013,0.1845
2026-08-11T12:10:49.418041,0000,026952,0.042814,-0.0020,0.2069
2026-08-11T12:10:51.136100,0000,026960,0.055315,-0.0020,0.2352
2026-08-11T12:10:53.334129,0000,026968,0.047091,-0.0018,0.2170
2026-08-11T12:10:55.046270,0000,026976,0.018492,-0.0001,0.1360
2026-08-11T12:10:57.155320,0000,026984,0.041252,0.0019,0.2031
2026-08-11T12:10:58.901533,0000,026992,0.048549,0.0024,0.2203
2026-08-11T12:11:00.744334,0000,027000,0.060429,0.0026,0.2458
2026-08-11T12:11:02.972569,0000,027008,0.106189,0.0026,0.3259
2026-08-11T12:11:04.936259,0000,027016,0.066654,0.0012,0.2582
2026-08-11T12:11:06.946728,0000,027024,0.049860,-0.0007,0.2233
2026-08-11T12:11:08.684169,0000,027032,0.028813,-0.0009,0.1697
2026-08-11T12:11:10.396101,0000,027040,0.041316,-0.0011,0.2033
2026-08-11T12:11:12.371820,0000,027048,0.068515,-0.0007,0.2618
2026-08-11T12:11:14.164915,0000,027056,0.014327,0.0005,0.1197
2026-08-11T12:11:16.319663,0000,027064,0.071230,0.0007,0.2669
2026-08-11T12:11:18.228033,0000,027072,0.022422,0.0005,0.1497
2026-08-11T12:11:20.025896,0000,027080,0.018078,-0.0001,0.1345
2026-08-11T12:11:21.906700,0000,027088,0.061060,-0.0005,0.2471
2026-08-11T12:11:23.635569,0000,027096,0.030065,0.0001,0.1734
2026-08-11T12:11:25.450361,0000,027104,0.018511,-0.0000,0.1361
2026-08-11T12:11:27.259783,0000,027112,0.018435,0.0005,0.1358
2026-08-11T12:11:29.029820,0000,027120,0.046220,0.0002,0.2150
2026-08-11T12:11:30.757000,0000,027128,0.037217,-0.0006,0.1929
2026-08-11T12:11:32.647049,0000,027136,1.599519,-0.0018,1.2647
2026-08-11T12:11:34.405938,0000,027144,0.035999,-0.0003,0.1897
2026-08-11T12:11:36.329459,0000,027152,0.047191,0.0010,0.2172
2026-08-11T12:11:38.242033,0000,027160,0.031672,0.0012,0.1780
2026-08-11T12:11:39.977092,0000,027168,0.031135,0.0009,0.1765
2026-08-11T12:11:41.911960,0000,027176,0.020729,0.0000,0.1440
2026-08-11T12:11:43.657857,0000,027184,0.038358,-0.0002,0.1959
2026-08-11T12:11:45.378169,0000,027192,0.028811,0.0002,0.1697
2026-08-11T12:11:47.383713,0000,027200,0.047201,0.0002,0.2173
2026-08-11T12:11:49.224105,0000,027208,0.048331,-0.0006,0.2198
2026-08-11T12:11:50.936533,0000,027216,0.068650,-0.0008,0.2620
2026-08-11T12:11:52.764050,0000,027224,0.036433,-0.0002,0.1909
2026-08-11T12:11:54.554753,0000,027232,0.036102,0.0009,0.1900
2026-08-11T12:11:56.339903,0000,027240,1.579435,0.0003,1.2568
2026-08-11T12:11:58.323352,0000,027248,0.097259,0.0006,0.3119
2026-08-11T12:12:00.117078,0000,027256,0.021187,0.0001,0.1456
2026-08-11T12:12:01.876033,0000,027264,0.024958,-0.0012,0.1580
2026-08-11T12:12:03.861140,0000,027272,0.085853,-0.0024,0.2930
2026-08-11T12:12:05.735434,0000,027280,0.047295,-0.0021,0.2175
2026-08-11T12:12:07.497981,0000,027288,0.042517,-0.0013,0.2062
2026-08-11T12:12:09.242916,0000,027296,0.024848,-0.0001,0.1576
2026-08-11T12:12:10.945135,0000,027304,1.585480,0.0005,1.2592
2026-08-11T12:12:12.823774,0000,027312,0.087899,0.0025,0.2965
2026-08-11T12:12:14.684029,0000,027320,0.085508,0.0026,0.2924
2026-08-11T12:12:16.459186,0000,027328,0.044487,0.0022,0.2109
2026-08-11T12:12:18.230990,0000,027336,0.027547,0.0013,0.1660
2026-08-11T12:12:19.976670,0000,027344,0.026315,-0.0003,0.1622
2026-08-11T12:12:21.906001,0000,027352,0.043379,-0.0012,0.2083
2026-08-11T12:12:23.640202,0000,027360,0.035426,-0.0010,0.1882
2026-08-11T12:12:25.363773,0000,027368,0.025658,-0.0005,0.1602
2026-08-11T12:12:27.335250,0000,027376,0.058165,0.0007,0.2412
2026-08-11T12:12:29.168828,0000,027384,0.028861,0.0009,0.1699
2026-08-11T12:12:30.881359,0000,027392,0.034854,0.0006,0.1867
2026-08-11T12:12:32.835453,0000,027400,0.047002,-0.0002,0.2168
2026-08-11T12:12:34.779370,0000,027408,0.042171,-0.0005,0.2054
2026-08-11T12:12:36.805872,0000,027416,0.048525,0.0002,0.2203
2026-08-11T12:12:38.602987,0000,027424,0.039632,-0.0000,0.1991
2026-08-11T12:12:40.400957,0000,027432,0.020672,0.0004,0.1438
2026-08-11T12:12:42.129935,0000,027440,0.021415,0.0002,0.1463
2026-08-11T12:12:43.896840,0000,027448,0.029769,-0.0006,0.1725
2026-08-11T12:12:45.701658,0000,027456,0.018960,-0.0006,0.1377
2026-08-11T12:12:47.445933,0000,027464,0.019861,-0.0002,0.1409
2026-08-11T12:12:49.157376,0000,027472,0.028372,0.0009,0.1684
2026-08-11T12:12:50.967869,0000,027480,0.027452,0.0012,0.1657
2026-08-11T12:12:52.935795,0000,027488,1.571943,-0.0000,1.2538
2026-08-11T12:12:54.673826,0000,027496,0.051706,0.0000,0.2274
2026-08-11T12:12:56.925913,0000,027504,0.033386,-0.0012,0.1827
2026-08-11T12:12:58.786580,0000,027512,0.074503,-0.0020,0.2730
2026-08-11T12:13:00.520267,0000,027520,0.035401,-0.0018,0.1882
2026-08-11T12:13:02.267391,0000,027528,0.040765,-0.0012,0.2019
2026-08-11T12:13:03.975492,0000,027536,0.028583,-0.0001,0.1691
2026-08-11T12:13:05.993556,0000,027544,0.033494,0.0016,0.1830
2026-08-11T12:13:08.111181,0000,027552,0.108502,0.0029,0.3294
2026-08-11T12:13:09.884347,0000,027560,0.066682,0.0026,0.2582
2026-08-11T12:13:11.626762,0000,027568,0.038936,0.0022,0.1973
2026-08-11T12:13:13.391819,0000,027576,0.049526,0.0012,0.2225
2026-08-11T12:13:15.124669,0000,027584,0.014175,-0.0002,0.1191
2026-08-11T12:13:16.825505,0000,027592,0.023670,-0.0010,0.1539
2026-08-11T12:13:18.658929,0000,027600,0.025858,-0.0010,0.1608
2026-08-11T12:13:20.613954,0000,027608,0.059425,-0.0007,0.2438
2026-08-11T12:13:22.622698,0000,027616,0.068827,0.0003,0.2623
2026-08-11T12:13:24.351620,0000,027624,0.026887,0.0009,0.1640
2026-08-11T12:13:26.067487,0000,027632,0.021425,0.0007,0.1464
2026-08-11T12:13:28.019295,0000,027640,0.036614,-0.0004,0.1913
2026-08-11T12:13:29.778090,0000,027648,0.028761,-0.0003,0.1696
2026-08-11T12:13:31.558920,0000,027656,0.017390,0.0002,0.1319
2026-08-11T12:13:33.310754,0000,027664,0.026488,0.0000,0.1628
2026-08-11T12:13:35.045664,0000,027672,0.022457,-0.0007,0.1499
2026-08-11T12:13:36.881545,0000,027680,0.214477,-0.0009,0.4631
2026-08-11T12:13:38.661610,0000,027688,0.015686,-0.0002,0.1252
2026-08-11T12:13:40.426674,0000,027696,0.019102,0.0008,0.1382
2026-08-11T12:13:42.350948,0000,027704,0.024075,0.0012,0.1552
2026-08-11T12:13:44.150440,0000,027712,0.030726,0.0008,0.1753
2026-08-11T12:13:46.054665,0000,027720,0.021764,-0.0000,0.1475
2026-08-11T12:13:47.808740,0000,027728,0.041223,-0.0003,0.2030
2026-08-11T12:13:49.634168,0000,027736,0.029661,0.0003,0.1722
2026-08-11T12:13:51.351651,0000,027744,0.013147,0.0000,0.1147
2026-08-11T12:13:53.141537,0000,027752,0.013990,-0.0006,0.1183
2026-08-11T12:13:54.872312,0000,027760,0.029893,-0.0007,0.1729
2026-08-11T12:13:56.579578,0000,027768,0.023293,-0.0002,0.1526
2026-08-11T12:13:58.329766,0000,027776,0.108028,0.0009,0.3287
2026-08-11T12:14:00.365704,0000,027784,0.029396,0.0012,0.1715
2026-08-11T12:14:02.406846,0000,027792,0.062663,0.0009,0.2503
2026-08-11T12:14:04.119300,0000,027800,1.593150,-0.0010,1.2622
2026-08-11T12:14:05.952776,0000,027808,0.106079,-0.0002,0.3257
2026-08-11T12:14:07.979556,0000,027816,0.020774,0.0002,0.1441
2026-08-11T12:14:09.704550,0000,027824,0.025225,0.0002,0.1588
2026-08-11T12:14:11.731798,0000,027832,0.021933,-0.0007,0.1481
2026-08-11T12:14:13.541725,0000,027840,0.068996,-0.0009,0.2627
2026-08-11T12:14:15.483447,0000,027848,0.025719,-0.0002,0.1604
2026-08-11T12:14:17.238150,0000,027856,0.038048,0.0009,0.1951
2026-08-11T12:14:18.946200,0000,027864,0.026786,0.0010,0.1637
2026-08-11T12:14:20.750344,0000,027872,0.027246,0.0009,0.1651
2026-08-11T12:14:22.463564,0000,027880,0.025833,0.0001,0.1607
2026-08-11T12:14:24.441066,0000,027888,0.048848,-0.0015,0.2210
2026-08-11T12:14:26.327681,0000,027896,0.048636,-0.0023,0.2205
2026-08-11T12:14:28.165774,0000,027904,0.044324,-0.0021,0.2105
2026-08-11T12:14:30.044577,0000,027912,0.042636,-0.0014,0.2065
2026-08-11T12:14:31.874546,0000,027920,0.019182,-0.0001,0.1385
2026-08-11T12:14:33.883402,0000,027928,0.046448,0.0016,0.2155
2026-08-11T12:14:35.685227,0000,027936,0.083694,0.0022,0.2893
2026-08-11T12:14:37.379343,0000,027944,0.082737,0.0024,0.2876
2026-08-11T12:14:39.093151,0000,027952,0.050223,0.0020,0.2241
2026-08-11T12:14:40.812502,0000,027960,0.026634,0.0012,0.1632
2026-08-11T12:14:42.619309,0000,027968,0.051715,-0.0005,0.2274
2026-08-11T12:14:44.344812,0000,027976,0.036715,-0.0010,0.1916
2026-08-11T12:14:46.066177,0000,027984,0.224399,-0.0012,0.4737
2026-08-11T12:14:47.788793,0000,027992,0.037761,-0.0006,0.1943
2026-08-11T12:14:49.628363,0000,028000,0.208005,0.0004,0.4561
2026-08-11T12:14:51.371313,0000,028008,0.230259,0.0008,0.4799
2026-08-11T12:14:53.851014,0000,028016,0.032720,0.0007,0.1809
2026-08-11T12:14:55.811439,0000,028024,0.039104,-0.0001,0.1977
2026-08-11T12:14:57.760343,0000,028032,0.039636,-0.0005,0.1991
2026-08-11T12:14:59.686578,0000,028040,0.030674,0.0001,0.1751
2026-08-11T12:15:01.431163,0000,028048,0.031735,-0.0001,0.1781
2026-08-11T12:15:03.304191,0000,028056,0.038941,0.0003,0.1973
2026-08-11T12:15:05.254448,0000,028064,0.022664,0.0002,0.1505
2026-08-11T12:15:06.968430,0000,028072,0.017601,-0.0006,0.1327
2026-08-11T12:15:08.686938,0000,028080,0.024654,-0.0006,0.1570
2026-08-11T12:15:10.581319,0000,028088,0.015084,-0.0002,0.1228
2026-08-11T12:15:12.291641,0000,028096,0.018233,0.0008,0.1350
2026-08-11T12:15:14.161199,0000,028104,0.058807,0.0013,0.2425
2026-08-11T12:15:16.133825,0000,028112,0.022408,0.0009,0.1497
2026-08-11T12:15:17.937009,0000,028120,0.023825,0.0001,0.1544
2026-08-11T12:15:19.654323,0000,028128,0.025243,-0.0012,0.1589
2026-08-11T12:15:21.474170,0000,028136,0.040487,-0.0019,0.2012
2026-08-11T12:15:23.257546,0000,028144,0.129127,-0.0020,0.3593
2026-08-11T12:15:25.067011,0000,028152,0.035199,-0.0013,0.1876
2026-08-11T12:15:26.955004,0000,028160,0.014223,0.0000,0.1193
2026-08-11T12:15:28.677453,0000,028168,0.015729,0.0003,0.1254
2026-08-11T12:15:30.397388,0000,028176,0.034590,0.0001,0.1860
2026-08-11T12:15:32.278475,0000,028184,0.028792,-0.0007,0.1697
2026-08-11T12:15:34.021363,0000,028192,0.024507,-0.0006,0.1565
2026-08-11T12:15:35.985883,0000,028200,0.026122,-0.0004,0.1616
2026-08-11T12:15:37.939332,0000,028208,0.027328,0.0008,0.1653
2026-08-11T12:15:39.834065,0000,028216,0.037583,0.0011,0.1939
2026-08-11T12:15:41.658346,0000,028224,0.062139,0.0008,0.2493
2026-08-11T12:15:43.434247,0000,028232,0.222371,-0.0001,0.4716
2026-08-11T12:15:45.139216,0000,028240,0.028495,-0.0001,0.1688
2026-08-11T12:15:46.932122,0000,028248,0.082554,0.0001,0.2873
2026-08-11T12:15:48.649046,0000,028256,0.022616,0.0001,0.1504
2026-08-11T12:15:50.369278,0000,028264,0.036538,-0.0006,0.1911
2026-08-11T12:15:52.055237,0000,028272,0.029585,-0.0006,0.1720
2026-08-11T12:15:53.790176,0000,028280,0.043022,-0.0002,0.2074
2026-08-11T12:15:55.782772,0000,028288,0.026017,0.0008,0.1613
2026-08-11T12:15:57.541094,0000,028296,0.044181,0.0012,0.2102
2026-08-11T12:15:59.294201,0000,028304,0.030599,0.0008,0.1749
2026-08-11T12:16:01.099370,0000,028312,0.009855,0.0001,0.0993
2026-08-11T12:16:02.896371,0000,028320,0.034268,-0.0013,0.1851
2026-08-11T12:16:04.862734,0000,028328,0.098532,-0.0024,0.3139
2026-08-11T12:16:06.668261,0000,028336,1.579841,-0.0029,1.2569
2026-08-11T12:16:08.464092,0000,028344,0.060685,-0.0015,0.2463
2026-08-11T12:16:10.226830,0000,028352,0.039630,-0.0001,0.1991
2026-08-11T12:16:11.933100,0000,028360,0.023551,0.0014,0.1535
2026-08-11T12:16:13.643728,0000,028368,0.063915,0.0022,0.2528
2026-08-11T12:16:15.385872,0000,028376,0.058776,0.0026,0.2424
2026-08-11T12:16:17.084026,0000,028384,0.049300,0.0021,0.2220
2026-08-11T12:16:18.922128,0000,028392,0.036891,0.0012,0.1921
2026-08-11T12:16:20.927370,0000,028400,0.061227,-0.0006,0.2474
2026-08-11T12:16:22.830381,0000,028408,0.056976,-0.0010,0.2387
2026-08-11T12:16:24.676278,0000,028416,0.032937,-0.0011,0.1815
2026-08-11T12:16:26.392265,0000,028424,0.024786,-0.0004,0.1574
2026-08-11T12:16:28.395757,0000,028432,0.030377,0.0006,0.1743
2026-08-11T12:16:30.162113,0000,028440,0.038171,0.0008,0.1954
2026-08-11T12:16:31.897462,0000,028448,0.038273,0.0006,0.1956
2026-08-11T12:16:33.663825,0000,028456,0.027545,-0.0002,0.1660
2026-08-11T12:16:35.379939,0000,028464,0.025087,-0.0003,0.1584
2026-08-11T12:16:37.085291,0000,028472,0.040885,0.0000,0.2022
2026-08-11T12:16:38.814872,0000,028480,0.018756,0.0000,0.1370
2026-08-11T12:16:40.513208,0000,028488,0.050004,-0.0007,0.2236
2026-08-11T12:16:42.268027,0000,028496,0.026882,-0.0009,0.1640
2026-08-11T12:16:43.987516,0000,028504,0.021003,-0.0004,0.1449
2026-08-11T12:16:45.966125,0000,028512,0.026539,0.0007,0.1629
2026-08-11T12:16:48.056183,0000,028520,0.056866,0.0012,0.2385
2026-08-11T12:16:49.771765,0000,028528,0.033708,0.0007,0.1836
2026-08-11T12:16:51.564207,0000,028536,0.022299,-0.0000,0.1493
2026-08-11T12:16:53.363999,0000,028544,0.019420,-0.0001,0.1394
2026-08-11T12:16:55.085859,0000,028552,0.018752,0.0002,0.1369
2026-08-11T12:16:56.851835,0000,028560,0.036276,0.0000,0.1905
2026-08-11T12:16:58.652170,0000,028568,0.042367,-0.0008,0.2058
2026-08-11T12:17:00.431905,0000,028576,0.020479,-0.0008,0.1431
2026-08-11T12:17:02.364568,0000,028584,0.042073,-0.0003,0.2051
2026-08-11T12:17:04.112733,0000,028592,0.020504,0.0007,0.1432
2026-08-11T12:17:06.112224,0000,028600,0.046808,0.0014,0.2164
2026-08-11T12:17:07.868026,0000,028608,0.017968,0.0008,0.1340
2026-08-11T12:17:09.582415,0000,028616,0.027616,0.0000,0.1662
2026-08-11T12:17:11.294165,0000,028624,0.080640,-0.0014,0.2840
2026-08-11T12:17:13.066825,0000,028632,0.048063,-0.0018,0.2192
2026-08-11T12:17:14.966534,0000,028640,0.068527,-0.0023,0.2618
2026-08-11T12:17:16.798275,0000,028648,0.034082,-0.0012,0.1846
2026-08-11T12:17:18.505296,0000,028656,0.018327,-0.0001,0.1354
2026-08-11T12:17:20.243038,0000,028664,0.033573,0.0016,0.1832
2026-08-11T12:17:21.988968,0000,028672,0.078377,0.0023,0.2800
2026-08-11T12:17:23.811442,0000,028680,0.091051,0.0023,0.3017
2026-08-11T12:17:25.533027,0000,028688,0.057700,0.0021,0.2402
2026-08-11T12:17:27.478063,0000,028696,0.050709,0.0013,0.2252
2026-08-11T12:17:29.436990,0000,028704,0.056565,-0.0006,0.2378
2026-08-11T12:17:31.941999,0000,028712,0.052669,-0.0015,0.2295
2026-08-11T12:17:34.089396,0000,028720,0.084714,-0.0016,0.2911
2026-08-11T12:17:35.906913,0000,028728,0.017921,-0.0006,0.1339
2026-08-11T12:17:37.696131,0000,028736,0.076553,0.0006,0.2767
2026-08-11T12:17:39.514651,0000,028744,0.059422,0.0006,0.2438
2026-08-11T12:17:41.644025,0000,028752,0.060641,0.0005,0.2463
2026-08-11T12:17:43.441814,0000,028760,0.021800,-0.0001,0.1476
2026-08-11T12:17:45.174773,0000,028768,0.035032,-0.0002,0.1872
2026-08-11T12:17:47.059214,0000,028776,0.019488,0.0001,0.1396
2026-08-11T12:17:48.761188,0000,028784,0.025611,-0.0000,0.1600
2026-08-11T12:17:50.604608,0000,028792,0.043667,0.0005,0.2090
2026-08-11T12:17:52.322515,0000,028800,0.026025,0.0001,0.1613
2026-08-11T12:17:54.101073,0000,028808,0.024050,-0.0007,0.1551
2026-08-11T12:17:55.838074,0000,028816,0.044636,-0.0007,0.2113
2026-08-11T12:17:57.643014,0000,028824,0.033102,-0.0001,0.1819
2026-08-11T12:17:59.358416,0000,028832,0.223200,0.0007,0.4724
2026-08-11T12:18:01.175841,0000,028840,0.021948,0.0013,0.1481
2026-08-11T12:18:02.887056,0000,028848,0.054078,0.0008,0.2325
2026-08-11T12:18:04.637013,0000,028856,0.042655,-0.0001,0.2065
2026-08-11T12:18:06.340560,0000,028864,0.018894,0.0000,0.1375
2026-08-11T12:18:08.106981,0000,028872,0.024813,-0.0008,0.1575
2026-08-11T12:18:09.828961,0000,028880,0.098375,-0.0008,0.3136
2026-08-11T12:18:11.802066,0000,028888,0.039322,-0.0006,0.1983
2026-08-11T12:18:13.742350,0000,028896,0.076495,0.0003,0.2766
2026-08-11T12:18:15.693900,0000,028904,0.042017,0.0010,0.2050
2026-08-11T12:18:17.612933,0000,028912,0.063101,0.0007,0.2512
2026-08-11T12:18:19.918810,0000,028920,0.041572,0.0000,0.2039
2026-08-11T12:18:21.822840,0000,028928,0.030651,-0.0014,0.1751
2026-08-11T12:18:23.534043,0000,028936,0.044075,-0.0020,0.2099
2026-08-11T12:18:25.452399,0000,028944,0.084247,-0.0023,0.2903
2026-08-11T12:18:27.289805,0000,028952,0.021925,-0.0012,0.1481
2026-08-11T12:18:29.154852,0000,028960,0.033236,-0.0002,0.1823
2026-08-11T12:18:31.020008,0000,028968,0.054881,0.0014,0.2343
2026-08-11T12:18:32.761041,0000,028976,0.051736,0.0023,0.2275
2026-08-11T12:18:34.506845,0000,028984,0.059479,0.0024,0.2439
2026-08-11T12:18:36.244147,0000,028992,0.070734,0.0018,0.2660
2026-08-11T12:18:37.962210,0000,029000,0.029963,0.0010,0.1731
2026-08-11T12:18:39.974117,0000,029008,0.015927,-0.0003,0.1262
2026-08-11T12:18:41.692503,0000,029016,0.019614,-0.0010,0.1400
2026-08-11T12:18:43.531217,0000,029024,0.036339,-0.0012,0.1906
2026-08-11T12:18:45.307251,0000,029032,0.013158,-0.0004,0.1147
2026-08-11T12:18:47.016709,0000,029040,0.041931,0.0004,0.2048
2026-08-11T12:18:48.738452,0000,029048,0.017226,0.0009,0.1312
2026-08-11T12:18:50.550945,0000,029056,0.086317,0.0006,0.2938
2026-08-11T12:18:52.438122,0000,029064,0.026372,-0.0002,0.1624
2026-08-11T12:18:54.516948,0000,029072,0.038238,-0.0003,0.1955
2026-08-11T12:18:56.233851,0000,029080,0.035074,0.0001,0.1873
2026-08-11T12:18:58.225463,0000,029088,0.047970,-0.0001,0.2190
2026-08-11T12:19:00.102103,0000,029096,0.044014,0.0002,0.2098
2026-08-11T12:19:02.184191,0000,029104,0.009135,0.0002,0.0956
2026-08-11T12:19:04.246341,0000,029112,0.026851,-0.0007,0.1639
2026-08-11T12:19:06.107730,0000,029120,0.020718,-0.0009,0.1439
2026-08-11T12:19:07.845747,0000,029128,0.023056,-0.0002,0.1518
2026-08-11T12:19:10.046697,0000,029136,0.044109,0.0009,0.2100
2026-08-11T12:19:11.872109,0000,029144,0.036014,0.0012,0.1898
2026-08-11T12:19:13.593748,0000,029152,0.222224,0.0006,0.4714
2026-08-11T12:19:15.339658,0000,029160,0.090261,0.0001,0.3004
2026-08-11T12:19:17.070927,0000,029168,0.021391,-0.0011,0.1463
2026-08-11T12:19:18.781040,0000,029176,0.054304,-0.0017,0.2330
2026-08-11T12:19:20.890629,0000,029184,0.059364,-0.0018,0.2436
2026-08-11T12:19:22.604017,0000,029192,0.054870,-0.0011,0.2342
2026-08-11T12:19:24.343659,0000,029200,0.061511,-0.0002,0.2480
2026-08-11T12:19:26.080373,0000,029208,0.037801,0.0014,0.1944
2026-08-11T12:19:27.800792,0000,029216,0.046645,0.0022,0.2160
2026-08-11T12:19:29.572721,0000,029224,0.066205,0.0026,0.2573
2026-08-11T12:19:31.679029,0000,029232,0.086648,0.0025,0.2944
2026-08-11T12:19:33.413327,0000,029240,0.026348,0.0012,0.1623
2026-08-11T12:19:35.427960,0000,029248,0.047242,-0.0005,0.2174
2026-08-11T12:19:37.420922,0000,029256,0.026970,-0.0013,0.1642
2026-08-11T12:19:39.223814,0000,029264,0.115805,-0.0011,0.3403
2026-08-11T12:19:40.949826,0000,029272,0.030972,-0.0005,0.1760
2026-08-11T12:19:43.179558,0000,029280,0.057914,0.0003,0.2407
2026-08-11T12:19:44.928670,0000,029288,0.024135,0.0011,0.1554
2026-08-11T12:19:46.938654,0000,029296,0.059439,0.0005,0.2438
2026-08-11T12:19:48.644159,0000,029304,0.040486,-0.0003,0.2012
2026-08-11T12:19:50.350348,0000,029312,0.015993,-0.0004,0.1265
2026-08-11T12:19:52.088639,0000,029320,0.029000,0.0002,0.1703
2026-08-11T12:19:54.021591,0000,029328,0.025608,-0.0001,0.1600
2026-08-11T12:19:55.761438,0000,029336,0.033232,0.0004,0.1823
2026-08-11T12:19:57.637663,0000,029344,0.021120,0.0001,0.1453
2026-08-11T12:19:59.721364,0000,029352,0.020554,-0.0006,0.1434
2026-08-11T12:20:01.603940,0000,029360,0.032278,-0.0008,0.1797
2026-08-11T12:20:03.323365,0000,029368,0.038582,-0.0002,0.1964
2026-08-11T12:20:05.103620,0000,029376,0.031319,0.0007,0.1770
2026-08-11T12:20:06.871733,0000,029384,0.024973,0.0012,0.1580
2026-08-11T12:20:08.627500,0000,029392,0.020200,0.0009,0.1421
2026-08-11T12:20:10.446908,0000,029400,0.066468,-0.0002,0.2578
2026-08-11T12:20:12.381696,0000,029408,0.034362,-0.0002,0.1854
2026-08-11T12:20:14.139789,0000,029416,0.021930,0.0004,0.1481
2026-08-11T12:20:16.218676,0000,029424,0.019995,0.0002,0.1414
2026-08-11T12:20:18.377795,0000,029432,0.016041,-0.0003,0.1267
2026-08-11T12:20:20.344244,0000,029440,0.028546,-0.0008,0.1690
2026-08-11T12:20:22.112680,0000,029448,0.024663,-0.0002,0.1570
2026-08-11T12:20:23.863739,0000,029456,0.032167,0.0007,0.1794
2026-08-11T12:20:25.582988,0000,029464,0.045025,0.0010,0.2122
2026-08-11T12:20:27.352952,0000,029472,0.055959,0.0008,0.2366
2026-08-11T12:20:29.107479,0000,029480,0.021628,-0.0000,0.1471
2026-08-11T12:20:30.984534,0000,029488,0.041074,-0.0014,0.2027
2026-08-11T12:20:32.780961,0000,029496,0.077726,-0.0021,0.2788
2026-08-11T12:20:34.769743,0000,029504,0.049781,-0.0022,0.2231
2026-08-11T12:20:36.718471,0000,029512,0.049914,-0.0014,0.2234
2026-08-11T12:20:38.623678,0000,029520,0.015224,-0.0000,0.1234
2026-08-11T12:20:40.336584,0000,029528,0.026235,0.0015,0.1620
2026-08-11T12:20:42.286419,0000,029536,0.091537,0.0027,0.3026
2026-08-11T12:20:44.073900,0000,029544,0.127675,0.0026,0.3573
2026-08-11T12:20:45.970430,0000,029552,0.073343,0.0022,0.2708
2026-08-11T12:20:47.701758,0000,029560,0.041361,0.0012,0.2034
2026-08-11T12:20:49.452691,0000,029568,0.029971,-0.0002,0.1731
2026-08-11T12:20:51.176682,0000,029576,0.038151,-0.0009,0.1953
2026-08-11T12:20:53.066613,0000,029584,0.062693,-0.0011,0.2504
2026-08-11T12:20:54.922347,0000,029592,0.051799,-0.0007,0.2276
2026-08-11T12:20:56.734530,0000,029600,0.039703,0.0007,0.1993
2026-08-11T12:20:58.486904,0000,029608,0.034431,0.0010,0.1856
2026-08-11T12:21:00.285993,0000,029616,0.034426,0.0008,0.1855
2026-08-11T12:21:02.105983,0000,029624,0.036630,-0.0001,0.1914
2026-08-11T12:21:03.830952,0000,029632,0.044169,-0.0002,0.2102
2026-08-11T12:21:05.630747,0000,029640,1.601164,-0.0007,1.2654
2026-08-11T12:21:07.335282,0000,029648,0.028886,0.0012,0.1700
2026-08-11T12:21:09.097343,0000,029656,0.065395,0.0015,0.2557
2026-08-11T12:21:10.886321,0000,029664,0.039107,0.0011,0.1978
2026-08-11T12:21:12.590765,0000,029672,0.024633,0.0004,0.1569
2026-08-11T12:21:14.371824,0000,029680,0.024915,-0.0009,0.1578
2026-08-11T12:21:16.198457,0000,029688,0.029619,-0.0016,0.1721
2026-08-11T12:21:18.096584,0000,029696,0.045833,-0.0018,0.2141
2026-08-11T12:21:20.163042,0000,029704,0.025740,-0.0011,0.1604
2026-08-11T12:21:21.929742,0000,029712,0.021078,0.0001,0.1452
2026-08-11T12:21:23.962757,0000,029720,0.018589,0.0006,0.1363
2026-08-11T12:21:25.976617,0000,029728,0.030019,0.0005,0.1733
2026-08-11T12:21:27.680483,0000,029736,0.015415,-0.0004,0.1242
2026-08-11T12:21:29.665133,0000,029744,0.062408,-0.0009,0.2498
2026-08-11T12:21:31.367431,0000,029752,0.015034,-0.0001,0.1226
2026-08-11T12:21:33.403679,0000,029760,0.033925,0.0011,0.1842
2026-08-11T12:21:35.128246,0000,029768,0.034317,0.0013,0.1852
2026-08-11T12:21:36.845643,0000,029776,0.038386,0.0011,0.1959
2026-08-11T12:21:38.713521,0000,029784,1.570577,-0.0008,1.2532
2026-08-11T12:21:40.497711,0000,029792,0.035733,-0.0002,0.1890
2026-08-11T12:21:42.215533,0000,029800,0.028191,0.0005,0.1679
2026-08-11T12:21:43.994475,0000,029808,0.041746,0.0001,0.2043
2026-08-11T12:21:45.777557,0000,029816,0.044544,-0.0004,0.2111
2026-08-11T12:21:47.494626,0000,029824,0.020878,-0.0006,0.1445
2026-08-11T12:21:49.270065,0000,029832,0.036535,-0.0002,0.1911
2026-08-11T12:21:51.021560,0000,029840,0.020256,0.0011,0.1423
2026-08-11T12:21:52.793623,0000,029848,0.028540,0.0012,0.1689
2026-08-11T12:21:54.547280,0000,029856,0.035287,0.0010,0.1878
2026-08-11T12:21:56.247422,0000,029864,0.036621,0.0001,0.1914
2026-08-11T12:21:57.971410,0000,029872,0.031723,-0.0010,0.1781
2026-08-11T12:21:59.803512,0000,029880,0.042845,-0.0018,0.2070
2026-08-11T12:22:01.812466,0000,029888,0.044471,-0.0020,0.2109
2026-08-11T12:22:03.979288,0000,029896,0.027404,-0.0013,0.1655
2026-08-11T12:22:05.767510,0000,029904,0.024726,0.0001,0.1572
2026-08-11T12:22:07.620717,0000,029912,0.021685,0.0004,0.1473
2026-08-11T12:22:09.472449,0000,029920,0.033366,0.0003,0.1827
2026-08-11T12:22:11.342449,0000,029928,0.019565,-0.0007,0.1399
2026-08-11T12:22:13.262889,0000,029936,0.042879,-0.0007,0.2071
2026-08-11T12:22:15.013400,0000,029944,0.051979,-0.0002,0.2280
2026-08-11T12:22:16.723493,0000,029952,0.023978,0.0009,0.1548
2026-08-11T12:22:18.429933,0000,029960,0.024824,0.0012,0.1576
2026-08-11T12:22:20.174509,0000,029968,0.036600,0.0008,0.1913
2026-08-11T12:22:21.904516,0000,029976,0.027540,0.0003,0.1660
2026-08-11T12:22:23.642292,0000,029984,0.030224,-0.0011,0.1739
2026-08-11T12:22:25.700295,0000,029992,0.046449,-0.0023,0.2155
2026-08-11T12:22:27.411276,0000,030000,0.025727,-0.0015,0.1604
2026-08-11T12:22:29.291359,0000,030008,0.025142,-0.0013,0.1586
2026-08-11T12:22:30.987149,0000,030016,0.015518,-0.0001,0.1246
2026-08-11T12:22:32.787521,0000,030024,0.033527,0.0015,0.1831
2026-08-11T12:22:34.503562,0000,030032,0.044929,0.0024,0.2120
2026-08-11T12:22:36.537399,0000,030040,0.064854,0.0028,0.2547
2026-08-11T12:22:38.258934,0000,030048,0.056826,0.0021,0.2384
2026-08-11T12:22:39.976300,0000,030056,0.034413,0.0011,0.1855
2026-08-11T12:22:41.686317,0000,030064,0.014888,-0.0001,0.1220
2026-08-11T12:22:43.429397,0000,030072,0.079290,-0.0008,0.2816
2026-08-11T12:22:45.149388,0000,030080,0.017138,-0.0008,0.1309
2026-08-11T12:22:46.882595,0000,030088,0.017696,-0.0003,0.1330
2026-08-11T12:22:48.633565,0000,030096,0.034170,0.0007,0.1848
2026-08-11T12:22:50.398274,0000,030104,0.042029,0.0008,0.2050
2026-08-11T12:22:52.438591,0000,030112,0.021055,0.0008,0.1451
2026-08-11T12:22:54.223257,0000,030120,0.011275,0.0001,0.1062
2026-08-11T12:22:55.977823,0000,030128,0.033308,-0.0013,0.1825
2026-08-11T12:22:58.233488,0000,030136,0.070911,-0.0028,0.2663
2026-08-11T12:23:00.055649,0000,030144,0.039938,-0.0019,0.1998
2026-08-11T12:23:01.775398,0000,030152,0.031180,-0.0012,0.1766
2026-08-11T12:23:03.608459,0000,030160,0.223996,-0.0002,0.4733
2026-08-11T12:23:05.308353,0000,030168,0.031141,0.0014,0.1765
2026-08-11T12:23:07.299375,0000,030176,0.072865,0.0027,0.2699
2026-08-11T12:23:09.177462,0000,030184,0.066590,0.0027,0.2581
2026-08-11T12:23:11.009352,0000,030192,0.064633,0.0022,0.2542
2026-08-11T12:23:12.827156,0000,030200,0.054331,0.0011,0.2331
2026-08-11T12:23:14.543294,0000,030208,0.032262,-0.0002,0.1796
2026-08-11T12:23:16.464581,0000,030216,0.074751,-0.0012,0.2734
2026-08-11T12:23:18.180334,0000,030224,0.022696,-0.0009,0.1507
2026-08-11T12:23:19.894156,0000,030232,0.025510,-0.0005,0.1597
2026-08-11T12:23:21.664366,0000,030240,0.027040,0.0008,0.1644
2026-08-11T12:23:23.380046,0000,030248,0.051749,0.0008,0.2275
2026-08-11T12:23:25.464339,0000,030256,0.024002,0.0008,0.1549
2026-08-11T12:23:27.257829,0000,030264,0.016355,-0.0000,0.1279
2026-08-11T12:23:29.086470,0000,030272,0.019240,-0.0002,0.1387
2026-08-11T12:23:31.028867,0000,030280,0.017027,0.0001,0.1305
2026-08-11T12:23:33.005140,0000,030288,0.048078,0.0012,0.2193
2026-08-11T12:23:34.731064,0000,030296,0.034814,0.0016,0.1866
2026-08-11T12:23:36.846774,0000,030304,0.025266,0.0012,0.1590
2026-08-11T12:23:38.558262,0000,030312,0.048225,0.0003,0.2196
2026-08-11T12:23:40.260366,0000,030320,0.044980,-0.0008,0.2121
2026-08-11T12:23:42.220180,0000,030328,0.060739,-0.0019,0.2465
2026-08-11T12:23:43.932128,0000,030336,0.054574,-0.0016,0.2336
2026-08-11T12:23:45.642186,0000,030344,0.024176,-0.0009,0.1555
2026-08-11T12:23:47.416989,0000,030352,0.095806,0.0002,0.3095
2026-08-11T12:23:49.191128,0000,030360,0.035492,0.0004,0.1884
2026-08-11T12:23:51.415871,0000,030368,0.042402,0.0005,0.2059
2026-08-11T12:23:53.138660,0000,030376,0.042421,-0.0006,0.2060
2026-08-11T12:23:55.070893,0000,030384,0.029794,-0.0007,0.1726
2026-08-11T12:23:56.769506,0000,030392,0.024230,-0.0001,0.1557
2026-08-11T12:23:58.667099,0000,030400,0.058779,0.0011,0.2424
2026-08-11T12:24:00.374402,0000,030408,0.034216,0.0012,0.1850
2026-08-11T12:24:02.139026,0000,030416,0.026779,0.0010,0.1636
2026-08-11T12:24:04.236268,0000,030424,0.021332,0.0004,0.1461
2026-08-11T12:24:05.987212,0000,030432,0.019317,-0.0010,0.1390
2026-08-11T12:24:07.767185,0000,030440,0.030417,-0.0016,0.1744
2026-08-11T12:24:09.485266,0000,030448,0.028973,-0.0015,0.1702
2026-08-11T12:24:11.438119,0000,030456,0.036176,-0.0014,0.1902
2026-08-11T12:24:13.253021,0000,030464,0.031622,0.0001,0.1778
2026-08-11T12:24:14.950049,0000,030472,0.018822,0.0005,0.1372
2026-08-11T12:24:16.672735,0000,030480,0.018834,0.0002,0.1372
2026-08-11T12:24:18.598804,0000,030488,0.024044,-0.0005,0.1551
2026-08-11T12:24:20.327213,0000,030496,0.032882,-0.0005,0.1813
2026-08-11T12:24:22.043266,0000,030504,0.021067,-0.0001,0.1451
2026-08-11T12:24:24.121777,0000,030512,0.062052,0.0007,0.2491
2026-08-11T12:24:25.839096,0000,030520,0.027956,0.0012,0.1672
2026-08-11T12:24:27.666172,0000,030528,0.045597,0.0009,0.2135
2026-08-11T12:24:29.629135,0000,030536,0.048537,0.0002,0.2203
2026-08-11T12:24:31.646156,0000,030544,0.116398,-0.0012,0.3412
2026-08-11T12:24:33.742335,0000,030552,0.048181,-0.0018,0.2195
2026-08-11T12:24:35.476352,0000,030560,0.046821,-0.0017,0.2164
2026-08-11T12:24:37.428240,0000,030568,0.031295,-0.0012,0.1769
2026-08-11T12:24:39.149148,0000,030576,0.035093,-0.0000,0.1873
2026-08-11T12:24:40.877191,0000,030584,0.230252,0.0015,0.4798
2026-08-11T12:24:42.659035,0000,030592,0.075775,0.0024,0.2753
2026-08-11T12:24:44.379179,0000,030600,0.063765,0.0025,0.2525
2026-08-11T12:24:46.110158,0000,030608,0.050083,0.0022,0.2238
2026-08-11T12:24:47.991221,0000,030616,0.059397,0.0011,0.2437
2026-08-11T12:24:49.802700,0000,030624,0.027617,-0.0003,0.1662
2026-08-11T12:24:51.607768,0000,030632,0.022465,-0.0008,0.1499
2026-08-11T12:24:53.480252,0000,030640,1.573390,-0.0019,1.2543
2026-08-11T12:24:55.262938,0000,030648,0.016411,-0.0002,0.1281
2026-08-11T12:24:57.195933,0000,030656,0.045061,0.0004,0.2123
2026-08-11T12:24:58.933960,0000,030664,0.022591,0.0010,0.1503
2026-08-11T12:25:00.650010,0000,030672,0.036128,0.0008,0.1901
2026-08-11T12:25:02.360261,0000,030680,0.015693,0.0000,0.1253
2026-08-11T12:25:04.318355,0000,030688,0.070819,-0.0018,0.2661
2026-08-11T12:25:06.110666,0000,030696,0.046062,-0.0019,0.2146
2026-08-11T12:25:07.934030,0000,030704,0.038157,-0.0018,0.1953
2026-08-11T12:25:09.637982,0000,030712,0.037334,-0.0012,0.1932
2026-08-11T12:25:11.434378,0000,030720,0.038119,-0.0002,0.1952
2026-08-11T12:25:13.188181,0000,030728,0.060280,0.0014,0.2455
2026-08-11T12:25:14.999141,0000,030736,0.051967,0.0025,0.2280
2026-08-11T12:25:16.844058,0000,030744,0.072125,0.0027,0.2686
2026-08-11T12:25:18.707059,0000,030752,0.062855,0.0022,0.2507
2026-08-11T12:25:20.636411,0000,030760,0.062042,0.0011,0.2491
2026-08-11T12:25:22.500274,0000,030768,0.020000,-0.0002,0.1414
2026-08-11T12:25:24.202886,0000,030776,0.055266,-0.0008,0.2351
2026-08-11T12:25:25.910685,0000,030784,0.031340,-0.0010,0.1770
2026-08-11T12:25:27.794012,0000,030792,0.059221,-0.0006,0.2434
2026-08-11T12:25:29.734729,0000,030800,0.056337,0.0006,0.2374
2026-08-11T12:25:31.511036,0000,030808,0.024174,0.0010,0.1555
2026-08-11T12:25:33.239432,0000,030816,0.086308,0.0006,0.2938
2026-08-11T12:25:34.962186,0000,030824,0.019051,-0.0001,0.1380
2026-08-11T12:25:36.722989,0000,030832,0.039770,-0.0002,0.1994
2026-08-11T12:25:38.450184,0000,030840,0.016045,0.0003,0.1267
2026-08-11T12:25:40.359787,0000,030848,0.020662,0.0002,0.1437
2026-08-11T12:25:42.347206,0000,030856,0.018489,-0.0006,0.1360
2026-08-11T12:25:44.053068,0000,030864,0.024208,-0.0006,0.1556
2026-08-11T12:25:45.748923,0000,030872,0.013557,-0.0002,0.1164
2026-08-11T12:25:47.720639,0000,030880,0.054988,0.0010,0.2345
2026-08-11T12:25:49.603242,0000,030888,0.033659,0.0013,0.1835
2026-08-11T12:25:51.345275,0000,030896,0.034523,0.0009,0.1858
2026-08-11T12:25:53.157769,0000,030904,0.059621,-0.0001,0.2442
2026-08-11T12:25:54.912979,0000,030912,0.015201,0.0001,0.1233
2026-08-11T12:25:56.645075,0000,030920,0.045357,-0.0009,0.2130
2026-08-11T12:25:58.375947,0000,030928,0.017170,-0.0008,0.1310
2026-08-11T12:26:00.206119,0000,030936,0.026282,-0.0003,0.1621
2026-08-11T12:26:02.060888,0000,030944,0.023376,0.0008,0.1529
2026-08-11T12:26:03.989008,0000,030952,0.046642,0.0010,0.2160
2026-08-11T12:26:05.700637,0000,030960,0.033327,0.0007,0.1826
2026-08-11T12:26:07.655416,0000,030968,0.016093,-0.0000,0.1269
2026-08-11T12:26:09.769380,0000,030976,0.037672,-0.0003,0.1941
2026-08-11T12:26:11.513756,0000,030984,0.056668,0.0002,0.2380
2026-08-11T12:26:13.216740,0000,030992,0.024195,0.0002,0.1555
2026-08-11T12:26:14.970081,0000,031000,0.050281,-0.0006,0.2242
2026-08-11T12:26:16.673682,0000,031008,0.019350,-0.0006,0.1391
2026-08-11T12:26:18.620940,0000,031016,0.027718,-0.0003,0.1665
2026-08-11T12:26:20.431885,0000,031024,0.036412,0.0008,0.1908
2026-08-11T12:26:22.161043,0000,031032,0.032857,0.0011,0.1813
2026-08-11T12:26:23.880923,0000,031040,0.040482,0.0008,0.2012
2026-08-11T12:26:25.920880,0000,031048,0.025464,-0.0000,0.1596
2026-08-11T12:26:27.737062,0000,031056,0.042099,-0.0002,0.2052
2026-08-11T12:26:29.593444,0000,031064,0.041002,0.0004,0.2025
2026-08-11T12:26:31.304990,0000,031072,0.033928,0.0001,0.1842
2026-08-11T12:26:33.035346,0000,031080,1.575546,-0.0015,1.2552
2026-08-11T12:26:34.879525,0000,031088,0.022482,-0.0006,0.1499
2026-08-11T12:26:36.773751,0000,031096,0.037084,-0.0002,0.1926
2026-08-11T12:26:38.801860,0000,031104,0.039796,0.0009,0.1995
2026-08-11T12:26:40.497292,0000,031112,0.020985,0.0011,0.1449
2026-08-11T12:26:42.382866,0000,031120,0.044552,0.0008,0.2111
2026-08-11T12:26:44.777435,0000,031128,0.078110,-0.0002,0.2795
2026-08-11T12:26:46.568361,0000,031136,0.027233,-0.0000,0.1650
2026-08-11T12:26:48.668899,0000,031144,0.063792,0.0002,0.2526
2026-08-11T12:26:50.389056,0000,031152,0.020878,0.0001,0.1445
2026-08-11T12:26:52.087316,0000,031160,0.013577,-0.0006,0.1165
2026-08-11T12:26:53.819230,0000,031168,0.047419,-0.0008,0.2178
2026-08-11T12:26:55.568301,0000,031176,0.033925,-0.0002,0.1842
2026-08-11T12:26:57.539171,0000,031184,0.038392,0.0009,0.1959
2026-08-11T12:26:59.428813,0000,031192,0.061962,0.0011,0.2489
2026-08-11T12:27:01.160796,0000,031200,0.028749,0.0009,0.1696
2026-08-11T12:27:02.888771,0000,031208,0.108586,0.0000,0.3295
2026-08-11T12:27:04.638878,0000,031216,0.071327,-0.0013,0.2671
2026-08-11T12:27:06.344776,0000,031224,0.034199,-0.0018,0.1849
2026-08-11T12:27:08.269324,0000,031232,0.034863,-0.0018,0.1867
2026-08-11T12:27:09.970735,0000,031240,0.026067,-0.0011,0.1615
2026-08-11T12:27:11.696585,0000,031248,0.041919,-0.0002,0.2047
2026-08-11T12:27:13.466231,0000,031256,0.030252,0.0015,0.1739
2026-08-11T12:27:15.249236,0000,031264,0.075527,0.0024,0.2748
2026-08-11T12:27:16.963969,0000,031272,0.055280,0.0024,0.2351
2026-08-11T12:27:18.798675,0000,031280,0.045801,0.0021,0.2140
2026-08-11T12:27:20.523778,0000,031288,0.039579,0.0011,0.1989
2026-08-11T12:27:22.232041,0000,031296,0.023361,-0.0002,0.1528
2026-08-11T12:27:23.964678,0000,031304,0.039900,-0.0011,0.1997
2026-08-11T12:27:25.830827,0000,031312,0.033970,-0.0011,0.1843
2026-08-11T12:27:27.688559,0000,031320,0.031043,-0.0006,0.1762
2026-08-11T12:27:29.518513,0000,031328,0.019168,0.0006,0.1384
2026-08-11T12:27:31.327789,0000,031336,0.024862,0.0008,0.1577
2026-08-11T12:27:33.226314,0000,031344,0.045391,0.0008,0.2131
2026-08-11T12:27:34.939316,0000,031352,0.011235,-0.0000,0.1060
2026-08-11T12:27:36.635537,0000,031360,0.010860,-0.0002,0.1042
2026-08-11T12:27:38.684515,0000,031368,0.031315,0.0003,0.1770
2026-08-11T12:27:40.469087,0000,031376,1.573707,-0.0009,1.2545
2026-08-11T12:27:42.656330,0000,031384,0.029334,0.0005,0.1713
2026-08-11T12:27:44.590431,0000,031392,0.050594,0.0002,0.2249
2026-08-11T12:27:46.459406,0000,031400,0.091610,-0.0006,0.3027
2026-08-11T12:27:48.194280,0000,031408,0.011962,-0.0005,0.1094
2026-08-11T12:27:50.056253,0000,031416,0.030848,-0.0002,0.1756
2026-08-11T12:27:52.007886,0000,031424,0.017582,0.0009,0.1326
2026-08-11T12:27:53.817834,0000,031432,0.030597,0.0012,0.1749
2026-08-11T12:27:55.529748,0000,031440,0.017011,0.0009,0.1304
2026-08-11T12:27:57.241693,0000,031448,0.034305,0.0001,0.1852
2026-08-11T12:27:58.970480,0000,031456,0.060887,-0.0010,0.2468
2026-08-11T12:28:00.797611,0000,031464,0.043209,-0.0018,0.2079
2026-08-11T12:28:02.815150,0000,031472,0.041440,-0.0020,0.2036
2026-08-11T12:28:04.962785,0000,031480,0.056519,-0.0016,0.2377
2026-08-11T12:28:06.692704,0000,031488,0.012258,-0.0000,0.1107
2026-08-11T12:28:08.801999,0000,031496,0.036138,0.0015,0.1901
2026-08-11T12:28:10.680612,0000,031504,0.070635,0.0023,0.2658
2026-08-11T12:28:12.640475,0000,031512,1.649449,0.0018,1.2843
2026-08-11T12:28:14.450889,0000,031520,0.080233,0.0022,0.2833
2026-08-11T12:28:16.153306,0000,031528,0.023412,0.0012,0.1530
2026-08-11T12:28:17.890393,0000,031536,0.020605,-0.0002,0.1435
2026-08-11T12:28:19.745406,0000,031544,0.027415,-0.0009,0.1656
2026-08-11T12:28:21.674164,0000,031552,0.026110,-0.0010,0.1616
2026-08-11T12:28:23.390650,0000,031560,0.019222,-0.0004,0.1386
2026-08-11T12:28:25.141759,0000,031568,0.017009,0.0006,0.1304
2026-08-11T12:28:26.949846,0000,031576,0.026738,0.0010,0.1635
2026-08-11T12:28:28.996262,0000,031584,0.029974,0.0007,0.1731
2026-08-11T12:28:30.708149,0000,031592,0.042119,-0.0002,0.2052
2026-08-11T12:28:32.419581,0000,031600,0.028773,-0.0002,0.1696
2026-08-11T12:28:34.141223,0000,031608,0.021194,0.0003,0.1456
2026-08-11T12:28:35.930587,0000,031616,0.017001,0.0001,0.1304
2026-08-11T12:28:37.670709,0000,031624,0.020598,-0.0006,0.1435
2026-08-11T12:28:39.408221,0000,031632,0.030808,-0.0009,0.1755
2026-08-11T12:28:41.117905,0000,031640,0.032432,-0.0003,0.1801
2026-08-11T12:28:42.869390,0000,031648,0.026793,0.0008,0.1637
2026-08-11T12:28:44.948132,0000,031656,0.064113,0.0016,0.2532
2026-08-11T12:28:46.695684,0000,031664,0.062508,0.0008,0.2500
2026-08-11T12:28:48.414444,0000,031672,0.031562,0.0001,0.1777
2026-08-11T12:28:50.194166,0000,031680,0.054459,-0.0013,0.2334
2026-08-11T12:28:52.165409,0000,031688,0.066055,-0.0019,0.2570
2026-08-11T12:28:53.879517,0000,031696,0.239304,-0.0018,0.4892
2026-08-11T12:28:55.611775,0000,031704,0.021267,-0.0011,0.1458
2026-08-11T12:28:57.572552,0000,031712,0.030171,-0.0000,0.1737
2026-08-11T12:28:59.288188,0000,031720,0.036167,0.0013,0.1902
2026-08-11T12:29:01.029453,0000,031728,0.044048,0.0023,0.2099
2026-08-11T12:29:02.734004,0000,031736,0.084993,0.0024,0.2915
2026-08-11T12:29:04.429320,0000,031744,0.066057,0.0019,0.2570
2026-08-11T12:29:06.247671,0000,031752,0.035702,0.0013,0.1889
2026-08-11T12:29:07.986006,0000,031760,0.035449,-0.0002,0.1883
2026-08-11T12:29:09.709388,0000,031768,0.038988,-0.0009,0.1975
2026-08-11T12:29:11.466483,0000,031776,0.031028,-0.0010,0.1761
2026-08-11T12:29:13.173409,0000,031784,0.012654,-0.0004,0.1125
2026-08-11T12:29:15.001290,0000,031792,0.017655,0.0006,0.1329
2026-08-11T12:29:17.205745,0000,031800,0.055976,0.0011,0.2366
2026-08-11T12:29:19.018145,0000,031808,0.035276,0.0007,0.1878
2026-08-11T12:29:20.845794,0000,031816,0.070868,-0.0002,0.2662
2026-08-11T12:29:22.580352,0000,031824,0.097948,-0.0002,0.3130
2026-08-11T12:29:24.367661,0000,031832,0.022650,0.0003,0.1505
2026-08-11T12:29:26.071137,0000,031840,0.019547,0.0001,0.1398
2026-08-11T12:29:27.797045,0000,031848,0.037251,-0.0006,0.1930
2026-08-11T12:29:29.624950,0000,031856,0.030946,-0.0007,0.1759
2026-08-11T12:29:31.541408,0000,031864,0.051312,-0.0003,0.2265
2026-08-11T12:29:33.451368,0000,031872,0.030565,0.0008,0.1748
2026-08-11T12:29:35.221284,0000,031880,0.050359,0.0011,0.2244
2026-08-11T12:29:36.948735,0000,031888,0.030643,0.0008,0.1751
2026-08-11T12:29:38.919303,0000,031896,0.016427,0.0001,0.1282
2026-08-11T12:29:40.637821,0000,031904,0.040443,-0.0011,0.2011
2026-08-11T12:29:42.410231,0000,031912,0.036126,-0.0017,0.1901
2026-08-11T12:29:44.118026,0000,031920,0.042833,-0.0016,0.2070
2026-08-11T12:29:45.901511,0000,031928,0.039598,-0.0012,0.1990
2026-08-11T12:29:47.600943,0000,031936,0.012279,0.0000,0.1108
2026-08-11T12:29:49.296375,0000,031944,0.042519,0.0003,0.2062
2026-08-11T12:29:51.063131,0000,031952,0.028509,0.0001,0.1688
2026-08-11T12:29:52.977628,0000,031960,0.034166,-0.0006,0.1848
2026-08-11T12:29:54.746465,0000,031968,0.033053,-0.0005,0.1818
2026-08-11T12:29:56.574695,0000,031976,0.016061,-0.0000,0.1267
2026-08-11T12:29:58.335309,0000,031984,0.029476,0.0009,0.1717
2026-08-11T12:30:00.093419,0000,031992,0.033218,0.0012,0.1823
2026-08-11T12:30:02.161184,0000,032000,0.034093,0.0013,0.1846
2026-08-11T12:30:04.106109,0000,032008,0.076974,-0.0002,0.2774
2026-08-11T12:30:05.837230,0000,032016,0.014874,0.0001,0.1220
2026-08-11T12:30:07.536072,0000,032024,0.018540,-0.0007,0.1362
2026-08-11T12:30:09.316578,0000,032032,0.060904,-0.0010,0.2468
2026-08-11T12:30:11.278999,0000,032040,0.015597,-0.0003,0.1249
2026-08-11T12:30:13.126123,0000,032048,0.056065,0.0005,0.2368
2026-08-11T12:30:15.053701,0000,032056,0.061314,0.0009,0.2476
2026-08-11T12:30:16.798266,0000,032064,0.025478,0.0008,0.1596
2026-08-11T12:30:18.631530,0000,032072,0.016438,0.0000,0.1282
2026-08-11T12:30:20.427468,0000,032080,0.069501,-0.0015,0.2636
2026-08-11T12:30:22.125733,0000,032088,1.593473,-0.0028,1.2623
2026-08-11T12:30:24.280793,0000,032096,0.048959,-0.0021,0.2213
2026-08-11T12:30:26.316929,0000,032104,0.059073,-0.0014,0.2430
2026-08-11T12:30:28.133455,0000,032112,0.014032,-0.0000,0.1185
2026-08-11T12:30:29.876012,0000,032120,0.027150,0.0002,0.1648
2026-08-11T12:30:31.721854,0000,032128,0.095121,0.0001,0.3084
2026-08-11T12:30:33.539167,0000,032136,0.022352,-0.0007,0.1495
2026-08-11T12:30:35.436819,0000,032144,0.032126,-0.0008,0.1792
2026-08-11T12:30:37.271298,0000,032152,0.032749,-0.0002,0.1810
2026-08-11T12:30:38.999261,0000,032160,0.019390,0.0008,0.1392
2026-08-11T12:30:40.763295,0000,032168,0.023281,0.0012,0.1526
2026-08-11T12:30:42.585334,0000,032176,0.032654,0.0008,0.1807
2026-08-11T12:30:44.325628,0000,032184,0.026451,0.0001,0.1626
2026-08-11T12:30:46.144617,0000,032192,1.578431,-0.0021,1.2564
2026-08-11T12:30:47.953378,0000,032200,0.052219,-0.0018,0.2285
2026-08-11T12:30:49.646864,0000,032208,0.038969,-0.0017,0.1974
2026-08-11T12:30:51.349753,0000,032216,0.022957,-0.0010,0.1515
2026-08-11T12:30:53.093741,0000,032224,0.239251,-0.0001,0.4891
2026-08-11T12:30:54.814454,0000,032232,0.234508,0.0014,0.4843
2026-08-11T12:30:56.711156,0000,032240,0.073799,0.0025,0.2717
2026-08-11T12:30:58.423134,0000,032248,0.053072,0.0024,0.2304
2026-08-11T12:31:00.272030,0000,032256,0.057810,0.0022,0.2404
2026-08-11T12:31:02.155947,0000,032264,0.017234,0.0013,0.1313
2026-08-11T12:31:03.868981,0000,032272,0.029999,-0.0002,0.1732
2026-08-11T12:31:05.568951,0000,032280,0.017941,-0.0007,0.1339
2026-08-11T12:31:07.338290,0000,032288,0.025307,-0.0008,0.1591
2026-08-11T12:31:09.447257,0000,032296,0.073656,-0.0007,0.2714
2026-08-11T12:31:11.308251,0000,032304,0.073276,0.0004,0.2707
2026-08-11T12:31:13.037016,0000,032312,0.025852,0.0010,0.1608
2026-08-11T12:31:14.778960,0000,032320,0.038186,0.0008,0.1954
2026-08-11T12:31:16.585996,0000,032328,0.035956,-0.0002,0.1896
2026-08-11T12:31:18.362163,0000,032336,0.034664,-0.0002,0.1862
2026-08-11T12:31:20.083327,0000,032344,0.033245,0.0003,0.1823
2026-08-11T12:31:22.037980,0000,032352,0.052426,-0.0001,0.2290
2026-08-11T12:31:24.097284,0000,032360,0.043996,0.0006,0.2098
2026-08-11T12:31:25.936353,0000,032368,0.028103,0.0002,0.1676
2026-08-11T12:31:27.639235,0000,032376,0.022972,-0.0004,0.1516
2026-08-11T12:31:29.576277,0000,032384,0.014348,-0.0006,0.1198
2026-08-11T12:31:31.512865,0000,032392,0.020382,-0.0001,0.1428
2026-08-11T12:31:33.554055,0000,032400,0.014715,0.0010,0.1213
2026-08-11T12:31:35.252123,0000,032408,0.021127,0.0012,0.1454
2026-08-11T12:31:36.966657,0000,032416,0.024450,0.0008,0.1564
2026-08-11T12:31:38.724263,0000,032424,0.024270,0.0003,0.1558
2026-08-11T12:31:40.476132,0000,032432,0.050562,-0.0011,0.2249
2026-08-11T12:31:42.179224,0000,032440,0.034501,-0.0016,0.1857
2026-08-11T12:31:44.064198,0000,032448,0.069417,-0.0018,0.2635
2026-08-11T12:31:45.840905,0000,032456,0.057975,-0.0011,0.2408
2026-08-11T12:31:47.771892,0000,032464,0.009683,-0.0001,0.0984
2026-08-11T12:31:49.489228,0000,032472,0.034676,0.0015,0.1862
2026-08-11T12:31:51.319297,0000,032480,0.053343,0.0025,0.2310
2026-08-11T12:31:53.113395,0000,032488,0.059120,0.0026,0.2431
2026-08-11T12:31:54.927584,0000,032496,0.048154,0.0022,0.2194
2026-08-11T12:31:56.665577,0000,032504,0.044652,0.0011,0.2113
2026-08-11T12:31:58.481119,0000,032512,0.035398,-0.0001,0.1881
2026-08-11T12:32:00.295027,0000,032520,0.017178,-0.0008,0.1311
2026-08-11T12:32:02.306003,0000,032528,0.061626,-0.0012,0.2482
2026-08-11T12:32:04.103459,0000,032536,0.040482,-0.0005,0.2012
2026-08-11T12:32:06.008153,0000,032544,0.052866,0.0006,0.2299
2026-08-11T12:32:08.077112,0000,032552,0.033916,0.0010,0.1842
2026-08-11T12:32:09.817380,0000,032560,0.049101,0.0007,0.2216
2026-08-11T12:32:11.544038,0000,032568,1.566388,-0.0010,1.2516
2026-08-11T12:32:13.420445,0000,032576,0.067718,-0.0006,0.2602
2026-08-11T12:32:15.186038,0000,032584,0.036146,0.0003,0.1901
2026-08-11T12:32:17.137319,0000,032592,0.021807,0.0001,0.1477
2026-08-11T12:32:19.012665,0000,032600,0.039675,-0.0007,0.1992
2026-08-11T12:32:20.752042,0000,032608,0.016148,-0.0007,0.1271
2026-08-11T12:32:22.748052,0000,032616,0.014933,-0.0003,0.1222
2026-08-11T12:32:24.477040,0000,032624,0.036450,0.0007,0.1909
2026-08-11T12:32:26.254299,0000,032632,0.036019,0.0011,0.1898
2026-08-11T12:32:28.106532,0000,032640,0.031862,0.0010,0.1785
2026-08-11T12:32:29.820497,0000,032648,0.094338,-0.0000,0.3071
2026-08-11T12:32:31.670889,0000,032656,0.020868,-0.0000,0.1445
2026-08-11T12:32:33.459688,0000,032664,0.023990,0.0004,0.1549
2026-08-11T12:32:35.175115,0000,032672,0.017707,0.0002,0.1331
2026-08-11T12:32:36.884816,0000,032680,0.044307,-0.0006,0.2105
2026-08-11T12:32:38.601016,0000,032688,0.018398,-0.0006,0.1356
2026-08-11T12:32:40.337800,0000,032696,0.022666,-0.0002,0.1506
2026-08-11T12:32:42.046278,0000,032704,0.043812,0.0008,0.2093
2026-08-11T12:32:43.781947,0000,032712,0.037386,0.0012,0.1934
2026-08-11T12:32:45.871063,0000,032720,0.027429,0.0011,0.1656
2026-08-11T12:32:47.591223,0000,032728,0.031900,0.0001,0.1786
2026-08-11T12:32:49.343420,0000,032736,0.023066,-0.0011,0.1519
2026-08-11T12:32:51.061009,0000,032744,0.039211,-0.0017,0.1980
2026-08-11T12:32:52.870290,0000,032752,0.035263,-0.0017,0.1878
2026-08-11T12:32:54.678629,0000,032760,0.021980,-0.0011,0.1483
2026-08-11T12:32:56.451811,0000,032768,0.027434,0.0000,0.1656
2026-08-11T12:32:58.205042,0000,032776,0.049688,0.0004,0.2229
2026-08-11T12:33:00.137319,0000,032784,0.091044,0.0000,0.3017
2026-08-11T12:33:02.168050,0000,032792,0.042340,-0.0006,0.2058
2026-08-11T12:33:03.919044,0000,032800,0.106359,-0.0005,0.3261
2026-08-11T12:33:05.702506,0000,032808,0.016719,-0.0000,0.1293
2026-08-11T12:33:07.428833,0000,032816,0.029327,0.0010,0.1713
2026-08-11T12:33:09.140071,0000,032824,0.043495,0.0011,0.2086
2026-08-11T12:33:10.887357,0000,032832,0.106627,0.0009,0.3265
2026-08-11T12:33:12.600047,0000,032840,0.028546,0.0003,0.1690
2026-08-11T12:33:14.337465,0000,032848,0.016061,-0.0010,0.1267
2026-08-11T12:33:16.274792,0000,032856,0.056187,-0.0018,0.2370
2026-08-11T12:33:18.017554,0000,032864,0.099323,-0.0015,0.3152
2026-08-11T12:33:19.762037,0000,032872,0.029207,-0.0010,0.1709
2026-08-11T12:33:21.498055,0000,032880,0.049477,0.0001,0.2224
2026-08-11T12:33:23.423786,0000,032888,0.029644,0.0006,0.1722
2026-08-11T12:33:25.204488,0000,032896,0.254431,0.0001,0.5044
2026-08-11T12:33:26.897986,0000,032904,0.015965,-0.0004,0.1264
2026-08-11T12:33:28.802643,0000,032912,0.025919,-0.0006,0.1610
2026-08-11T12:33:30.512519,0000,032920,0.031078,-0.0001,0.1763
2026-08-11T12:33:32.271179,0000,032928,0.025614,0.0009,0.1600
2026-08-11T12:33:34.077786,0000,032936,0.048415,0.0011,0.2200
2026-08-11T12:33:35.894631,0000,032944,0.028161,0.0009,0.1678
2026-08-11T12:33:37.749830,0000,032952,0.039700,0.0002,0.1992
2026-08-11T12:33:39.449906,0000,032960,0.040834,-0.0011,0.2021
2026-08-11T12:33:41.153696,0000,032968,0.044292,-0.0015,0.2105
2026-08-11T12:33:42.969974,0000,032976,0.092965,-0.0016,0.3049
2026-08-11T12:33:44.789871,0000,032984,0.043897,-0.0011,0.2095
2026-08-11T12:33:46.585940,0000,032992,0.045919,0.0000,0.2143
2026-08-11T12:33:48.309666,0000,033000,0.034323,0.0004,0.1853
2026-08-11T12:33:50.003813,0000,033008,0.022719,0.0002,0.1507
2026-08-11T12:33:51.723528,0000,033016,0.116001,-0.0005,0.3406
2026-08-11T12:33:53.543851,0000,033024,0.029924,-0.0006,0.1730
2026-08-11T12:33:55.297767,0000,033032,0.021764,-0.0001,0.1475
2026-08-11T12:33:57.114818,0000,033040,0.070603,0.0007,0.2657
2026-08-11T12:33:58.811710,0000,033048,0.032576,0.0012,0.1805
2026-08-11T12:34:00.880995,0000,033056,0.031555,0.0010,0.1776
2026-08-11T12:34:02.996896,0000,033064,0.039901,0.0002,0.1998
2026-08-11T12:34:04.978798,0000,033072,0.041903,-0.0013,0.2047
2026-08-11T12:34:06.965681,0000,033080,0.114351,-0.0022,0.3382
2026-08-11T12:34:08.711572,0000,033088,1.579716,-0.0026,1.2569
2026-08-11T12:34:10.419708,0000,033096,0.024609,-0.0010,0.1569
2026-08-11T12:34:12.138982,0000,033104,0.016498,-0.0001,0.1284
2026-08-11T12:34:14.124541,0000,033112,0.078600,0.0015,0.2804
2026-08-11T12:34:15.926681,0000,033120,0.051934,0.0026,0.2279
2026-08-11T12:34:17.689795,0000,033128,0.066018,0.0025,0.2569
2026-08-11T12:34:19.386448,0000,033136,0.047597,0.0020,0.2182
2026-08-11T12:34:21.089719,0000,033144,0.024732,0.0012,0.1573
2026-08-11T12:34:22.793564,0000,033152,0.038081,-0.0001,0.1951
2026-08-11T12:34:24.515664,0000,033160,0.038206,-0.0007,0.1955
2026-08-11T12:34:26.224670,0000,033168,1.593577,-0.0018,1.2624
2026-08-11T12:34:27.921464,0000,033176,0.018737,-0.0003,0.1369
2026-08-11T12:34:29.866315,0000,033184,0.092408,0.0008,0.3040
2026-08-11T12:34:31.626059,0000,033192,0.018974,0.0011,0.1377
2026-08-11T12:34:33.393762,0000,033200,0.016616,0.0009,0.1289
2026-08-11T12:34:35.108031,0000,033208,0.019483,-0.0000,0.1396
2026-08-11T12:34:36.828715,0000,033216,0.034447,-0.0000,0.1856
2026-08-11T12:34:38.969211,0000,033224,0.031574,0.0002,0.1777
2026-08-11T12:34:40.722017,0000,033232,0.045788,0.0001,0.2140
2026-08-11T12:34:42.678273,0000,033240,0.071403,-0.0009,0.2672
2026-08-11T12:34:44.378336,0000,033248,0.019474,-0.0005,0.1395
2026-08-11T12:34:46.105546,0000,033256,0.021677,-0.0002,0.1472
2026-08-11T12:34:47.963395,0000,033264,0.029616,0.0008,0.1721
2026-08-11T12:34:49.919474,0000,033272,0.043158,0.0013,0.2077
2026-08-11T12:34:51.650857,0000,033280,0.079500,0.0009,0.2820
2026-08-11T12:34:53.760640,0000,033288,0.045239,0.0001,0.2127
2026-08-11T12:34:55.914743,0000,033296,0.060848,-0.0014,0.2467
2026-08-11T12:34:57.659327,0000,033304,0.024497,-0.0016,0.1565
2026-08-11T12:34:59.512331,0000,033312,0.079699,-0.0017,0.2823
2026-08-11T12:35:01.285863,0000,033320,0.071573,-0.0012,0.2675
2026-08-11T12:35:02.981506,0000,033328,0.029226,0.0001,0.1710
2026-08-11T12:35:04.723204,0000,033336,0.032399,0.0004,0.1800
2026-08-11T12:35:06.520439,0000,033344,0.055947,0.0001,0.2365
2026-08-11T12:35:08.229620,0000,033352,0.021745,-0.0004,0.1475
2026-08-11T12:35:10.127999,0000,033360,0.011734,-0.0004,0.1083
2026-08-11T12:35:11.820338,0000,033368,0.025774,-0.0000,0.1605
2026-08-11T12:35:13.708901,0000,033376,0.047277,0.0011,0.2174
2026-08-11T12:35:15.425438,0000,033384,0.020118,0.0012,0.1418
2026-08-11T12:35:17.304370,0000,033392,0.030686,0.0009,0.1752
2026-08-11T12:35:19.333546,0000,033400,0.021760,0.0004,0.1475
2026-08-11T12:35:21.098546,0000,033408,0.033447,-0.0010,0.1829
2026-08-11T12:35:22.842170,0000,033416,0.041886,-0.0016,0.2047
2026-08-11T12:35:24.657469,0000,033424,0.045053,-0.0017,0.2123
2026-08-11T12:35:26.426896,0000,033432,0.042446,-0.0011,0.2060
2026-08-11T12:35:28.145445,0000,033440,0.021141,0.0000,0.1454
2026-08-11T12:35:29.938863,0000,033448,0.018700,0.0005,0.1367
2026-08-11T12:35:31.744419,0000,033456,0.020622,0.0004,0.1436
2026-08-11T12:35:33.449507,0000,033464,0.026159,-0.0005,0.1617
2026-08-11T12:35:35.402097,0000,033472,0.046421,-0.0008,0.2155
2026-08-11T12:35:37.234199,0000,033480,0.059168,-0.0003,0.2432
2026-08-11T12:35:39.020404,0000,033488,0.043382,0.0010,0.2083
2026-08-11T12:35:40.886372,0000,033496,0.040612,0.0012,0.2015
2026-08-11T12:35:42.610577,0000,033504,0.020201,0.0010,0.1421
2026-08-11T12:35:44.383484,0000,033512,0.010907,0.0003,0.1044
2026-08-11T12:35:46.181103,0000,033520,0.050828,-0.0010,0.2255
2026-08-11T12:35:48.048050,0000,033528,0.055280,-0.0018,0.2351
2026-08-11T12:35:49.930508,0000,033536,0.026328,-0.0016,0.1623
2026-08-11T12:35:51.949597,0000,033544,0.019923,-0.0010,0.1411
2026-08-11T12:35:53.684247,0000,033552,0.017870,0.0001,0.1337
2026-08-11T12:35:55.931497,0000,033560,0.025158,0.0005,0.1586
2026-08-11T12:35:57.765238,0000,033568,0.041770,0.0003,0.2044
2026-08-11T12:35:59.959324,0000,033576,0.069758,-0.0007,0.2641
2026-08-11T12:36:01.685347,0000,033584,0.016571,-0.0004,0.1287
2026-08-11T12:36:03.648971,0000,033592,0.009370,-0.0000,0.0968
2026-08-11T12:36:05.348275,0000,033600,0.037184,0.0009,0.1928
2026-08-11T12:36:07.038424,0000,033608,0.030410,0.0012,0.1744
2026-08-11T12:36:09.029138,0000,033616,0.046437,0.0011,0.2155
2026-08-11T12:36:10.780952,0000,033624,0.048059,0.0001,0.2192
2026-08-11T12:36:12.497498,0000,033632,0.029574,-0.0010,0.1720
2026-08-11T12:36:14.338482,0000,033640,0.031750,-0.0015,0.1782
2026-08-11T12:36:16.026404,0000,033648,0.222277,-0.0017,0.4715
2026-08-11T12:36:17.924686,0000,033656,0.020532,-0.0009,0.1433
2026-08-11T12:36:19.625379,0000,033664,0.017747,0.0001,0.1332
2026-08-11T12:36:21.670468,0000,033672,0.026275,0.0006,0.1621
2026-08-11T12:36:23.481688,0000,033680,0.033168,0.0003,0.1821
2026-08-11T12:36:25.277436,0000,033688,0.015272,-0.0004,0.1236
2026-08-11T12:36:27.019861,0000,033696,0.034403,-0.0006,0.1855
2026-08-11T12:36:28.766486,0000,033704,0.209419,-0.0003,0.4576
2026-08-11T12:36:30.688317,0000,033712,0.034463,0.0011,0.1856
2026-08-11T12:36:32.671285,0000,033720,0.038181,0.0016,0.1954
2026-08-11T12:36:34.432918,0000,033728,0.018263,0.0009,0.1351
2026-08-11T12:36:36.315235,0000,033736,0.024548,0.0003,0.1567
2026-08-11T12:36:38.099053,0000,033744,0.039383,-0.0010,0.1985
2026-08-11T12:36:40.069862,0000,033752,0.048616,-0.0020,0.2205
2026-08-11T12:36:41.799295,0000,033760,0.031737,-0.0014,0.1781
2026-08-11T12:36:43.637499,0000,033768,0.016989,-0.0010,0.1303
2026-08-11T12:36:45.362342,0000,033776,0.040032,0.0000,0.2001
2026-08-11T12:36:47.205951,0000,033784,0.053171,0.0003,0.2306
2026-08-11T12:36:49.095049,0000,033792,0.012054,0.0003,0.1098
2026-08-11T12:36:50.792949,0000,033800,0.015548,-0.0006,0.1247
2026-08-11T12:36:52.508237,0000,033808,0.015813,-0.0005,0.1258
2026-08-11T12:36:54.249101,0000,033816,1.565931,-0.0011,1.2514
2026-08-11T12:36:56.026596,0000,033824,0.039539,0.0008,0.1988
2026-08-11T12:36:58.092490,0000,033832,0.060714,0.0016,0.2464
2026-08-11T12:36:59.834257,0000,033840,1.589041,-0.0000,1.2606
2026-08-11T12:37:01.726371,0000,033848,0.031443,0.0003,0.1773
2026-08-11T12:37:03.505334,0000,033856,0.059134,-0.0010,0.2432
2026-08-11T12:37:05.583565,0000,033864,0.030768,-0.0015,0.1754
2026-08-11T12:37:07.800004,0000,033872,0.020890,-0.0014,0.1445
2026-08-11T12:37:09.785922,0000,033880,0.031799,-0.0009,0.1783
2026-08-11T12:37:12.118156,0000,033888,0.025904,0.0001,0.1609
2026-08-11T12:37:14.009651,0000,033896,0.032542,0.0004,0.1804
2026-08-11T12:37:15.905616,0000,033904,0.030577,0.0004,0.1749
2026-08-11T12:37:18.401299,0000,033912,0.041129,-0.0005,0.2028
2026-08-11T12:37:20.269756,0000,033920,0.024608,-0.0003,0.1569
2026-08-11T12:37:22.368323,0000,033928,0.035923,0.0002,0.1895
2026-08-11T12:37:24.168915,0000,033936,0.025435,-0.0000,0.1595
2026-08-11T12:37:26.289774,0000,033944,0.033626,0.0005,0.1834
2026-08-11T12:37:28.206085,0000,033952,0.022585,0.0002,0.1503
2026-08-11T12:37:30.306555,0000,033960,0.092005,-0.0005,0.3033
2026-08-11T12:37:32.507220,0000,033968,0.013719,-0.0003,0.1171
2026-08-11T12:37:34.365100,0000,033976,0.018134,-0.0000,0.1347
2026-08-11T12:37:36.349949,0000,033984,0.027044,0.0011,0.1645
2026-08-11T12:37:38.383120,0000,033992,0.034435,0.0014,0.1856
2026-08-11T12:37:40.674655,0000,034000,0.041117,0.0013,0.2028
2026-08-11T12:37:42.870519,0000,034008,0.016402,0.0003,0.1281
2026-08-11T12:37:45.267405,0000,034016,0.070183,-0.0010,0.2649
2026-08-11T12:37:47.606507,0000,034024,0.043749,-0.0018,0.2092
2026-08-11T12:37:49.530483,0000,034032,0.050805,-0.0013,0.2254
2026-08-11T12:37:51.465846,0000,034040,0.039642,-0.0010,0.1991
2026-08-11T12:37:53.545101,0000,034048,0.203781,0.0002,0.4514
2026-08-11T12:37:55.391264,0000,034056,0.032568,0.0007,0.1805
2026-08-11T12:37:57.282323,0000,034064,0.020028,0.0006,0.1415
2026-08-11T12:37:59.264471,0000,034072,0.022116,-0.0002,0.1487
2026-08-11T12:38:01.351110,0000,034080,0.024226,-0.0003,0.1556
2026-08-11T12:38:03.236414,0000,034088,0.026603,0.0002,0.1631
2026-08-11T12:38:05.131957,0000,034096,0.031390,0.0000,0.1772
2026-08-11T12:38:06.982648,0000,034104,0.042593,-0.0006,0.2064
2026-08-11T12:38:08.880977,0000,034112,0.031694,-0.0006,0.1780
2026-08-11T12:38:10.845081,0000,034120,0.037430,-0.0001,0.1935
2026-08-11T12:38:12.922795,0000,034128,0.030738,0.0008,0.1753
2026-08-11T12:38:14.884014,0000,034136,0.026455,0.0011,0.1626
2026-08-11T12:38:17.053391,0000,034144,0.095971,0.0007,0.3098
2026-08-11T12:38:19.371974,0000,034152,0.023043,0.0001,0.1518
2026-08-11T12:38:21.273340,0000,034160,0.026810,-0.0008,0.1637
2026-08-11T12:38:23.290202,0000,034168,0.056995,-0.0012,0.2387
2026-08-11T12:38:25.237894,0000,034176,0.040580,-0.0010,0.2014
2026-08-11T12:38:27.225087,0000,034184,0.037418,-0.0002,0.1934
2026-08-11T12:38:29.074627,0000,034192,0.029862,0.0008,0.1728
2026-08-11T12:38:31.666086,0000,034200,0.055143,0.0019,0.2348
2026-08-11T12:38:33.548213,0000,034208,0.028367,0.0012,0.1684
2026-08-11T12:38:35.413162,0000,034216,0.047155,0.0007,0.2172
2026-08-11T12:38:37.191068,0000,034224,0.062190,-0.0006,0.2494
2026-08-11T12:38:38.925118,0000,034232,0.043603,-0.0009,0.2088
2026-08-11T12:38:40.660676,0000,034240,0.023544,-0.0007,0.1534
2026-08-11T12:38:42.716602,0000,034248,0.070343,-0.0002,0.2652
2026-08-11T12:38:44.794293,0000,034256,0.032094,0.0012,0.1791
2026-08-11T12:38:46.812591,0000,034264,0.041204,0.0017,0.2030
2026-08-11T12:38:48.591677,0000,034272,0.044774,0.0014,0.2116
2026-08-11T12:38:50.787016,0000,034280,0.052060,0.0007,0.2282
2026-08-11T12:38:53.164356,0000,034288,0.039610,-0.0002,0.1990
2026-08-11T12:38:55.437188,0000,034296,0.014419,-0.0005,0.1201
2026-08-11T12:38:57.824602,0000,034304,0.055166,-0.0006,0.2349
2026-08-11T12:39:00.382002,0000,034312,0.020152,0.0004,0.1420
2026-08-11T12:39:02.259278,0000,034320,0.016977,0.0001,0.1303
2026-08-11T12:39:04.266437,0000,034328,0.018887,-0.0003,0.1374
2026-08-11T12:39:06.184369,0000,034336,0.026109,-0.0003,0.1616
2026-08-11T12:39:08.581714,0000,034344,0.039005,0.0007,0.1975
2026-08-11T12:39:10.737836,0000,034352,0.036588,0.0004,0.1913
2026-08-11T12:39:12.761371,0000,034360,0.019653,-0.0002,0.1402
2026-08-11T12:39:14.883547,0000,034368,0.109338,-0.0001,0.3307
2026-08-11T12:39:16.825750,0000,034376,0.017395,0.0006,0.1319
2026-08-11T12:39:18.959075,0000,034384,0.065712,0.0005,0.2563
2026-08-11T12:39:20.872304,0000,034392,0.018984,0.0000,0.1378
2026-08-11T12:39:23.029245,0000,034400,0.019643,-0.0008,0.1402
2026-08-11T12:39:24.963806,0000,034408,0.027770,-0.0013,0.1666
2026-08-11T12:39:27.069550,0000,034416,0.059753,-0.0012,0.2444
2026-08-11T12:39:29.281696,0000,034424,0.045669,-0.0004,0.2137
2026-08-11T12:39:31.402511,0000,034432,0.212956,0.0006,0.4615
2026-08-11T12:39:33.484997,0000,034440,0.075587,0.0011,0.2749
2026-08-11T12:39:36.174686,0000,034448,0.050975,0.0015,0.2258
2026-08-11T12:39:38.216087,0000,034456,0.053720,0.0005,0.2318
2026-08-11T12:39:40.200281,0000,034464,0.021216,-0.0003,0.1457
2026-08-11T12:39:42.149938,0000,034472,0.020783,-0.0009,0.1442
2026-08-11T12:39:44.003465,0000,034480,0.058353,-0.0009,0.2416
2026-08-11T12:39:46.149322,0000,034488,0.014221,-0.0001,0.1193
2026-08-11T12:39:48.062377,0000,034496,0.025986,0.0011,0.1612
2026-08-11T12:39:50.073472,0000,034504,0.054069,0.0016,0.2325
2026-08-11T12:39:52.277041,0000,034512,0.038883,0.0014,0.1972
2026-08-11T12:39:54.344944,0000,034520,0.033344,0.0009,0.1826
2026-08-11T12:39:56.337192,0000,034528,0.070308,-0.0003,0.2652
2026-08-11T12:39:58.209785,0000,034536,0.053593,-0.0008,0.2315
2026-08-11T12:40:00.162212,0000,034544,0.024451,-0.0005,0.1564
2026-08-11T12:40:01.982083,0000,034552,0.037643,0.0003,0.1940
2026-08-11T12:40:03.904935,0000,034560,0.019820,0.0002,0.1408
2026-08-11T12:40:05.760129,0000,034568,0.093306,-0.0004,0.3055
2026-08-11T12:40:07.812237,0000,034576,0.020677,-0.0001,0.1438
2026-08-11T12:40:09.554805,0000,034584,0.048480,0.0002,0.2202
2026-08-11T12:40:11.563820,0000,034592,0.052980,0.0005,0.2302
2026-08-11T12:40:13.330151,0000,034600,0.095981,-0.0003,0.3098
2026-08-11T12:40:15.268796,0000,034608,0.064563,-0.0001,0.2541
2026-08-11T12:40:17.431318,0000,034616,0.017748,0.0006,0.1332
2026-08-11T12:40:19.503577,0000,034624,0.021507,0.0005,0.1467
2026-08-11T12:40:21.493605,0000,034632,0.047787,0.0001,0.2186
2026-08-11T12:40:23.485895,0000,034640,0.033468,-0.0010,0.1829
2026-08-11T12:40:25.444857,0000,034648,1.665477,-0.0024,1.2905
2026-08-11T12:40:27.456673,0000,034656,0.033404,-0.0011,0.1828
2026-08-11T12:40:29.434756,0000,034664,0.041607,-0.0004,0.2040
2026-08-11T12:40:31.318691,0000,034672,0.021658,0.0007,0.1472
2026-08-11T12:40:33.442180,0000,034680,0.043823,0.0015,0.2093
2026-08-11T12:40:35.306458,0000,034688,0.044563,0.0014,0.2111
2026-08-11T12:40:37.400823,0000,034696,0.092677,0.0008,0.3044
2026-08-11T12:40:39.702934,0000,034704,0.021497,-0.0004,0.1466
2026-08-11T12:40:41.605973,0000,034712,0.026192,-0.0010,0.1618
2026-08-11T12:40:43.380490,0000,034720,0.023065,-0.0008,0.1519
2026-08-11T12:40:45.667574,0000,034728,0.019239,0.0000,0.1387
2026-08-11T12:40:47.679992,0000,034736,0.030848,0.0000,0.1756
2026-08-11T12:40:50.017847,0000,034744,0.012638,-0.0004,0.1124
2026-08-11T12:40:51.820490,0000,034752,0.031043,-0.0006,0.1762
2026-08-11T12:40:53.751241,0000,034760,0.048809,0.0001,0.2209
2026-08-11T12:40:55.823431,0000,034768,0.046339,0.0007,0.2153
2026-08-11T12:40:57.777719,0000,034776,0.213195,-0.0002,0.4617
2026-08-11T12:40:59.747556,0000,034784,0.015569,0.0001,0.1248
2026-08-11T12:41:01.645787,0000,034792,0.042206,-0.0006,0.2054
2026-08-11T12:41:03.573790,0000,034800,0.020270,-0.0004,0.1424
2026-08-11T12:41:05.805257,0000,034808,0.031861,0.0005,0.1785
2026-08-11T12:41:08.268402,0000,034816,0.052668,0.0004,0.2295
2026-08-11T12:41:10.243724,0000,034824,0.017063,0.0000,0.1306
2026-08-11T12:41:12.437546,0000,034832,0.038784,-0.0013,0.1969
2026-08-11T12:41:14.473678,0000,034840,0.056748,-0.0015,0.2382
2026-08-11T12:41:16.728348,0000,034848,0.054272,-0.0015,0.2330
2026-08-11T12:41:18.861890,0000,034856,0.011110,-0.0004,0.1054
2026-08-11T12:41:20.745154,0000,034864,1.572989,-0.0003,1.2542
2026-08-11T12:41:22.684829,0000,034872,1.595617,0.0015,1.2632
2026-08-11T12:41:24.618441,0000,034880,0.093309,0.0034,0.3055
2026-08-11T12:41:26.637757,0000,034888,0.105763,0.0036,0.3252
2026-08-11T12:41:28.609580,0000,034896,0.069274,0.0031,0.2632
2026-08-11T12:41:30.546417,0000,034904,0.058158,0.0023,0.2412
2026-08-11T12:41:32.475368,0000,034912,0.025088,0.0012,0.1584
2026-08-11T12:41:34.442454,0000,034920,0.083613,-0.0004,0.2892
2026-08-11T12:41:36.629701,0000,034928,0.128126,-0.0020,0.3579
2026-08-11T12:41:38.577081,0000,034936,0.058077,-0.0017,0.2410
2026-08-11T12:41:40.484331,0000,034944,0.060172,-0.0015,0.2453
2026-08-11T12:41:42.352928,0000,034952,0.016825,-0.0007,0.1297
2026-08-11T12:41:44.332443,0000,034960,0.024168,0.0005,0.1555
2026-08-11T12:41:46.129467,0000,034968,0.032402,0.0009,0.1800
2026-08-11T12:41:48.338287,0000,034976,0.037820,0.0011,0.1945
2026-08-11T12:41:50.376687,0000,034984,0.024532,0.0004,0.1566
2026-08-11T12:41:52.111486,0000,034992,0.020235,-0.0006,0.1423
2026-08-11T12:41:53.989439,0000,035000,0.029917,-0.0009,0.1730
2026-08-11T12:41:56.086711,0000,035008,0.045999,-0.0009,0.2145
2026-08-11T12:41:58.278959,0000,035016,0.023780,-0.0001,0.1542
2026-08-11T12:42:00.430256,0000,035024,0.025238,0.0012,0.1589
2026-08-11T12:42:02.476668,0000,035032,0.026323,0.0017,0.1622
2026-08-11T12:42:04.683011,0000,035040,0.051461,0.0015,0.2269
2026-08-11T12:42:07.166113,0000,035048,0.037618,0.0009,0.1940
2026-08-11T12:42:09.328652,0000,035056,0.037979,-0.0002,0.1949
2026-08-11T12:42:11.360891,0000,035064,0.024675,-0.0006,0.1571
2026-08-11T12:42:13.595432,0000,035072,0.026019,-0.0006,0.1613
2026-08-11T12:42:15.484491,0000,035080,0.046205,0.0001,0.2150
2026-08-11T12:42:17.889784,0000,035088,0.218633,0.0001,0.4676
2026-08-11T12:42:20.195383,0000,035096,0.044837,-0.0002,0.2117
2026-08-11T12:42:23.076960,0000,035104,0.031455,0.0004,0.1774
2026-08-11T12:42:25.716994,0000,035112,0.033218,-0.0006,0.1823
2026-08-11T12:42:27.829074,0000,035120,0.017570,-0.0003,0.1326
2026-08-11T12:42:30.119265,0000,035128,0.024494,0.0003,0.1565
2026-08-11T12:42:32.376481,0000,035136,0.032204,0.0003,0.1795
2026-08-11T12:42:34.887584,0000,035144,0.019775,-0.0002,0.1406
2026-08-11T12:42:37.147781,0000,035152,0.231316,-0.0003,0.4810
2026-08-11T12:42:39.447719,0000,035160,0.022160,0.0005,0.1489
2026-08-11T12:42:41.624645,0000,035168,0.048473,0.0006,0.2202
2026-08-11T12:42:44.111414,0000,035176,0.024545,0.0000,0.1567
2026-08-11T12:42:45.921944,0000,035184,0.027791,-0.0011,0.1667
2026-08-11T12:42:48.260317,0000,035192,0.077404,-0.0015,0.2782
2026-08-11T12:42:50.374483,0000,035200,0.036396,-0.0012,0.1908
2026-08-11T12:42:52.248042,0000,035208,0.049679,-0.0006,0.2229
2026-08-11T12:42:53.995282,0000,035216,0.017870,0.0007,0.1337
2026-08-11T12:42:56.124193,0000,035224,0.047353,0.0015,0.2176
2026-08-11T12:42:58.134339,0000,035232,0.040926,0.0012,0.2023
2026-08-11T12:43:00.384202,0000,035240,0.025157,0.0007,0.1586
2026-08-11T12:43:03.176326,0000,035248,0.023714,-0.0001,0.1540
2026-08-11T12:43:05.229152,0000,035256,0.043080,-0.0019,0.2076
2026-08-11T12:43:07.139711,0000,035264,0.153192,-0.0029,0.3914
2026-08-11T12:43:09.153295,0000,035272,0.130830,-0.0028,0.3617
2026-08-11T12:43:11.295744,0000,035280,0.069101,-0.0027,0.2629
2026-08-11T12:43:13.264484,0000,035288,0.041433,-0.0016,0.2036
2026-08-11T12:43:15.197310,0000,035296,0.025510,-0.0004,0.1597
2026-08-11T12:43:17.260573,0000,035304,1.593485,0.0004,1.2623
2026-08-11T12:43:19.341495,0000,035312,0.052350,0.0023,0.2288
2026-08-11T12:43:21.373592,0000,035320,0.073217,0.0027,0.2706
2026-08-11T12:43:23.650124,0000,035328,0.079267,0.0031,0.2815
2026-08-11T12:43:25.666475,0000,035336,0.059519,0.0020,0.2440
2026-08-11T12:43:27.577532,0000,035344,0.035566,0.0006,0.1886
2026-08-11T12:43:29.763758,0000,035352,0.020319,-0.0008,0.1425
2026-08-11T12:43:32.054615,0000,035360,0.045421,-0.0021,0.2131
2026-08-11T12:43:34.206507,0000,035368,0.084508,-0.0023,0.2907
2026-08-11T12:43:36.719899,0000,035376,0.045814,-0.0019,0.2140
2026-08-11T12:43:38.766498,0000,035384,0.033963,-0.0011,0.1843
2026-08-11T12:43:40.819056,0000,035392,0.015222,0.0002,0.1234
2026-08-11T12:43:43.096830,0000,035400,0.020696,0.0010,0.1439
2026-08-11T12:43:45.375345,0000,035408,0.055511,0.0006,0.2356
2026-08-11T12:43:47.521817,0000,035416,0.045939,0.0003,0.2143
2026-08-11T12:43:49.417371,0000,035424,0.032819,-0.0006,0.1812
2026-08-11T12:43:51.405142,0000,035432,0.023471,-0.0011,0.1532
2026-08-11T12:43:53.357327,0000,035440,0.037351,-0.0011,0.1933
2026-08-11T12:43:55.313541,0000,035448,0.017043,-0.0002,0.1305
2026-08-11T12:43:57.344348,0000,035456,0.022513,0.0008,0.1500
2026-08-11T12:43:59.676425,0000,035464,0.042302,0.0018,0.2057
2026-08-11T12:44:01.631575,0000,035472,0.028011,0.0013,0.1674
2026-08-11T12:44:03.552737,0000,035480,0.045742,0.0008,0.2139
2026-08-11T12:44:05.465630,0000,035488,0.019676,-0.0003,0.1403
2026-08-11T12:44:07.281923,0000,035496,0.035788,-0.0009,0.1892
2026-08-11T12:44:09.017412,0000,035504,0.016871,-0.0005,0.1299
2026-08-11T12:44:11.206486,0000,035512,0.023925,0.0001,0.1547
2026-08-11T12:44:13.062192,0000,035520,0.048151,-0.0000,0.2194
2026-08-11T12:44:15.155215,0000,035528,0.027733,0.0008,0.1665
2026-08-11T12:44:16.975035,0000,035536,0.023621,0.0008,0.1537
2026-08-11T12:44:18.704821,0000,035544,0.044215,0.0002,0.2103
2026-08-11T12:44:20.807170,0000,035552,0.049914,-0.0009,0.2234
2026-08-11T12:44:22.887514,0000,035560,0.096355,-0.0012,0.3104
2026-08-11T12:44:24.937083,0000,035568,0.021633,-0.0009,0.1471
2026-08-11T12:44:26.901000,0000,035576,0.018462,-0.0002,0.1359
2026-08-11T12:44:28.876549,0000,035584,0.022114,0.0008,0.1487
2026-08-11T12:44:30.777382,0000,035592,0.031933,0.0015,0.1787
2026-08-11T12:44:32.888830,0000,035600,0.026495,0.0014,0.1628
2026-08-11T12:44:35.015861,0000,035608,0.022413,0.0007,0.1497
2026-08-11T12:44:37.422451,0000,035616,0.207467,-0.0004,0.4555
2026-08-11T12:44:39.644617,0000,035624,0.028993,-0.0007,0.1703
2026-08-11T12:44:41.976420,0000,035632,0.023566,-0.0006,0.1535
2026-08-11T12:44:44.234853,0000,035640,0.028348,-0.0000,0.1684
2026-08-11T12:44:46.506191,0000,035648,0.017844,-0.0000,0.1336
2026-08-11T12:44:48.577043,0000,035656,0.028330,0.0007,0.1683
2026-08-11T12:44:50.600157,0000,035664,0.052040,0.0007,0.2281
2026-08-11T12:44:53.172891,0000,035672,0.074661,0.0001,0.2732
2026-08-11T12:44:55.400609,0000,035680,0.029327,-0.0009,0.1713
2026-08-11T12:44:57.311614,0000,035688,0.024611,-0.0011,0.1569
2026-08-11T12:44:59.463253,0000,035696,0.049101,-0.0010,0.2216
2026-08-11T12:45:01.626097,0000,035704,0.038743,-0.0001,0.1968
2026-08-11T12:45:04.031176,0000,035712,0.078147,0.0019,0.2795
2026-08-11T12:45:06.087247,0000,035720,0.034972,0.0017,0.1870
2026-08-11T12:45:07.880125,0000,035728,0.027377,0.0014,0.1655
2026-08-11T12:45:09.669696,0000,035736,0.081572,0.0007,0.2856
2026-08-11T12:45:11.605240,0000,035744,0.014927,-0.0001,0.1222
2026-08-11T12:45:13.581131,0000,035752,0.024991,-0.0006,0.1581
2026-08-11T12:45:15.477842,0000,035760,0.018072,-0.0004,0.1344
2026-08-11T12:45:17.701799,0000,035768,0.043874,0.0003,0.2095
2026-08-11T12:45:19.778938,0000,035776,0.025687,0.0004,0.1603
2026-08-11T12:45:21.842838,0000,035784,0.029927,-0.0001,0.1730
2026-08-11T12:45:23.865915,0000,035792,0.028609,-0.0001,0.1691
2026-08-11T12:45:25.932250,0000,035800,0.048277,0.0006,0.2197
2026-08-11T12:45:27.900243,0000,035808,0.023692,0.0007,0.1539
2026-08-11T12:45:29.760474,0000,035816,0.017038,0.0002,0.1305
2026-08-11T12:45:31.574936,0000,035824,0.036223,-0.0010,0.1903
2026-08-11T12:45:33.626757,0000,035832,0.026692,-0.0013,0.1634
2026-08-11T12:45:35.609146,0000,035840,0.026896,-0.0010,0.1640
2026-08-11T12:45:37.713481,0000,035848,0.021038,-0.0001,0.1450
2026-08-11T12:45:40.054967,0000,035856,0.038286,0.0011,0.1957
2026-08-11T12:45:42.182844,0000,035864,0.071178,0.0014,0.2668
2026-08-11T12:45:44.387303,0000,035872,0.046465,0.0013,0.2156
2026-08-11T12:45:46.341438,0000,035880,0.030878,0.0008,0.1757
2026-08-11T12:45:48.328841,0000,035888,0.020225,-0.0004,0.1422
2026-08-11T12:45:50.332556,0000,035896,0.021825,-0.0009,0.1477
2026-08-11T12:45:52.303056,0000,035904,0.030279,-0.0007,0.1740
2026-08-11T12:45:54.115344,0000,035912,0.011817,-0.0001,0.1087
2026-08-11T12:45:56.165986,0000,035920,0.057227,0.0012,0.2392
2026-08-11T12:45:58.110954,0000,035928,0.032958,0.0016,0.1815
2026-08-11T12:46:00.165877,0000,035936,0.046470,0.0015,0.2156
2026-08-11T12:46:02.262163,0000,035944,0.039250,0.0009,0.1981
2026-08-11T12:46:04.112206,0000,035952,0.019640,-0.0002,0.1401
2026-08-11T12:46:06.049611,0000,035960,0.019844,-0.0006,0.1409
2026-08-11T12:46:07.962854,0000,035968,0.030673,-0.0005,0.1751
2026-08-11T12:46:09.937503,0000,035976,0.027143,0.0000,0.1648
2026-08-11T12:46:11.955511,0000,035984,0.034294,0.0001,0.1852
2026-08-11T12:46:13.817748,0000,035992,0.021905,-0.0003,0.1480
2026-08-11T12:46:15.763672,0000,036000,0.016096,-0.0001,0.1269
2026-08-11T12:46:17.681496,0000,036008,0.031351,0.0004,0.1771
2026-08-11T12:46:19.818957,0000,036016,0.028353,0.0004,0.1684
2026-08-11T12:46:21.811855,0000,036024,0.031015,-0.0001,0.1761
2026-08-11T12:46:23.888520,0000,036032,0.236980,-0.0002,0.4868
2026-08-11T12:46:26.114709,0000,036040,0.016592,0.0007,0.1288
2026-08-11T12:46:28.516852,0000,036048,0.023621,0.0007,0.1537
2026-08-11T12:46:30.737817,0000,036056,0.023300,0.0000,0.1526
2026-08-11T12:46:32.896385,0000,036064,0.021086,-0.0008,0.1452
2026-08-11T12:46:34.760675,0000,036072,0.030604,-0.0012,0.1749
2026-08-11T12:46:36.834225,0000,036080,0.045744,-0.0014,0.2139
2026-08-11T12:46:38.711684,0000,036088,0.012890,-0.0003,0.1135
2026-08-11T12:46:40.585624,0000,036096,0.027387,0.0009,0.1655
2026-08-11T12:46:42.472680,0000,036104,0.032108,0.0013,0.1792
2026-08-11T12:46:44.216621,0000,036112,0.028636,0.0012,0.1692
2026-08-11T12:46:46.098798,0000,036120,0.020554,0.0007,0.1434
2026-08-11T12:46:48.027753,0000,036128,0.021543,-0.0006,0.1468
2026-08-11T12:46:49.805053,0000,036136,0.027159,-0.0008,0.1648
2026-08-11T12:46:51.618109,0000,036144,0.029766,-0.0008,0.1725
2026-08-11T12:46:53.418015,0000,036152,0.030982,-0.0001,0.1760
2026-08-11T12:46:55.283548,0000,036160,0.034962,0.0011,0.1870
2026-08-11T12:46:57.054394,0000,036168,0.034677,0.0016,0.1862
2026-08-11T12:46:58.820651,0000,036176,0.037201,0.0013,0.1929
2026-08-11T12:47:00.635024,0000,036184,0.019613,0.0008,0.1400
2026-08-11T12:47:02.641159,0000,036192,0.021873,-0.0002,0.1479
2026-08-11T12:47:04.632473,0000,036200,0.029752,-0.0007,0.1725
2026-08-11T12:47:06.653863,0000,036208,0.022102,-0.0005,0.1487
2026-08-11T12:47:08.518631,0000,036216,0.202641,0.0000,0.4502
2026-08-11T12:47:10.449484,0000,036224,0.012501,0.0002,0.1118
2026-08-11T12:47:12.267536,0000,036232,0.023183,-0.0003,0.1523
2026-08-11T12:47:14.297875,0000,036240,0.027998,-0.0002,0.1673
2026-08-11T12:47:16.437415,0000,036248,0.012516,0.0005,0.1119
2026-08-11T12:47:18.440290,0000,036256,0.027666,0.0004,0.1663
2026-08-11T12:47:20.361236,0000,036264,0.041835,-0.0001,0.2045
2026-08-11T12:47:22.287628,0000,036272,0.218404,-0.0001,0.4673
2026-08-11T12:47:24.221230,0000,036280,0.031874,0.0005,0.1785
2026-08-11T12:47:25.997295,0000,036288,0.027683,0.0005,0.1664
2026-08-11T12:47:27.768882,0000,036296,0.040996,0.0001,0.2025
2026-08-11T12:47:29.635568,0000,036304,0.049797,-0.0010,0.2232
2026-08-11T12:47:31.765455,0000,036312,0.059073,-0.0016,0.2431
2026-08-11T12:47:33.854673,0000,036320,0.054520,-0.0012,0.2335
2026-08-11T12:47:36.036471,0000,036328,0.056667,-0.0002,0.2380
2026-08-11T12:47:37.801369,0000,036336,0.023267,-0.0000,0.1525
2026-08-11T12:47:39.547687,0000,036344,0.028717,0.0008,0.1695
2026-08-11T12:47:41.630655,0000,036352,0.026272,0.0012,0.1621
2026-08-11T12:47:43.519218,0000,036360,0.025335,0.0008,0.1592
2026-08-11T12:47:45.354624,0000,036368,0.022262,-0.0000,0.1492
2026-08-11T12:47:47.432388,0000,036376,0.017307,-0.0004,0.1316
2026-08-11T12:47:49.506084,0000,036384,0.024049,0.0003,0.1551
2026-08-11T12:47:51.474578,0000,036392,0.025589,-0.0000,0.1600
2026-08-11T12:47:53.418303,0000,036400,0.021300,0.0002,0.1459
2026-08-11T12:47:55.284408,0000,036408,0.014113,0.0001,0.1188
2026-08-11T12:47:57.121632,0000,036416,0.021391,-0.0006,0.1463
2026-08-11T12:47:59.170520,0000,036424,0.032156,-0.0007,0.1793
2026-08-11T12:48:01.394928,0000,036432,0.018226,-0.0002,0.1350
2026-08-11T12:48:03.420026,0000,036440,0.022118,0.0007,0.1487
2026-08-11T12:48:05.424517,0000,036448,0.023228,0.0008,0.1524
2026-08-11T12:48:07.646478,0000,036456,0.035251,0.0006,0.1878
2026-08-11T12:48:09.533243,0000,036464,0.028547,-0.0002,0.1690
2026-08-11T12:48:11.321654,0000,036472,0.020355,-0.0002,0.1427
2026-08-11T12:48:13.188535,0000,036480,0.030976,0.0001,0.1760
2026-08-11T12:48:14.989568,0000,036488,0.028907,-0.0001,0.1700
2026-08-11T12:48:16.953445,0000,036496,0.035243,0.0000,0.1877
2026-08-11T12:48:19.096912,0000,036504,0.043694,0.0011,0.2090
2026-08-11T12:48:21.681747,0000,036512,0.055049,0.0013,0.2346
2026-08-11T12:48:23.666604,0000,036520,0.017554,0.0012,0.1325
2026-08-11T12:48:25.546268,0000,036528,0.024807,0.0002,0.1575
2026-08-11T12:48:27.667422,0000,036536,0.056583,-0.0013,0.2379
2026-08-11T12:48:29.479585,0000,036544,0.054861,-0.0017,0.2342
2026-08-11T12:48:31.345118,0000,036552,0.035571,-0.0016,0.1886
2026-08-11T12:48:33.450787,0000,036560,0.033082,-0.0013,0.1819
2026-08-11T12:48:35.550415,0000,036568,0.022126,-0.0003,0.1487
2026-08-11T12:48:37.486688,0000,036576,0.033687,0.0013,0.1835
2026-08-11T12:48:39.490351,0000,036584,0.067838,0.0017,0.2605
2026-08-11T12:48:41.569927,0000,036592,0.051747,0.0020,0.2275
2026-08-11T12:48:43.419327,0000,036600,1.575558,0.0009,1.2552
2026-08-11T12:48:45.383400,0000,036608,0.026520,0.0009,0.1629
2026-08-11T12:48:47.374930,0000,036616,0.022693,-0.0004,0.1506
2026-08-11T12:48:49.290802,0000,036624,0.047367,-0.0012,0.2176
2026-08-11T12:48:51.468885,0000,036632,0.029904,-0.0012,0.1729
2026-08-11T12:48:53.587195,0000,036640,0.033596,-0.0008,0.1833
2026-08-11T12:48:55.600251,0000,036648,0.049462,0.0002,0.2224
2026-08-11T12:48:57.491216,0000,036656,0.026518,0.0006,0.1628
2026-08-11T12:48:59.465656,0000,036664,0.047209,0.0002,0.2173
2026-08-11T12:49:01.251388,0000,036672,0.227831,-0.0005,0.4773
2026-08-11T12:49:03.181419,0000,036680,0.022396,-0.0006,0.1497
2026-08-11T12:49:05.205334,0000,036688,0.028040,-0.0004,0.1675
2026-08-11T12:49:07.413611,0000,036696,0.020044,0.0006,0.1416
2026-08-11T12:49:09.500824,0000,036704,0.098750,0.0008,0.3142
2026-08-11T12:49:11.465178,0000,036712,0.021767,0.0007,0.1475
2026-08-11T12:49:13.292340,0000,036720,0.020906,-0.0000,0.1446
2026-08-11T12:49:15.294051,0000,036728,0.067611,-0.0005,0.2600
2026-08-11T12:49:17.079268,0000,036736,0.027114,0.0002,0.1647
2026-08-11T12:49:18.965358,0000,036744,0.018862,-0.0000,0.1373
2026-08-11T12:49:21.027199,0000,036752,0.019279,0.0000,0.1388
2026-08-11T12:49:23.147913,0000,036760,0.058884,0.0012,0.2427
2026-08-11T12:49:25.172647,0000,036768,0.055842,0.0011,0.2363
2026-08-11T12:49:27.480762,0000,036776,0.060914,0.0008,0.2468
2026-08-11T12:49:30.070573,0000,036784,0.021436,0.0001,0.1464
2026-08-11T12:49:32.003158,0000,036792,0.076911,-0.0006,0.2773
2026-08-11T12:49:33.988214,0000,036800,0.026255,-0.0008,0.1620
2026-08-11T12:49:35.949120,0000,036808,0.042018,-0.0005,0.2050
2026-08-11T12:49:37.853020,0000,036816,0.050529,0.0004,0.2248
2026-08-11T12:49:39.834149,0000,036824,0.084150,0.0007,0.2901
2026-08-11T12:49:41.851225,0000,036832,0.017954,0.0005,0.1340
2026-08-11T12:49:43.866697,0000,036840,0.018292,-0.0004,0.1352
2026-08-11T12:49:45.989302,0000,036848,0.043719,-0.0006,0.2091
2026-08-11T12:49:47.937868,0000,036856,0.032529,-0.0003,0.1804
2026-08-11T12:49:49.780224,0000,036864,0.037943,0.0005,0.1948
2026-08-11T12:49:51.833740,0000,036872,0.022297,0.0008,0.1493
2026-08-11T12:49:53.701130,0000,036880,0.034546,0.0003,0.1859
2026-08-11T12:49:55.828271,0000,036888,0.045199,-0.0004,0.2126
2026-08-11T12:49:57.978333,0000,036896,0.032830,-0.0004,0.1812
2026-08-11T12:50:00.154453,0000,036904,0.026742,-0.0002,0.1635
2026-08-11T12:50:02.352591,0000,036912,0.021598,0.0008,0.1470
2026-08-11T12:50:04.288938,0000,036920,0.035597,0.0009,0.1887
2026-08-11T12:50:06.076211,0000,036928,0.032791,0.0004,0.1811
2026-08-11T12:50:08.095874,0000,036936,0.023167,-0.0002,0.1522
2026-08-11T12:50:10.204135,0000,036944,0.016438,-0.0004,0.1282
2026-08-11T12:50:12.115349,0000,036952,0.023996,-0.0002,0.1549
2026-08-11T12:50:14.210417,0000,036960,0.019355,0.0007,0.1391
2026-08-11T12:50:16.154512,0000,036968,0.017132,0.0008,0.1309
2026-08-11T12:50:18.473947,0000,036976,0.022539,0.0007,0.1501
2026-08-11T12:50:20.386761,0000,036984,0.036519,-0.0005,0.1911
2026-08-11T12:50:22.562781,0000,036992,0.016662,-0.0005,0.1291
2026-08-11T12:50:24.464351,0000,037000,0.019242,-0.0002,0.1387
2026-08-11T12:50:26.842877,0000,037008,0.043263,0.0008,0.2080
2026-08-11T12:50:28.906916,0000,037016,0.030108,0.0009,0.1735
2026-08-11T12:50:31.034019,0000,037024,0.032197,0.0007,0.1794
2026-08-11T12:50:33.282755,0000,037032,0.048300,-0.0003,0.2198
2026-08-11T12:50:35.483176,0000,037040,0.010765,-0.0004,0.1038
2026-08-11T12:50:37.569984,0000,037048,0.055781,-0.0003,0.2362
2026-08-11T12:50:39.863101,0000,037056,0.032289,0.0007,0.1797
2026-08-11T12:50:42.022424,0000,037064,0.032588,0.0011,0.1805
2026-08-11T12:50:44.113117,0000,037072,0.042541,0.0006,0.2063
2026-08-11T12:50:46.022067,0000,037080,0.022376,-0.0004,0.1496
2026-08-11T12:50:47.930819,0000,037088,0.018754,-0.0005,0.1369
2026-08-11T12:50:49.728614,0000,037096,0.103456,-0.0004,0.3216
2026-08-11T12:50:51.485563,0000,037104,0.025483,0.0006,0.1596
2026-08-11T12:50:53.356759,0000,037112,0.021646,0.0010,0.1471
2026-08-11T12:50:55.182855,0000,037120,0.010911,0.0006,0.1045
2026-08-11T12:50:57.123902,0000,037128,0.020710,-0.0002,0.1439
2026-08-11T12:50:59.103621,0000,037136,0.036805,-0.0005,0.1918
2026-08-11T12:51:01.022511,0000,037144,0.014475,-0.0002,0.1203
2026-08-11T12:51:03.490777,0000,037152,0.031636,0.0009,0.1779
2026-08-11T12:51:05.735173,0000,037160,0.040023,0.0007,0.2001
2026-08-11T12:51:07.757691,0000,037168,1.570222,-0.0005,1.2531
2026-08-11T12:51:10.024543,0000,037176,0.038055,0.0007,0.1951
2026-08-11T12:51:12.317775,0000,037184,0.072465,0.0004,0.2692
2026-08-11T12:51:14.277554,0000,037192,0.016123,-0.0004,0.1270
2026-08-11T12:51:16.261384,0000,037200,0.024568,-0.0006,0.1567
2026-08-11T12:51:18.215563,0000,037208,0.074703,-0.0003,0.2733
2026-08-11T12:51:20.492796,0000,037216,0.056869,0.0006,0.2385
2026-08-11T12:51:22.530435,0000,037224,0.036173,0.0008,0.1902
2026-08-11T12:51:24.573244,0000,037232,0.020585,0.0004,0.1435
2026-08-11T12:51:26.896780,0000,037240,0.032246,-0.0004,0.1796
2026-08-11T12:51:29.514930,0000,037248,0.037331,-0.0004,0.1932
2026-08-11T12:51:31.632290,0000,037256,0.046280,-0.0004,0.2151
2026-08-11T12:51:34.137803,0000,037264,0.024830,0.0008,0.1576
2026-08-11T12:51:36.099060,0000,037272,0.037021,0.0008,0.1924
2026-08-11T12:51:38.308730,0000,037280,0.034411,0.0005,0.1855
2026-08-11T12:51:40.356683,0000,037288,0.067195,-0.0006,0.2592
2026-08-11T12:51:42.291560,0000,037296,0.011305,-0.0005,0.1063
2026-08-11T12:51:44.265505,0000,037304,0.029239,-0.0002,0.1710
2026-08-11T12:51:46.236304,0000,037312,0.019934,0.0006,0.1412
2026-08-11T12:51:48.283315,0000,037320,0.028642,0.0009,0.1692
2026-08-11T12:51:50.469197,0000,037328,0.037184,0.0009,0.1928
2026-08-11T12:51:52.757385,0000,037336,0.012422,-0.0003,0.1115
2026-08-11T12:51:55.161314,0000,037344,0.027080,-0.0006,0.1646
2026-08-11T12:51:57.437342,0000,037352,0.019558,-0.0001,0.1398
2026-08-11T12:51:59.547856,0000,037360,0.020640,0.0006,0.1437
2026-08-11T12:52:01.356616,0000,037368,0.024898,0.0006,0.1578
2026-08-11T12:52:03.349890,0000,037376,0.063701,0.0005,0.2524
2026-08-11T12:52:05.289794,0000,037384,0.021532,-0.0004,0.1467
2026-08-11T12:52:07.260100,0000,037392,0.025885,-0.0006,0.1609
2026-08-11T12:52:09.206590,0000,037400,0.017898,-0.0001,0.1338
2026-08-11T12:52:10.999022,0000,037408,0.051191,0.0005,0.2263
2026-08-11T12:52:13.119301,0000,037416,0.044970,0.0007,0.2121
2026-08-11T12:52:15.436238,0000,037424,0.070363,0.0005,0.2653
2026-08-11T12:52:17.307860,0000,037432,0.011985,-0.0003,0.1095
2026-08-11T12:52:19.458821,0000,037440,0.024207,-0.0006,0.1556
2026-08-11T12:52:21.335135,0000,037448,0.016674,-0.0002,0.1291
2026-08-11T12:52:23.457520,0000,037456,0.040694,0.0005,0.2017
2026-08-11T12:52:25.447241,0000,037464,0.017550,0.0009,0.1325
2026-08-11T12:52:27.362768,0000,037472,0.042873,0.0004,0.2071
2026-08-11T12:52:29.346919,0000,037480,0.017285,-0.0003,0.1315
2026-08-11T12:52:31.365226,0000,037488,0.014810,-0.0005,0.1217
2026-08-11T12:52:33.463843,0000,037496,0.049665,-0.0004,0.2229
2026-08-11T12:52:35.854579,0000,037504,0.041429,0.0007,0.2035
2026-08-11T12:52:38.004295,0000,037512,0.032460,0.0010,0.1802
2026-08-11T12:52:40.317693,0000,037520,0.048474,0.0007,0.2202
2026-08-11T12:52:42.473497,0000,037528,0.014510,-0.0002,0.1205
2026-08-11T12:52:44.717778,0000,037536,0.027338,-0.0005,0.1653
2026-08-11T12:52:46.886944,0000,037544,0.036767,-0.0000,0.1917
2026-08-11T12:52:48.772612,0000,037552,0.044035,0.0004,0.2098
2026-08-11T12:52:50.635831,0000,037560,0.029900,0.0006,0.1729
2026-08-11T12:52:52.714522,0000,037568,0.014667,0.0003,0.1211
2026-08-11T12:52:54.484623,0000,037576,0.040332,-0.0007,0.2008
2026-08-11T12:52:56.350809,0000,037584,0.080977,-0.0013,0.2846
2026-08-11T12:52:58.116373,0000,037592,0.220918,-0.0006,0.4700
2026-08-11T12:53:00.006571,0000,037600,0.027321,0.0002,0.1653
2026-08-11T12:53:01.751734,0000,037608,0.033429,0.0004,0.1828
2026-08-11T12:53:03.623682,0000,037616,0.028456,0.0001,0.1687
2026-08-11T12:53:05.397774,0000,037624,0.044081,-0.0008,0.2100
2026-08-11T12:53:07.165851,0000,037632,0.028290,-0.0010,0.1682
2026-08-11T12:53:09.382265,0000,037640,0.052205,-0.0009,0.2285
2026-08-11T12:53:11.352815,0000,037648,0.029754,0.0001,0.1725
2026-08-11T12:53:13.248653,0000,037656,0.022751,0.0003,0.1508
2026-08-11T12:53:15.344002,0000,037664,0.032837,-0.0001,0.1812
2026-08-11T12:53:17.357894,0000,037672,0.019362,0.0003,0.1391
2026-08-11T12:53:19.325414,0000,037680,0.019389,-0.0001,0.1392
2026-08-11T12:53:21.097497,0000,037688,0.037769,0.0001,0.1943
2026-08-11T12:53:22.852689,0000,037696,0.042875,-0.0002,0.2071
2026-08-11T12:53:24.944467,0000,037704,0.016429,-0.0000,0.1282
2026-08-11T12:53:27.090277,0000,037712,0.042988,0.0008,0.2073
2026-08-11T12:53:29.194120,0000,037720,0.030029,0.0009,0.1733
2026-08-11T12:53:31.416619,0000,037728,0.022182,0.0006,0.1489
2026-08-11T12:53:33.491652,0000,037736,0.018767,-0.0004,0.1370
2026-08-11T12:53:35.370133,0000,037744,0.022257,-0.0006,0.1492
2026-08-11T12:53:37.189695,0000,037752,0.025022,-0.0003,0.1582
2026-08-11T12:53:39.277404,0000,037760,0.028610,0.0004,0.1691
2026-08-11T12:53:41.068629,0000,037768,0.030729,0.0006,0.1753
2026-08-11T12:53:42.946746,0000,037776,0.028309,0.0002,0.1683
2026-08-11T12:53:44.706328,0000,037784,0.016339,-0.0005,0.1278
2026-08-11T12:53:46.521965,0000,037792,0.037781,-0.0008,0.1944
2026-08-11T12:53:48.377447,0000,037800,0.101541,-0.0006,0.3187
2026-08-11T12:53:50.224582,0000,037808,0.079773,0.0002,0.2824
2026-08-11T12:53:52.284237,0000,037816,0.032150,0.0006,0.1793
2026-08-11T12:53:54.496612,0000,037824,0.046859,-0.0000,0.2165
2026-08-11T12:53:56.569996,0000,037832,0.019673,0.0003,0.1403
2026-08-11T12:53:58.511067,0000,037840,0.030462,-0.0000,0.1745
2026-08-11T12:54:00.361234,0000,037848,0.015206,0.0000,0.1233
2026-08-11T12:54:02.254843,0000,037856,0.014766,-0.0001,0.1215
2026-08-11T12:54:04.357080,0000,037864,0.021191,0.0002,0.1456
2026-08-11T12:54:06.164795,0000,037872,0.046018,-0.0004,0.2145
2026-08-11T12:54:08.236404,0000,037880,1.576703,-0.0011,1.2557
2026-08-11T12:54:10.307096,0000,037888,0.027238,0.0009,0.1650
2026-08-11T12:54:12.207869,0000,037896,0.039059,0.0008,0.1976
2026-08-11T12:54:14.173412,0000,037904,0.041844,0.0005,0.2046
2026-08-11T12:54:16.511283,0000,037912,0.028572,-0.0004,0.1690
2026-08-11T12:54:18.737409,0000,037920,0.025379,-0.0006,0.1593
2026-08-11T12:54:21.084840,0000,037928,0.013604,-0.0003,0.1166
2026-08-11T12:54:23.147070,0000,037936,0.022864,0.0003,0.1512
2026-08-11T12:54:25.121625,0000,037944,0.062171,0.0004,0.2493
2026-08-11T12:54:27.157708,0000,037952,0.037717,0.0003,0.1942
2026-08-11T12:54:29.367513,0000,037960,0.024860,-0.0006,0.1577
2026-08-11T12:54:31.306782,0000,037968,0.227209,-0.0010,0.4767
2026-08-11T12:54:33.160715,0000,037976,0.016703,-0.0005,0.1292
2026-08-11T12:54:34.999904,0000,037984,0.026072,0.0002,0.1615
2026-08-11T12:54:36.934941,0000,037992,0.032750,0.0005,0.1810
2026-08-11T12:54:39.011717,0000,038000,0.026646,0.0000,0.1632
2026-08-11T12:54:41.013036,0000,038008,0.019486,0.0003,0.1396
2026-08-11T12:54:43.039456,0000,038016,0.011696,0.0001,0.1081
2026-08-11T12:54:45.020810,0000,038024,0.026101,-0.0008,0.1616
2026-08-11T12:54:46.948234,0000,038032,0.025335,-0.0011,0.1592
2026-08-11T12:54:49.105203,0000,038040,0.090221,-0.0010,0.3004
2026-08-11T12:54:51.077759,0000,038048,0.020384,0.0000,0.1428
2026-08-11T12:54:53.040683,0000,038056,0.027168,0.0003,0.1648
2026-08-11T12:54:54.909020,0000,038064,0.017837,0.0000,0.1336
2026-08-11T12:54:56.621587,0000,038072,0.033642,-0.0009,0.1834
2026-08-11T12:54:58.472711,0000,038080,0.049557,-0.0012,0.2226
2026-08-11T12:55:00.375963,0000,038088,0.044112,-0.0008,0.2100
2026-08-11T12:55:02.107700,0000,038096,0.015740,0.0001,0.1255
2026-08-11T12:55:04.013700,0000,038104,0.043706,0.0002,0.2091
2026-08-11T12:55:06.285936,0000,038112,1.589339,-0.0012,1.2607
2026-08-11T12:55:08.412933,0000,038120,0.027002,0.0000,0.1643
2026-08-11T12:55:10.340301,0000,038128,0.019206,0.0008,0.1386
2026-08-11T12:55:12.258470,0000,038136,0.042938,0.0010,0.2072
2026-08-11T12:55:14.136549,0000,038144,0.049125,0.0005,0.2216
2026-08-11T12:55:16.062345,0000,038152,0.022263,-0.0002,0.1492
2026-08-11T12:55:18.183761,0000,038160,0.050291,-0.0008,0.2243
2026-08-11T12:55:20.270426,0000,038168,0.020364,-0.0002,0.1427
2026-08-11T12:55:22.129748,0000,038176,0.036016,0.0006,0.1898
2026-08-11T12:55:24.139340,0000,038184,0.057823,0.0006,0.2405
2026-08-11T12:55:26.325995,0000,038192,0.039947,0.0003,0.1999
2026-08-11T12:55:28.364824,0000,038200,0.017463,-0.0005,0.1321
2026-08-11T12:55:30.418752,0000,038208,0.050233,-0.0009,0.2241
2026-08-11T12:55:32.299324,0000,038216,0.020627,-0.0005,0.1436
2026-08-11T12:55:34.152554,0000,038224,0.020902,0.0003,0.1446
2026-08-11T12:55:36.271522,0000,038232,0.039146,0.0006,0.1979
2026-08-11T12:55:38.199850,0000,038240,0.052241,0.0002,0.2286
2026-08-11T12:55:40.117889,0000,038248,0.020055,-0.0008,0.1416
2026-08-11T12:55:42.060772,0000,038256,0.032680,-0.0009,0.1808
2026-08-11T12:55:44.302694,0000,038264,0.021117,-0.0005,0.1453
2026-08-11T12:55:46.357927,0000,038272,0.022286,0.0000,0.1493
2026-08-11T12:55:48.194570,0000,038280,0.042540,0.0014,0.2063
2026-08-11T12:55:50.095415,0000,038288,0.061218,0.0019,0.2474
2026-08-11T12:55:52.285865,0000,038296,0.043311,0.0020,0.2081
2026-08-11T12:55:54.394003,0000,038304,0.065396,0.0015,0.2557
2026-08-11T12:55:56.480920,0000,038312,0.038262,0.0005,0.1956
2026-08-11T12:55:58.429489,0000,038320,0.019910,-0.0008,0.1411
2026-08-11T12:56:00.618819,0000,038328,0.069400,-0.0019,0.2634
2026-08-11T12:56:02.712150,0000,038336,0.144191,-0.0019,0.3797
2026-08-11T12:56:04.690018,0000,038344,0.036451,-0.0014,0.1909
2026-08-11T12:56:06.412480,0000,038352,0.044433,-0.0005,0.2108
2026-08-11T12:56:08.130130,0000,038360,0.085393,0.0007,0.2922
2026-08-11T12:56:09.934975,0000,038368,0.035039,0.0015,0.1872
2026-08-11T12:56:11.676635,0000,038376,0.052663,0.0014,0.2295
2026-08-11T12:56:13.577589,0000,038384,0.022061,0.0010,0.1485
2026-08-11T12:56:15.643256,0000,038392,0.030990,0.0001,0.1760
2026-08-11T12:56:17.677413,0000,038400,0.026390,-0.0011,0.1624
2026-08-11T12:56:20.277395,0000,038408,0.083385,-0.0025,0.2888
2026-08-11T12:56:22.205421,0000,038416,0.042082,-0.0020,0.2051
2026-08-11T12:56:24.170948,0000,038424,0.040505,-0.0015,0.2013
2026-08-11T12:56:26.071202,0000,038432,0.014706,-0.0006,0.1213
2026-08-11T12:56:28.108084,0000,038440,0.021997,0.0006,0.1483
2026-08-11T12:56:29.976143,0000,038448,0.030484,0.0012,0.1746
2026-08-11T12:56:32.016826,0000,038456,0.039339,0.0014,0.1983
2026-08-11T12:56:33.881155,0000,038464,0.043349,0.0010,0.2082
2026-08-11T12:56:35.949172,0000,038472,0.059362,-0.0001,0.2436
2026-08-11T12:56:38.048360,0000,038480,0.022760,-0.0004,0.1509
2026-08-11T12:56:40.528384,0000,038488,0.059689,-0.0001,0.2443
2026-08-11T12:56:42.439508,0000,038496,0.016745,0.0007,0.1294
2026-08-11T12:56:44.333689,0000,038504,0.032409,0.0008,0.1800
2026-08-11T12:56:46.501910,0000,038512,0.064011,0.0005,0.2530
2026-08-11T12:56:48.333267,0000,038520,0.065789,-0.0008,0.2565
2026-08-11T12:56:50.260352,0000,038528,0.045288,-0.0008,0.2128
2026-08-11T12:56:52.200789,0000,038536,0.049615,-0.0006,0.2227
2026-08-11T12:56:54.016880,0000,038544,0.014961,0.0004,0.1223
2026-08-11T12:56:55.825829,0000,038552,0.042046,0.0005,0.2051
2026-08-11T12:56:58.204945,0000,038560,0.047947,-0.0000,0.2190
2026-08-11T12:57:00.662264,0000,038568,0.030567,0.0005,0.1748
2026-08-11T12:57:02.603122,0000,038576,0.018981,0.0001,0.1378
2026-08-11T12:57:04.942024,0000,038584,0.012324,-0.0007,0.1110
2026-08-11T12:57:07.796376,0000,038592,0.049151,-0.0012,0.2217
2026-08-11T12:57:10.093897,0000,038600,0.033307,-0.0008,0.1825
2026-08-11T12:57:12.210321,0000,038608,0.046607,0.0000,0.2159
2026-08-11T12:57:14.214543,0000,038616,0.028711,0.0014,0.1694
2026-08-11T12:57:16.353571,0000,038624,0.067507,0.0018,0.2598
2026-08-11T12:57:18.538374,0000,038632,0.044129,0.0019,0.2101
2026-08-11T12:57:20.512847,0000,038640,0.025565,0.0013,0.1599
2026-08-11T12:57:22.365817,0000,038648,0.041042,0.0003,0.2026
2026-08-11T12:57:24.780154,0000,038656,0.059561,-0.0012,0.2441
2026-08-11T12:57:26.808870,0000,038664,0.069661,-0.0019,0.2639
2026-08-11T12:57:28.839835,0000,038672,0.046109,-0.0020,0.2147
2026-08-11T12:57:30.676785,0000,038680,0.045556,-0.0015,0.2134
2026-08-11T12:57:33.050569,0000,038688,0.043639,-0.0008,0.2089
2026-08-11T12:57:34.943603,0000,038696,0.031968,0.0007,0.1788
2026-08-11T12:57:36.833896,0000,038704,0.062438,0.0014,0.2499
2026-08-11T12:57:38.752652,0000,038712,0.036045,0.0014,0.1899
2026-08-11T12:57:41.264868,0000,038720,0.027307,0.0013,0.1652
2026-08-11T12:57:43.176273,0000,038728,0.017821,-0.0000,0.1335
2026-08-11T12:57:45.325970,0000,038736,0.019142,-0.0002,0.1384
2026-08-11T12:57:47.199550,0000,038744,0.014931,-0.0001,0.1222
2026-08-11T12:57:49.173298,0000,038752,0.053990,0.0004,0.2324
2026-08-11T12:57:51.155736,0000,038760,0.035936,0.0008,0.1896
2026-08-11T12:57:53.124183,0000,038768,0.095765,0.0003,0.3095
2026-08-11T12:57:55.031258,0000,038776,0.016289,-0.0004,0.1276
2026-08-11T12:57:57.074547,0000,038784,0.017221,-0.0007,0.1312
2026-08-11T12:57:59.030416,0000,038792,1.755573,-0.0014,1.3250
2026-08-11T12:58:00.872054,0000,038800,0.038161,0.0002,0.1953
2026-08-11T12:58:03.289595,0000,038808,0.048500,0.0007,0.2202
2026-08-11T12:58:05.262521,0000,038816,0.014013,0.0002,0.1184
2026-08-11T12:58:07.146688,0000,038824,0.016532,-0.0007,0.1286
2026-08-11T12:58:09.128416,0000,038832,0.038774,-0.0009,0.1969
2026-08-11T12:58:11.062733,0000,038840,0.036874,-0.0006,0.1920
2026-08-11T12:58:13.190820,0000,038848,0.027679,0.0002,0.1664
2026-08-11T12:58:15.118533,0000,038856,0.027942,0.0003,0.1672
2026-08-11T12:58:16.971644,0000,038864,0.013446,0.0000,0.1160
2026-08-11T12:58:18.969405,0000,038872,0.035475,-0.0007,0.1883
2026-08-11T12:58:20.936411,0000,038880,0.048025,-0.0010,0.2191
2026-08-11T12:58:22.945096,0000,038888,0.039423,-0.0008,0.1986
2026-08-11T12:58:24.989023,0000,038896,0.016950,0.0002,0.1302
2026-08-11T12:58:26.926051,0000,038904,0.029104,0.0002,0.1706
2026-08-11T12:58:28.752998,0000,038912,0.013051,-0.0001,0.1142
2026-08-11T12:58:30.650467,0000,038920,0.017610,0.0002,0.1327
2026-08-11T12:58:32.456992,0000,038928,0.016030,-0.0002,0.1266
2026-08-11T12:58:34.466440,0000,038936,0.033095,0.0001,0.1819
2026-08-11T12:58:36.496835,0000,038944,0.033677,-0.0002,0.1835
2026-08-11T12:58:38.421252,0000,038952,0.012075,0.0000,0.1099
2026-08-11T12:58:40.393923,0000,038960,0.030686,-0.0004,0.1752
2026-08-11T12:58:42.575733,0000,038968,0.020993,-0.0004,0.1449
2026-08-11T12:58:44.569937,0000,038976,0.040119,0.0005,0.2003
2026-08-11T12:58:46.572784,0000,038984,0.037094,0.0008,0.1926
2026-08-11T12:58:48.785888,0000,038992,0.034695,0.0005,0.1863
2026-08-11T12:58:50.763999,0000,039000,0.047736,-0.0005,0.2185
2026-08-11T12:58:52.949971,0000,039008,0.028842,-0.0007,0.1698
2026-08-11T12:58:54.826108,0000,039016,0.026987,-0.0005,0.1643
2026-08-11T12:58:56.891094,0000,039024,0.035703,0.0004,0.1890
2026-08-11T12:58:58.867590,0000,039032,0.044426,0.0005,0.2108
2026-08-11T12:59:00.837220,0000,039040,0.034080,0.0002,0.1846
2026-08-11T12:59:02.689335,0000,039048,0.027422,-0.0006,0.1656
2026-08-11T12:59:04.650964,0000,039056,0.019111,-0.0009,0.1382
2026-08-11T12:59:06.553998,0000,039064,0.035911,-0.0006,0.1895
2026-08-11T12:59:08.616178,0000,039072,0.037606,0.0001,0.1939
2026-08-11T12:59:10.556858,0000,039080,0.016785,0.0003,0.1296
2026-08-11T12:59:12.516712,0000,039088,0.039543,-0.0001,0.1989
2026-08-11T12:59:14.351546,0000,039096,0.040330,0.0002,0.2008
2026-08-11T12:59:16.263482,0000,039104,0.034581,-0.0001,0.1860
2026-08-11T12:59:18.247452,0000,039112,0.017578,-0.0000,0.1326
2026-08-11T12:59:20.201612,0000,039120,0.028216,0.0009,0.1680
2026-08-11T12:59:22.093164,0000,039128,0.020308,0.0009,0.1425
2026-08-11T12:59:24.013572,0000,039136,0.016775,0.0004,0.1295
2026-08-11T12:59:25.953123,0000,039144,0.019242,-0.0002,0.1387
2026-08-11T12:59:28.012989,0000,039152,0.042516,-0.0006,0.2062
2026-08-11T12:59:30.016801,0000,039160,0.019231,-0.0002,0.1387
2026-08-11T12:59:32.337636,0000,039168,0.034729,0.0006,0.1864
2026-08-11T12:59:34.223268,0000,039176,0.037053,0.0007,0.1925
2026-08-11T12:59:36.497752,0000,039184,0.019898,0.0003,0.1411
2026-08-11T12:59:38.741056,0000,039192,0.078241,-0.0008,0.2797
2026-08-11T12:59:41.092407,0000,039200,0.035629,-0.0009,0.1888
2026-08-11T12:59:43.009627,0000,039208,0.023810,-0.0005,0.1543
2026-08-11T12:59:44.928078,0000,039216,0.021940,0.0004,0.1481
2026-08-11T12:59:46.881219,0000,039224,0.020641,0.0006,0.1437
2026-08-11T12:59:48.795882,0000,039232,0.065065,-0.0002,0.2551
2026-08-11T12:59:50.619589,0000,039240,0.071990,0.0003,0.2683
2026-08-11T12:59:52.639282,0000,039248,0.130346,-0.0001,0.3610
2026-08-11T12:59:54.550561,0000,039256,0.018907,0.0002,0.1375
2026-08-11T12:59:56.478802,0000,039264,0.039679,-0.0003,0.1992
2026-08-11T12:59:58.593724,0000,039272,0.021342,0.0002,0.1461
2026-08-11T13:00:00.470731,0000,039280,0.021466,-0.0002,0.1465
2026-08-11T13:00:02.374928,0000,039288,0.046494,-0.0001,0.2156
2026-08-11T13:00:04.271000,0000,039296,0.019657,0.0008,0.1402
2026-08-11T13:00:06.187041,0000,039304,0.054196,0.0007,0.2328
2026-08-11T13:00:08.070911,0000,039312,0.033421,0.0004,0.1828
2026-08-11T13:00:10.173834,0000,039320,0.018020,-0.0004,0.1342
2026-08-11T13:00:12.039248,0000,039328,0.037943,-0.0007,0.1948
2026-08-11T13:00:14.148799,0000,039336,0.023226,-0.0003,0.1524
2026-08-11T13:00:16.300783,0000,039344,0.026898,0.0004,0.1640
2026-08-11T13:00:18.168994,0000,039352,0.026418,0.0005,0.1625
2026-08-11T13:00:20.130408,0000,039360,0.036590,0.0001,0.1913
2026-08-11T13:00:22.260969,0000,039368,0.023659,-0.0006,0.1538
2026-08-11T13:00:24.432674,0000,039376,0.033266,-0.0009,0.1824
2026-08-11T13:00:26.616951,0000,039384,0.041772,-0.0006,0.2044
2026-08-11T13:00:28.587952,0000,039392,0.041886,0.0003,0.2047
2026-08-11T13:00:30.432183,0000,039400,0.022675,0.0002,0.1506
2026-08-11T13:00:32.215638,0000,039408,0.022154,-0.0000,0.1488
2026-08-11T13:00:34.297106,0000,039416,0.049917,0.0004,0.2234
2026-08-11T13:00:36.123528,0000,039424,0.020540,-0.0001,0.1433
2026-08-11T13:00:38.153591,0000,039432,0.043689,0.0000,0.2090
2026-08-11T13:00:39.974755,0000,039440,0.024327,0.0002,0.1560
2026-08-11T13:00:41.956883,0000,039448,0.024889,-0.0003,0.1578
2026-08-11T13:00:43.861390,0000,039456,0.022425,-0.0001,0.1498
2026-08-11T13:00:45.844920,0000,039464,0.021281,0.0004,0.1459
2026-08-11T13:00:47.702529,0000,039472,0.028521,0.0004,0.1689
2026-08-11T13:00:49.544382,0000,039480,0.025459,-0.0002,0.1596
2026-08-11T13:00:51.454558,0000,039488,0.021806,-0.0001,0.1477
2026-08-11T13:00:53.660086,0000,039496,0.074012,0.0005,0.2721
2026-08-11T13:00:55.707211,0000,039504,0.073137,0.0005,0.2704
2026-08-11T13:00:57.680625,0000,039512,0.020301,-0.0000,0.1425
2026-08-11T13:00:59.608929,0000,039520,0.026658,-0.0000,0.1633
2026-08-11T13:01:01.636619,0000,039528,0.016596,0.0007,0.1288
2026-08-11T13:01:03.618764,0000,039536,0.023014,0.0006,0.1517
2026-08-11T13:01:05.417572,0000,039544,0.032066,0.0001,0.1791
2026-08-11T13:01:07.323449,0000,039552,0.040039,-0.0010,0.2001
2026-08-11T13:01:09.178473,0000,039560,0.028473,-0.0013,0.1687
2026-08-11T13:01:11.073965,0000,039568,0.024697,-0.0011,0.1572
2026-08-11T13:01:13.068973,0000,039576,0.050398,-0.0004,0.2245
2026-08-11T13:01:15.144462,0000,039584,1.583028,0.0001,1.2582
2026-08-11T13:01:16.957828,0000,039592,0.029702,0.0013,0.1723
2026-08-11T13:01:19.015552,0000,039600,0.093918,0.0014,0.3065
2026-08-11T13:01:20.957445,0000,039608,0.036748,0.0006,0.1917
2026-08-11T13:01:22.933297,0000,039616,0.019725,-0.0004,0.1404
2026-08-11T13:01:24.977808,0000,039624,0.046143,-0.0007,0.2148
2026-08-11T13:01:26.923400,0000,039632,0.241142,-0.0007,0.4911
2026-08-11T13:01:29.017205,0000,039640,0.019880,0.0001,0.1410
2026-08-11T13:01:30.855565,0000,039648,0.052191,-0.0002,0.2285
2026-08-11T13:01:33.043191,0000,039656,0.026138,0.0009,0.1617
2026-08-11T13:01:35.200173,0000,039664,0.041900,0.0007,0.2047
2026-08-11T13:01:37.436206,0000,039672,0.027373,0.0002,0.1654
2026-08-11T13:01:39.873878,0000,039680,0.087453,-0.0008,0.2957
2026-08-11T13:01:42.123285,0000,039688,0.045730,-0.0012,0.2138
2026-08-11T13:01:44.782327,0000,039696,0.021864,-0.0009,0.1479
2026-08-11T13:01:46.939996,0000,039704,0.014987,-0.0003,0.1224
2026-08-11T13:01:49.001522,0000,039712,0.035614,0.0009,0.1887
2026-08-11T13:01:51.055439,0000,039720,0.041605,0.0016,0.2040
2026-08-11T13:01:52.958188,0000,039728,0.033737,0.0012,0.1837
2026-08-11T13:01:54.957793,0000,039736,0.024215,0.0008,0.1556
2026-08-11T13:01:57.502403,0000,039744,0.067932,-0.0003,0.2606
2026-08-11T13:01:59.341915,0000,039752,0.028283,-0.0007,0.1682
2026-08-11T13:02:01.136711,0000,039760,0.015690,-0.0006,0.1253
2026-08-11T13:02:03.129879,0000,039768,0.020179,0.0002,0.1421
2026-08-11T13:02:05.157666,0000,039776,0.040872,0.0001,0.2022
2026-08-11T13:02:07.157006,0000,039784,0.042854,-0.0003,0.2070
2026-08-11T13:02:09.111558,0000,039792,0.022011,-0.0003,0.1484
2026-08-11T13:02:10.941213,0000,039800,0.017781,0.0003,0.1333
2026-08-11T13:02:12.990117,0000,039808,0.041278,0.0005,0.2032
2026-08-11T13:02:15.069952,0000,039816,0.013976,0.0001,0.1182
2026-08-11T13:02:17.012068,0000,039824,0.020732,-0.0010,0.1440
2026-08-11T13:02:19.067040,0000,039832,0.024991,-0.0011,0.1581
2026-08-11T13:02:21.048133,0000,039840,0.049757,-0.0012,0.2231
2026-08-11T13:02:23.091257,0000,039848,0.031089,-0.0005,0.1763
2026-08-11T13:02:24.871997,0000,039856,0.019349,0.0006,0.1391
2026-08-11T13:02:27.275534,0000,039864,0.055660,0.0018,0.2359
2026-08-11T13:02:30.047911,0000,039872,0.028494,0.0014,0.1688
2026-08-11T13:02:32.647237,0000,039880,0.046635,0.0008,0.2160
2026-08-11T13:02:35.069974,0000,039888,0.029490,-0.0004,0.1717
2026-08-11T13:02:37.091546,0000,039896,0.018282,-0.0007,0.1352
2026-08-11T13:02:39.320270,0000,039904,0.053496,-0.0008,0.2313
2026-08-11T13:02:41.276545,0000,039912,0.034960,-0.0001,0.1870
2026-08-11T13:02:43.437592,0000,039920,0.045325,0.0012,0.2129
2026-08-11T13:02:45.651700,0000,039928,0.037537,0.0016,0.1937
2026-08-11T13:02:48.277909,0000,039936,0.076853,0.0019,0.2772
2026-08-11T13:02:50.337181,0000,039944,0.032867,0.0008,0.1813
2026-08-11T13:02:52.556395,0000,039952,0.016330,-0.0001,0.1278
2026-08-11T13:02:54.560856,0000,039960,0.017622,-0.0005,0.1327
2026-08-11T13:02:56.480120,0000,039968,0.024423,-0.0003,0.1563
2026-08-11T13:02:58.250772,0000,039976,0.019991,0.0001,0.1414
2026-08-11T13:03:00.367848,0000,039984,0.049516,0.0002,0.2225
2026-08-11T13:03:02.600217,0000,039992,0.040943,-0.0000,0.2023
2026-08-11T13:03:04.860828,0000,040000,0.042762,-0.0013,0.2068
2026-08-11T13:03:06.708799,0000,040008,0.057089,-0.0014,0.2389
2026-08-11T13:03:08.463073,0000,040016,0.019356,-0.0012,0.1391
2026-08-11T13:03:10.727890,0000,040024,0.031999,-0.0002,0.1789
2026-08-11T13:03:12.565264,0000,040032,0.034002,0.0005,0.1844
2026-08-11T13:03:14.372404,0000,040040,0.053706,0.0008,0.2317
2026-08-11T13:03:16.287801,0000,040048,0.038899,0.0007,0.1972
2026-08-11T13:03:18.352666,0000,040056,0.035783,0.0001,0.1892
2026-08-11T13:03:20.381847,0000,040064,0.035655,-0.0012,0.1888
2026-08-11T13:03:22.140909,0000,040072,0.032187,-0.0015,0.1794
2026-08-11T13:03:23.896531,0000,040080,0.024002,-0.0013,0.1549
2026-08-11T13:03:25.637691,0000,040088,0.023510,-0.0009,0.1533
2026-08-11T13:03:27.470753,0000,040096,0.024068,0.0002,0.1551
2026-08-11T13:03:29.556317,0000,040104,0.010390,0.0006,0.1019
2026-08-11T13:03:31.528027,0000,040112,0.017913,0.0005,0.1338
2026-08-11T13:03:33.856493,0000,040120,0.066292,-0.0004,0.2575
2026-08-11T13:03:36.169886,0000,040128,0.028099,-0.0004,0.1676
2026-08-11T13:03:38.228596,0000,040136,0.020743,0.0002,0.1440
2026-08-11T13:03:40.088193,0000,040144,0.023509,0.0001,0.1533
2026-08-11T13:03:42.032465,0000,040152,0.056581,-0.0008,0.2379
2026-08-11T13:03:44.089558,0000,040160,0.022623,-0.0006,0.1504
2026-08-11T13:03:46.458389,0000,040168,0.061934,-0.0002,0.2489
2026-08-11T13:03:48.528163,0000,040176,0.021700,0.0008,0.1473
2026-08-11T13:03:50.483867,0000,040184,0.031943,0.0012,0.1787
2026-08-11T13:03:52.592388,0000,040192,0.028716,0.0011,0.1695
2026-08-11T13:03:54.972626,0000,040200,0.019857,0.0003,0.1409
2026-08-11T13:03:57.105003,0000,040208,0.029990,-0.0009,0.1732
2026-08-11T13:03:59.126024,0000,040216,0.052653,-0.0014,0.2295
2026-08-11T13:04:01.068520,0000,040224,0.026444,-0.0012,0.1626
2026-08-11T13:04:03.052428,0000,040232,0.020500,-0.0008,0.1432
2026-08-11T13:04:05.122171,0000,040240,0.015957,0.0004,0.1263
2026-08-11T13:04:07.372645,0000,040248,0.023264,0.0006,0.1525
2026-08-11T13:04:09.702642,0000,040256,0.011616,0.0006,0.1078
2026-08-11T13:04:11.586538,0000,040264,0.042714,-0.0002,0.2067
2026-08-11T13:04:13.919479,0000,040272,0.016864,-0.0002,0.1299
2026-08-11T13:04:15.925627,0000,040280,0.025392,0.0003,0.1593
2026-08-11T13:04:17.854374,0000,040288,0.014951,0.0002,0.1223
2026-08-11T13:04:19.772467,0000,040296,0.025975,-0.0004,0.1612
2026-08-11T13:04:21.861574,0000,040304,0.037455,-0.0007,0.1935
2026-08-11T13:04:23.778267,0000,040312,0.015817,-0.0000,0.1258
2026-08-11T13:04:25.623001,0000,040320,0.020733,0.0009,0.1440
2026-08-11T13:04:27.820955,0000,040328,0.046276,0.0013,0.2151
2026-08-11T13:04:29.762422,0000,040336,0.051317,0.0010,0.2265
2026-08-11T13:04:31.670957,0000,040344,0.011282,0.0003,0.1062
2026-08-11T13:04:33.569876,0000,040352,0.029388,-0.0008,0.1714
2026-08-11T13:04:35.684960,0000,040360,0.044737,-0.0014,0.2115
2026-08-11T13:04:37.769254,0000,040368,0.058527,-0.0014,0.2419
2026-08-11T13:04:39.773255,0000,040376,0.053355,-0.0007,0.2310
2026-08-11T13:04:41.605452,0000,040384,0.018917,0.0003,0.1375
2026-08-11T13:04:43.648239,0000,040392,0.040576,0.0006,0.2014
2026-08-11T13:04:45.566400,0000,040400,0.040345,0.0006,0.2009
2026-08-11T13:04:47.498515,0000,040408,0.019328,0.0001,0.1390
2026-08-11T13:04:49.552567,0000,040416,0.028551,-0.0012,0.1690
2026-08-11T13:04:51.505026,0000,040424,0.045475,-0.0017,0.2132
2026-08-11T13:04:53.215699,0000,040432,0.023433,-0.0014,0.1531
2026-08-11T13:04:55.286220,0000,040440,0.031647,-0.0010,0.1779
2026-08-11T13:04:57.335096,0000,040448,0.029369,0.0000,0.1714
2026-08-11T13:04:59.357645,0000,040456,0.052848,0.0015,0.2299
2026-08-11T13:05:01.812850,0000,040464,0.054009,0.0026,0.2324
2026-08-11T13:05:03.801362,0000,040472,0.044223,0.0024,0.2103
2026-08-11T13:05:06.119964,0000,040480,0.110120,0.0020,0.3318
2026-08-11T13:05:07.909455,0000,040488,0.048023,0.0012,0.2191
2026-08-11T13:05:09.786076,0000,040496,0.018172,0.0001,0.1348
2026-08-11T13:05:11.822137,0000,040504,0.426252,-0.0018,0.6529
2026-08-11T13:05:13.725866,0000,040512,1.614778,-0.0034,1.2707
2026-08-11T13:05:15.614418,0000,040520,0.089421,-0.0027,0.2990
2026-08-11T13:05:17.720438,0000,040528,0.088670,-0.0030,0.2978
2026-08-11T13:05:19.611785,0000,040536,0.029846,-0.0017,0.1728
2026-08-11T13:05:21.677278,0000,040544,0.016349,-0.0007,0.1279
2026-08-11T13:05:23.726276,0000,040552,1.544989,-0.0002,1.2430
2026-08-11T13:05:25.696471,0000,040560,0.050209,0.0025,0.2241
2026-08-11T13:05:27.788827,0000,040568,0.110189,0.0038,0.3319
2026-08-11T13:05:29.687145,0000,040576,0.135280,0.0043,0.3678
2026-08-11T13:05:32.023137,0000,040584,0.165626,0.0049,0.4070
2026-08-11T13:05:34.127705,0000,040592,0.154990,0.0041,0.3937
2026-08-11T13:05:36.133388,0000,040600,0.087522,0.0027,0.2958
2026-08-11T13:05:38.364023,0000,040608,0.022298,0.0012,0.1493
2026-08-11T13:05:41.039731,0000,040616,0.016932,-0.0007,0.1301
2026-08-11T13:05:43.356366,0000,040624,0.041883,-0.0017,0.2047
2026-08-11T13:05:45.284854,0000,040632,0.041486,-0.0020,0.2037
2026-08-11T13:05:47.503962,0000,040640,0.062383,-0.0020,0.2498
2026-08-11T13:05:49.425922,0000,040648,0.235151,-0.0014,0.4849
2026-08-11T13:05:51.507399,0000,040656,0.021855,-0.0004,0.1478
2026-08-11T13:05:53.940018,0000,040664,0.021049,0.0009,0.1451
2026-08-11T13:05:56.523416,0000,040672,0.039948,0.0020,0.1999
2026-08-11T13:05:58.570773,0000,040680,0.047668,0.0020,0.2183
2026-08-11T13:06:00.475655,0000,040688,0.229659,0.0016,0.4792
2026-08-11T13:06:02.501785,0000,040696,0.016578,0.0010,0.1288
2026-08-11T13:06:04.933341,0000,040704,0.052002,-0.0006,0.2280
2026-08-11T13:06:06.931891,0000,040712,0.017150,-0.0008,0.1310
2026-08-11T13:06:08.840339,0000,040720,0.025051,-0.0009,0.1583
2026-08-11T13:06:10.942845,0000,040728,0.022978,-0.0006,0.1516
2026-08-11T13:06:12.858659,0000,040736,0.025454,0.0004,0.1595
2026-08-11T13:06:14.837892,0000,040744,1.597324,-0.0001,1.2639
2026-08-11T13:06:16.785468,0000,040752,0.032259,0.0005,0.1796
2026-08-11T13:06:18.720560,0000,040760,0.024507,0.0001,0.1565
2026-08-11T13:06:20.638892,0000,040768,0.026037,-0.0011,0.1614
2026-08-11T13:06:22.622915,0000,040776,0.045877,-0.0017,0.2142
2026-08-11T13:06:24.695960,0000,040784,0.093802,-0.0020,0.3063
2026-08-11T13:06:26.929710,0000,040792,0.094552,-0.0013,0.3075
2026-08-11T13:06:29.211152,0000,040800,0.022028,-0.0003,0.1484
2026-08-11T13:06:31.281187,0000,040808,0.034858,0.0014,0.1867
2026-08-11T13:06:33.566486,0000,040816,0.083671,0.0025,0.2893
2026-08-11T13:06:35.629201,0000,040824,0.067303,0.0023,0.2594
2026-08-11T13:06:37.879596,0000,040832,0.038599,0.0020,0.1965
2026-08-11T13:06:40.210258,0000,040840,0.033225,0.0012,0.1823
2026-08-11T13:06:42.152873,0000,040848,0.023088,-0.0000,0.1519
2026-08-11T13:06:44.555389,0000,040856,0.019770,-0.0007,0.1406
2026-08-11T13:06:46.889880,0000,040864,0.037296,-0.0006,0.1931
2026-08-11T13:06:48.926684,0000,040872,0.018505,-0.0002,0.1360
2026-08-11T13:06:50.886928,0000,040880,0.024994,0.0007,0.1581
2026-08-11T13:06:52.855758,0000,040888,0.043904,0.0010,0.2095
2026-08-11T13:06:55.175130,0000,040896,0.045567,0.0010,0.2135
2026-08-11T13:06:57.584820,0000,040904,0.022816,0.0002,0.1510
2026-08-11T13:06:59.832150,0000,040912,0.039860,-0.0009,0.1997
2026-08-11T13:07:02.279077,0000,040920,0.035768,-0.0017,0.1891
2026-08-11T13:07:04.534792,0000,040928,0.096408,-0.0017,0.3105
2026-08-11T13:07:06.443982,0000,040936,0.023143,-0.0008,0.1521
2026-08-11T13:07:08.535000,0000,040944,0.063488,-0.0000,0.2520
2026-08-11T13:07:10.776366,0000,040952,0.033083,0.0016,0.1819
2026-08-11T13:07:13.467748,0000,040960,0.061881,0.0026,0.2488
2026-08-11T13:07:15.282405,0000,040968,0.071750,0.0025,0.2679
2026-08-11T13:07:17.906172,0000,040976,0.061055,0.0024,0.2471
2026-08-11T13:07:19.800376,0000,040984,0.024298,0.0013,0.1559
2026-08-11T13:07:22.022645,0000,040992,0.047990,-0.0003,0.2191
2026-08-11T13:07:23.947635,0000,041000,0.025013,-0.0005,0.1582
2026-08-11T13:07:26.023477,0000,041008,0.028138,-0.0005,0.1677
2026-08-11T13:07:28.145273,0000,041016,0.027573,-0.0002,0.1661
2026-08-11T13:07:30.110810,0000,041024,0.026657,0.0009,0.1633
2026-08-11T13:07:31.963923,0000,041032,0.034363,0.0011,0.1854
2026-08-11T13:07:34.051614,0000,041040,0.041592,0.0009,0.2039
2026-08-11T13:07:35.885447,0000,041048,1.591668,-0.0007,1.2616
2026-08-11T13:07:37.829202,0000,041056,0.044177,0.0002,0.2102
2026-08-11T13:07:39.870705,0000,041064,0.041221,-0.0004,0.2030
2026-08-11T13:07:41.799637,0000,041072,0.069201,-0.0006,0.2631
2026-08-11T13:07:43.757783,0000,041080,0.040887,-0.0000,0.2022
2026-08-11T13:07:45.793888,0000,041088,0.038925,0.0008,0.1973
2026-08-11T13:07:47.710415,0000,041096,0.023393,0.0011,0.1529
2026-08-11T13:07:49.579471,0000,041104,0.048228,0.0009,0.2196
2026-08-11T13:07:51.615886,0000,041112,0.017780,0.0002,0.1333
2026-08-11T13:07:53.418011,0000,041120,0.035774,-0.0008,0.1891
2026-08-11T13:07:55.380579,0000,041128,0.075998,-0.0016,0.2757
2026-08-11T13:07:57.245150,0000,041136,0.044619,-0.0013,0.2112
2026-08-11T13:07:59.551455,0000,041144,0.027389,-0.0010,0.1655
2026-08-11T13:08:01.936898,0000,041152,0.012169,0.0002,0.1103
2026-08-11T13:08:03.903353,0000,041160,0.023490,0.0006,0.1533
2026-08-11T13:08:05.812902,0000,041168,0.019159,0.0004,0.1384
2026-08-11T13:08:07.878341,0000,041176,0.066270,-0.0004,0.2574
2026-08-11T13:08:10.177355,0000,041184,0.056860,-0.0007,0.2385
2026-08-11T13:08:12.045659,0000,041192,0.032008,0.0001,0.1789
2026-08-11T13:08:13.962867,0000,041200,0.054495,0.0000,0.2334
2026-08-11T13:08:15.976337,0000,041208,0.041401,-0.0007,0.2035
2026-08-11T13:08:17.909594,0000,041216,0.031994,-0.0005,0.1789
2026-08-11T13:08:19.856343,0000,041224,0.014201,-0.0001,0.1192
2026-08-11T13:08:21.920331,0000,041232,0.073846,0.0005,0.2717
2026-08-11T13:08:23.962436,0000,041240,0.034636,0.0011,0.1861
2026-08-11T13:08:25.802233,0000,041248,0.048898,0.0009,0.2211
2026-08-11T13:08:27.592204,0000,041256,0.046685,0.0002,0.2161
2026-08-11T13:08:29.374257,0000,041264,0.035311,-0.0010,0.1879
2026-08-11T13:08:31.278664,0000,041272,0.037904,-0.0014,0.1947
2026-08-11T13:08:33.225502,0000,041280,0.034109,-0.0014,0.1847
2026-08-11T13:08:35.087467,0000,041288,0.049331,-0.0009,0.2221
2026-08-11T13:08:36.892608,0000,041296,0.039513,0.0002,0.1988
2026-08-11T13:08:38.767256,0000,041304,0.035191,0.0005,0.1876
2026-08-11T13:08:40.983348,0000,041312,0.046696,0.0004,0.2161
2026-08-11T13:08:42.938437,0000,041320,0.026656,-0.0002,0.1633
2026-08-11T13:08:45.320011,0000,041328,0.025285,-0.0005,0.1590
2026-08-11T13:08:47.291146,0000,041336,0.019536,0.0001,0.1398
2026-08-11T13:08:49.225722,0000,041344,0.021184,-0.0000,0.1455
2026-08-11T13:08:51.172197,0000,041352,0.021452,0.0005,0.1465
2026-08-11T13:08:53.374166,0000,041360,0.014140,0.0003,0.1189
2026-08-11T13:08:55.388737,0000,041368,0.019830,-0.0003,0.1408
2026-08-11T13:08:57.288535,0000,041376,0.047730,-0.0006,0.2185
2026-08-11T13:08:59.421329,0000,041384,0.017288,0.0001,0.1315
2026-08-11T13:09:01.647713,0000,041392,0.053034,-0.0002,0.2303
2026-08-11T13:09:03.520976,0000,041400,0.023151,0.0003,0.1522
2026-08-11T13:09:05.340336,0000,041408,0.010804,0.0002,0.1039
2026-08-11T13:09:07.176553,0000,041416,0.019845,-0.0004,0.1409
2026-08-11T13:09:09.134296,0000,041424,0.028874,-0.0005,0.1699
2026-08-11T13:09:11.151349,0000,041432,0.013140,-0.0000,0.1146
2026-08-11T13:09:13.022287,0000,041440,1.570367,0.0000,1.2531
2026-08-11T13:09:14.964095,0000,041448,0.070882,0.0011,0.2662
2026-08-11T13:09:16.939021,0000,041456,0.031442,0.0010,0.1773
2026-08-11T13:09:18.931713,0000,041464,0.020986,0.0005,0.1449
2026-08-11T13:09:20.999855,0000,041472,0.129448,-0.0011,0.3598
2026-08-11T13:09:22.873971,0000,041480,0.057561,-0.0014,0.2399
2026-08-11T13:09:24.875899,0000,041488,0.048287,-0.0014,0.2197
2026-08-11T13:09:26.926042,0000,041496,0.021151,-0.0009,0.1454
2026-08-11T13:09:28.906320,0000,041504,0.031732,0.0002,0.1781
2026-08-11T13:09:30.881868,0000,041512,0.035022,0.0005,0.1871
2026-08-11T13:09:32.876326,0000,041520,0.019183,0.0004,0.1385
2026-08-11T13:09:34.783828,0000,041528,0.015198,-0.0002,0.1233
2026-08-11T13:09:36.817836,0000,041536,0.055348,-0.0005,0.2353
2026-08-11T13:09:39.048850,0000,041544,0.020547,0.0001,0.1433
2026-08-11T13:09:40.922865,0000,041552,0.025432,-0.0001,0.1595
2026-08-11T13:09:43.198620,0000,041560,0.016006,0.0008,0.1265
2026-08-11T13:09:45.286539,0000,041568,0.041018,0.0002,0.2025
2026-08-11T13:09:47.450937,0000,041576,0.013812,-0.0004,0.1175
2026-08-11T13:09:49.617115,0000,041584,0.020437,-0.0005,0.1430
2026-08-11T13:09:51.668997,0000,041592,0.040654,-0.0000,0.2016
2026-08-11T13:09:53.704083,0000,041600,0.017564,-0.0001,0.1325
2026-08-11T13:09:55.671796,0000,041608,0.026521,0.0004,0.1629
2026-08-11T13:09:57.976140,0000,041616,0.020898,0.0002,0.1446
2026-08-11T13:09:59.846013,0000,041624,0.043970,-0.0004,0.2097
2026-08-11T13:10:01.817885,0000,041632,0.014557,-0.0004,0.1207
2026-08-11T13:10:03.875416,0000,041640,0.026768,0.0001,0.1636
2026-08-11T13:10:06.118232,0000,041648,0.053245,-0.0001,0.2307
2026-08-11T13:10:07.977719,0000,041656,0.033897,0.0003,0.1841
2026-08-11T13:10:10.085811,0000,041664,0.016636,0.0000,0.1290
2026-08-11T13:10:11.961307,0000,041672,0.036043,0.0007,0.1898
2026-08-11T13:10:14.097762,0000,041680,0.022558,0.0005,0.1502
2026-08-11T13:10:16.086025,0000,041688,0.029904,0.0001,0.1729
2026-08-11T13:10:18.063112,0000,041696,0.048725,-0.0012,0.2207
2026-08-11T13:10:20.006294,0000,041704,0.034754,-0.0015,0.1864
2026-08-11T13:10:22.259564,0000,041712,0.052982,-0.0019,0.2302
2026-08-11T13:10:24.343758,0000,041720,0.066520,-0.0011,0.2579
2026-08-11T13:10:26.349266,0000,041728,0.020895,0.0002,0.1446
2026-08-11T13:10:28.315940,0000,041736,0.021376,0.0005,0.1462
2026-08-11T13:10:30.304019,0000,041744,0.015444,0.0004,0.1243
2026-08-11T13:10:32.727931,0000,041752,0.063535,-0.0004,0.2521
2026-08-11T13:10:34.923646,0000,041760,0.029502,-0.0004,0.1718
2026-08-11T13:10:37.027556,0000,041768,0.053846,-0.0000,0.2320
2026-08-11T13:10:39.007885,0000,041776,0.019396,0.0010,0.1393
2026-08-11T13:10:40.992627,0000,041784,0.055407,0.0013,0.2354
2026-08-11T13:10:42.877229,0000,041792,0.023070,0.0012,0.1519
2026-08-11T13:10:44.885399,0000,041800,0.039923,0.0005,0.1998
2026-08-11T13:10:46.824300,0000,041808,0.020966,-0.0006,0.1448
2026-08-11T13:10:49.166913,0000,041816,0.036612,-0.0015,0.1913
2026-08-11T13:10:51.158549,0000,041824,0.020840,-0.0010,0.1444
2026-08-11T13:10:53.159367,0000,041832,0.025152,-0.0006,0.1586
2026-08-11T13:10:55.081941,0000,041840,0.042294,0.0004,0.2057
2026-08-11T13:10:57.075650,0000,041848,0.030992,0.0008,0.1760
2026-08-11T13:10:59.047351,0000,041856,0.039222,0.0007,0.1980
2026-08-11T13:11:00.995704,0000,041864,0.014583,0.0001,0.1208
2026-08-11T13:11:02.779788,0000,041872,0.033959,-0.0009,0.1843
2026-08-11T13:11:04.706571,0000,041880,1.608374,-0.0025,1.2682
2026-08-11T13:11:06.639871,0000,041888,0.024228,-0.0014,0.1557
2026-08-11T13:11:08.462414,0000,041896,0.043957,-0.0009,0.2097
2026-08-11T13:11:10.358109,0000,041904,1.577228,-0.0007,1.2559
2026-08-11T13:11:12.354289,0000,041912,0.056082,0.0016,0.2368
2026-08-11T13:11:14.355563,0000,041920,0.075388,0.0024,0.2746
2026-08-11T13:11:17.144677,0000,041928,0.106908,0.0034,0.3270
2026-08-11T13:11:19.293702,0000,041936,0.052444,0.0023,0.2290
2026-08-11T13:11:21.321438,0000,041944,0.045088,0.0015,0.2123
2026-08-11T13:11:23.248121,0000,041952,0.059420,0.0003,0.2438
2026-08-11T13:11:25.178640,0000,041960,1.572131,-0.0023,1.2538
2026-08-11T13:11:27.147730,0000,041968,0.041965,-0.0021,0.2049
2026-08-11T13:11:29.206769,0000,041976,0.061171,-0.0027,0.2473
2026-08-11T13:11:30.978556,0000,041984,0.040568,-0.0023,0.2014
2026-08-11T13:11:32.846789,0000,041992,0.038512,-0.0017,0.1962
2026-08-11T13:11:34.877393,0000,042000,0.041599,-0.0008,0.2040
2026-08-11T13:11:36.791481,0000,042008,0.022544,0.0008,0.1501
2026-08-11T13:11:38.558054,0000,042016,0.035267,0.0015,0.1878
2026-08-11T13:11:40.357594,0000,042024,0.047559,0.0019,0.2181
2026-08-11T13:11:42.179828,0000,042032,0.040753,0.0017,0.2019
2026-08-11T13:11:43.935181,0000,042040,0.032836,0.0009,0.1812
2026-08-11T13:11:45.797943,0000,042048,0.022006,-0.0002,0.1483
2026-08-11T13:11:47.911116,0000,042056,0.053441,-0.0010,0.2312
2026-08-11T13:11:49.937728,0000,042064,0.022307,-0.0008,0.1494
2026-08-11T13:11:51.987997,0000,042072,0.049508,-0.0004,0.2225
2026-08-11T13:11:53.959787,0000,042080,0.019458,0.0007,0.1395
2026-08-11T13:11:55.839551,0000,042088,0.019790,0.0010,0.1407
2026-08-11T13:11:57.811250,0000,042096,0.059390,0.0008,0.2437
2026-08-11T13:11:59.683198,0000,042104,0.010634,0.0002,0.1031
2026-08-11T13:12:01.888472,0000,042112,0.066135,-0.0012,0.2572
2026-08-11T13:12:03.669681,0000,042120,0.033013,-0.0013,0.1817
2026-08-11T13:12:05.675420,0000,042128,0.041505,-0.0016,0.2037
2026-08-11T13:12:07.710400,0000,042136,0.048141,-0.0010,0.2194
2026-08-11T13:12:09.760351,0000,042144,0.037595,0.0003,0.1939
2026-08-11T13:12:11.606884,0000,042152,0.028593,0.0006,0.1691
2026-08-11T13:12:13.374082,0000,042160,0.017383,0.0004,0.1318
2026-08-11T13:12:15.108370,0000,042168,0.019646,-0.0001,0.1402
2026-08-11T13:12:17.149349,0000,042176,0.051033,-0.0004,0.2259
2026-08-11T13:12:19.264118,0000,042184,0.021120,0.0004,0.1453
2026-08-11T13:12:21.325455,0000,042192,0.046361,0.0002,0.2153
2026-08-11T13:12:23.279114,0000,042200,0.038054,-0.0004,0.1951
2026-08-11T13:12:25.175093,0000,042208,0.032937,-0.0004,0.1815
2026-08-11T13:12:27.210132,0000,042216,0.017999,0.0001,0.1342
2026-08-11T13:12:29.106061,0000,042224,0.027777,-0.0001,0.1667
2026-08-11T13:12:30.952226,0000,042232,0.021837,0.0003,0.1478
2026-08-11T13:12:32.739958,0000,042240,0.015113,0.0002,0.1229
2026-08-11T13:12:34.667423,0000,042248,0.037496,-0.0004,0.1936
2026-08-11T13:12:36.456574,0000,042256,0.034917,-0.0004,0.1869
2026-08-11T13:12:38.367260,0000,042264,0.035754,0.0001,0.1891
2026-08-11T13:12:40.192495,0000,042272,0.019412,0.0000,0.1393
2026-08-11T13:12:42.139922,0000,042280,0.025544,-0.0005,0.1598
2026-08-11T13:12:44.226318,0000,042288,0.039735,-0.0007,0.1993
2026-08-11T13:12:46.350705,0000,042296,0.045594,-0.0002,0.2135
2026-08-11T13:12:48.328312,0000,042304,0.036406,0.0008,0.1908
2026-08-11T13:12:50.538809,0000,042312,0.047406,0.0012,0.2177
2026-08-11T13:12:52.699149,0000,042320,0.071347,0.0009,0.2671
2026-08-11T13:12:54.751517,0000,042328,0.026710,0.0004,0.1634
2026-08-11T13:12:56.665657,0000,042336,0.034950,-0.0008,0.1869
2026-08-11T13:12:58.640125,0000,042344,0.026370,-0.0012,0.1624
2026-08-11T13:13:00.827051,0000,042352,0.028231,-0.0014,0.1680
2026-08-11T13:13:02.698977,0000,042360,0.036477,-0.0007,0.1910
2026-08-11T13:13:04.579047,0000,042368,0.076926,0.0002,0.2774
2026-08-11T13:13:06.640936,0000,042376,0.055058,0.0006,0.2346
2026-08-11T13:13:08.718700,0000,042384,0.072249,0.0005,0.2688
2026-08-11T13:13:10.607003,0000,042392,0.016892,-0.0001,0.1300
2026-08-11T13:13:12.441960,0000,042400,0.036526,0.0001,0.1911
2026-08-11T13:13:14.392422,0000,042408,0.022800,-0.0006,0.1510
2026-08-11T13:13:16.284859,0000,042416,0.020641,-0.0006,0.1437
2026-08-11T13:13:18.330301,0000,042424,0.017887,-0.0002,0.1337
2026-08-11T13:13:20.328833,0000,042432,0.020775,0.0007,0.1441
2026-08-11T13:13:22.330337,0000,042440,0.023464,0.0011,0.1532
2026-08-11T13:13:24.538886,0000,042448,1.593679,-0.0000,1.2624
2026-08-11T13:13:26.603898,0000,042456,0.022003,0.0004,0.1483
2026-08-11T13:13:28.519969,0000,042464,0.019872,-0.0008,0.1410
2026-08-11T13:13:30.442824,0000,042472,0.092626,-0.0014,0.3043
2026-08-11T13:13:32.332974,0000,042480,0.036349,-0.0013,0.1907
2026-08-11T13:13:34.313800,0000,042488,0.023604,-0.0007,0.1536
2026-08-11T13:13:36.562179,0000,042496,1.555571,-0.0007,1.2472
2026-08-11T13:13:38.911769,0000,042504,0.067642,0.0016,0.2601
2026-08-11T13:13:41.422347,0000,042512,0.060653,0.0026,0.2463
2026-08-11T13:13:43.851813,0000,042520,0.070764,0.0027,0.2660
2026-08-11T13:13:46.070450,0000,042528,0.070305,0.0021,0.2652
2026-08-11T13:13:48.120803,0000,042536,0.038618,0.0015,0.1965
2026-08-11T13:13:50.196537,0000,042544,0.014197,0.0004,0.1192
2026-08-11T13:13:52.486565,0000,042552,0.027543,-0.0013,0.1660
2026-08-11T13:13:54.365750,0000,042560,0.056238,-0.0022,0.2371
2026-08-11T13:13:56.247705,0000,042568,0.045485,-0.0024,0.2133
2026-08-11T13:13:58.359197,0000,042576,0.075062,-0.0028,0.2740
2026-08-11T13:14:00.299355,0000,042584,0.048058,-0.0017,0.2192
2026-08-11T13:14:02.403505,0000,042592,0.052937,-0.0008,0.2301
2026-08-11T13:14:04.330794,0000,042600,0.026068,0.0008,0.1615
2026-08-11T13:14:06.799447,0000,042608,0.066324,0.0019,0.2575
2026-08-11T13:14:08.665199,0000,042616,0.039764,0.0019,0.1994
2026-08-11T13:14:10.521831,0000,042624,0.042776,0.0016,0.2068
2026-08-11T13:14:12.417907,0000,042632,0.032627,0.0009,0.1806
2026-08-11T13:14:14.356508,0000,042640,0.036729,-0.0003,0.1916
2026-08-11T13:14:16.431995,0000,042648,0.021031,-0.0008,0.1450
2026-08-11T13:14:18.385529,0000,042656,0.214312,-0.0009,0.4629
2026-08-11T13:14:20.309377,0000,042664,0.013606,-0.0002,0.1166
2026-08-11T13:14:22.300922,0000,042672,0.017976,0.0007,0.1341
2026-08-11T13:14:24.225598,0000,042680,0.028646,0.0010,0.1693
2026-08-11T13:14:26.069399,0000,042688,0.028045,0.0009,0.1675
2026-08-11T13:14:27.976254,0000,042696,0.034523,0.0001,0.1858
2026-08-11T13:14:30.067624,0000,042704,0.033930,-0.0010,0.1842
2026-08-11T13:14:32.272847,0000,042712,0.058689,-0.0015,0.2423
2026-08-11T13:14:34.236439,0000,042720,0.030209,-0.0012,0.1738
2026-08-11T13:14:36.430098,0000,042728,0.026634,-0.0008,0.1632
2026-08-11T13:14:38.379737,0000,042736,0.042113,0.0002,0.2052
2026-08-11T13:14:40.260968,0000,042744,0.011766,0.0007,0.1085
2026-08-11T13:14:42.244878,0000,042752,0.016574,0.0006,0.1287
2026-08-11T13:14:44.103594,0000,042760,0.016626,-0.0001,0.1289
2026-08-11T13:14:45.983502,0000,042768,0.037356,-0.0001,0.1933
2026-08-11T13:14:47.942917,0000,042776,0.012032,0.0003,0.1097
2026-08-11T13:14:49.807551,0000,042784,0.015776,0.0004,0.1256
2026-08-11T13:14:51.841840,0000,042792,0.036568,-0.0005,0.1912
2026-08-11T13:14:53.698492,0000,042800,0.014154,-0.0004,0.1190
2026-08-11T13:14:55.737313,0000,042808,0.026410,-0.0002,0.1625
2026-08-11T13:14:57.600564,0000,042816,0.039812,0.0008,0.1995
2026-08-11T13:14:59.648490,0000,042824,0.054161,0.0013,0.2327
2026-08-11T13:15:01.940676,0000,042832,0.030851,0.0010,0.1756
2026-08-11T13:15:04.380422,0000,042840,0.224556,0.0000,0.4739
2026-08-11T13:15:06.506636,0000,042848,0.042448,0.0002,0.2060
2026-08-11T13:15:08.370976,0000,042856,0.018173,-0.0003,0.1348
2026-08-11T13:15:10.745270,0000,042864,1.603848,-0.0016,1.2664
2026-08-11T13:15:13.048581,0000,042872,0.030461,-0.0001,0.1745
2026-08-11T13:15:14.817362,0000,042880,0.044115,0.0009,0.2100
2026-08-11T13:15:16.760216,0000,042888,0.029046,0.0013,0.1704
2026-08-11T13:15:18.647189,0000,042896,0.076964,0.0010,0.2774
2026-08-11T13:15:20.790242,0000,042904,0.019998,0.0006,0.1414
2026-08-11T13:15:22.876051,0000,042912,0.026607,-0.0006,0.1631
2026-08-11T13:15:24.951061,0000,042920,0.042712,-0.0011,0.2067
2026-08-11T13:15:26.920525,0000,042928,0.020207,-0.0011,0.1422
2026-08-11T13:15:29.298749,0000,042936,0.041756,-0.0009,0.2043
2026-08-11T13:15:31.157269,0000,042944,0.010945,0.0004,0.1046
2026-08-11T13:15:33.609428,0000,042952,0.027041,0.0007,0.1644
2026-08-11T13:15:35.705302,0000,042960,0.022839,0.0007,0.1511
2026-08-11T13:15:37.773118,0000,042968,0.024709,-0.0000,0.1572
2026-08-11T13:15:39.760678,0000,042976,0.040637,-0.0002,0.2016
2026-08-11T13:15:41.777285,0000,042984,0.033962,0.0003,0.1843
2026-08-11T13:15:43.820304,0000,042992,0.032988,0.0002,0.1816
2026-08-11T13:15:45.835791,0000,043000,0.056812,-0.0005,0.2384
2026-08-11T13:15:47.763339,0000,043008,0.023862,-0.0003,0.1545
2026-08-11T13:15:49.756850,0000,043016,0.041925,0.0001,0.2048
2026-08-11T13:15:51.925647,0000,043024,0.087571,-0.0000,0.2959
2026-08-11T13:15:54.059080,0000,043032,0.021817,0.0004,0.1477
2026-08-11T13:15:56.435476,0000,043040,0.023517,0.0005,0.1534
2026-08-11T13:15:58.415245,0000,043048,0.023955,-0.0003,0.1548
2026-08-11T13:16:00.387274,0000,043056,0.034356,-0.0003,0.1854
2026-08-11T13:16:02.616612,0000,043064,0.052032,-0.0002,0.2281
2026-08-11T13:16:04.721352,0000,043072,0.031617,0.0012,0.1778
2026-08-11T13:16:06.540259,0000,043080,0.045801,0.0013,0.2140
2026-08-11T13:16:09.137847,0000,043088,0.038901,0.0012,0.1972
2026-08-11T13:16:11.403643,0000,043096,0.029693,0.0006,0.1723
2026-08-11T13:16:14.159718,0000,043104,0.026699,-0.0007,0.1634
2026-08-11T13:16:16.372367,0000,043112,0.028815,-0.0011,0.1697
2026-08-11T13:16:19.227576,0000,043120,0.050500,-0.0015,0.2247
2026-08-11T13:16:21.475296,0000,043128,0.020474,-0.0005,0.1431
2026-08-11T13:16:23.325378,0000,043136,0.046602,0.0003,0.2159
2026-08-11T13:16:25.342604,0000,043144,0.026388,0.0008,0.1624
2026-08-11T13:16:27.530221,0000,043152,0.059865,0.0005,0.2447
2026-08-11T13:16:29.442961,0000,043160,0.029421,0.0000,0.1715
2026-08-11T13:16:31.363562,0000,043168,0.029051,-0.0011,0.1704
2026-08-11T13:16:33.429143,0000,043176,0.029011,-0.0017,0.1703
2026-08-11T13:16:35.334636,0000,043184,0.034380,-0.0014,0.1854
2026-08-11T13:16:37.726962,0000,043192,0.036696,-0.0009,0.1916
2026-08-11T13:16:39.884531,0000,043200,0.024457,0.0002,0.1564
2026-08-11T13:16:42.212056,0000,043208,0.055211,0.0006,0.2350
2026-08-11T13:16:44.264749,0000,043216,0.052086,0.0004,0.2282
2026-08-11T13:16:46.318553,0000,043224,0.011667,-0.0001,0.1080
2026-08-11T13:16:48.228172,0000,043232,0.018291,-0.0003,0.1352
2026-08-11T13:16:50.222103,0000,043240,0.015163,0.0003,0.1231
2026-08-11T13:16:52.168982,0000,043248,0.030154,0.0002,0.1737
2026-08-11T13:16:54.102914,0000,043256,0.026362,-0.0006,0.1624
2026-08-11T13:16:56.105609,0000,043264,0.069607,-0.0007,0.2638
2026-08-11T13:16:58.311506,0000,043272,0.011751,-0.0001,0.1084
2026-08-11T13:17:00.611990,0000,043280,0.051194,0.0009,0.2263
2026-08-11T13:17:02.691586,0000,043288,0.041797,0.0012,0.2044
2026-08-11T13:17:04.932010,0000,043296,0.027625,0.0011,0.1662
2026-08-11T13:17:06.737222,0000,043304,0.022110,0.0004,0.1487
2026-08-11T13:17:08.917837,0000,043312,0.050447,-0.0009,0.2246
2026-08-11T13:17:10.816898,0000,043320,0.029486,-0.0012,0.1717
2026-08-11T13:17:12.893942,0000,043328,0.091830,-0.0014,0.3030
2026-08-11T13:17:15.420784,0000,043336,0.061804,-0.0010,0.2486
2026-08-11T13:17:17.331073,0000,043344,0.040280,0.0003,0.2007
2026-08-11T13:17:19.399932,0000,043352,0.027646,0.0007,0.1663
2026-08-11T13:17:21.391141,0000,043360,0.046870,0.0004,0.2165
2026-08-11T13:17:23.521962,0000,043368,0.021032,0.0000,0.1450
2026-08-11T13:17:25.651902,0000,043376,0.037981,-0.0010,0.1949
2026-08-11T13:17:27.656545,0000,043384,0.050363,-0.0015,0.2244
2026-08-11T13:17:29.834734,0000,043392,0.064807,-0.0016,0.2546
2026-08-11T13:17:31.755970,0000,043400,0.029003,-0.0009,0.1703
2026-08-11T13:17:33.708541,0000,043408,0.059667,0.0000,0.2443
2026-08-11T13:17:35.753629,0000,043416,0.019484,0.0006,0.1396
2026-08-11T13:17:37.904512,0000,043424,0.015697,0.0004,0.1253
2026-08-11T13:17:39.814794,0000,043432,0.031005,-0.0003,0.1761
2026-08-11T13:17:41.904480,0000,043440,0.022692,-0.0003,0.1506
2026-08-11T13:17:43.739176,0000,043448,0.021178,0.0002,0.1455
2026-08-11T13:17:45.818797,0000,043456,0.013575,0.0001,0.1165
2026-08-11T13:17:47.992200,0000,043464,0.066617,-0.0007,0.2581
2026-08-11T13:17:50.002737,0000,043472,0.019631,-0.0006,0.1401
2026-08-11T13:17:51.970846,0000,043480,0.034627,0.0001,0.1861
2026-08-11T13:17:53.850714,0000,043488,0.032935,-0.0000,0.1815
2026-08-11T13:17:55.803954,0000,043496,1.589918,-0.0016,1.2609
2026-08-11T13:17:58.097890,0000,043504,0.039731,-0.0009,0.1993
2026-08-11T13:18:00.201338,0000,043512,0.063613,-0.0002,0.2522
2026-08-11T13:18:02.498690,0000,043520,0.045565,0.0007,0.2135
2026-08-11T13:18:04.791179,0000,043528,0.015475,0.0011,0.1244
2026-08-11T13:18:06.937727,0000,043536,0.024485,0.0009,0.1565
2026-08-11T13:18:09.230768,0000,043544,0.054227,0.0003,0.2329
2026-08-11T13:18:11.297647,0000,043552,0.023102,-0.0007,0.1520
2026-08-11T13:18:13.305933,0000,043560,0.066199,-0.0012,0.2573
2026-08-11T13:18:15.090837,0000,043568,0.022994,-0.0011,0.1516
2026-08-11T13:18:17.027657,0000,043576,0.132403,-0.0007,0.3639
2026-08-11T13:18:18.991191,0000,043584,0.025792,0.0003,0.1606
2026-08-11T13:18:21.101896,0000,043592,0.049299,0.0007,0.2220
2026-08-11T13:18:22.970451,0000,043600,0.014464,0.0006,0.1203
2026-08-11T13:18:24.912594,0000,043608,0.078109,-0.0001,0.2795
2026-08-11T13:18:26.730647,0000,043616,0.015126,-0.0000,0.1230
2026-08-11T13:18:28.748786,0000,043624,0.026936,0.0003,0.1641
2026-08-11T13:18:30.812791,0000,043632,0.019246,0.0004,0.1387
2026-08-11T13:18:32.904751,0000,043640,0.043063,-0.0004,0.2075
2026-08-11T13:18:34.913374,0000,043648,0.029295,-0.0002,0.1712
2026-08-11T13:18:36.912527,0000,043656,0.028487,0.0002,0.1688
2026-08-11T13:18:38.762544,0000,043664,0.043376,0.0000,0.2083
2026-08-11T13:18:40.833754,0000,043672,0.056115,-0.0008,0.2369
2026-08-11T13:18:43.127547,0000,043680,0.039023,-0.0006,0.1975
2026-08-11T13:18:45.484617,0000,043688,0.032293,-0.0002,0.1797
2026-08-11T13:18:47.924565,0000,043696,0.041060,0.0010,0.2026
2026-08-11T13:18:50.297729,0000,043704,0.033009,0.0015,0.1817
2026-08-11T13:18:52.041425,0000,043712,0.046379,0.0010,0.2154
2026-08-11T13:18:53.931405,0000,043720,0.068430,0.0001,0.2616
2026-08-11T13:18:56.071626,0000,043728,0.016729,-0.0006,0.1293
2026-08-11T13:18:58.264084,0000,043736,0.035927,-0.0013,0.1895
2026-08-11T13:19:00.711661,0000,043744,0.021308,-0.0010,0.1460
2026-08-11T13:19:02.916539,0000,043752,0.028739,-0.0007,0.1695
2026-08-11T13:19:04.711229,0000,043760,0.014328,0.0006,0.1197
2026-08-11T13:19:06.456808,0000,043768,0.034692,0.0008,0.1863
2026-08-11T13:19:08.237774,0000,043776,0.033151,0.0007,0.1821
2026-08-11T13:19:10.495380,0000,043784,0.080056,-0.0003,0.2829
2026-08-11T13:19:12.470730,0000,043792,0.024610,0.0002,0.1569
2026-08-11T13:19:14.480755,0000,043800,0.024799,-0.0006,0.1575
2026-08-11T13:19:16.237475,0000,043808,0.103409,-0.0006,0.3216
2026-08-11T13:19:18.351184,0000,043816,0.045749,-0.0002,0.2139
2026-08-11T13:19:20.408261,0000,043824,0.024633,0.0010,0.1569
2026-08-11T13:19:22.666549,0000,043832,0.032697,0.0014,0.1808
2026-08-11T13:19:25.001548,0000,043840,0.034422,0.0009,0.1855
2026-08-11T13:19:26.905274,0000,043848,0.036180,0.0003,0.1902
2026-08-11T13:19:28.913091,0000,043856,0.033182,-0.0006,0.1822
2026-08-11T13:19:30.917647,0000,043864,0.031314,-0.0012,0.1770
2026-08-11T13:19:32.870154,0000,043872,0.045564,-0.0011,0.2135
2026-08-11T13:19:35.237165,0000,043880,0.025905,-0.0005,0.1609
2026-08-11T13:19:37.278308,0000,043888,0.040160,0.0003,0.2004
2026-08-11T13:19:39.228176,0000,043896,0.022480,0.0008,0.1499
2026-08-11T13:19:41.177547,0000,043904,0.025470,0.0007,0.1596
2026-08-11T13:19:43.445480,0000,043912,0.012252,0.0001,0.1107
2026-08-11T13:19:45.482609,0000,043920,0.018329,-0.0010,0.1354
2026-08-11T13:19:47.295298,0000,043928,0.019593,-0.0014,0.1400
2026-08-11T13:19:49.137830,0000,043936,0.046563,-0.0014,0.2158
2026-08-11T13:19:51.292449,0000,043944,0.027927,-0.0008,0.1671
2026-08-11T13:19:53.051372,0000,043952,0.016733,0.0002,0.1294
2026-08-11T13:19:54.990676,0000,043960,0.024895,0.0007,0.1578
2026-08-11T13:19:56.957409,0000,043968,0.031600,0.0007,0.1778
2026-08-11T13:19:58.713532,0000,043976,0.016556,-0.0001,0.1287
2026-08-11T13:20:00.481720,0000,043984,0.018833,-0.0000,0.1372
2026-08-11T13:20:02.465123,0000,043992,0.021275,0.0004,0.1459
2026-08-11T13:20:04.318288,0000,044000,0.072627,0.0001,0.2695
2026-08-11T13:20:06.216625,0000,044008,0.026189,-0.0003,0.1618
2026-08-11T13:20:08.132010,0000,044016,0.030305,-0.0003,0.1741
2026-08-11T13:20:10.449315,0000,044024,0.017332,0.0001,0.1317
2026-08-11T13:20:12.287469,0000,044032,0.017327,-0.0000,0.1316
2026-08-11T13:20:14.159324,0000,044040,0.036340,0.0003,0.1906
2026-08-11T13:20:16.092150,0000,044048,0.046577,0.0001,0.2158
2026-08-11T13:20:18.005713,0000,044056,0.019337,-0.0002,0.1391
2026-08-11T13:20:20.105120,0000,044064,0.080672,-0.0006,0.2840
2026-08-11T13:20:22.301023,0000,044072,0.057418,0.0001,0.2396
2026-08-11T13:20:24.362155,0000,044080,1.555005,-0.0007,1.2470
2026-08-11T13:20:26.266252,0000,044088,0.024437,0.0005,0.1563
2026-08-11T13:20:28.081328,0000,044096,0.031936,0.0004,0.1787
2026-08-11T13:20:30.022023,0000,044104,0.015979,-0.0001,0.1264
2026-08-11T13:20:31.936279,0000,044112,0.042384,-0.0002,0.2059
2026-08-11T13:20:33.912032,0000,044120,0.023560,0.0003,0.1535
2026-08-11T13:20:35.818744,0000,044128,0.019755,0.0001,0.1406
2026-08-11T13:20:37.844235,0000,044136,0.027731,-0.0005,0.1665
2026-08-11T13:20:39.807519,0000,044144,0.036270,-0.0004,0.1904
2026-08-11T13:20:41.968923,0000,044152,0.013074,0.0000,0.1143
2026-08-11T13:20:43.909039,0000,044160,0.017840,-0.0001,0.1336
2026-08-11T13:20:45.928339,0000,044168,0.018082,0.0004,0.1345
2026-08-11T13:20:47.852090,0000,044176,0.021770,0.0003,0.1475
2026-08-11T13:20:49.983581,0000,044184,0.030936,-0.0005,0.1759
2026-08-11T13:20:51.848044,0000,044192,0.035859,-0.0003,0.1894
2026-08-11T13:20:53.880285,0000,044200,0.016300,0.0001,0.1277
2026-08-11T13:20:55.772289,0000,044208,0.022383,0.0001,0.1496
2026-08-11T13:20:57.733646,0000,044216,0.021750,-0.0005,0.1475
2026-08-11T13:20:59.928000,0000,044224,0.018150,-0.0005,0.1347
2026-08-11T13:21:01.903010,0000,044232,0.076070,0.0000,0.2758
2026-08-11T13:21:03.977290,0000,044240,0.031110,-0.0002,0.1764
2026-08-11T13:21:05.997091,0000,044248,0.047025,0.0004,0.2169
2026-08-11T13:21:08.031657,0000,044256,0.053668,0.0001,0.2317
2026-08-11T13:21:10.189057,0000,044264,0.039405,-0.0007,0.1985
2026-08-11T13:21:12.197973,0000,044272,0.024544,-0.0003,0.1567
2026-08-11T13:21:14.000268,0000,044280,0.016582,0.0002,0.1288
2026-08-11T13:21:16.134757,0000,044288,0.025699,0.0002,0.1603
2026-08-11T13:21:18.109641,0000,044296,0.020824,-0.0006,0.1443
2026-08-11T13:21:20.158051,0000,044304,0.028669,-0.0005,0.1693
2026-08-11T13:21:22.060160,0000,044312,0.023301,-0.0001,0.1526
2026-08-11T13:21:23.884948,0000,044320,0.034632,0.0010,0.1861
2026-08-11T13:21:25.816638,0000,044328,0.036787,0.0014,0.1918
2026-08-11T13:21:27.867361,0000,044336,0.021034,0.0012,0.1450
2026-08-11T13:21:29.912025,0000,044344,0.020058,0.0005,0.1416
2026-08-11T13:21:31.921695,0000,044352,0.053026,-0.0007,0.2303
2026-08-11T13:21:34.122095,0000,044360,0.064196,-0.0014,0.2534
2026-08-11T13:21:36.027065,0000,044368,0.021112,-0.0011,0.1453
2026-08-11T13:21:38.327966,0000,044376,0.036694,-0.0008,0.1916
2026-08-11T13:21:40.243893,0000,044384,0.011732,0.0005,0.1083
2026-08-11T13:21:42.195688,0000,044392,0.040478,0.0007,0.2012
2026-08-11T13:21:44.047357,0000,044400,0.030690,0.0006,0.1752
2026-08-11T13:21:45.954859,0000,044408,0.022589,-0.0000,0.1503
2026-08-11T13:21:48.250088,0000,044416,0.021820,-0.0000,0.1477
2026-08-11T13:21:50.229597,0000,044424,0.014606,0.0005,0.1209
2026-08-11T13:21:52.152240,0000,044432,0.046936,0.0001,0.2166
2026-08-11T13:21:54.179083,0000,044440,0.022645,-0.0005,0.1505
2026-08-11T13:21:56.073496,0000,044448,0.031753,-0.0003,0.1782
2026-08-11T13:21:58.101394,0000,044456,0.030218,0.0001,0.1738
2026-08-11T13:22:00.029155,0000,044464,0.013306,0.0001,0.1154
2026-08-11T13:22:02.030310,0000,044472,0.029171,-0.0004,0.1708
2026-08-11T13:22:04.032066,0000,044480,0.027682,-0.0005,0.1664
2026-08-11T13:22:05.799436,0000,044488,0.042308,-0.0001,0.2057
2026-08-11T13:22:07.805978,0000,044496,0.017526,0.0011,0.1324
2026-08-11T13:22:09.721464,0000,044504,0.024782,0.0012,0.1574
2026-08-11T13:22:11.463015,0000,044512,0.016368,0.0010,0.1279
2026-08-11T13:22:13.461858,0000,044520,0.025670,0.0005,0.1602
2026-08-11T13:22:15.318408,0000,044528,0.019488,-0.0006,0.1396
2026-08-11T13:22:17.189817,0000,044536,0.031260,-0.0011,0.1768
2026-08-11T13:22:19.096765,0000,044544,0.049194,-0.0013,0.2218
2026-08-11T13:22:20.871401,0000,044552,0.088111,-0.0005,0.2968
2026-08-11T13:22:22.926308,0000,044560,1.567989,-0.0005,1.2522
2026-08-11T13:22:25.122226,0000,044568,0.045184,0.0020,0.2126
2026-08-11T13:22:27.344757,0000,044576,0.123896,0.0026,0.3520
2026-08-11T13:22:29.866234,0000,044584,0.078143,0.0031,0.2795
2026-08-11T13:22:32.443638,0000,044592,0.092629,0.0032,0.3044
2026-08-11T13:22:34.444681,0000,044600,0.046467,0.0017,0.2156
2026-08-11T13:22:36.510904,0000,044608,0.029815,0.0004,0.1727
2026-08-11T13:22:38.712472,0000,044616,0.037384,-0.0012,0.1934
2026-08-11T13:22:40.601541,0000,044624,0.038987,-0.0020,0.1975
2026-08-11T13:22:42.773784,0000,044632,0.083852,-0.0026,0.2896
2026-08-11T13:22:44.828216,0000,044640,0.049673,-0.0024,0.2229
2026-08-11T13:22:47.060818,0000,044648,0.045781,-0.0017,0.2140
2026-08-11T13:22:49.006694,0000,044656,0.067035,-0.0006,0.2589
2026-08-11T13:22:51.170488,0000,044664,0.021206,0.0010,0.1456
2026-08-11T13:22:53.372692,0000,044672,1.603843,0.0012,1.2664
2026-08-11T13:22:55.214366,0000,044680,0.038951,0.0021,0.1974
2026-08-11T13:22:57.116207,0000,044688,0.043214,0.0018,0.2079
2026-08-11T13:22:59.008324,0000,044696,0.026287,0.0010,0.1621
2026-08-11T13:23:00.826779,0000,044704,0.037617,-0.0001,0.1940
2026-08-11T13:23:02.748185,0000,044712,0.024702,-0.0007,0.1572
2026-08-11T13:23:04.913421,0000,044720,0.046388,-0.0007,0.2154
2026-08-11T13:23:06.858359,0000,044728,0.018477,-0.0001,0.1359
2026-08-11T13:23:08.704209,0000,044736,0.036158,0.0008,0.1902
2026-08-11T13:23:10.607836,0000,044744,0.025941,0.0011,0.1611
2026-08-11T13:23:12.672110,0000,044752,0.036285,0.0011,0.1905
2026-08-11T13:23:14.964443,0000,044760,0.018690,0.0003,0.1367
2026-08-11T13:23:16.817447,0000,044768,0.033210,-0.0008,0.1822
2026-08-11T13:23:18.920344,0000,044776,0.052907,-0.0014,0.2300
2026-08-11T13:23:20.846272,0000,044784,0.032908,-0.0011,0.1814
2026-08-11T13:23:22.977506,0000,044792,0.023834,-0.0008,0.1544
2026-08-11T13:23:25.153567,0000,044800,0.023176,0.0005,0.1522
2026-08-11T13:23:27.218353,0000,044808,0.039712,0.0009,0.1993
2026-08-11T13:23:29.025388,0000,044816,0.024706,0.0007,0.1572
2026-08-11T13:23:30.810786,0000,044824,1.643111,-0.0009,1.2818
2026-08-11T13:23:32.786270,0000,044832,0.014507,0.0000,0.1204
2026-08-11T13:23:35.423501,0000,044840,0.024893,-0.0008,0.1578
2026-08-11T13:23:37.642316,0000,044848,0.013623,-0.0005,0.1167
2026-08-11T13:23:39.792330,0000,044856,0.028478,0.0000,0.1688
2026-08-11T13:23:41.800048,0000,044864,0.059236,-0.0001,0.2434
2026-08-11T13:23:43.780648,0000,044872,0.027044,0.0003,0.1645
2026-08-11T13:23:46.296824,0000,044880,0.050309,0.0004,0.2243
2026-08-11T13:23:48.196846,0000,044888,0.040703,-0.0002,0.2018
2026-08-11T13:23:50.031418,0000,044896,0.025060,-0.0004,0.1583
2026-08-11T13:23:52.115641,0000,044904,0.073749,-0.0002,0.2716
2026-08-11T13:23:54.191531,0000,044912,0.023735,0.0012,0.1541
2026-08-11T13:23:56.006018,0000,044920,0.032217,0.0015,0.1795
2026-08-11T13:23:58.118977,0000,044928,0.063368,0.0012,0.2517
2026-08-11T13:24:00.049269,0000,044936,0.043562,0.0005,0.2087
2026-08-11T13:24:02.117697,0000,044944,0.027475,-0.0005,0.1658
2026-08-11T13:24:04.240447,0000,044952,0.038215,-0.0010,0.1955
2026-08-11T13:24:06.304536,0000,044960,0.039752,-0.0010,0.1994
2026-08-11T13:24:08.300227,0000,044968,0.011762,-0.0004,0.1085
2026-08-11T13:24:10.453290,0000,044976,0.021722,0.0005,0.1474
2026-08-11T13:24:12.350174,0000,044984,0.035463,0.0007,0.1883
2026-08-11T13:24:14.274337,0000,044992,0.040300,0.0006,0.2007
2026-08-11T13:24:16.274212,0000,045000,0.022739,0.0001,0.1508
2026-08-11T13:24:18.191647,0000,045008,0.023008,-0.0009,0.1517
2026-08-11T13:24:20.154378,0000,045016,0.029815,-0.0013,0.1727
2026-08-11T13:24:22.155814,0000,045024,0.056824,-0.0014,0.2384
2026-08-11T13:24:24.313674,0000,045032,0.024707,-0.0007,0.1572
2026-08-11T13:24:26.528633,0000,045040,0.041687,0.0003,0.2042
2026-08-11T13:24:28.348285,0000,045048,0.042222,0.0006,0.2055
2026-08-11T13:24:30.313877,0000,045056,0.034913,0.0005,0.1868
2026-08-11T13:24:32.436850,0000,045064,0.033717,-0.0000,0.1836
2026-08-11T13:24:34.478594,0000,045072,0.076029,-0.0004,0.2757
2026-08-11T13:24:36.365120,0000,045080,0.020967,0.0004,0.1448
2026-08-11T13:24:38.280574,0000,045088,0.027343,0.0003,0.1654
2026-08-11T13:24:40.157874,0000,045096,0.048026,-0.0004,0.2191
2026-08-11T13:24:42.124641,0000,045104,0.231965,-0.0006,0.4816
2026-08-11T13:24:44.046668,0000,045112,0.041828,0.0001,0.2045
2026-08-11T13:24:46.123424,0000,045120,0.021224,-0.0001,0.1457
2026-08-11T13:24:47.930498,0000,045128,0.019528,0.0006,0.1397
2026-08-11T13:24:49.903286,0000,045136,0.018883,0.0004,0.1374
2026-08-11T13:24:51.945909,0000,045144,0.032503,-0.0002,0.1803
2026-08-11T13:24:53.790317,0000,045152,0.035334,-0.0002,0.1880
2026-08-11T13:24:56.025316,0000,045160,0.027603,-0.0001,0.1661
2026-08-11T13:24:57.925506,0000,045168,0.056440,0.0011,0.2376
2026-08-11T13:24:59.776764,0000,045176,0.098707,0.0014,0.3142
2026-08-11T13:25:01.862970,0000,045184,0.045472,0.0011,0.2132
2026-08-11T13:25:03.940432,0000,045192,0.011224,0.0006,0.1059
2026-08-11T13:25:05.734785,0000,045200,0.022279,-0.0005,0.1493
2026-08-11T13:25:07.634581,0000,045208,0.021239,-0.0011,0.1457
2026-08-11T13:25:09.943770,0000,045216,0.063372,-0.0012,0.2517
2026-08-11T13:25:11.887082,0000,045224,0.033637,-0.0004,0.1834
2026-08-11T13:25:13.972811,0000,045232,0.016222,0.0006,0.1274
2026-08-11T13:25:16.112836,0000,045240,0.054933,0.0007,0.2344
2026-08-11T13:25:18.179583,0000,045248,0.023750,0.0007,0.1541
2026-08-11T13:25:20.156924,0000,045256,0.018607,0.0001,0.1364
2026-08-11T13:25:22.192869,0000,045264,0.043733,-0.0011,0.2091
2026-08-11T13:25:24.340525,0000,045272,0.026874,-0.0014,0.1639
2026-08-11T13:25:26.300874,0000,045280,0.040513,-0.0013,0.2013
2026-08-11T13:25:28.273321,0000,045288,0.043823,-0.0007,0.2093
2026-08-11T13:25:30.063453,0000,045296,0.021428,0.0002,0.1464
2026-08-11T13:25:31.949547,0000,045304,0.056612,0.0004,0.2379
2026-08-11T13:25:33.915339,0000,045312,0.016137,0.0007,0.1270
2026-08-11T13:25:35.868552,0000,045320,0.034391,0.0000,0.1854
2026-08-11T13:25:37.745331,0000,045328,0.031907,-0.0011,0.1786
2026-08-11T13:25:39.709505,0000,045336,0.047932,-0.0015,0.2189
2026-08-11T13:25:41.540717,0000,045344,0.034052,-0.0013,0.1845
2026-08-11T13:25:43.764699,0000,045352,0.033449,-0.0012,0.1829
2026-08-11T13:25:45.632080,0000,045360,0.047988,0.0002,0.2191
2026-08-11T13:25:47.434236,0000,045368,0.017028,0.0006,0.1305
2026-08-11T13:25:49.244424,0000,045376,0.015053,0.0005,0.1227
2026-08-11T13:25:51.086045,0000,045384,0.041694,-0.0001,0.2042
2026-08-11T13:25:53.097424,0000,045392,0.051150,-0.0003,0.2262
2026-08-11T13:25:55.178935,0000,045400,0.030952,0.0005,0.1759
2026-08-11T13:25:57.220407,0000,045408,0.016921,0.0002,0.1301
2026-08-11T13:25:59.832393,0000,045416,0.024874,-0.0005,0.1577
2026-08-11T13:26:02.019666,0000,045424,0.017785,-0.0005,0.1334
2026-08-11T13:26:03.830307,0000,045432,0.049385,-0.0000,0.2222
2026-08-11T13:26:05.821058,0000,045440,0.032370,0.0010,0.1799
2026-08-11T13:26:07.670142,0000,045448,0.041013,0.0011,0.2025
2026-08-11T13:26:09.694373,0000,045456,0.035064,0.0013,0.1873
2026-08-11T13:26:11.806048,0000,045464,0.031642,0.0005,0.1779
2026-08-11T13:26:13.788469,0000,045472,0.032980,-0.0006,0.1816
2026-08-11T13:26:15.571382,0000,045480,0.046271,-0.0011,0.2151
2026-08-11T13:26:17.743252,0000,045488,0.027948,-0.0012,0.1672
2026-08-11T13:26:19.931958,0000,045496,0.038143,-0.0007,0.1953
2026-08-11T13:26:21.976213,0000,045504,0.019131,0.0006,0.1383
2026-08-11T13:26:24.224528,0000,045512,0.110909,0.0009,0.3330
2026-08-11T13:26:26.338479,0000,045520,0.015896,0.0007,0.1261
2026-08-11T13:26:28.613121,0000,045528,0.038645,0.0002,0.1966
2026-08-11T13:26:30.806282,0000,045536,0.068374,-0.0011,0.2615
2026-08-11T13:26:32.863737,0000,045544,0.049227,-0.0014,0.2219
2026-08-11T13:26:34.733373,0000,045552,0.038432,-0.0012,0.1960
2026-08-11T13:26:36.700437,0000,045560,0.012445,-0.0007,0.1116
2026-08-11T13:26:38.813999,0000,045568,0.012368,0.0004,0.1112
2026-08-11T13:26:40.842647,0000,045576,0.041804,0.0006,0.2045
2026-08-11T13:26:43.161430,0000,045584,0.029880,0.0005,0.1729
2026-08-11T13:26:45.195565,0000,045592,0.055139,-0.0000,0.2348
2026-08-11T13:26:47.226550,0000,045600,0.035541,-0.0001,0.1885
2026-08-11T13:26:49.578433,0000,045608,0.065807,0.0002,0.2565
2026-08-11T13:26:51.524613,0000,045616,0.035441,0.0002,0.1883
2026-08-11T13:26:53.552961,0000,045624,0.040026,-0.0002,0.2001
2026-08-11T13:26:56.039063,0000,045632,0.037905,-0.0004,0.1947
2026-08-11T13:26:59.140104,0000,045640,0.019278,0.0003,0.1388
2026-08-11T13:27:01.829178,0000,045648,0.025719,0.0001,0.1604
2026-08-11T13:27:03.570304,0000,045656,0.042754,-0.0005,0.2068
2026-08-11T13:27:05.774431,0000,045664,0.018309,-0.0005,0.1353
2026-08-11T13:27:07.830673,0000,045672,0.025254,-0.0000,0.1589
2026-08-11T13:27:10.145818,0000,045680,0.025944,0.0010,0.1611
2026-08-11T13:27:12.210175,0000,045688,0.056302,0.0011,0.2373
2026-08-11T13:27:14.253793,0000,045696,0.046806,0.0012,0.2163
2026-08-11T13:27:16.617813,0000,045704,0.033716,0.0004,0.1836
2026-08-11T13:27:18.658563,0000,045712,0.038018,-0.0007,0.1950
2026-08-11T13:27:20.786588,0000,045720,0.024428,-0.0009,0.1563
2026-08-11T13:27:22.661137,0000,045728,0.038014,-0.0010,0.1950
2026-08-11T13:27:24.876229,0000,045736,0.073596,-0.0007,0.2713
2026-08-11T13:27:26.841642,0000,045744,0.030626,0.0004,0.1750
2026-08-11T13:27:28.861285,0000,045752,0.038635,0.0009,0.1966
2026-08-11T13:27:30.788106,0000,045760,0.018221,0.0008,0.1350
2026-08-11T13:27:33.115993,0000,045768,0.036451,-0.0000,0.1909
2026-08-11T13:27:35.086444,0000,045776,0.014964,0.0001,0.1223
2026-08-11T13:27:37.230967,0000,045784,0.072056,-0.0007,0.2684
2026-08-11T13:27:39.332577,0000,045792,0.029967,-0.0005,0.1731
2026-08-11T13:27:41.071404,0000,045800,0.206922,-0.0001,0.4549
2026-08-11T13:27:43.213269,0000,045808,0.047140,0.0011,0.2171
2026-08-11T13:27:45.410131,0000,045816,0.104688,0.0012,0.3236
2026-08-11T13:27:47.377608,0000,045824,0.034741,0.0010,0.1864
2026-08-11T13:27:49.421811,0000,045832,0.018307,0.0005,0.1353
2026-08-11T13:27:51.816281,0000,045840,0.032953,-0.0005,0.1815
2026-08-11T13:27:54.059706,0000,045848,0.027343,-0.0011,0.1654
2026-08-11T13:27:56.252230,0000,045856,0.058918,-0.0013,0.2427
2026-08-11T13:27:58.974563,0000,045864,0.050399,-0.0008,0.2245
2026-08-11T13:28:01.448161,0000,045872,0.029819,0.0006,0.1727
2026-08-11T13:28:03.991353,0000,045880,0.046599,0.0009,0.2159
2026-08-11T13:28:06.119886,0000,045888,0.025406,0.0007,0.1594
2026-08-11T13:28:08.584392,0000,045896,0.032404,-0.0001,0.1800
2026-08-11T13:28:10.537529,0000,045904,0.024052,0.0000,0.1551
2026-08-11T13:28:12.714454,0000,045912,0.010770,-0.0004,0.1038
2026-08-11T13:28:14.697411,0000,045920,0.038260,-0.0005,0.1956
2026-08-11T13:28:16.531315,0000,045928,0.026022,-0.0001,0.1613
2026-08-11T13:28:18.420827,0000,045936,0.025835,0.0008,0.1607
2026-08-11T13:28:20.528503,0000,045944,0.251751,0.0010,0.5017
2026-08-11T13:28:22.510165,0000,045952,0.025497,0.0010,0.1597
2026-08-11T13:28:24.546132,0000,045960,0.047567,0.0002,0.2181
2026-08-11T13:28:26.632542,0000,045968,0.026553,-0.0007,0.1630
2026-08-11T13:28:28.637315,0000,045976,0.065891,-0.0012,0.2567
2026-08-11T13:28:30.487594,0000,045984,0.029051,-0.0010,0.1704
2026-08-11T13:28:32.629363,0000,045992,0.035747,-0.0007,0.1891
2026-08-11T13:28:34.355273,0000,046000,0.033517,0.0005,0.1831
2026-08-11T13:28:36.143136,0000,046008,0.014224,0.0008,0.1193
2026-08-11T13:28:37.871470,0000,046016,0.021771,0.0007,0.1475
2026-08-11T13:28:39.581043,0000,046024,0.013943,0.0001,0.1181
2026-08-11T13:28:41.404329,0000,046032,0.286784,-0.0012,0.5355
2026-08-11T13:28:43.543038,0000,046040,1.611966,-0.0025,1.2696
2026-08-11T13:28:46.016861,0000,046048,0.039637,-0.0014,0.1991
2026-08-11T13:28:48.228773,0000,046056,0.054090,-0.0010,0.2326
2026-08-11T13:28:50.438026,0000,046064,0.046867,0.0000,0.2165
2026-08-11T13:28:52.323832,0000,046072,0.023033,0.0005,0.1518
2026-08-11T13:28:54.467714,0000,046080,0.031412,0.0006,0.1772
2026-08-11T13:28:56.524716,0000,046088,0.017414,-0.0000,0.1320
2026-08-11T13:28:58.621895,0000,046096,0.029521,-0.0003,0.1718
2026-08-11T13:29:00.843065,0000,046104,0.013998,0.0004,0.1183
2026-08-11T13:29:02.837162,0000,046112,0.022096,0.0002,0.1486
2026-08-11T13:29:04.676402,0000,046120,0.053453,-0.0004,0.2312
2026-08-11T13:29:06.681233,0000,046128,0.023726,-0.0004,0.1540
2026-08-11T13:29:08.904811,0000,046136,0.009609,-0.0001,0.0980
2026-08-11T13:29:10.942710,0000,046144,0.033372,0.0011,0.1827
2026-08-11T13:29:13.051366,0000,046152,0.050257,0.0015,0.2242
2026-08-11T13:29:15.031164,0000,046160,0.029877,0.0011,0.1729
2026-08-11T13:29:17.622254,0000,046168,0.022292,0.0004,0.1493
2026-08-11T13:29:19.913110,0000,046176,0.021743,-0.0005,0.1475
2026-08-11T13:29:21.955033,0000,046184,0.076036,-0.0012,0.2757
2026-08-11T13:29:24.050141,0000,046192,0.061167,-0.0010,0.2473
2026-08-11T13:29:25.921668,0000,046200,0.016973,-0.0004,0.1303
2026-08-11T13:29:27.968512,0000,046208,0.053645,0.0003,0.2316
2026-08-11T13:29:29.722395,0000,046216,0.022448,0.0008,0.1498
2026-08-11T13:29:31.604261,0000,046224,0.033126,0.0009,0.1820
2026-08-11T13:29:33.637501,0000,046232,0.023540,0.0001,0.1534
2026-08-11T13:29:36.247178,0000,046240,0.077320,-0.0016,0.2781
2026-08-11T13:29:38.248417,0000,046248,0.063512,-0.0014,0.2520
2026-08-11T13:29:40.231541,0000,046256,0.050431,-0.0013,0.2246
2026-08-11T13:29:42.399213,0000,046264,0.015674,-0.0007,0.1252
2026-08-11T13:29:44.684421,0000,046272,0.051034,0.0003,0.2259
2026-08-11T13:29:47.030408,0000,046280,0.035009,0.0005,0.1871
2026-08-11T13:29:49.373304,0000,046288,0.028876,0.0006,0.1699
2026-08-11T13:29:51.311407,0000,046296,0.019592,-0.0001,0.1400
2026-08-11T13:29:53.270488,0000,046304,0.018940,-0.0000,0.1376
2026-08-11T13:29:55.251478,0000,046312,0.029085,0.0005,0.1705
2026-08-11T13:29:57.118764,0000,046320,0.025963,0.0001,0.1611
2026-08-11T13:29:59.016108,0000,046328,0.031933,-0.0003,0.1787
2026-08-11T13:30:01.208380,0000,046336,0.035172,-0.0005,0.1875
2026-08-11T13:30:03.319158,0000,046344,0.013676,0.0001,0.1169
2026-08-11T13:30:05.336244,0000,046352,0.022509,0.0001,0.1500
2026-08-11T13:30:07.508189,0000,046360,0.019069,-0.0006,0.1381
2026-08-11T13:30:09.323873,0000,046368,0.020407,-0.0005,0.1429
2026-08-11T13:30:11.221300,0000,046376,0.013528,0.0000,0.1163
2026-08-11T13:30:13.282403,0000,046384,0.216704,-0.0002,0.4655
2026-08-11T13:30:15.408871,0000,046392,0.032580,0.0004,0.1805
2026-08-11T13:30:17.246390,0000,046400,0.218027,0.0001,0.4669
2026-08-11T13:30:19.196512,0000,046408,0.036143,-0.0005,0.1901
2026-08-11T13:30:21.203342,0000,046416,0.023641,-0.0003,0.1538
2026-08-11T13:30:22.956092,0000,046424,0.012576,0.0002,0.1121
2026-08-11T13:30:24.684491,0000,046432,0.012371,0.0001,0.1112
2026-08-11T13:30:26.622054,0000,046440,0.040051,-0.0006,0.2001
2026-08-11T13:30:28.758100,0000,046448,0.041106,-0.0005,0.2027
2026-08-11T13:30:30.726135,0000,046456,0.039556,-0.0001,0.1989
2026-08-11T13:30:32.655381,0000,046464,0.032011,0.0009,0.1789
2026-08-11T13:30:34.538536,0000,046472,0.035716,0.0012,0.1890
2026-08-11T13:30:36.526228,0000,046480,0.022741,0.0011,0.1508
2026-08-11T13:30:38.492329,0000,046488,0.021099,0.0004,0.1453
2026-08-11T13:30:40.215249,0000,046496,0.051761,-0.0007,0.2275
2026-08-11T13:30:41.973532,0000,046504,0.025757,-0.0010,0.1605
2026-08-11T13:30:44.148353,0000,046512,0.035750,-0.0011,0.1891
2026-08-11T13:30:46.274248,0000,046520,0.016076,-0.0004,0.1268
2026-08-11T13:30:48.756786,0000,046528,0.055101,0.0005,0.2347
2026-08-11T13:30:51.030521,0000,046536,0.041181,0.0007,0.2029
2026-08-11T13:30:52.923670,0000,046544,0.038752,0.0008,0.1969
2026-08-11T13:30:54.697196,0000,046552,0.045232,0.0002,0.2127
2026-08-11T13:30:56.728714,0000,046560,0.034034,-0.0009,0.1845
2026-08-11T13:30:58.783519,0000,046568,0.030972,-0.0013,0.1760
2026-08-11T13:31:01.278355,0000,046576,0.019796,-0.0011,0.1407
2026-08-11T13:31:03.848144,0000,046584,0.040264,-0.0006,0.2007
2026-08-11T13:31:06.494360,0000,046592,0.017115,0.0004,0.1308
2026-08-11T13:31:08.708492,0000,046600,0.029188,0.0008,0.1708
2026-08-11T13:31:10.542751,0000,046608,0.017115,0.0006,0.1308
2026-08-11T13:31:12.306375,0000,046616,0.018698,-0.0000,0.1367
2026-08-11T13:31:14.038290,0000,046624,0.094254,-0.0001,0.3070
2026-08-11T13:31:15.837974,0000,046632,0.025506,0.0004,0.1597
2026-08-11T13:31:17.642139,0000,046640,0.024405,0.0003,0.1562
2026-08-11T13:31:19.720627,0000,046648,0.016407,-0.0003,0.1281
2026-08-11T13:31:21.440205,0000,046656,0.041046,-0.0002,0.2026
2026-08-11T13:31:23.465856,0000,046664,0.058383,0.0002,0.2416
2026-08-11T13:31:25.244493,0000,046672,0.022164,0.0003,0.1489
2026-08-11T13:31:27.012379,0000,046680,0.024562,-0.0005,0.1567
2026-08-11T13:31:29.051177,0000,046688,0.022116,-0.0005,0.1487
2026-08-11T13:31:30.844264,0000,046696,0.029263,-0.0000,0.1711
2026-08-11T13:31:32.610768,0000,046704,0.029009,0.0010,0.1703
2026-08-11T13:31:34.480761,0000,046712,0.035282,0.0014,0.1878
2026-08-11T13:31:36.186385,0000,046720,0.045746,0.0010,0.2139
2026-08-11T13:31:38.266107,0000,046728,0.030045,0.0005,0.1733
2026-08-11T13:31:40.520144,0000,046736,0.024597,-0.0004,0.1568
2026-08-11T13:31:42.352212,0000,046744,0.087092,-0.0010,0.2951
2026-08-11T13:31:44.081217,0000,046752,0.044765,-0.0009,0.2116
2026-08-11T13:31:45.846976,0000,046760,0.014147,-0.0004,0.1189
2026-08-11T13:31:48.290354,0000,046768,0.031033,0.0005,0.1762
2026-08-11T13:31:50.630578,0000,046776,0.072809,0.0008,0.2698
2026-08-11T13:31:52.505326,0000,046784,0.027277,0.0008,0.1652
2026-08-11T13:31:54.279318,0000,046792,0.030216,0.0002,0.1738
2026-08-11T13:31:56.096580,0000,046800,0.031045,-0.0007,0.1762
2026-08-11T13:31:58.391117,0000,046808,0.074841,-0.0016,0.2736
2026-08-11T13:32:00.323268,0000,046816,0.021893,-0.0012,0.1480
2026-08-11T13:32:02.320289,0000,046824,0.021021,-0.0006,0.1450
2026-08-11T13:32:04.044961,0000,046832,0.018825,0.0003,0.1372
2026-08-11T13:32:06.167469,0000,046840,0.028148,0.0010,0.1678
2026-08-11T13:32:08.138459,0000,046848,0.048802,0.0006,0.2209
2026-08-11T13:32:10.157125,0000,046856,0.061144,-0.0000,0.2473
2026-08-11T13:32:12.440154,0000,046864,0.016843,0.0000,0.1298
2026-08-11T13:32:14.576238,0000,046872,0.019112,-0.0005,0.1382
2026-08-11T13:32:16.514284,0000,046880,0.021487,-0.0005,0.1466
2026-08-11T13:32:18.835505,0000,046888,0.018581,0.0001,0.1363
2026-08-11T13:32:21.151920,0000,046896,0.065470,-0.0003,0.2559
2026-08-11T13:32:23.169980,0000,046904,0.057546,0.0004,0.2399
2026-08-11T13:32:25.401338,0000,046912,0.018035,0.0003,0.1343
2026-08-11T13:32:27.359569,0000,046920,0.026571,-0.0003,0.1630
2026-08-11T13:32:29.390771,0000,046928,0.015676,-0.0002,0.1252
2026-08-11T13:32:31.443430,0000,046936,0.042040,-0.0001,0.2050
2026-08-11T13:32:34.527204,0000,046944,0.042754,0.0014,0.2068
2026-08-11T13:32:36.497384,0000,046952,0.070725,0.0013,0.2659
2026-08-11T13:32:38.330681,0000,046960,0.051614,0.0013,0.2272
2026-08-11T13:32:40.141635,0000,046968,0.040335,0.0004,0.2008
2026-08-11T13:32:42.181370,0000,046976,0.021774,-0.0005,0.1476
2026-08-11T13:32:43.973996,0000,046984,0.034636,-0.0010,0.1861
2026-08-11T13:32:46.030669,0000,046992,0.048014,-0.0008,0.2191
2026-08-11T13:32:47.831324,0000,047000,0.030532,-0.0003,0.1747
2026-08-11T13:32:49.701047,0000,047008,0.016441,0.0006,0.1282
2026-08-11T13:32:51.891470,0000,047016,0.033337,0.0010,0.1826
2026-08-11T13:32:54.642481,0000,047024,0.027276,0.0009,0.1652
2026-08-11T13:32:56.838342,0000,047032,0.031880,0.0002,0.1785
2026-08-11T13:32:59.054686,0000,047040,1.590759,-0.0019,1.2613
2026-08-11T13:33:01.448308,0000,047048,0.021344,-0.0012,0.1461
2026-08-11T13:33:03.706256,0000,047056,0.041907,-0.0012,0.2047
2026-08-11T13:33:05.952729,0000,047064,0.024144,-0.0007,0.1554
2026-08-11T13:33:08.346293,0000,047072,0.013586,0.0005,0.1166
2026-08-11T13:33:10.964989,0000,047080,0.022456,0.0008,0.1499
2026-08-11T13:33:13.414419,0000,047088,0.051120,0.0009,0.2261
2026-08-11T13:33:15.792381,0000,047096,0.033408,0.0001,0.1828
2026-08-11T13:33:18.647305,0000,047104,0.056294,-0.0012,0.2373
2026-08-11T13:33:20.910692,0000,047112,0.033749,-0.0013,0.1837
2026-08-11T13:33:23.378193,0000,047120,0.042103,-0.0015,0.2052
2026-08-11T13:33:25.769713,0000,047128,0.022454,-0.0007,0.1498
2026-08-11T13:33:28.031417,0000,047136,0.020900,0.0003,0.1446
2026-08-11T13:33:30.132115,0000,047144,0.048392,0.0004,0.2200
2026-08-11T13:33:33.149300,0000,047152,0.031923,0.0006,0.1787
2026-08-11T13:33:35.207318,0000,047160,0.021320,-0.0000,0.1460
2026-08-11T13:33:37.355412,0000,047168,0.022505,-0.0001,0.1500
2026-08-11T13:33:39.366573,0000,047176,0.024689,0.0002,0.1571
2026-08-11T13:33:41.506673,0000,047184,0.034202,0.0002,0.1849
2026-08-11T13:33:43.654219,0000,047192,0.044129,-0.0002,0.2101
2026-08-11T13:33:45.538276,0000,047200,0.038853,-0.0003,0.1971
2026-08-11T13:33:47.850418,0000,047208,0.016342,0.0002,0.1278
2026-08-11T13:33:49.829800,0000,047216,0.023213,0.0001,0.1524
2026-08-11T13:33:51.971641,0000,047224,0.018885,-0.0006,0.1374
2026-08-11T13:33:54.064961,0000,047232,0.056773,-0.0006,0.2383
2026-08-11T13:33:56.088473,0000,047240,0.030844,-0.0001,0.1756
2026-08-11T13:33:58.231246,0000,047248,0.033243,0.0011,0.1823
2026-08-11T13:34:00.398022,0000,047256,0.056410,0.0011,0.2375
2026-08-11T13:34:02.613938,0000,047264,0.055718,0.0011,0.2360
2026-08-11T13:34:04.724413,0000,047272,0.058039,0.0003,0.2409
2026-08-11T13:34:06.538947,0000,047280,0.045770,-0.0006,0.2139
2026-08-11T13:34:08.609879,0000,047288,0.022990,-0.0012,0.1516
2026-08-11T13:34:10.977270,0000,047296,0.039508,-0.0009,0.1988
2026-08-11T13:34:12.849225,0000,047304,0.035582,-0.0004,0.1886
2026-08-11T13:34:15.105087,0000,047312,0.028375,0.0007,0.1684
2026-08-11T13:34:17.287160,0000,047320,0.041036,0.0008,0.2026
2026-08-11T13:34:19.238229,0000,047328,0.044131,0.0007,0.2101
2026-08-11T13:34:21.019531,0000,047336,1.582342,-0.0008,1.2579
2026-08-11T13:34:22.770241,0000,047344,0.012054,0.0002,0.1098
2026-08-11T13:34:24.677504,0000,047352,0.027465,-0.0004,0.1657
2026-08-11T13:34:26.495160,0000,047360,0.031294,-0.0005,0.1769
2026-08-11T13:34:29.026539,0000,047368,0.039021,-0.0000,0.1975
2026-08-11T13:34:30.886053,0000,047376,0.036889,0.0009,0.1921
2026-08-11T13:34:32.778244,0000,047384,0.031254,0.0014,0.1768
2026-08-11T13:34:35.126498,0000,047392,0.058538,0.0011,0.2419
2026-08-11T13:34:37.282564,0000,047400,0.025773,0.0005,0.1605
2026-08-11T13:34:39.367676,0000,047408,0.029581,-0.0005,0.1720
2026-08-11T13:34:41.496303,0000,047416,0.048883,-0.0011,0.2211
2026-08-11T13:34:43.435839,0000,047424,0.028168,-0.0010,0.1678
2026-08-11T13:34:45.586339,0000,047432,0.041081,-0.0005,0.2027
2026-08-11T13:34:47.582520,0000,047440,0.035811,0.0004,0.1892
2026-08-11T13:34:49.706179,0000,047448,0.047417,0.0008,0.2178
2026-08-11T13:34:51.722360,0000,047456,0.034870,0.0009,0.1867
2026-08-11T13:34:53.856412,0000,047464,0.018759,0.0002,0.1370
2026-08-11T13:34:55.753962,0000,047472,0.033033,-0.0009,0.1817
2026-08-11T13:34:57.580968,0000,047480,0.025305,-0.0013,0.1591
2026-08-11T13:34:59.691973,0000,047488,0.040959,-0.0011,0.2024
2026-08-11T13:35:01.793473,0000,047496,0.016437,-0.0007,0.1282
2026-08-11T13:35:03.951318,0000,047504,0.017456,0.0002,0.1321
2026-08-11T13:35:06.160127,0000,047512,0.048006,0.0008,0.2191
2026-08-11T13:35:08.426995,0000,047520,0.010062,0.0006,0.1003
2026-08-11T13:35:10.354727,0000,047528,0.022946,0.0000,0.1515
2026-08-11T13:35:12.471077,0000,047536,0.067919,-0.0013,0.2606
2026-08-11T13:35:14.400083,0000,047544,0.050311,-0.0015,0.2243
2026-08-11T13:35:16.165572,0000,047552,0.026494,-0.0013,0.1628
2026-08-11T13:35:18.040153,0000,047560,0.029680,-0.0007,0.1723
2026-08-11T13:35:19.848223,0000,047568,0.036242,0.0003,0.1904
2026-08-11T13:35:21.764050,0000,047576,0.013900,0.0007,0.1179
2026-08-11T13:35:23.510885,0000,047584,0.025278,0.0005,0.1590
2026-08-11T13:35:25.345936,0000,047592,0.024926,0.0000,0.1579
2026-08-11T13:35:27.275306,0000,047600,0.022984,-0.0010,0.1516
2026-08-11T13:35:29.115705,0000,047608,0.045631,-0.0015,0.2136
2026-08-11T13:35:30.872583,0000,047616,0.019227,-0.0012,0.1387
2026-08-11T13:35:32.667570,0000,047624,0.024464,-0.0008,0.1564
2026-08-11T13:35:34.662958,0000,047632,0.010910,0.0000,0.1045
2026-08-11T13:35:36.526041,0000,047640,0.032232,0.0016,0.1795
2026-08-11T13:35:38.278971,0000,047648,0.055833,0.0022,0.2363
2026-08-11T13:35:40.251000,0000,047656,0.081455,0.0025,0.2854
2026-08-11T13:35:42.040625,0000,047664,0.059647,0.0022,0.2442
2026-08-11T13:35:43.850026,0000,047672,0.047217,0.0013,0.2173
2026-08-11T13:35:45.988769,0000,047680,0.040971,0.0004,0.2024
2026-08-11T13:35:47.779331,0000,047688,0.044473,-0.0011,0.2109
2026-08-11T13:35:49.793980,0000,047696,0.111930,-0.0025,0.3346
2026-08-11T13:35:51.835082,0000,047704,0.082498,-0.0026,0.2872
2026-08-11T13:35:53.782125,0000,047712,0.077029,-0.0025,0.2775
2026-08-11T13:35:55.684890,0000,047720,0.044486,-0.0015,0.2109
2026-08-11T13:35:57.510839,0000,047728,0.023605,-0.0004,0.1536
2026-08-11T13:35:59.316441,0000,047736,0.051332,0.0007,0.2266
2026-08-11T13:36:01.357189,0000,047744,0.050353,0.0017,0.2244
2026-08-11T13:36:03.437260,0000,047752,0.069942,0.0022,0.2645
2026-08-11T13:36:05.211887,0000,047760,0.055764,0.0017,0.2361
2026-08-11T13:36:06.966056,0000,047768,0.023584,0.0010,0.1536
2026-08-11T13:36:08.942253,0000,047776,0.094707,-0.0002,0.3077
2026-08-11T13:36:10.975577,0000,047784,0.035471,-0.0006,0.1883
2026-08-11T13:36:12.972958,0000,047792,0.030599,-0.0007,0.1749
2026-08-11T13:36:14.798152,0000,047800,0.035924,-0.0002,0.1895
2026-08-11T13:36:16.702312,0000,047808,0.018260,0.0008,0.1351
2026-08-11T13:36:18.590921,0000,047816,0.029516,0.0011,0.1718
2026-08-11T13:36:20.572211,0000,047824,0.021613,0.0011,0.1470
2026-08-11T13:36:22.486355,0000,047832,0.030485,0.0004,0.1746
2026-08-11T13:36:24.381692,0000,047840,0.022422,-0.0005,0.1497
2026-08-11T13:36:26.201983,0000,047848,0.021751,-0.0009,0.1475
2026-08-11T13:36:28.004687,0000,047856,0.020882,-0.0009,0.1445
2026-08-11T13:36:29.748655,0000,047864,0.051775,-0.0006,0.2275
2026-08-11T13:36:31.704172,0000,047872,0.029007,0.0005,0.1703
2026-08-11T13:36:33.616726,0000,047880,0.025395,0.0008,0.1594
2026-08-11T13:36:35.455883,0000,047888,0.038874,0.0007,0.1972
2026-08-11T13:36:37.213753,0000,047896,0.086671,0.0000,0.2944
2026-08-11T13:36:39.223577,0000,047904,0.046415,-0.0010,0.2154
2026-08-11T13:36:41.035054,0000,047912,0.041940,-0.0013,0.2048
2026-08-11T13:36:43.401864,0000,047920,0.045849,-0.0015,0.2141
2026-08-11T13:36:45.499902,0000,047928,0.050251,-0.0007,0.2242
2026-08-11T13:36:47.429417,0000,047936,0.015357,0.0003,0.1239
2026-08-11T13:36:49.250963,0000,047944,0.040876,0.0007,0.2022
2026-08-11T13:36:51.032121,0000,047952,0.081660,0.0005,0.2858
2026-08-11T13:36:52.909263,0000,047960,0.017852,-0.0000,0.1336
2026-08-11T13:36:54.661449,0000,047968,0.028048,-0.0009,0.1675
2026-08-11T13:36:56.436462,0000,047976,0.044764,-0.0012,0.2116
2026-08-11T13:36:58.236817,0000,047984,0.030115,-0.0012,0.1735
2026-08-11T13:37:00.089131,0000,047992,0.063911,-0.0009,0.2528
2026-08-11T13:37:01.897236,0000,048000,0.030534,0.0003,0.1747
2026-08-11T13:37:03.709890,0000,048008,0.046963,0.0007,0.2167
2026-08-11T13:37:05.853849,0000,048016,0.015325,0.0008,0.1238
2026-08-11T13:37:07.698811,0000,048024,0.020456,0.0001,0.1430
2026-08-11T13:37:09.645713,0000,048032,0.071065,-0.0012,0.2666
2026-08-11T13:37:11.585408,0000,048040,0.098355,-0.0016,0.3136
2026-08-11T13:37:13.438899,0000,048048,0.042642,-0.0013,0.2065
2026-08-11T13:37:15.283064,0000,048056,0.022780,-0.0005,0.1509
2026-08-11T13:37:17.076526,0000,048064,0.055660,0.0003,0.2359
2026-08-11T13:37:19.141100,0000,048072,0.032697,0.0008,0.1808
2026-08-11T13:37:21.005356,0000,048080,0.035870,0.0006,0.1894
2026-08-11T13:37:22.804000,0000,048088,0.033306,0.0002,0.1825
2026-08-11T13:37:24.641674,0000,048096,0.029420,-0.0007,0.1715
2026-08-11T13:37:26.850444,0000,048104,0.054558,-0.0017,0.2336
2026-08-11T13:37:28.943001,0000,048112,0.094823,-0.0014,0.3079
2026-08-11T13:37:30.797137,0000,048120,0.024034,-0.0005,0.1550
2026-08-11T13:37:32.691679,0000,048128,0.013616,0.0004,0.1167
2026-08-11T13:37:34.518639,0000,048136,0.208360,0.0007,0.4565
2026-08-11T13:37:36.513727,0000,048144,0.048488,0.0007,0.2202
2026-08-11T13:37:38.480720,0000,048152,0.016467,0.0003,0.1283
2026-08-11T13:37:40.309846,0000,048160,0.046716,-0.0008,0.2161
2026-08-11T13:37:42.151035,0000,048168,0.043175,-0.0013,0.2078
2026-08-11T13:37:43.953668,0000,048176,0.032723,-0.0011,0.1809
2026-08-11T13:37:45.736323,0000,048184,0.037631,-0.0006,0.1940
2026-08-11T13:37:47.570205,0000,048192,0.038914,0.0004,0.1973
2026-08-11T13:37:49.440796,0000,048200,0.018752,0.0009,0.1369
2026-08-11T13:37:51.251400,0000,048208,0.036440,0.0007,0.1909
2026-08-11T13:37:53.326756,0000,048216,0.017898,0.0001,0.1338
2026-08-11T13:37:55.187562,0000,048224,0.016059,-0.0008,0.1267
2026-08-11T13:37:56.939160,0000,048232,0.023277,-0.0011,0.1526
2026-08-11T13:37:58.932016,0000,048240,0.037887,-0.0013,0.1946
2026-08-11T13:38:00.862870,0000,048248,0.018300,-0.0004,0.1353
2026-08-11T13:38:02.602789,0000,048256,0.041011,0.0003,0.2025
2026-08-11T13:38:04.578836,0000,048264,0.034214,0.0008,0.1850
2026-08-11T13:38:06.426167,0000,048272,0.050492,0.0008,0.2247
2026-08-11T13:38:08.294743,0000,048280,0.032029,0.0001,0.1790
2026-08-11T13:38:10.203503,0000,048288,0.046832,-0.0008,0.2164
2026-08-11T13:38:12.110904,0000,048296,0.037965,-0.0013,0.1948
2026-08-11T13:38:13.943144,0000,048304,0.051372,-0.0011,0.2267
2026-08-11T13:38:15.757358,0000,048312,0.015850,-0.0005,0.1259
2026-08-11T13:38:18.015780,0000,048320,0.019149,0.0004,0.1384
2026-08-11T13:38:19.964180,0000,048328,0.034800,0.0009,0.1865
2026-08-11T13:38:21.791836,0000,048336,0.028634,0.0007,0.1692
2026-08-11T13:38:23.902282,0000,048344,0.042230,0.0000,0.2055
2026-08-11T13:38:25.863408,0000,048352,0.031663,-0.0008,0.1779
2026-08-11T13:38:27.841492,0000,048360,0.031394,-0.0013,0.1772
2026-08-11T13:38:29.698291,0000,048368,0.039650,-0.0012,0.1991
2026-08-11T13:38:31.616423,0000,048376,0.021242,-0.0005,0.1457
2026-08-11T13:38:33.508629,0000,048384,0.020791,0.0004,0.1442
2026-08-11T13:38:35.352173,0000,048392,0.056583,0.0009,0.2379
2026-08-11T13:38:37.118239,0000,048400,0.036915,0.0007,0.1921
2026-08-11T13:38:38.987808,0000,048408,0.018575,0.0003,0.1363
2026-08-11T13:38:40.976994,0000,048416,0.043979,-0.0010,0.2097
2026-08-11T13:38:42.956745,0000,048424,0.038031,-0.0011,0.1950
2026-08-11T13:38:44.751580,0000,048432,0.022924,-0.0010,0.1514
2026-08-11T13:38:46.517566,0000,048440,0.090742,-0.0005,0.3012
2026-08-11T13:38:48.558613,0000,048448,0.020789,0.0006,0.1442
2026-08-11T13:38:50.335391,0000,048456,0.021427,0.0008,0.1464
2026-08-11T13:38:52.160725,0000,048464,0.031046,0.0007,0.1762
2026-08-11T13:38:54.203395,0000,048472,0.250020,-0.0001,0.5000
2026-08-11T13:38:56.978644,0000,048480,0.060348,-0.0001,0.2457
2026-08-11T13:38:59.404257,0000,048488,0.015045,0.0007,0.1227
2026-08-11T13:39:01.460985,0000,048496,0.022087,0.0006,0.1486
2026-08-11T13:39:03.229158,0000,048504,0.049217,0.0000,0.2218
2026-08-11T13:39:04.963517,0000,048512,0.042403,-0.0008,0.2059
2026-08-11T13:39:06.729065,0000,048520,0.032993,-0.0012,0.1816
2026-08-11T13:39:08.676519,0000,048528,0.027126,-0.0011,0.1647
2026-08-11T13:39:10.604704,0000,048536,0.033871,-0.0006,0.1840
2026-08-11T13:39:12.343816,0000,048544,0.092340,0.0002,0.3039
2026-08-11T13:39:14.240529,0000,048552,0.019708,0.0010,0.1404
2026-08-11T13:39:16.485523,0000,048560,0.023339,0.0009,0.1528
2026-08-11T13:39:18.483417,0000,048568,0.031148,0.0002,0.1765
2026-08-11T13:39:20.444479,0000,048576,0.024601,-0.0007,0.1568
2026-08-11T13:39:22.253495,0000,048584,0.078713,-0.0014,0.2806
2026-08-11T13:39:24.414534,0000,048592,0.032188,-0.0014,0.1794
2026-08-11T13:39:26.645287,0000,048600,0.027400,-0.0007,0.1655
2026-08-11T13:39:28.489185,0000,048608,0.027642,0.0005,0.1663
2026-08-11T13:39:30.350550,0000,048616,0.019057,0.0008,0.1380
2026-08-11T13:39:32.134413,0000,048624,0.022149,0.0008,0.1488
2026-08-11T13:39:33.876560,0000,048632,0.016923,0.0002,0.1301
2026-08-11T13:39:35.795813,0000,048640,0.031552,-0.0008,0.1776
2026-08-11T13:39:37.936163,0000,048648,0.050102,-0.0014,0.2238
2026-08-11T13:39:39.719388,0000,048656,0.017812,-0.0010,0.1335
2026-08-11T13:39:41.492595,0000,048664,0.023071,-0.0004,0.1519
2026-08-11T13:39:43.530781,0000,048672,0.215061,0.0004,0.4637
2026-08-11T13:39:45.993746,0000,048680,0.043412,0.0011,0.2084
2026-08-11T13:39:48.116524,0000,048688,0.046949,0.0007,0.2167
2026-08-11T13:39:50.213935,0000,048696,0.018410,0.0001,0.1357
2026-08-11T13:39:52.138462,0000,048704,0.017460,0.0001,0.1321
2026-08-11T13:39:54.074649,0000,048712,0.041551,-0.0003,0.2038
2026-08-11T13:39:56.014752,0000,048720,0.017010,-0.0003,0.1304
2026-08-11T13:39:58.038890,0000,048728,0.031610,0.0002,0.1778
2026-08-11T13:40:00.303495,0000,048736,0.042000,0.0002,0.2049
2026-08-11T13:40:02.293478,0000,048744,0.021804,-0.0005,0.1477
2026-08-11T13:40:04.320451,0000,048752,0.032431,-0.0003,0.1801
2026-08-11T13:40:06.208276,0000,048760,0.021401,0.0002,0.1463
2026-08-11T13:40:08.109317,0000,048768,0.024252,0.0001,0.1557
2026-08-11T13:40:10.024082,0000,048776,0.020163,-0.0004,0.1420
2026-08-11T13:40:12.425354,0000,048784,0.038891,-0.0004,0.1972
2026-08-11T13:40:14.597411,0000,048792,0.012154,0.0001,0.1102
2026-08-11T13:40:17.464701,0000,048800,0.017904,0.0003,0.1338
2026-08-11T13:40:19.759350,0000,048808,0.023933,-0.0004,0.1547
2026-08-11T13:40:21.536680,0000,048816,0.052260,-0.0004,0.2286
2026-08-11T13:40:23.498214,0000,048824,0.113544,-0.0001,0.3370
2026-08-11T13:40:25.260732,0000,048832,0.029479,0.0009,0.1717
2026-08-11T13:40:27.115083,0000,048840,0.075340,0.0013,0.2745
2026-08-11T13:40:29.014814,0000,048848,0.040629,0.0012,0.2016
2026-08-11T13:40:31.026429,0000,048856,0.020233,0.0006,0.1422
2026-08-11T13:40:32.769475,0000,048864,0.013929,-0.0004,0.1180
2026-08-11T13:40:34.677056,0000,048872,0.032804,-0.0009,0.1811
2026-08-11T13:40:36.633818,0000,048880,0.037213,-0.0008,0.1929
2026-08-11T13:40:38.592140,0000,048888,0.019542,-0.0003,0.1398
2026-08-11T13:40:40.547405,0000,048896,0.035222,0.0006,0.1877
2026-08-11T13:40:42.958435,0000,048904,0.055398,0.0011,0.2354
2026-08-11T13:40:45.647268,0000,048912,0.048820,0.0008,0.2210
2026-08-11T13:40:48.021297,0000,048920,0.024561,0.0005,0.1567
2026-08-11T13:40:49.889027,0000,048928,0.020668,-0.0007,0.1438
2026-08-11T13:40:51.785349,0000,048936,0.023543,-0.0010,0.1534
2026-08-11T13:40:53.781128,0000,048944,0.026730,-0.0009,0.1635
2026-08-11T13:40:55.812018,0000,048952,0.022513,-0.0005,0.1500
2026-08-11T13:40:57.780525,0000,048960,0.032100,0.0005,0.1792
2026-08-11T13:40:59.779459,0000,048968,0.031125,0.0009,0.1764
2026-08-11T13:41:01.833698,0000,048976,0.023612,0.0010,0.1537
2026-08-11T13:41:03.855324,0000,048984,0.027234,0.0002,0.1650
2026-08-11T13:41:05.854863,0000,048992,0.022301,-0.0006,0.1493
2026-08-11T13:41:08.010561,0000,049000,0.028610,-0.0012,0.1691
2026-08-11T13:41:09.810164,0000,049008,1.591451,-0.0019,1.2615
2026-08-11T13:41:12.128546,0000,049016,0.043265,-0.0003,0.2080
2026-08-11T13:41:14.112301,0000,049024,0.030205,0.0005,0.1738
2026-08-11T13:41:16.107452,0000,049032,0.026152,0.0008,0.1617
2026-08-11T13:41:18.267367,0000,049040,0.018271,0.0007,0.1352
2026-08-11T13:41:20.379099,0000,049048,0.017521,0.0001,0.1324
2026-08-11T13:41:22.428225,0000,049056,0.020361,-0.0009,0.1427
2026-08-11T13:41:24.751928,0000,049064,0.055740,-0.0014,0.2361
2026-08-11T13:41:26.956334,0000,049072,0.041451,-0.0011,0.2036
2026-08-11T13:41:29.262408,0000,049080,0.021258,-0.0007,0.1458
2026-08-11T13:41:31.483236,0000,049088,0.010355,0.0005,0.1018
2026-08-11T13:41:33.655923,0000,049096,0.085565,0.0008,0.2925
2026-08-11T13:41:36.201316,0000,049104,0.044543,0.0009,0.2111
2026-08-11T13:41:38.465063,0000,049112,0.021833,0.0002,0.1478
2026-08-11T13:41:40.740317,0000,049120,0.058161,-0.0009,0.2412
2026-08-11T13:41:42.684185,0000,049128,0.027755,-0.0010,0.1666
2026-08-11T13:41:44.671083,0000,049136,0.042381,-0.0011,0.2059
2026-08-11T13:41:46.610169,0000,049144,0.030015,-0.0007,0.1732
2026-08-11T13:41:48.588377,0000,049152,0.020758,0.0002,0.1441
2026-08-11T13:41:51.067542,0000,049160,0.026726,0.0009,0.1635
2026-08-11T13:41:53.431543,0000,049168,0.032397,0.0008,0.1800
2026-08-11T13:41:55.540005,0000,049176,0.022674,0.0002,0.1506
2026-08-11T13:41:57.712162,0000,049184,0.025554,-0.0008,0.1599
2026-08-11T13:42:00.367472,0000,049192,0.028209,-0.0016,0.1680
2026-08-11T13:42:02.430752,0000,049200,0.075381,-0.0010,0.2746
2026-08-11T13:42:04.514327,0000,049208,0.032556,-0.0006,0.1804
2026-08-11T13:42:06.439081,0000,049216,0.027960,0.0005,0.1672
2026-08-11T13:42:08.245531,0000,049224,0.096485,0.0008,0.3106
2026-08-11T13:42:10.006591,0000,049232,0.014872,0.0008,0.1219
2026-08-11T13:42:11.897115,0000,049240,0.021293,0.0003,0.1459
2026-08-11T13:42:14.121348,0000,049248,0.025098,-0.0009,0.1584
2026-08-11T13:42:16.151306,0000,049256,0.023234,-0.0011,0.1524
2026-08-11T13:42:18.241099,0000,049264,0.021693,-0.0012,0.1473
2026-08-11T13:42:20.129111,0000,049272,0.024437,-0.0004,0.1563
2026-08-11T13:42:21.910743,0000,049280,0.026253,0.0004,0.1620
2026-08-11T13:42:24.070815,0000,049288,0.037843,0.0006,0.1945
2026-08-11T13:42:26.456000,0000,049296,0.020647,0.0005,0.1437
2026-08-11T13:42:28.781267,0000,049304,0.032267,0.0001,0.1796
2026-08-11T13:42:31.093012,0000,049312,0.014078,-0.0008,0.1187
2026-08-11T13:42:33.107787,0000,049320,0.020724,-0.0011,0.1440
2026-08-11T13:42:35.222097,0000,049328,0.051764,-0.0012,0.2275
2026-08-11T13:42:37.377996,0000,049336,0.019711,-0.0006,0.1404
2026-08-11T13:42:39.362013,0000,049344,0.043423,0.0003,0.2084
2026-08-11T13:42:41.397002,0000,049352,0.232121,0.0008,0.4818
2026-08-11T13:42:43.538159,0000,049360,0.039873,0.0008,0.1997
2026-08-11T13:42:45.571140,0000,049368,0.013609,0.0002,0.1167
2026-08-11T13:42:47.369876,0000,049376,0.056403,-0.0008,0.2375
2026-08-11T13:42:49.172164,0000,049384,0.050434,-0.0013,0.2246
2026-08-11T13:42:50.984416,0000,049392,0.035325,-0.0011,0.1880
2026-08-11T13:42:52.789014,0000,049400,0.018289,-0.0006,0.1352
2026-08-11T13:42:54.777038,0000,049408,0.029418,0.0005,0.1715
2026-08-11T13:42:56.606986,0000,049416,0.030452,0.0007,0.1745
2026-08-11T13:42:58.721586,0000,049424,0.087316,0.0006,0.2955
2026-08-11T13:43:00.814855,0000,049432,0.013939,0.0002,0.1181
2026-08-11T13:43:03.148835,0000,049440,0.026174,-0.0007,0.1618
2026-08-11T13:43:05.683901,0000,049448,0.025688,-0.0014,0.1603
2026-08-11T13:43:07.475483,0000,049456,0.031674,-0.0011,0.1780
2026-08-11T13:43:09.391102,0000,049464,0.030487,-0.0006,0.1746
2026-08-11T13:43:11.158114,0000,049472,0.035185,0.0003,0.1876
2026-08-11T13:43:13.179229,0000,049480,0.025357,0.0008,0.1592
2026-08-11T13:43:15.422944,0000,049488,0.015825,0.0008,0.1258
2026-08-11T13:43:17.530376,0000,049496,1.574094,-0.0007,1.2546
2026-08-11T13:43:19.724154,0000,049504,0.019858,0.0002,0.1409
2026-08-11T13:43:21.844787,0000,049512,0.018570,-0.0002,0.1363
2026-08-11T13:43:24.045744,0000,049520,0.023564,-0.0005,0.1535
2026-08-11T13:43:25.965940,0000,049528,0.027406,0.0001,0.1655
2026-08-11T13:43:27.827592,0000,049536,0.009231,0.0001,0.0961
2026-08-11T13:43:29.675406,0000,049544,0.017077,-0.0004,0.1307
2026-08-11T13:43:31.920868,0000,049552,0.049440,-0.0005,0.2224
2026-08-11T13:43:33.895765,0000,049560,0.030405,0.0000,0.1744
2026-08-11T13:43:35.818015,0000,049568,0.027329,0.0000,0.1653
2026-08-11T13:43:37.835058,0000,049576,0.044307,-0.0003,0.2105
2026-08-11T13:43:39.722611,0000,049584,0.058559,-0.0005,0.2420
2026-08-11T13:43:41.557841,0000,049592,0.097041,0.0000,0.3115
2026-08-11T13:43:43.427202,0000,049600,0.043236,0.0001,0.2079
2026-08-11T13:43:45.300313,0000,049608,0.057021,-0.0006,0.2388
2026-08-11T13:43:47.064794,0000,049616,0.029041,-0.0004,0.1704
2026-08-11T13:43:48.860760,0000,049624,0.038187,0.0000,0.1954
2026-08-11T13:43:51.297858,0000,049632,0.042743,-0.0001,0.2067
2026-08-11T13:43:53.409587,0000,049640,0.016453,0.0004,0.1283
2026-08-11T13:43:55.608018,0000,049648,0.018706,0.0005,0.1368
2026-08-11T13:43:57.539136,0000,049656,0.020064,-0.0000,0.1416
2026-08-11T13:43:59.523705,0000,049664,0.062728,-0.0004,0.2505
2026-08-11T13:44:01.390371,0000,049672,0.022737,0.0005,0.1508
2026-08-11T13:44:03.271824,0000,049680,0.009602,0.0003,0.0980
2026-08-11T13:44:05.198525,0000,049688,0.024696,-0.0003,0.1571
2026-08-11T13:44:07.077384,0000,049696,1.559826,-0.0012,1.2489
2026-08-11T13:44:09.518424,0000,049704,0.071957,0.0001,0.2682
2026-08-11T13:44:11.542718,0000,049712,0.065451,0.0001,0.2558
2026-08-11T13:44:13.768558,0000,049720,0.018335,-0.0002,0.1354
2026-08-11T13:44:15.679686,0000,049728,0.019320,-0.0002,0.1390
2026-08-11T13:44:17.700966,0000,049736,0.052723,0.0001,0.2296
2026-08-11T13:44:19.905503,0000,049744,0.015276,0.0003,0.1236
2026-08-11T13:44:21.891218,0000,049752,0.058791,-0.0004,0.2425
2026-08-11T13:44:24.030536,0000,049760,0.026010,-0.0001,0.1613
2026-08-11T13:44:26.202937,0000,049768,0.032008,-0.0000,0.1789
2026-08-11T13:44:28.202624,0000,049776,0.032321,0.0011,0.1798
2026-08-11T13:44:30.192270,0000,049784,0.077843,0.0015,0.2790
2026-08-11T13:44:32.510845,0000,049792,0.032666,0.0013,0.1807
2026-08-11T13:44:34.725533,0000,049800,0.038858,0.0005,0.1971
2026-08-11T13:44:36.657723,0000,049808,0.027411,-0.0004,0.1656
2026-08-11T13:44:38.881802,0000,049816,0.038511,-0.0009,0.1962
2026-08-11T13:44:41.109997,0000,049824,0.017578,-0.0007,0.1326
2026-08-11T13:44:43.227134,0000,049832,0.022710,-0.0004,0.1507
2026-08-11T13:44:45.281080,0000,049840,0.030438,0.0007,0.1745
2026-08-11T13:44:47.490145,0000,049848,0.029000,0.0012,0.1703
2026-08-11T13:44:49.378280,0000,049856,0.028675,0.0008,0.1693
2026-08-11T13:44:51.328259,0000,049864,0.051834,0.0002,0.2277
2026-08-11T13:44:53.263210,0000,049872,0.024006,-0.0007,0.1549
2026-08-11T13:44:55.245920,0000,049880,0.030929,-0.0010,0.1759
2026-08-11T13:44:57.880683,0000,049888,0.022736,-0.0010,0.1508
2026-08-11T13:44:59.897905,0000,049896,0.032922,-0.0004,0.1814
2026-08-11T13:45:01.832844,0000,049904,0.053007,0.0004,0.2302
2026-08-11T13:45:04.336695,0000,049912,0.058537,0.0012,0.2419
2026-08-11T13:45:06.272757,0000,049920,0.028786,0.0008,0.1697
2026-08-11T13:45:08.685863,0000,049928,0.038070,0.0004,0.1951
2026-08-11T13:45:10.467652,0000,049936,0.016263,-0.0007,0.1275
2026-08-11T13:45:12.213048,0000,049944,0.032207,-0.0011,0.1795
2026-08-11T13:45:14.056278,0000,049952,0.068057,-0.0011,0.2609
2026-08-11T13:45:16.066985,0000,049960,0.020973,-0.0005,0.1448
2026-08-11T13:45:17.996579,0000,049968,0.037866,0.0006,0.1946
2026-08-11T13:45:20.408508,0000,049976,0.058839,0.0010,0.2426
2026-08-11T13:45:22.409638,0000,049984,0.032671,0.0007,0.1808
2026-08-11T13:45:24.144312,0000,049992,0.012388,0.0001,0.1113
2026-08-11T13:45:25.892951,0000,050000,0.037781,-0.0008,0.1944
2026-08-11T13:45:27.814866,0000,050008,0.023370,-0.0012,0.1529
2026-08-11T13:45:29.683066,0000,050016,0.036103,-0.0011,0.1900
2026-08-11T13:45:31.600439,0000,050024,0.037689,-0.0006,0.1941
2026-08-11T13:45:33.432103,0000,050032,0.024761,0.0005,0.1574
2026-08-11T13:45:35.276385,0000,050040,0.028844,0.0008,0.1698
2026-08-11T13:45:37.515740,0000,050048,0.044768,0.0009,0.2116
2026-08-11T13:45:39.485112,0000,050056,0.020844,0.0003,0.1444
2026-08-11T13:45:41.803667,0000,050064,0.047205,-0.0006,0.2173
2026-08-11T13:45:43.766723,0000,050072,0.031092,-0.0011,0.1763
2026-08-11T13:45:45.693687,0000,050080,0.089611,-0.0010,0.2994
2026-08-11T13:45:47.840914,0000,050088,0.035563,-0.0005,0.1886
2026-08-11T13:45:49.770715,0000,050096,0.034428,0.0003,0.1855
2026-08-11T13:45:51.872420,0000,050104,0.046760,0.0008,0.2162
2026-08-11T13:45:54.229320,0000,050112,0.073250,0.0009,0.2706
2026-08-11T13:45:56.110545,0000,050120,0.017214,0.0002,0.1312
2026-08-11T13:45:57.992288,0000,050128,0.027001,-0.0007,0.1643
2026-08-11T13:45:59.873697,0000,050136,0.025511,-0.0011,0.1597
2026-08-11T13:46:01.809323,0000,050144,0.047831,-0.0011,0.2187
2026-08-11T13:46:04.071251,0000,050152,0.036614,-0.0006,0.1913
2026-08-11T13:46:06.152270,0000,050160,0.024116,0.0003,0.1553
2026-08-11T13:46:08.352425,0000,050168,0.028042,0.0007,0.1675
2026-08-11T13:46:10.315544,0000,050176,0.208196,0.0006,0.4563
2026-08-11T13:46:12.330131,0000,050184,0.034529,0.0002,0.1858
2026-08-11T13:46:14.161107,0000,050192,0.025226,-0.0008,0.1588
2026-08-11T13:46:16.863090,0000,050200,0.047456,-0.0014,0.2178
2026-08-11T13:46:18.725163,0000,050208,0.026618,-0.0011,0.1631
2026-08-11T13:46:20.602776,0000,050216,0.014920,-0.0005,0.1221
2026-08-11T13:46:22.677680,0000,050224,0.030599,0.0005,0.1749
2026-08-11T13:46:24.791661,0000,050232,0.029466,0.0009,0.1717
2026-08-11T13:46:26.806827,0000,050240,0.053337,0.0006,0.2309
2026-08-11T13:46:28.715725,0000,050248,0.032043,0.0001,0.1790
2026-08-11T13:46:30.650246,0000,050256,0.036534,-0.0009,0.1911
2026-08-11T13:46:32.898907,0000,050264,0.057674,-0.0013,0.2402
2026-08-11T13:46:35.139426,0000,050272,0.026675,-0.0011,0.1633
2026-08-11T13:46:37.131260,0000,050280,0.015858,-0.0005,0.1259
2026-08-11T13:46:39.018489,0000,050288,0.031035,0.0004,0.1762
2026-08-11T13:46:40.940615,0000,050296,0.052904,0.0006,0.2300
2026-08-11T13:46:42.962150,0000,050304,0.025185,0.0006,0.1587
2026-08-11T13:46:44.839448,0000,050312,0.272065,0.0001,0.5216
2026-08-11T13:46:46.705634,0000,050320,0.034415,-0.0007,0.1855
2026-08-11T13:46:48.567195,0000,050328,0.055911,-0.0014,0.2365
2026-08-11T13:46:50.730313,0000,050336,0.052826,-0.0012,0.2298
2026-08-11T13:46:52.872630,0000,050344,0.022863,-0.0005,0.1512
2026-08-11T13:46:54.994080,0000,050352,0.015455,0.0005,0.1243
2026-08-11T13:46:57.068356,0000,050360,0.030302,0.0008,0.1741
2026-08-11T13:46:59.033538,0000,050368,0.019516,0.0008,0.1397
2026-08-11T13:47:00.839974,0000,050376,0.020252,0.0001,0.1423
2026-08-11T13:47:02.709980,0000,050384,0.024598,-0.0008,0.1568
2026-08-11T13:47:04.869496,0000,050392,0.030097,-0.0013,0.1735
2026-08-11T13:47:06.853773,0000,050400,0.036959,-0.0011,0.1922
2026-08-11T13:47:08.955388,0000,050408,0.021472,-0.0005,0.1465
2026-08-11T13:47:10.829268,0000,050416,0.031910,0.0004,0.1786
2026-08-11T13:47:12.897122,0000,050424,0.042154,0.0008,0.2053
2026-08-11T13:47:15.335324,0000,050432,0.023167,0.0007,0.1522
2026-08-11T13:47:17.675749,0000,050440,0.011767,0.0002,0.1085
2026-08-11T13:47:20.722294,0000,050448,0.052435,-0.0013,0.2290
2026-08-11T13:47:23.039277,0000,050456,0.041088,-0.0012,0.2027
2026-08-11T13:47:25.414041,0000,050464,0.080738,-0.0014,0.2841
2026-08-11T13:47:27.860483,0000,050472,0.028611,-0.0005,0.1691
2026-08-11T13:47:30.303977,0000,050480,0.046783,0.0002,0.2163
2026-08-11T13:47:32.287137,0000,050488,0.030965,0.0008,0.1760
2026-08-11T13:47:34.195034,0000,050496,0.219577,0.0006,0.4686
2026-08-11T13:47:36.376517,0000,050504,0.020054,0.0000,0.1416
2026-08-11T13:47:38.671360,0000,050512,0.018070,-0.0008,0.1344
2026-08-11T13:47:40.640387,0000,050520,0.027058,-0.0012,0.1645
2026-08-11T13:47:42.850775,0000,050528,0.027181,-0.0009,0.1649
2026-08-11T13:47:45.049641,0000,050536,0.035891,-0.0005,0.1894
2026-08-11T13:47:47.567921,0000,050544,0.015788,0.0005,0.1256
2026-08-11T13:47:49.740403,0000,050552,0.022260,0.0009,0.1492
2026-08-11T13:47:51.816776,0000,050560,0.028194,0.0006,0.1679
2026-08-11T13:47:53.942286,0000,050568,0.016356,0.0002,0.1279
2026-08-11T13:47:56.205326,0000,050576,0.051717,-0.0009,0.2274
2026-08-11T13:47:58.369678,0000,050584,0.037168,-0.0011,0.1928
2026-08-11T13:48:00.563143,0000,050592,0.076182,-0.0014,0.2760
2026-08-11T13:48:02.513978,0000,050600,0.033354,-0.0006,0.1826
2026-08-11T13:48:04.614423,0000,050608,0.030124,0.0005,0.1736
2026-08-11T13:48:06.797750,0000,050616,0.042484,0.0007,0.2061
2026-08-11T13:48:08.850271,0000,050624,0.036877,0.0006,0.1920
2026-08-11T13:48:10.823441,0000,050632,0.051789,0.0002,0.2276
2026-08-11T13:48:12.622412,0000,050640,0.053372,-0.0008,0.2310
2026-08-11T13:48:14.773540,0000,050648,0.022170,-0.0011,0.1489
2026-08-11T13:48:16.728999,0000,050656,0.040159,-0.0011,0.2004
2026-08-11T13:48:18.670142,0000,050664,0.038602,-0.0006,0.1965
2026-08-11T13:48:20.677158,0000,050672,0.074444,0.0004,0.2728
2026-08-11T13:48:22.553390,0000,050680,0.015438,0.0007,0.1242
2026-08-11T13:48:24.753629,0000,050688,0.054466,0.0007,0.2334
2026-08-11T13:48:26.579154,0000,050696,0.020231,0.0001,0.1422
2026-08-11T13:48:28.359293,0000,050704,0.016718,-0.0008,0.1293
2026-08-11T13:48:30.509121,0000,050712,0.028035,-0.0013,0.1674
2026-08-11T13:48:32.452028,0000,050720,0.068568,-0.0011,0.2619
2026-08-11T13:48:34.208391,0000,050728,0.023276,-0.0005,0.1526
2026-08-11T13:48:35.963974,0000,050736,0.024976,0.0003,0.1580
2026-08-11T13:48:37.758865,0000,050744,0.026814,0.0008,0.1637
2026-08-11T13:48:39.555653,0000,050752,0.018376,0.0007,0.1356
2026-08-11T13:48:41.360551,0000,050760,0.020829,0.0002,0.1443
2026-08-11T13:48:43.220556,0000,050768,0.020464,-0.0007,0.1431
2026-08-11T13:48:45.452196,0000,050776,0.059053,-0.0014,0.2430
2026-08-11T13:48:47.198007,0000,050784,0.030940,-0.0010,0.1759
2026-08-11T13:48:49.239606,0000,050792,0.023697,-0.0005,0.1539
2026-08-11T13:48:51.048375,0000,050800,0.043189,0.0004,0.2078
2026-08-11T13:48:52.979836,0000,050808,0.042067,0.0007,0.2051
2026-08-11T13:48:54.934067,0000,050816,0.048143,0.0008,0.2194
2026-08-11T13:48:57.179676,0000,050824,0.076193,0.0001,0.2760
2026-08-11T13:48:58.942927,0000,050832,0.036994,-0.0007,0.1923
2026-08-11T13:49:00.715784,0000,050840,0.031782,-0.0012,0.1783
2026-08-11T13:49:02.494075,0000,050848,0.046586,-0.0010,0.2158
2026-08-11T13:49:04.484968,0000,050856,0.022798,-0.0007,0.1510
2026-08-11T13:49:06.303059,0000,050864,0.025745,0.0005,0.1605
2026-08-11T13:49:08.073945,0000,050872,0.042799,0.0007,0.2069
2026-08-11T13:49:09.908088,0000,050880,0.026021,0.0006,0.1613
2026-08-11T13:49:11.744741,0000,050888,0.023005,0.0002,0.1517
2026-08-11T13:49:13.595378,0000,050896,0.030427,-0.0008,0.1744
2026-08-11T13:49:15.365779,0000,050904,0.027742,-0.0010,0.1666
2026-08-11T13:49:17.315919,0000,050912,0.021359,-0.0011,0.1461
2026-08-11T13:49:19.271098,0000,050920,0.028309,-0.0004,0.1683
2026-08-11T13:49:21.294467,0000,050928,0.050434,0.0003,0.2246
2026-08-11T13:49:23.283112,0000,050936,0.046869,0.0009,0.2165
2026-08-11T13:49:25.282790,0000,050944,0.015841,0.0007,0.1259
2026-08-11T13:49:27.447827,0000,050952,0.043255,0.0000,0.2080
2026-08-11T13:49:29.218402,0000,050960,0.017753,0.0002,0.1332
2026-08-11T13:49:31.042265,0000,050968,0.044978,-0.0004,0.2121
2026-08-11T13:49:32.933063,0000,050976,0.038586,-0.0004,0.1964
2026-08-11T13:49:34.742246,0000,050984,0.045017,0.0000,0.2122
2026-08-11T13:49:36.683781,0000,050992,0.041015,-0.0000,0.2025
2026-08-11T13:49:38.508918,0000,051000,0.029146,0.0006,0.1707
2026-08-11T13:49:40.433044,0000,051008,0.022706,0.0005,0.1507
2026-08-11T13:49:42.507511,0000,051016,0.044589,-0.0003,0.2112
2026-08-11T13:49:44.481955,0000,051024,0.036535,-0.0003,0.1911
2026-08-11T13:49:46.253853,0000,051032,0.014927,0.0004,0.1222
2026-08-11T13:49:48.071884,0000,051040,0.020707,0.0003,0.1439
2026-08-11T13:49:50.053241,0000,051048,0.044406,-0.0003,0.2107
2026-08-11T13:49:51.981459,0000,051056,0.012483,-0.0002,0.1117
2026-08-11T13:49:54.033313,0000,051064,0.045551,0.0002,0.2134
2026-08-11T13:49:55.971246,0000,051072,0.017843,0.0002,0.1336
2026-08-11T13:49:57.929765,0000,051080,0.037863,-0.0004,0.1946
2026-08-11T13:50:00.217929,0000,051088,0.064269,-0.0004,0.2535
2026-08-11T13:50:02.159891,0000,051096,0.019029,0.0000,0.1379
2026-08-11T13:50:04.326648,0000,051104,1.574439,-0.0008,1.2548
2026-08-11T13:50:06.649608,0000,051112,0.032684,0.0007,0.1808
2026-08-11T13:50:08.713297,0000,051120,0.059567,0.0005,0.2441
2026-08-11T13:50:10.676680,0000,051128,0.009437,-0.0000,0.0971
2026-08-11T13:50:12.693540,0000,051136,0.022459,-0.0009,0.1499
2026-08-11T13:50:14.467781,0000,051144,0.036088,-0.0012,0.1900
2026-08-11T13:50:16.581434,0000,051152,0.056491,-0.0011,0.2377
2026-08-11T13:50:18.436481,0000,051160,0.034062,-0.0002,0.1846
2026-08-11T13:50:20.187684,0000,051168,0.032789,0.0007,0.1811
2026-08-11T13:50:21.976024,0000,051176,0.023319,0.0013,0.1527
2026-08-11T13:50:23.851864,0000,051184,0.030755,0.0014,0.1754
2026-08-11T13:50:25.617348,0000,051192,0.032030,0.0007,0.1790
2026-08-11T13:50:27.388538,0000,051200,0.025814,-0.0002,0.1607
2026-08-11T13:50:29.419685,0000,051208,0.027514,-0.0006,0.1659
2026-08-11T13:50:31.210524,0000,051216,0.014561,-0.0003,0.1207
2026-08-11T13:50:33.021542,0000,051224,0.022395,0.0002,0.1496
2026-08-11T13:50:34.800221,0000,051232,0.039529,0.0003,0.1988
2026-08-11T13:50:36.596489,0000,051240,0.011073,-0.0000,0.1052
2026-08-11T13:50:38.339077,0000,051248,0.024772,0.0001,0.1574
2026-08-11T13:50:40.340993,0000,051256,0.029478,-0.0003,0.1717
2026-08-11T13:50:42.405231,0000,051264,0.015303,-0.0002,0.1237
2026-08-11T13:50:44.203240,0000,051272,0.023275,0.0004,0.1526
2026-08-11T13:50:46.016808,0000,051280,0.046196,0.0003,0.2149
2026-08-11T13:50:47.943514,0000,051288,0.018250,0.0001,0.1351
2026-08-11T13:50:49.888523,0000,051296,0.026691,-0.0007,0.1634
2026-08-11T13:50:51.918583,0000,051304,0.033902,-0.0013,0.1841
2026-08-11T13:50:53.797624,0000,051312,0.033892,-0.0008,0.1841
2026-08-11T13:50:55.573870,0000,051320,0.022267,-0.0002,0.1492
2026-08-11T13:50:57.425533,0000,051328,0.054441,0.0007,0.2333
2026-08-11T13:50:59.493742,0000,051336,0.023628,0.0012,0.1537
2026-08-11T13:51:01.554719,0000,051344,0.044458,0.0013,0.2108
2026-08-11T13:51:03.323732,0000,051352,0.027561,0.0007,0.1660
2026-08-11T13:51:05.097486,0000,051360,0.027775,-0.0001,0.1667
2026-08-11T13:51:07.036805,0000,051368,0.027113,-0.0004,0.1647
2026-08-11T13:51:08.784236,0000,051376,0.026449,-0.0003,0.1626
2026-08-11T13:51:10.591059,0000,051384,0.040700,0.0003,0.2017
2026-08-11T13:51:12.339484,0000,051392,0.041430,0.0004,0.2035
2026-08-11T13:51:14.140090,0000,051400,0.010085,-0.0000,0.1004
2026-08-11T13:51:15.876271,0000,051408,0.022320,0.0000,0.1494
2026-08-11T13:51:17.709544,0000,051416,0.020414,-0.0002,0.1429
2026-08-11T13:51:19.501420,0000,051424,0.221166,-0.0002,0.4703
2026-08-11T13:51:21.281567,0000,051432,0.020684,0.0005,0.1438
2026-08-11T13:51:23.043491,0000,051440,0.030534,0.0005,0.1747
2026-08-11T13:51:24.801288,0000,051448,0.026712,0.0002,0.1634
2026-08-11T13:51:26.580562,0000,051456,0.019659,-0.0005,0.1402
2026-08-11T13:51:28.475126,0000,051464,0.039494,-0.0009,0.1987
2026-08-11T13:51:30.230201,0000,051472,0.021741,-0.0007,0.1474
2026-08-11T13:51:32.386490,0000,051480,0.045589,-0.0003,0.2135
2026-08-11T13:51:34.131419,0000,051488,0.025747,0.0008,0.1605
2026-08-11T13:51:36.020460,0000,051496,0.037403,0.0015,0.1934
2026-08-11T13:51:37.809565,0000,051504,0.038137,0.0014,0.1953
2026-08-11T13:51:39.853657,0000,051512,0.019596,0.0009,0.1400
2026-08-11T13:51:41.616448,0000,051520,0.024685,0.0001,0.1571
2026-08-11T13:51:43.537008,0000,051528,0.027022,-0.0013,0.1644
2026-08-11T13:51:45.471057,0000,051536,0.048439,-0.0020,0.2201
2026-08-11T13:51:47.244499,0000,051544,0.033748,-0.0019,0.1837
2026-08-11T13:51:49.246017,0000,051552,0.058436,-0.0019,0.2417
2026-08-11T13:51:51.232541,0000,051560,0.069121,-0.0013,0.2629
2026-08-11T13:51:53.021330,0000,051568,0.073110,-0.0001,0.2704
2026-08-11T13:51:54.997495,0000,051576,0.065013,0.0016,0.2550
2026-08-11T13:51:57.033495,0000,051584,0.067159,0.0027,0.2592
2026-08-11T13:51:59.165837,0000,051592,0.088136,0.0029,0.2969
2026-08-11T13:52:01.395179,0000,051600,0.061697,0.0026,0.2484
2026-08-11T13:52:03.342033,0000,051608,0.042037,0.0020,0.2050
2026-08-11T13:52:05.254524,0000,051616,0.021760,0.0010,0.1475
2026-08-11T13:52:07.065329,0000,051624,0.019601,-0.0003,0.1400
2026-08-11T13:52:08.986309,0000,051632,0.030209,-0.0011,0.1738
2026-08-11T13:52:11.034339,0000,051640,0.059000,-0.0014,0.2429
2026-08-11T13:52:13.197126,0000,051648,0.057341,-0.0013,0.2395
2026-08-11T13:52:15.595297,0000,051656,0.020154,-0.0006,0.1420
2026-08-11T13:52:17.582034,0000,051664,0.019381,0.0006,0.1392
2026-08-11T13:52:19.583451,0000,051672,0.030510,0.0012,0.1747
2026-08-11T13:52:21.514476,0000,051680,0.027999,0.0013,0.1673
2026-08-11T13:52:23.841031,0000,051688,0.047410,0.0007,0.2177
2026-08-11T13:52:25.810314,0000,051696,0.017054,-0.0001,0.1306
2026-08-11T13:52:27.969279,0000,051704,0.020960,-0.0006,0.1448
2026-08-11T13:52:30.188715,0000,051712,0.046505,-0.0003,0.2157
2026-08-11T13:52:32.058786,0000,051720,0.014088,0.0003,0.1187
2026-08-11T13:52:34.135001,0000,051728,0.038902,0.0001,0.1972
2026-08-11T13:52:35.889971,0000,051736,0.021214,0.0001,0.1456
2026-08-11T13:52:37.959017,0000,051744,0.033827,-0.0008,0.1839
2026-08-11T13:52:40.335297,0000,051752,0.030016,-0.0015,0.1733
2026-08-11T13:52:42.304559,0000,051760,0.020671,-0.0009,0.1438
2026-08-11T13:52:44.550221,0000,051768,0.019202,-0.0003,0.1386
2026-08-11T13:52:46.334439,0000,051776,0.015120,0.0008,0.1230
2026-08-11T13:52:48.080362,0000,051784,0.101385,0.0011,0.3184
2026-08-11T13:52:49.900430,0000,051792,0.041593,0.0013,0.2039
2026-08-11T13:52:51.680011,0000,051800,0.045018,0.0007,0.2122
2026-08-11T13:52:53.508108,0000,051808,0.040445,-0.0001,0.2011
2026-08-11T13:52:55.292455,0000,051816,0.027666,-0.0004,0.1663
2026-08-11T13:52:57.107201,0000,051824,0.040820,-0.0004,0.2020
2026-08-11T13:52:58.885957,0000,051832,0.017994,0.0004,0.1341
2026-08-11T13:53:00.840396,0000,051840,0.036131,0.0003,0.1901
2026-08-11T13:53:02.689180,0000,051848,0.019814,0.0000,0.1408
2026-08-11T13:53:04.477344,0000,051856,0.019250,-0.0008,0.1387
2026-08-11T13:53:06.346474,0000,051864,0.031797,-0.0010,0.1783
2026-08-11T13:53:08.162327,0000,051872,0.045923,-0.0009,0.2143
2026-08-11T13:53:10.458632,0000,051880,0.017154,-0.0002,0.1310
2026-08-11T13:53:12.602289,0000,051888,0.027350,0.0009,0.1654
2026-08-11T13:53:15.254316,0000,051896,0.079633,0.0012,0.2822
2026-08-11T13:53:17.018285,0000,051904,0.100339,0.0012,0.3168
2026-08-11T13:53:19.036385,0000,051912,0.052297,0.0007,0.2287
2026-08-11T13:53:21.429731,0000,051920,0.068244,-0.0002,0.2612
2026-08-11T13:53:23.615446,0000,051928,0.013194,-0.0004,0.1149
2026-08-11T13:53:25.733412,0000,051936,0.024314,-0.0004,0.1559
2026-08-11T13:53:27.832447,0000,051944,0.026858,0.0003,0.1639
2026-08-11T13:53:29.955523,0000,051952,0.045875,0.0002,0.2142
2026-08-11T13:53:32.258766,0000,051960,0.013727,0.0002,0.1172
2026-08-11T13:53:34.308016,0000,051968,0.033011,-0.0008,0.1817
2026-08-11T13:53:36.645863,0000,051976,0.032011,-0.0011,0.1789
2026-08-11T13:53:38.649374,0000,051984,0.020523,-0.0008,0.1433
2026-08-11T13:53:40.507137,0000,051992,0.041733,-0.0002,0.2043
2026-08-11T13:53:42.539429,0000,052000,0.024219,0.0009,0.1556
2026-08-11T13:53:44.772035,0000,052008,0.045640,0.0014,0.2136
2026-08-11T13:53:46.564944,0000,052016,0.057647,0.0012,0.2401
2026-08-11T13:53:48.323226,0000,052024,0.020965,0.0007,0.1448
2026-08-11T13:53:50.254879,0000,052032,0.013408,-0.0001,0.1158
2026-08-11T13:53:52.513194,0000,052040,0.034335,-0.0005,0.1853
2026-08-11T13:53:54.757051,0000,052048,0.075414,-0.0006,0.2746
2026-08-11T13:53:56.786442,0000,052056,0.043506,0.0003,0.2086
2026-08-11T13:53:58.861229,0000,052064,0.016879,0.0004,0.1299
2026-08-11T13:54:01.007010,0000,052072,0.021710,-0.0000,0.1473
2026-08-11T13:54:03.123452,0000,052080,0.039067,0.0000,0.1977
2026-08-11T13:54:05.832080,0000,052088,0.034994,-0.0002,0.1871
2026-08-11T13:54:08.192504,0000,052096,0.013345,-0.0001,0.1155
2026-08-11T13:54:10.960451,0000,052104,0.044617,0.0002,0.2112
2026-08-11T13:54:13.472974,0000,052112,0.029145,0.0004,0.1707
2026-08-11T13:54:16.079261,0000,052120,0.015584,0.0002,0.1248
2026-08-11T13:54:18.436543,0000,052128,0.052898,-0.0010,0.2300
2026-08-11T13:54:20.674247,0000,052136,0.023653,-0.0011,0.1538
2026-08-11T13:54:22.895065,0000,052144,0.046300,-0.0010,0.2152
2026-08-11T13:54:25.113821,0000,052152,0.056577,-0.0001,0.2379
2026-08-11T13:54:27.175500,0000,052160,0.026122,0.0008,0.1616
2026-08-11T13:54:28.932952,0000,052168,0.040430,0.0013,0.2011
2026-08-11T13:54:30.740112,0000,052176,0.039644,0.0012,0.1991
2026-08-11T13:54:32.630953,0000,052184,0.031740,0.0008,0.1782
2026-08-11T13:54:34.822834,0000,052192,0.025704,-0.0002,0.1603
2026-08-11T13:54:36.904882,0000,052200,0.084772,-0.0006,0.2912
2026-08-11T13:54:38.862695,0000,052208,0.034281,-0.0002,0.1852
2026-08-11T13:54:41.028535,0000,052216,0.032911,0.0003,0.1814
2026-08-11T13:54:43.650291,0000,052224,0.057807,0.0006,0.2404
2026-08-11T13:54:45.835177,0000,052232,0.043380,-0.0002,0.2083
2026-08-11T13:54:47.727108,0000,052240,0.034949,0.0001,0.1869
2026-08-11T13:54:49.637755,0000,052248,0.033668,-0.0002,0.1835
2026-08-11T13:54:51.557411,0000,052256,0.019486,-0.0001,0.1396
2026-08-11T13:54:53.466745,0000,052264,0.039139,0.0003,0.1978
2026-08-11T13:54:55.467836,0000,052272,0.047443,0.0004,0.2178
2026-08-11T13:54:57.665118,0000,052280,0.013383,0.0001,0.1157
2026-08-11T13:54:59.839634,0000,052288,0.064156,-0.0008,0.2533
2026-08-11T13:55:01.790153,0000,052296,0.026276,-0.0009,0.1621
2026-08-11T13:55:03.891780,0000,052304,0.056293,-0.0011,0.2373
2026-08-11T13:55:05.788872,0000,052312,0.013699,-0.0001,0.1170
2026-08-11T13:55:07.930835,0000,052320,0.080485,0.0007,0.2837
2026-08-11T13:55:10.019737,0000,052328,0.093775,0.0012,0.3062
2026-08-11T13:55:11.819656,0000,052336,0.031427,0.0012,0.1773
2026-08-11T13:55:13.929906,0000,052344,0.048586,0.0008,0.2204
2026-08-11T13:55:16.267791,0000,052352,0.049681,-0.0001,0.2229
2026-08-11T13:55:18.592349,0000,052360,0.014967,-0.0003,0.1223
2026-08-11T13:55:21.526889,0000,052368,0.025512,-0.0002,0.1597
2026-08-11T13:55:24.388089,0000,052376,0.066037,-0.0001,0.2570
2026-08-11T13:55:27.049068,0000,052384,0.025327,0.0013,0.1591
2026-08-11T13:55:29.376560,0000,052392,0.053496,0.0018,0.2313
2026-08-11T13:55:31.394239,0000,052400,0.027633,0.0014,0.1662
2026-08-11T13:55:33.542798,0000,052408,0.030221,0.0012,0.1738
2026-08-11T13:55:35.592828,0000,052416,0.027451,0.0002,0.1657
2026-08-11T13:55:37.620508,0000,052424,0.021895,-0.0011,0.1480
2026-08-11T13:55:39.564426,0000,052432,0.039997,-0.0017,0.2000
2026-08-11T13:55:41.604681,0000,052440,0.033176,-0.0017,0.1821
2026-08-11T13:55:43.546738,0000,052448,0.029677,-0.0015,0.1723
2026-08-11T13:55:45.803678,0000,052456,0.100956,-0.0009,0.3177
2026-08-11T13:55:48.048524,0000,052464,0.038136,0.0002,0.1953
2026-08-11T13:55:49.978062,0000,052472,0.024240,0.0007,0.1557
2026-08-11T13:55:51.976755,0000,052480,0.027014,0.0007,0.1644
2026-08-11T13:55:53.785401,0000,052488,0.018212,0.0003,0.1350
2026-08-11T13:55:55.903900,0000,052496,0.017565,-0.0006,0.1325
2026-08-11T13:55:57.954574,0000,052504,0.035642,-0.0009,0.1888
2026-08-11T13:56:00.148209,0000,052512,0.035043,-0.0005,0.1872
2026-08-11T13:56:02.605660,0000,052520,0.027126,0.0000,0.1647
2026-08-11T13:56:04.850845,0000,052528,0.025949,-0.0001,0.1611
2026-08-11T13:56:07.555686,0000,052536,0.016676,0.0006,0.1291
2026-08-11T13:56:09.710474,0000,052544,0.033440,0.0007,0.1829
2026-08-11T13:56:11.960971,0000,052552,0.047419,0.0002,0.2178
2026-08-11T13:56:14.716920,0000,052560,0.041773,-0.0009,0.2044
2026-08-11T13:56:16.625473,0000,052568,0.018383,-0.0008,0.1356
2026-08-11T13:56:18.716689,0000,052576,0.050775,-0.0006,0.2253
2026-08-11T13:56:21.068633,0000,052584,0.022139,-0.0002,0.1488
2026-08-11T13:56:23.116668,0000,052592,0.039737,0.0009,0.1993
2026-08-11T13:56:25.093579,0000,052600,0.033574,0.0013,0.1832
2026-08-11T13:56:27.086999,0000,052608,1.575910,0.0004,1.2554
2026-08-11T13:56:29.429110,0000,052616,0.059701,0.0007,0.2443
2026-08-11T13:56:31.614324,0000,052624,0.012845,0.0000,0.1133
2026-08-11T13:56:33.421699,0000,052632,1.572186,-0.0021,1.2539
2026-08-11T13:56:35.404555,0000,052640,0.051116,-0.0019,0.2261
2026-08-11T13:56:37.255479,0000,052648,0.056085,-0.0021,0.2368
2026-08-11T13:56:39.434756,0000,052656,0.055979,-0.0020,0.2366
2026-08-11T13:56:41.412331,0000,052664,0.042599,-0.0011,0.2064
2026-08-11T13:56:43.456474,0000,052672,0.020847,0.0001,0.1444
2026-08-11T13:56:45.806041,0000,052680,0.024003,0.0005,0.1549
2026-08-11T13:56:47.837931,0000,052688,0.024952,0.0005,0.1580
2026-08-11T13:56:49.780538,0000,052696,0.028103,0.0001,0.1676
2026-08-11T13:56:51.821428,0000,052704,0.014433,-0.0006,0.1201
2026-08-11T13:56:53.588481,0000,052712,0.026354,-0.0008,0.1623
2026-08-11T13:56:55.690462,0000,052720,0.011425,-0.0006,0.1069
2026-08-11T13:56:57.732901,0000,052728,0.021849,-0.0000,0.1478
2026-08-11T13:56:59.679470,0000,052736,0.040614,0.0010,0.2015
2026-08-11T13:57:01.415366,0000,052744,0.034731,0.0012,0.1864
2026-08-11T13:57:03.432572,0000,052752,0.074265,0.0013,0.2725
2026-08-11T13:57:05.324626,0000,052760,0.049024,0.0009,0.2214
2026-08-11T13:57:07.219622,0000,052768,0.042117,-0.0000,0.2052
2026-08-11T13:57:08.977197,0000,052776,0.019102,-0.0005,0.1382
2026-08-11T13:57:11.259951,0000,052784,0.045032,-0.0003,0.2122
2026-08-11T13:57:13.270400,0000,052792,0.048793,0.0004,0.2209
2026-08-11T13:57:14.982797,0000,052800,0.080269,0.0003,0.2833
2026-08-11T13:57:16.896282,0000,052808,0.017132,0.0001,0.1309
2026-08-11T13:57:18.631589,0000,052816,0.017205,-0.0007,0.1312
2026-08-11T13:57:20.721896,0000,052824,0.029004,-0.0010,0.1703
2026-08-11T13:57:22.472764,0000,052832,0.017914,-0.0008,0.1338
2026-08-11T13:57:24.328763,0000,052840,0.019877,-0.0001,0.1410
2026-08-11T13:57:26.093273,0000,052848,0.012638,0.0008,0.1124
2026-08-11T13:57:27.901815,0000,052856,0.026247,0.0012,0.1620
2026-08-11T13:57:29.632514,0000,052864,0.036030,0.0012,0.1898
2026-08-11T13:57:31.422704,0000,052872,0.022212,0.0008,0.1490
2026-08-11T13:57:33.397300,0000,052880,0.020075,-0.0002,0.1417
2026-08-11T13:57:35.114181,0000,052888,0.037456,-0.0005,0.1935
2026-08-11T13:57:36.844363,0000,052896,0.021215,-0.0003,0.1457
2026-08-11T13:57:38.772430,0000,052904,0.032989,0.0003,0.1816
2026-08-11T13:57:40.518372,0000,052912,0.015443,0.0003,0.1243
2026-08-11T13:57:42.564377,0000,052920,0.023725,0.0002,0.1540
2026-08-11T13:57:44.274984,0000,052928,0.027010,-0.0008,0.1643
2026-08-11T13:57:46.192728,0000,052936,0.044041,-0.0011,0.2099
2026-08-11T13:57:48.073388,0000,052944,0.035220,-0.0010,0.1877
2026-08-11T13:57:50.026338,0000,052952,0.021307,-0.0002,0.1460
2026-08-11T13:57:51.797955,0000,052960,0.047217,0.0006,0.2173
2026-08-11T13:57:53.628138,0000,052968,0.045108,0.0011,0.2124
2026-08-11T13:57:55.360457,0000,052976,0.045386,0.0011,0.2130
2026-08-11T13:57:57.296525,0000,052984,0.016230,0.0007,0.1274
2026-08-11T13:57:59.381483,0000,052992,0.015139,-0.0001,0.1230
2026-08-11T13:58:01.584083,0000,053000,0.028064,-0.0005,0.1675
2026-08-11T13:58:03.666922,0000,053008,0.036763,-0.0003,0.1917
2026-08-11T13:58:05.751265,0000,053016,0.014159,0.0002,0.1190
2026-08-11T13:58:07.541997,0000,053024,0.033116,0.0004,0.1820
2026-08-11T13:58:09.372641,0000,053032,0.016722,0.0001,0.1293
2026-08-11T13:58:11.304587,0000,053040,0.022932,-0.0008,0.1514
2026-08-11T13:58:13.442059,0000,053048,0.045250,-0.0012,0.2127
2026-08-11T13:58:15.425853,0000,053056,0.051955,-0.0009,0.2279
2026-08-11T13:58:17.629310,0000,053064,0.021027,-0.0003,0.1450
2026-08-11T13:58:19.575846,0000,053072,0.030409,0.0008,0.1744
2026-08-11T13:58:21.353914,0000,053080,0.021486,0.0011,0.1466
2026-08-11T13:58:23.692949,0000,053088,0.077302,0.0019,0.2780
2026-08-11T13:58:25.518758,0000,053096,0.034734,0.0007,0.1864
2026-08-11T13:58:27.318978,0000,053104,0.029985,-0.0001,0.1732
2026-08-11T13:58:29.293160,0000,053112,0.019346,-0.0006,0.1391
2026-08-11T13:58:31.655199,0000,053120,0.041884,-0.0001,0.2047
2026-08-11T13:58:33.812424,0000,053128,0.015729,0.0001,0.1254
2026-08-11T13:58:35.941188,0000,053136,0.017797,0.0004,0.1334
2026-08-11T13:58:38.041536,0000,053144,0.016368,-0.0001,0.1279
2026-08-11T13:58:40.044143,0000,053152,0.035420,-0.0001,0.1882
2026-08-11T13:58:42.337824,0000,053160,0.033761,0.0006,0.1837
2026-08-11T13:58:44.537971,0000,053168,0.065788,0.0007,0.2565
2026-08-11T13:58:46.422155,0000,053176,0.022835,0.0002,0.1511
2026-08-11T13:58:48.185777,0000,053184,0.017258,-0.0005,0.1314
2026-08-11T13:58:49.987938,0000,053192,0.018863,-0.0009,0.1373
2026-08-11T13:58:51.788884,0000,053200,0.024571,-0.0007,0.1567
2026-08-11T13:58:53.642853,0000,053208,0.034576,-0.0001,0.1859
2026-08-11T13:58:55.493146,0000,053216,0.027117,0.0009,0.1647
2026-08-11T13:58:57.529892,0000,053224,0.045622,0.0013,0.2136
2026-08-11T13:58:59.482107,0000,053232,0.045083,0.0012,0.2123
2026-08-11T13:59:01.680988,0000,053240,0.048312,0.0010,0.2198
2026-08-11T13:59:03.886376,0000,053248,0.019365,0.0001,0.1392
2026-08-11T13:59:06.007427,0000,053256,0.040142,-0.0014,0.2004
2026-08-11T13:59:08.123596,0000,053264,0.057977,-0.0021,0.2408
2026-08-11T13:59:10.248110,0000,053272,0.038578,-0.0021,0.1964
2026-08-11T13:59:12.325725,0000,053280,0.042893,-0.0017,0.2071
2026-08-11T13:59:14.213345,0000,053288,0.022345,-0.0010,0.1495
2026-08-11T13:59:16.259734,0000,053296,0.021582,0.0001,0.1469
2026-08-11T13:59:18.317266,0000,053304,0.048551,0.0006,0.2203
2026-08-11T13:59:20.496139,0000,053312,0.020657,0.0006,0.1437
2026-08-11T13:59:22.588490,0000,053320,0.101531,0.0001,0.3186
2026-08-11T13:59:24.744615,0000,053328,0.032806,-0.0007,0.1811
2026-08-11T13:59:26.753103,0000,053336,0.026803,-0.0009,0.1637
2026-08-11T13:59:28.736132,0000,053344,0.051066,-0.0009,0.2260
2026-08-11T13:59:31.017063,0000,053352,0.067460,-0.0003,0.2597
2026-08-11T13:59:32.829463,0000,053360,0.019716,0.0007,0.1404
2026-08-11T13:59:35.120440,0000,053368,0.057162,0.0013,0.2391
2026-08-11T13:59:36.886948,0000,053376,0.228545,0.0012,0.4781
2026-08-11T13:59:38.720973,0000,053384,0.017611,0.0009,0.1327
2026-08-11T13:59:40.780835,0000,053392,0.037815,-0.0000,0.1945
2026-08-11T13:59:42.995899,0000,053400,0.021753,-0.0004,0.1475
2026-08-11T13:59:45.171462,0000,053408,0.075711,-0.0002,0.2752
2026-08-11T13:59:47.502987,0000,053416,0.020344,0.0003,0.1426
2026-08-11T13:59:49.639635,0000,053424,0.026132,0.0005,0.1617
2026-08-11T13:59:51.572811,0000,053432,0.050646,-0.0001,0.2250
2026-08-11T13:59:53.473793,0000,053440,0.010396,0.0002,0.1020
2026-08-11T13:59:55.354066,0000,053448,0.020586,-0.0002,0.1435
2026-08-11T13:59:57.256346,0000,053456,0.034222,-0.0002,0.1850
2026-08-11T13:59:59.180044,0000,053464,0.017266,0.0005,0.1314
2026-08-11T14:00:01.158135,0000,053472,0.027386,0.0005,0.1655
2026-08-11T14:00:03.078227,0000,053480,0.015156,0.0001,0.1231
2026-08-11T14:00:04.925515,0000,053488,0.117759,-0.0008,0.3432
2026-08-11T14:00:06.720580,0000,053496,0.020955,-0.0010,0.1448
2026-08-11T14:00:08.880907,0000,053504,0.051088,-0.0011,0.2260
2026-08-11T14:00:11.097486,0000,053512,0.020942,-0.0002,0.1447
2026-08-11T14:00:13.169618,0000,053520,0.015175,0.0009,0.1232
2026-08-11T14:00:15.176936,0000,053528,0.026160,0.0013,0.1617
2026-08-11T14:00:17.151713,0000,053536,0.036069,0.0013,0.1899
2026-08-11T14:00:19.169396,0000,053544,0.022905,0.0008,0.1513
2026-08-11T14:00:20.977467,0000,053552,0.033036,-0.0001,0.1818
2026-08-11T14:00:23.200454,0000,053560,0.045463,-0.0004,0.2132
2026-08-11T14:00:25.222412,0000,053568,0.044409,-0.0005,0.2107
2026-08-11T14:00:27.142595,0000,053576,0.019309,0.0003,0.1390
2026-08-11T14:00:29.047240,0000,053584,0.025121,0.0004,0.1585
2026-08-11T14:00:31.028689,0000,053592,0.020617,-0.0002,0.1436
2026-08-11T14:00:32.844039,0000,053600,0.017437,0.0001,0.1320
2026-08-11T14:00:34.817808,0000,053608,0.016609,-0.0002,0.1289
2026-08-11T14:00:36.880051,0000,053616,0.030931,-0.0001,0.1759
2026-08-11T14:00:38.597906,0000,053624,0.039073,0.0004,0.1977
2026-08-11T14:00:40.774165,0000,053632,0.015184,0.0006,0.1232
2026-08-11T14:00:42.681339,0000,053640,0.011965,0.0001,0.1094
2026-08-11T14:00:44.482735,0000,053648,0.032367,-0.0008,0.1799
2026-08-11T14:00:46.553128,0000,053656,0.065633,-0.0011,0.2562
2026-08-11T14:00:49.065061,0000,053664,0.031379,-0.0010,0.1771
2026-08-11T14:00:51.146570,0000,053672,0.014624,-0.0002,0.1209
2026-08-11T14:00:53.457640,0000,053680,0.023475,0.0008,0.1532
2026-08-11T14:00:55.761348,0000,053688,0.046437,0.0014,0.2155
2026-08-11T14:00:57.703755,0000,053696,0.020883,0.0012,0.1445
2026-08-11T14:00:59.977190,0000,053704,0.049466,0.0005,0.2224
2026-08-11T14:01:02.377479,0000,053712,0.044695,-0.0003,0.2114
2026-08-11T14:01:04.481693,0000,053720,0.040423,-0.0004,0.2011
2026-08-11T14:01:06.521083,0000,053728,0.012837,-0.0002,0.1133
2026-08-11T14:01:08.801454,0000,053736,0.051195,0.0002,0.2263
2026-08-11T14:01:10.997763,0000,053744,0.036940,0.0004,0.1922
2026-08-11T14:01:13.264155,0000,053752,0.026107,-0.0001,0.1616
2026-08-11T14:01:15.962689,0000,053760,0.053412,-0.0002,0.2311
2026-08-11T14:01:18.058666,0000,053768,0.032750,0.0006,0.1810
2026-08-11T14:01:20.502003,0000,053776,0.032409,0.0009,0.1800
2026-08-11T14:01:22.703192,0000,053784,0.020530,0.0002,0.1433
2026-08-11T14:01:24.885709,0000,053792,0.041653,-0.0007,0.2041
2026-08-11T14:01:27.206281,0000,053800,0.037206,-0.0009,0.1929
2026-08-11T14:01:29.486751,0000,053808,0.014583,-0.0006,0.1208
2026-08-11T14:01:31.676041,0000,053816,0.027004,0.0000,0.1643
2026-08-11T14:01:34.143579,0000,053824,0.096607,-0.0001,0.3108
2026-08-11T14:01:36.229816,0000,053832,0.025588,0.0006,0.1600
2026-08-11T14:01:38.441289,0000,053840,0.028967,0.0007,0.1702
2026-08-11T14:01:40.473166,0000,053848,0.019588,0.0003,0.1400
2026-08-11T14:01:42.671459,0000,053856,0.014288,-0.0005,0.1195
2026-08-11T14:01:45.138718,0000,053864,0.028897,-0.0009,0.1700
2026-08-11T14:01:47.475652,0000,053872,0.045589,-0.0006,0.2135
2026-08-11T14:01:49.439923,0000,053880,0.028527,-0.0002,0.1689
2026-08-11T14:01:51.196559,0000,053888,0.015741,0.0009,0.1255
2026-08-11T14:01:52.939796,0000,053896,0.027063,0.0013,0.1645
2026-08-11T14:01:54.893429,0000,053904,0.056524,0.0012,0.2377
2026-08-11T14:01:57.303571,0000,053912,0.053423,0.0009,0.2311
2026-08-11T14:01:59.691643,0000,053920,0.025476,-0.0000,0.1596
2026-08-11T14:02:01.717558,0000,053928,0.031184,-0.0005,0.1766
2026-08-11T14:02:03.890784,0000,053936,0.037642,-0.0006,0.1940
2026-08-11T14:02:05.865516,0000,053944,0.036063,0.0004,0.1899
2026-08-11T14:02:07.994259,0000,053952,0.025342,0.0003,0.1592
2026-08-11T14:02:09.851608,0000,053960,0.034495,-0.0001,0.1857
2026-08-11T14:02:11.623555,0000,053968,0.020590,0.0002,0.1435
2026-08-11T14:02:13.364836,0000,053976,0.016635,-0.0002,0.1290
2026-08-11T14:02:15.085603,0000,053984,0.025062,-0.0001,0.1583
2026-08-11T14:02:16.832690,0000,053992,0.021119,0.0004,0.1453
2026-08-11T14:02:18.662528,0000,054000,0.035081,0.0004,0.1873
2026-08-11T14:02:20.510826,0000,054008,0.034066,0.0001,0.1846
2026-08-11T14:02:22.223314,0000,054016,0.020088,-0.0006,0.1417
2026-08-11T14:02:24.093456,0000,054024,0.049209,-0.0010,0.2218
2026-08-11T14:02:26.177170,0000,054032,0.035075,-0.0009,0.1873
2026-08-11T14:02:28.453656,0000,054040,0.017606,-0.0002,0.1327
2026-08-11T14:02:30.460287,0000,054048,0.019156,0.0008,0.1384
2026-08-11T14:02:32.515497,0000,054056,0.037704,0.0012,0.1942
2026-08-11T14:02:34.636520,0000,054064,0.035708,0.0014,0.1890
2026-08-11T14:02:36.380189,0000,054072,0.035937,0.0008,0.1896
2026-08-11T14:02:38.332010,0000,054080,0.011733,-0.0001,0.1083
2026-08-11T14:02:40.239506,0000,054088,0.028965,-0.0005,0.1702
2026-08-11T14:02:42.498697,0000,054096,0.030768,-0.0003,0.1754
2026-08-11T14:02:44.343424,0000,054104,0.021233,0.0003,0.1457
2026-08-11T14:02:46.350434,0000,054112,0.014851,0.0005,0.1219
2026-08-11T14:02:48.179014,0000,054120,0.043011,0.0001,0.2074
2026-08-11T14:02:50.517625,0000,054128,0.047049,-0.0010,0.2169
2026-08-11T14:02:52.557694,0000,054136,0.033546,-0.0013,0.1832
2026-08-11T14:02:54.613063,0000,054144,0.022146,-0.0009,0.1488
2026-08-11T14:02:56.523367,0000,054152,0.045886,-0.0004,0.2142
2026-08-11T14:02:58.664252,0000,054160,0.067908,0.0008,0.2606
2026-08-11T14:03:00.575467,0000,054168,0.030253,0.0013,0.1739
2026-08-11T14:03:02.483007,0000,054176,0.027905,0.0013,0.1670
2026-08-11T14:03:04.395631,0000,054184,0.038151,0.0007,0.1953
2026-08-11T14:03:06.333035,0000,054192,0.026729,-0.0001,0.1635
2026-08-11T14:03:08.275818,0000,054200,0.024691,-0.0004,0.1571
2026-08-11T14:03:10.300426,0000,054208,0.049921,-0.0004,0.2234
2026-08-11T14:03:12.132755,0000,054216,0.037137,0.0002,0.1927
2026-08-11T14:03:13.918762,0000,054224,0.028217,0.0002,0.1680
2026-08-11T14:03:15.702226,0000,054232,0.024046,-0.0001,0.1551
2026-08-11T14:03:18.165232,0000,054240,0.018995,0.0000,0.1378
2026-08-11T14:03:20.218671,0000,054248,0.045386,-0.0003,0.2130
2026-08-11T14:03:22.778744,0000,054256,0.034550,0.0001,0.1859
2026-08-11T14:03:25.020607,0000,054264,0.015025,-0.0004,0.1226
2026-08-11T14:03:27.001956,0000,054272,0.045905,-0.0004,0.2143
2026-08-11T14:03:29.215091,0000,054280,0.020551,0.0002,0.1434
2026-08-11T14:03:31.523774,0000,054288,0.024643,0.0003,0.1570
2026-08-11T14:03:33.846898,0000,054296,0.011520,0.0001,0.1073
2026-08-11T14:03:36.401361,0000,054304,0.046534,-0.0006,0.2157
2026-08-11T14:03:38.301262,0000,054312,0.023852,-0.0011,0.1544
2026-08-11T14:03:40.417954,0000,054320,0.074880,-0.0010,0.2736
2026-08-11T14:03:42.360115,0000,054328,0.017611,-0.0003,0.1327
2026-08-11T14:03:44.316842,0000,054336,0.219988,0.0008,0.4690
2026-08-11T14:03:46.320235,0000,054344,0.043220,0.0011,0.2079
2026-08-11T14:03:48.437308,0000,054352,0.037353,0.0014,0.1933
2026-08-11T14:03:50.877942,0000,054360,0.107899,0.0011,0.3285
2026-08-11T14:03:53.120007,0000,054368,0.008240,0.0000,0.0908
2026-08-11T14:03:55.271252,0000,054376,0.073940,-0.0015,0.2719
2026-08-11T14:03:57.287652,0000,054384,0.042960,-0.0019,0.2073
2026-08-11T14:03:59.391536,0000,054392,0.042016,-0.0020,0.2050
2026-08-11T14:04:01.307967,0000,054400,0.059542,-0.0018,0.2440
2026-08-11T14:04:03.367213,0000,054408,0.021139,-0.0010,0.1454
2026-08-11T14:04:05.716037,0000,054416,1.612423,-0.0006,1.2698
2026-08-11T14:04:07.663062,0000,054424,0.031585,0.0014,0.1777
2026-08-11T14:04:09.763579,0000,054432,0.038334,0.0024,0.1958
2026-08-11T14:04:11.899426,0000,054440,0.055746,0.0027,0.2361
2026-08-11T14:04:14.028846,0000,054448,0.063580,0.0025,0.2522
2026-08-11T14:04:16.026954,0000,054456,0.041131,0.0017,0.2028
2026-08-11T14:04:18.054916,0000,054464,0.037511,0.0009,0.1937
2026-08-11T14:04:20.372956,0000,054472,0.036396,-0.0003,0.1908
2026-08-11T14:04:22.606060,0000,054480,0.026683,-0.0012,0.1633
2026-08-11T14:04:24.598138,0000,054488,0.036162,-0.0013,0.1902
2026-08-11T14:04:26.528951,0000,054496,0.043707,-0.0010,0.2091
2026-08-11T14:04:28.507831,0000,054504,0.092836,-0.0007,0.3047
2026-08-11T14:04:30.572123,0000,054512,0.019109,0.0008,0.1382
2026-08-11T14:04:32.560425,0000,054520,0.039835,0.0010,0.1996
2026-08-11T14:04:34.509238,0000,054528,0.067697,0.0010,0.2602
2026-08-11T14:04:36.694549,0000,054536,0.022763,0.0006,0.1509
2026-08-11T14:04:38.907165,0000,054544,0.058223,-0.0003,0.2413
2026-08-11T14:04:41.075833,0000,054552,0.023840,-0.0006,0.1544
2026-08-11T14:04:43.319461,0000,054560,1.568826,-0.0012,1.2525
2026-08-11T14:04:45.308950,0000,054568,0.045998,0.0002,0.2145
2026-08-11T14:04:47.209823,0000,054576,0.024192,0.0002,0.1555
2026-08-11T14:04:49.183686,0000,054584,0.031385,-0.0001,0.1772
2026-08-11T14:04:51.367999,0000,054592,0.016005,0.0001,0.1265
2026-08-11T14:04:53.807903,0000,054600,0.045037,-0.0004,0.2122
2026-08-11T14:04:55.995548,0000,054608,0.047997,-0.0002,0.2191
2026-08-11T14:04:57.884025,0000,054616,0.014490,0.0004,0.1204
2026-08-11T14:04:59.899036,0000,054624,0.030378,0.0006,0.1743
2026-08-11T14:05:01.912101,0000,054632,0.039293,0.0002,0.1982
2026-08-11T14:05:03.882886,0000,054640,0.039058,-0.0006,0.1976
2026-08-11T14:05:06.025324,0000,054648,0.024895,-0.0010,0.1578
2026-08-11T14:05:08.325000,0000,054656,0.018024,-0.0007,0.1343
2026-08-11T14:05:10.422987,0000,054664,0.032630,-0.0002,0.1806
2026-08-11T14:05:12.419029,0000,054672,0.022520,0.0009,0.1501
2026-08-11T14:05:14.469944,0000,054680,0.035396,0.0014,0.1881
2026-08-11T14:05:16.775977,0000,054688,0.059433,0.0017,0.2438
2026-08-11T14:05:18.665470,0000,054696,0.028157,0.0008,0.1678
2026-08-11T14:05:20.599969,0000,054704,0.080411,-0.0001,0.2836
2026-08-11T14:05:22.544227,0000,054712,0.034267,-0.0004,0.1851
2026-08-11T14:05:24.985750,0000,054720,0.042873,-0.0002,0.2071
2026-08-11T14:05:27.043957,0000,054728,0.016218,0.0004,0.1274
2026-08-11T14:05:29.497234,0000,054736,0.066365,0.0008,0.2576
2026-08-11T14:05:31.613101,0000,054744,0.021708,0.0000,0.1473
2026-08-11T14:05:34.183618,0000,054752,0.041762,-0.0008,0.2044
2026-08-11T14:05:36.565229,0000,054760,0.056037,-0.0011,0.2367
2026-08-11T14:05:38.855792,0000,054768,0.025568,-0.0007,0.1599
2026-08-11T14:05:40.999838,0000,054776,0.033010,-0.0001,0.1817
2026-08-11T14:05:42.958844,0000,054784,0.046344,0.0009,0.2153
2026-08-11T14:05:44.926123,0000,054792,0.027307,0.0012,0.1652
2026-08-11T14:05:47.375006,0000,054800,0.034240,0.0014,0.1850
2026-08-11T14:05:49.688755,0000,054808,0.035469,0.0010,0.1883
2026-08-11T14:05:52.401280,0000,054816,0.021083,-0.0000,0.1452
2026-08-11T14:05:54.965287,0000,054824,0.027321,-0.0002,0.1653
2026-08-11T14:05:57.487029,0000,054832,0.020242,-0.0001,0.1423
2026-08-11T14:06:00.128838,0000,054840,0.045315,0.0003,0.2129
2026-08-11T14:06:02.902792,0000,054848,0.045482,0.0004,0.2133
2026-08-11T14:06:05.614575,0000,054856,0.049991,0.0001,0.2236
2026-08-11T14:06:07.760360,0000,054864,0.025723,-0.0007,0.1604
2026-08-11T14:06:09.933547,0000,054872,0.037969,-0.0009,0.1949
2026-08-11T14:06:12.120708,0000,054880,0.033201,-0.0008,0.1822
2026-08-11T14:06:14.210430,0000,054888,0.024122,-0.0001,0.1553
2026-08-11T14:06:17.045534,0000,054896,0.019380,0.0008,0.1392
2026-08-11T14:06:20.052823,0000,054904,0.036817,0.0015,0.1919
2026-08-11T14:06:22.551151,0000,054912,0.030247,0.0014,0.1739
2026-08-11T14:06:24.999701,0000,054920,0.057931,0.0008,0.2407
2026-08-11T14:06:27.263851,0000,054928,0.034324,0.0000,0.1853
2026-08-11T14:06:29.541378,0000,054936,0.044321,-0.0012,0.2105
2026-08-11T14:06:31.852244,0000,054944,0.242335,-0.0020,0.4923
2026-08-11T14:06:33.845250,0000,054952,0.051705,-0.0020,0.2274
2026-08-11T14:06:36.064822,0000,054960,0.072448,-0.0017,0.2692
2026-08-11T14:06:37.976235,0000,054968,0.021827,-0.0008,0.1477
2026-08-11T14:06:40.355348,0000,054976,0.053591,0.0001,0.2315
2026-08-11T14:06:42.788821,0000,054984,0.049500,0.0010,0.2225
2026-08-11T14:06:44.915099,0000,054992,0.050256,0.0008,0.2242
2026-08-11T14:06:46.888137,0000,055000,0.087900,0.0003,0.2965
2026-08-11T14:06:48.816284,0000,055008,0.016200,-0.0004,0.1273
2026-08-11T14:06:51.066038,0000,055016,0.021628,-0.0007,0.1471
2026-08-11T14:06:53.408685,0000,055024,0.027746,-0.0005,0.1666
2026-08-11T14:06:55.714844,0000,055032,0.029771,0.0004,0.1725
2026-08-11T14:06:57.645973,0000,055040,0.016110,0.0002,0.1269
2026-08-11T14:07:00.354036,0000,055048,0.023178,-0.0001,0.1522
2026-08-11T14:07:02.240613,0000,055056,0.018485,-0.0000,0.1360
2026-08-11T14:07:04.343637,0000,055064,0.037720,0.0002,0.1942
2026-08-11T14:07:06.497661,0000,055072,0.029756,-0.0001,0.1725
2026-08-11T14:07:08.447178,0000,055080,0.049822,0.0002,0.2232
2026-08-11T14:07:10.382385,0000,055088,0.027600,-0.0001,0.1661
2026-08-11T14:07:12.399638,0000,055096,0.034751,0.0003,0.1864
2026-08-11T14:07:14.376458,0000,055104,0.056384,-0.0001,0.2375
2026-08-11T14:07:16.217286,0000,055112,0.016423,0.0003,0.1282
2026-08-11T14:07:18.296173,0000,055120,0.017957,0.0002,0.1340
2026-08-11T14:07:20.303499,0000,055128,0.044289,-0.0008,0.2104
2026-08-11T14:07:22.226515,0000,055136,0.035653,-0.0008,0.1888
2026-08-11T14:07:24.201208,0000,055144,0.052513,-0.0006,0.2292
2026-08-11T14:07:26.104773,0000,055152,0.014601,0.0002,0.1208
2026-08-11T14:07:28.321997,0000,055160,0.039412,0.0004,0.1985
2026-08-11T14:07:30.222015,0000,055168,0.017677,0.0001,0.1330
2026-08-11T14:07:31.962085,0000,055176,0.027735,-0.0006,0.1665
2026-08-11T14:07:34.056125,0000,055184,0.052096,-0.0008,0.2282
2026-08-11T14:07:36.265508,0000,055192,0.025864,-0.0005,0.1608
2026-08-11T14:07:38.355884,0000,055200,0.023918,0.0002,0.1547
2026-08-11T14:07:40.645139,0000,055208,0.025808,0.0005,0.1606
2026-08-11T14:07:42.956152,0000,055216,0.025309,0.0003,0.1591
2026-08-11T14:07:44.794882,0000,055224,0.043651,-0.0005,0.2089
2026-08-11T14:07:46.719681,0000,055232,0.024337,-0.0006,0.1560
2026-08-11T14:07:48.809231,0000,055240,0.066078,-0.0005,0.2571
2026-08-11T14:07:50.683789,0000,055248,0.022718,0.0003,0.1507
2026-08-11T14:07:53.062847,0000,055256,0.036148,0.0008,0.1901
2026-08-11T14:07:55.066832,0000,055264,0.023918,0.0003,0.1547
2026-08-11T14:07:57.140172,0000,055272,0.031106,-0.0002,0.1764
2026-08-11T14:07:59.081830,0000,055280,0.220894,-0.0006,0.4700
2026-08-11T14:08:01.196229,0000,055288,0.025655,-0.0003,0.1602
2026-08-11T14:08:03.694934,0000,055296,0.028637,0.0005,0.1692
2026-08-11T14:08:05.829998,0000,055304,0.038125,0.0006,0.1953
2026-08-11T14:08:07.682797,0000,055312,0.024978,0.0003,0.1580
2026-08-11T14:08:09.612710,0000,055320,0.052450,-0.0005,0.2290
2026-08-11T14:08:11.610781,0000,055328,0.029955,-0.0005,0.1731
2026-08-11T14:08:13.735202,0000,055336,0.035962,-0.0002,0.1896
2026-08-11T14:08:15.506120,0000,055344,0.028393,0.0003,0.1685
2026-08-11T14:08:17.642658,0000,055352,0.022607,0.0007,0.1504
2026-08-11T14:08:19.700941,0000,055360,0.018780,0.0006,0.1370
2026-08-11T14:08:21.857384,0000,055368,0.020951,-0.0002,0.1447
2026-08-11T14:08:23.839634,0000,055376,0.025788,-0.0005,0.1606
2026-08-11T14:08:26.512013,0000,055384,0.067983,-0.0002,0.2607
2026-08-11T14:08:28.543282,0000,055392,0.026750,0.0004,0.1636
2026-08-11T14:08:30.715554,0000,055400,0.034366,0.0006,0.1854
2026-08-11T14:08:32.532960,0000,055408,0.021001,0.0005,0.1449
2026-08-11T14:08:34.477184,0000,055416,0.022029,-0.0003,0.1484
2026-08-11T14:08:36.265017,0000,055424,0.023422,-0.0004,0.1530
2026-08-11T14:08:38.292477,0000,055432,0.027112,-0.0000,0.1647
2026-08-11T14:08:40.384588,0000,055440,0.022896,0.0007,0.1513
2026-08-11T14:08:42.172919,0000,055448,0.019834,0.0005,0.1408
2026-08-11T14:08:43.991595,0000,055456,0.017584,0.0004,0.1326
2026-08-11T14:08:46.099631,0000,055464,0.046870,-0.0007,0.2165
2026-08-11T14:08:48.053109,0000,055472,0.018905,-0.0008,0.1375
2026-08-11T14:08:50.118763,0000,055480,1.592281,-0.0016,1.2619
2026-08-11T14:08:51.922507,0000,055488,0.013067,0.0002,0.1143
2026-08-11T14:08:54.007322,0000,055496,0.030553,0.0004,0.1748
2026-08-11T14:08:55.893305,0000,055504,0.021269,-0.0001,0.1458
2026-08-11T14:08:57.896378,0000,055512,0.046636,-0.0002,0.2160
2026-08-11T14:08:59.863449,0000,055520,0.021496,0.0006,0.1466
2026-08-11T14:09:02.156809,0000,055528,0.055385,0.0008,0.2353
2026-08-11T14:09:04.480535,0000,055536,0.089947,0.0005,0.2999
2026-08-11T14:09:06.459496,0000,055544,0.025293,-0.0004,0.1590
2026-08-11T14:09:08.452571,0000,055552,0.018033,-0.0006,0.1343
2026-08-11T14:09:10.256468,0000,055560,0.022799,-0.0003,0.1510
2026-08-11T14:09:12.072298,0000,055568,0.029887,0.0002,0.1729
2026-08-11T14:09:14.045472,0000,055576,0.036505,0.0003,0.1911
2026-08-11T14:09:16.011505,0000,055584,0.016442,0.0001,0.1282
2026-08-11T14:09:18.291801,0000,055592,0.019217,-0.0008,0.1386
2026-08-11T14:09:20.244099,0000,055600,0.020495,-0.0009,0.1432
2026-08-11T14:09:22.114639,0000,055608,0.019380,-0.0006,0.1392
2026-08-11T14:09:23.918272,0000,055616,0.037110,-0.0000,0.1926
2026-08-11T14:09:25.863349,0000,055624,0.026184,0.0010,0.1618
2026-08-11T14:09:27.929572,0000,055632,0.094929,0.0014,0.3081
2026-08-11T14:09:30.321410,0000,055640,0.053051,0.0017,0.2303
2026-08-11T14:09:32.398045,0000,055648,0.020448,0.0011,0.1430
2026-08-11T14:09:34.606285,0000,055656,0.010932,0.0002,0.1046
2026-08-11T14:09:36.410236,0000,055664,0.020501,-0.0009,0.1432
2026-08-11T14:09:38.152288,0000,055672,0.034370,-0.0015,0.1854
2026-08-11T14:09:40.093607,0000,055680,0.033178,-0.0017,0.1821
2026-08-11T14:09:42.285521,0000,055688,0.050862,-0.0014,0.2255
2026-08-11T14:09:44.674078,0000,055696,0.035281,-0.0008,0.1878
2026-08-11T14:09:46.796532,0000,055704,0.012543,0.0005,0.1120
2026-08-11T14:09:48.700199,0000,055712,0.044407,0.0009,0.2107
2026-08-11T14:09:50.948853,0000,055720,0.049019,0.0013,0.2214
2026-08-11T14:09:52.975953,0000,055728,0.049152,0.0007,0.2217
2026-08-11T14:09:54.869041,0000,055736,0.025865,-0.0001,0.1608
2026-08-11T14:09:56.897214,0000,055744,0.033587,-0.0004,0.1833
2026-08-11T14:09:58.834889,0000,055752,0.038838,-0.0004,0.1971
2026-08-11T14:10:00.919275,0000,055760,0.025126,0.0004,0.1585
2026-08-11T14:10:03.094048,0000,055768,0.019749,0.0006,0.1405
2026-08-11T14:10:05.631288,0000,055776,0.035999,0.0001,0.1897
2026-08-11T14:10:07.780692,0000,055784,0.024840,-0.0005,0.1576
2026-08-11T14:10:09.951506,0000,055792,0.049758,-0.0009,0.2231
2026-08-11T14:10:12.016592,0000,055800,0.024621,-0.0006,0.1569
2026-08-11T14:10:13.790023,0000,055808,0.028850,0.0001,0.1699
2026-08-11T14:10:15.790315,0000,055816,0.028824,0.0002,0.1698
2026-08-11T14:10:17.765190,0000,055824,0.032346,-0.0002,0.1798
2026-08-11T14:10:19.859693,0000,055832,0.034284,0.0000,0.1852
2026-08-11T14:10:22.034096,0000,055840,1.577014,-0.0012,1.2558
2026-08-11T14:10:24.167359,0000,055848,0.021611,-0.0001,0.1470
2026-08-11T14:10:26.167366,0000,055856,0.023767,0.0005,0.1542
2026-08-11T14:10:28.394568,0000,055864,0.018495,0.0006,0.1360
2026-08-11T14:10:30.741111,0000,055872,0.034136,0.0004,0.1848
2026-08-11T14:10:32.891801,0000,055880,0.021395,-0.0006,0.1463
2026-08-11T14:10:34.881083,0000,055888,0.064657,-0.0010,0.2543
2026-08-11T14:10:37.274461,0000,055896,0.016259,-0.0005,0.1275
2026-08-11T14:10:39.499212,0000,055904,0.223521,-0.0000,0.4728
2026-08-11T14:10:41.650291,0000,055912,0.048103,0.0013,0.2193
2026-08-11T14:10:43.834432,0000,055920,0.056531,0.0018,0.2378
2026-08-11T14:10:45.526065,0000,055928,1.554557,0.0005,1.2468
2026-08-11T14:10:47.367849,0000,055936,0.026430,0.0011,0.1626
2026-08-11T14:10:49.254381,0000,055944,0.024804,0.0003,0.1575
2026-08-11T14:10:50.970010,0000,055952,0.033915,-0.0008,0.1842
2026-08-11T14:10:53.061525,0000,055960,0.036474,-0.0016,0.1910
2026-08-11T14:10:54.843492,0000,055968,0.063280,-0.0015,0.2516
2026-08-11T14:10:56.846030,0000,055976,0.029708,-0.0014,0.1724
2026-08-11T14:10:58.618665,0000,055984,0.020652,-0.0006,0.1437
2026-08-11T14:11:00.566857,0000,055992,0.058738,0.0002,0.2424
2026-08-11T14:11:02.333856,0000,056000,0.024733,0.0009,0.1573
2026-08-11T14:11:04.118533,0000,056008,0.016593,0.0010,0.1288
2026-08-11T14:11:05.868049,0000,056016,0.050566,0.0005,0.2249
2026-08-11T14:11:07.575923,0000,056024,0.026194,-0.0002,0.1618
2026-08-11T14:11:09.428756,0000,056032,0.025222,-0.0004,0.1588
2026-08-11T14:11:11.246203,0000,056040,0.048519,-0.0003,0.2203
2026-08-11T14:11:13.020012,0000,056048,0.021111,0.0003,0.1453
2026-08-11T14:11:14.791906,0000,056056,0.031663,0.0004,0.1779
2026-08-11T14:11:16.530194,0000,056064,0.022020,0.0001,0.1484
2026-08-11T14:11:18.242367,0000,056072,0.031582,-0.0007,0.1777
2026-08-11T14:11:19.968906,0000,056080,0.050654,-0.0009,0.2251
2026-08-11T14:11:21.907743,0000,056088,0.015151,-0.0007,0.1231
2026-08-11T14:11:24.137029,0000,056096,0.023655,-0.0001,0.1538
2026-08-11T14:11:26.014968,0000,056104,0.040728,0.0013,0.2018
2026-08-11T14:11:27.854926,0000,056112,0.043093,0.0015,0.2076
2026-08-11T14:11:29.580706,0000,056120,0.045201,0.0015,0.2126
2026-08-11T14:11:31.396783,0000,056128,0.045566,0.0012,0.2135
2026-08-11T14:11:33.278194,0000,056136,0.050558,0.0002,0.2249
2026-08-11T14:11:35.010692,0000,056144,0.027271,-0.0009,0.1651
2026-08-11T14:11:36.803844,0000,056152,0.056836,-0.0017,0.2384
2026-08-11T14:11:38.795902,0000,056160,0.052082,-0.0019,0.2282
2026-08-11T14:11:40.602989,0000,056168,0.046481,-0.0013,0.2156
2026-08-11T14:11:42.488956,0000,056176,0.026076,-0.0007,0.1615
2026-08-11T14:11:44.282998,0000,056184,0.026176,0.0005,0.1618
2026-08-11T14:11:46.141791,0000,056192,0.066066,0.0007,0.2570
2026-08-11T14:11:48.037441,0000,056200,0.032721,0.0010,0.1809
2026-08-11T14:11:49.802929,0000,056208,0.066480,0.0005,0.2578
2026-08-11T14:11:51.526204,0000,056216,0.035238,-0.0002,0.1877
2026-08-11T14:11:53.244903,0000,056224,0.019067,-0.0003,0.1381
2026-08-11T14:11:55.144729,0000,056232,0.018151,-0.0004,0.1347
2026-08-11T14:11:56.876804,0000,056240,0.024477,0.0002,0.1565
2026-08-11T14:11:58.629201,0000,056248,0.057257,0.0003,0.2393
2026-08-11T14:12:00.352552,0000,056256,0.015050,0.0001,0.1227
2026-08-11T14:12:02.287758,0000,056264,0.024071,-0.0005,0.1551
2026-08-11T14:12:04.042621,0000,056272,0.038329,-0.0008,0.1958
2026-08-11T14:12:05.829622,0000,056280,0.034587,-0.0006,0.1860
2026-08-11T14:12:07.588824,0000,056288,0.024080,0.0000,0.1552
2026-08-11T14:12:09.452174,0000,056296,0.026337,0.0002,0.1623
2026-08-11T14:12:11.183690,0000,056304,0.017175,-0.0002,0.1311
2026-08-11T14:12:12.928955,0000,056312,0.028936,0.0002,0.1701
2026-08-11T14:12:14.656710,0000,056320,0.015388,-0.0002,0.1240
2026-08-11T14:12:16.381964,0000,056328,0.039696,-0.0002,0.1992
2026-08-11T14:12:18.091626,0000,056336,0.029593,0.0005,0.1720
2026-08-11T14:12:19.904670,0000,056344,0.069440,0.0005,0.2635
2026-08-11T14:12:21.774507,0000,056352,0.059638,0.0002,0.2442
2026-08-11T14:12:23.766254,0000,056360,0.018970,-0.0007,0.1377
2026-08-11T14:12:25.686465,0000,056368,0.033003,-0.0007,0.1817
2026-08-11T14:12:27.464532,0000,056376,0.028449,-0.0004,0.1687
2026-08-11T14:12:29.190394,0000,056384,0.024456,0.0001,0.1564
2026-08-11T14:12:31.033595,0000,056392,0.022168,0.0003,0.1489
2026-08-11T14:12:33.253582,0000,056400,0.035702,0.0001,0.1889
2026-08-11T14:12:35.043803,0000,056408,0.027338,-0.0007,0.1653
2026-08-11T14:12:36.962735,0000,056416,0.024984,-0.0009,0.1581
2026-08-11T14:12:39.001731,0000,056424,0.019104,-0.0006,0.1382
2026-08-11T14:12:41.191693,0000,056432,0.020189,0.0001,0.1421
2026-08-11T14:12:43.338994,0000,056440,0.026151,0.0003,0.1617
2026-08-11T14:12:45.236947,0000,056448,0.018304,-0.0001,0.1353
2026-08-11T14:12:47.334977,0000,056456,0.013280,0.0001,0.1152
2026-08-11T14:12:49.172295,0000,056464,0.021359,-0.0003,0.1461
2026-08-11T14:12:51.284396,0000,056472,0.014373,-0.0001,0.1199
2026-08-11T14:12:53.134160,0000,056480,0.043937,0.0004,0.2096
2026-08-11T14:12:55.098831,0000,056488,0.026304,0.0005,0.1622
2026-08-11T14:12:57.141663,0000,056496,0.034479,0.0002,0.1857
2026-08-11T14:12:58.932911,0000,056504,0.018862,-0.0004,0.1373
2026-08-11T14:13:00.803512,0000,056512,0.018865,-0.0008,0.1373
2026-08-11T14:13:02.609407,0000,056520,0.029726,-0.0005,0.1724
2026-08-11T14:13:04.608371,0000,056528,0.030463,0.0003,0.1745
2026-08-11T14:13:06.450437,0000,056536,0.032923,0.0003,0.1814
2026-08-11T14:13:08.588490,0000,056544,0.067362,-0.0001,0.2595
2026-08-11T14:13:10.474343,0000,056552,1.699007,-0.0009,1.3035
2026-08-11T14:13:12.358857,0000,056560,0.032646,0.0006,0.1807
2026-08-11T14:13:14.398503,0000,056568,0.076148,0.0006,0.2760
2026-08-11T14:13:16.305206,0000,056576,0.035994,0.0005,0.1897
2026-08-11T14:13:18.258243,0000,056584,0.015968,-0.0004,0.1264
2026-08-11T14:13:20.104259,0000,056592,0.023467,-0.0006,0.1532
2026-08-11T14:13:22.089065,0000,056600,0.032413,-0.0003,0.1800
2026-08-11T14:13:24.083374,0000,056608,0.025120,0.0002,0.1585
2026-08-11T14:13:26.095717,0000,056616,0.020132,0.0003,0.1419
2026-08-11T14:13:28.055742,0000,056624,0.048454,0.0001,0.2201
2026-08-11T14:13:30.138851,0000,056632,0.026318,-0.0006,0.1622
2026-08-11T14:13:32.406190,0000,056640,0.043383,-0.0009,0.2083
2026-08-11T14:13:34.631824,0000,056648,0.015421,-0.0006,0.1242
2026-08-11T14:13:36.397231,0000,056656,0.016493,0.0001,0.1284
2026-08-11T14:13:38.292557,0000,056664,0.019252,0.0001,0.1388
2026-08-11T14:13:40.403590,0000,056672,0.024735,-0.0002,0.1573
2026-08-11T14:13:42.320360,0000,056680,0.035542,0.0000,0.1885
2026-08-11T14:13:44.234543,0000,056688,0.080301,-0.0004,0.2834
2026-08-11T14:13:46.079065,0000,056696,0.029354,-0.0001,0.1713
2026-08-11T14:13:48.158078,0000,056704,1.571951,-0.0002,1.2538
2026-08-11T14:13:50.332689,0000,056712,0.062403,0.0018,0.2498
2026-08-11T14:13:52.193267,0000,056720,0.041355,0.0020,0.2034
2026-08-11T14:13:54.404817,0000,056728,0.071498,0.0024,0.2674
2026-08-11T14:13:56.542279,0000,056736,0.054248,0.0017,0.2329
2026-08-11T14:13:58.314382,0000,056744,0.025217,0.0004,0.1588
2026-08-11T14:14:00.246595,0000,056752,0.021888,-0.0006,0.1479
2026-08-11T14:14:02.167219,0000,056760,0.041574,-0.0013,0.2039
2026-08-11T14:14:04.188070,0000,056768,0.037280,-0.0018,0.1931
2026-08-11T14:14:06.191396,0000,056776,0.041415,-0.0011,0.2035
2026-08-11T14:14:07.963745,0000,056784,0.043500,-0.0005,0.2086
2026-08-11T14:14:09.876843,0000,056792,0.016305,0.0007,0.1277
2026-08-11T14:14:11.812431,0000,056800,0.082586,0.0010,0.2874
2026-08-11T14:14:13.675348,0000,056808,0.019431,0.0012,0.1394
2026-08-11T14:14:15.508562,0000,056816,0.016083,0.0008,0.1268
2026-08-11T14:14:17.275335,0000,056824,0.016452,-0.0000,0.1283
2026-08-11T14:14:19.293311,0000,056832,0.012247,-0.0002,0.1107
2026-08-11T14:14:21.175348,0000,056840,0.032316,-0.0002,0.1798
2026-08-11T14:14:23.163981,0000,056848,0.035551,0.0005,0.1886
2026-08-11T14:14:25.070062,0000,056856,0.046253,0.0005,0.2151
2026-08-11T14:14:27.077924,0000,056864,0.053029,0.0002,0.2303
2026-08-11T14:14:28.960124,0000,056872,0.017094,-0.0004,0.1307
2026-08-11T14:14:30.805337,0000,056880,0.016781,-0.0006,0.1295
2026-08-11T14:14:32.573919,0000,056888,0.020302,-0.0004,0.1425
2026-08-11T14:14:34.659789,0000,056896,0.030102,0.0003,0.1735
2026-08-11T14:14:36.897082,0000,056904,0.028470,0.0003,0.1687
2026-08-11T14:14:39.065727,0000,056912,0.261312,-0.0001,0.5112
2026-08-11T14:14:41.128806,0000,056920,0.015575,0.0001,0.1248
2026-08-11T14:14:43.231667,0000,056928,0.032608,-0.0002,0.1806
2026-08-11T14:14:45.115976,0000,056936,0.019782,0.0001,0.1406
2026-08-11T14:14:47.127619,0000,056944,0.025416,-0.0003,0.1594
2026-08-11T14:14:49.084136,0000,056952,0.021672,-0.0001,0.1472
2026-08-11T14:14:50.865178,0000,056960,0.026247,0.0004,0.1620
2026-08-11T14:14:53.311860,0000,056968,0.023344,0.0006,0.1528
2026-08-11T14:14:55.148337,0000,056976,0.014289,0.0003,0.1195
2026-08-11T14:14:57.094834,0000,056984,0.058376,-0.0007,0.2416
2026-08-11T14:14:58.903150,0000,056992,0.019341,-0.0006,0.1391
2026-08-11T14:15:01.056852,0000,057000,0.067644,-0.0007,0.2601
2026-08-11T14:15:03.073734,0000,057008,0.018381,0.0002,0.1356
2026-08-11T14:15:05.219566,0000,057016,0.028669,0.0003,0.1693
2026-08-11T14:15:07.306925,0000,057024,0.045723,-0.0002,0.2138
2026-08-11T14:15:09.306049,0000,057032,0.018295,-0.0000,0.1353
2026-08-11T14:15:11.396919,0000,057040,0.032274,0.0007,0.1796
2026-08-11T14:15:13.364827,0000,057048,0.025710,0.0007,0.1603
2026-08-11T14:15:15.278938,0000,057056,0.023495,0.0004,0.1533
2026-08-11T14:15:17.048710,0000,057064,0.034228,-0.0002,0.1850
2026-08-11T14:15:19.028604,0000,057072,0.033336,-0.0006,0.1826
2026-08-11T14:15:20.970104,0000,057080,0.018370,-0.0004,0.1355
2026-08-11T14:15:22.765852,0000,057088,0.028127,0.0003,0.1677
2026-08-11T14:15:24.784950,0000,057096,0.044036,0.0002,0.2098
2026-08-11T14:15:26.949039,0000,057104,0.038398,0.0001,0.1960
2026-08-11T14:15:28.816831,0000,057112,0.035082,-0.0007,0.1873
2026-08-11T14:15:30.668998,0000,057120,0.017142,-0.0009,0.1309
2026-08-11T14:15:32.472634,0000,057128,0.044427,-0.0007,0.2108
2026-08-11T14:15:34.471684,0000,057136,0.024656,-0.0001,0.1570
2026-08-11T14:15:36.390248,0000,057144,0.025628,0.0010,0.1601
2026-08-11T14:15:38.535233,0000,057152,0.046697,0.0012,0.2161
2026-08-11T14:15:40.481480,0000,057160,0.033893,0.0015,0.1841
2026-08-11T14:15:42.462758,0000,057168,0.024435,0.0010,0.1563
2026-08-11T14:15:44.281107,0000,057176,0.021141,0.0002,0.1454
2026-08-11T14:15:46.561821,0000,057184,0.087477,-0.0015,0.2958
2026-08-11T14:15:48.486886,0000,057192,0.030133,-0.0015,0.1736
2026-08-11T14:15:50.594274,0000,057200,0.055204,-0.0018,0.2350
2026-08-11T14:15:52.400666,0000,057208,0.023759,-0.0012,0.1541
2026-08-11T14:15:54.295555,0000,057216,0.056302,-0.0008,0.2373
2026-08-11T14:15:56.456211,0000,057224,0.048406,0.0002,0.2200
2026-08-11T14:15:58.322669,0000,057232,0.031357,0.0009,0.1771
2026-08-11T14:16:00.198472,0000,057240,0.024100,0.0009,0.1552
2026-08-11T14:16:02.379086,0000,057248,0.018498,0.0006,0.1360
2026-08-11T14:16:04.367965,0000,057256,0.011883,-0.0001,0.1090
2026-08-11T14:16:06.578208,0000,057264,0.045406,-0.0005,0.2131
2026-08-11T14:16:08.680426,0000,057272,0.019978,-0.0002,0.1413
2026-08-11T14:16:10.583845,0000,057280,0.021237,0.0004,0.1457
2026-08-11T14:16:12.487218,0000,057288,0.020804,0.0004,0.1442
2026-08-11T14:16:14.710517,0000,057296,0.037170,-0.0000,0.1928
2026-08-11T14:16:16.717375,0000,057304,0.028418,0.0003,0.1686
2026-08-11T14:16:18.641457,0000,057312,0.064712,0.0000,0.2544
2026-08-11T14:16:20.812611,0000,057320,0.036909,-0.0010,0.1921
2026-08-11T14:16:23.041739,0000,057328,0.027237,-0.0012,0.1650
2026-08-11T14:16:24.943139,0000,057336,0.055383,-0.0007,0.2353
2026-08-11T14:16:26.711715,0000,057344,0.016164,-0.0000,0.1271
2026-08-11T14:16:28.505356,0000,057352,0.029545,0.0009,0.1719
2026-08-11T14:16:30.299284,0000,057360,0.033433,0.0013,0.1828
2026-08-11T14:16:32.050364,0000,057368,0.034326,0.0013,0.1853
2026-08-11T14:16:33.893684,0000,057376,0.053688,0.0009,0.2317
2026-08-11T14:16:35.674987,0000,057384,0.030093,0.0002,0.1735
2026-08-11T14:16:37.676094,0000,057392,0.018098,-0.0009,0.1345
2026-08-11T14:16:39.584402,0000,057400,0.034168,-0.0016,0.1848
2026-08-11T14:16:41.836447,0000,057408,0.046220,-0.0019,0.2150
2026-08-11T14:16:43.934799,0000,057416,0.050764,-0.0015,0.2253
2026-08-11T14:16:45.779901,0000,057424,0.025645,-0.0007,0.1601
2026-08-11T14:16:47.659882,0000,057432,0.050972,0.0002,0.2258
2026-08-11T14:16:49.424841,0000,057440,0.035078,0.0010,0.1873
2026-08-11T14:16:51.194765,0000,057448,0.015080,0.0009,0.1228
2026-08-11T14:16:53.126818,0000,057456,0.029298,0.0006,0.1712
2026-08-11T14:16:55.352863,0000,057464,0.036440,-0.0004,0.1909
2026-08-11T14:16:57.116497,0000,057472,0.036473,-0.0004,0.1910
2026-08-11T14:16:59.330699,0000,057480,0.019730,-0.0004,0.1405
2026-08-11T14:17:01.290777,0000,057488,0.040758,0.0001,0.2019
2026-08-11T14:17:03.420543,0000,057496,0.024322,0.0005,0.1560
2026-08-11T14:17:05.599628,0000,057504,0.040059,0.0001,0.2001
2026-08-11T14:17:07.722964,0000,057512,0.018038,-0.0005,0.1343
2026-08-11T14:17:09.866125,0000,057520,0.027684,-0.0010,0.1664
2026-08-11T14:17:11.947974,0000,057528,0.040396,-0.0006,0.2010
2026-08-11T14:17:13.957839,0000,057536,0.027076,0.0001,0.1645
2026-08-11T14:17:16.046946,0000,057544,0.017590,0.0002,0.1326
2026-08-11T14:17:18.119560,0000,057552,0.014817,-0.0001,0.1217
2026-08-11T14:17:19.972525,0000,057560,0.017768,-0.0001,0.1333
2026-08-11T14:17:22.457466,0000,057568,0.074327,0.0003,0.2726
2026-08-11T14:17:24.869935,0000,057576,0.028903,0.0007,0.1700
2026-08-11T14:17:26.756279,0000,057584,0.027848,0.0003,0.1669
2026-08-11T14:17:28.610517,0000,057592,0.029933,-0.0004,0.1730
2026-08-11T14:17:30.623170,0000,057600,0.035880,-0.0008,0.1894
2026-08-11T14:17:32.381635,0000,057608,0.037757,-0.0005,0.1943
2026-08-11T14:17:34.582445,0000,057616,0.225045,-0.0001,0.4744
2026-08-11T14:17:36.726255,0000,057624,0.035226,0.0012,0.1877
2026-08-11T14:17:38.473547,0000,057632,0.036082,0.0014,0.1900
2026-08-11T14:17:40.269924,0000,057640,0.033291,0.0014,0.1825
2026-08-11T14:17:42.172967,0000,057648,0.035517,0.0012,0.1885
2026-08-11T14:17:44.010307,0000,057656,0.010942,0.0003,0.1046
2026-08-11T14:17:45.814962,0000,057664,0.045573,-0.0009,0.2135
2026-08-11T14:17:47.877661,0000,057672,0.068141,-0.0016,0.2610
2026-08-11T14:17:49.743227,0000,057680,0.136265,-0.0018,0.3691
2026-08-11T14:17:51.776806,0000,057688,0.027519,-0.0013,0.1659
2026-08-11T14:17:53.767474,0000,057696,0.048707,-0.0007,0.2207
2026-08-11T14:17:55.653762,0000,057704,0.027895,0.0004,0.1670
2026-08-11T14:17:57.562797,0000,057712,0.026880,0.0010,0.1639
2026-08-11T14:17:59.597529,0000,057720,0.031931,0.0009,0.1787
2026-08-11T14:18:02.077971,0000,057728,0.056060,0.0005,0.2368
2026-08-11T14:18:04.256818,0000,057736,0.031591,-0.0001,0.1777
2026-08-11T14:18:06.412226,0000,057744,0.027652,-0.0004,0.1663
2026-08-11T14:18:08.716999,0000,057752,0.025082,-0.0003,0.1584
2026-08-11T14:18:11.153227,0000,057760,0.013396,0.0003,0.1157
2026-08-11T14:18:13.095562,0000,057768,0.024001,0.0004,0.1549
2026-08-11T14:18:15.162636,0000,057776,0.025060,-0.0000,0.1583
2026-08-11T14:18:17.238539,0000,057784,0.018628,0.0003,0.1365
2026-08-11T14:18:19.216231,0000,057792,0.016432,-0.0000,0.1282
2026-08-11T14:18:21.107622,0000,057800,0.033794,-0.0008,0.1838
2026-08-11T14:18:23.273157,0000,057808,0.029089,-0.0010,0.1706
2026-08-11T14:18:25.208846,0000,057816,0.065897,-0.0007,0.2567
2026-08-11T14:18:27.072291,0000,057824,0.029669,-0.0001,0.1722
2026-08-11T14:18:28.850014,0000,057832,0.019302,0.0008,0.1389
2026-08-11T14:18:30.721261,0000,057840,0.031750,0.0014,0.1782
2026-08-11T14:18:32.758215,0000,057848,0.123579,0.0014,0.3515
2026-08-11T14:18:34.542940,0000,057856,0.057925,0.0008,0.2407
2026-08-11T14:18:36.502549,0000,057864,0.020051,0.0003,0.1416
2026-08-11T14:18:38.382264,0000,057872,0.047819,-0.0010,0.2187
2026-08-11T14:18:40.510180,0000,057880,0.030729,-0.0015,0.1753
2026-08-11T14:18:42.497347,0000,057888,0.029686,-0.0017,0.1723
2026-08-11T14:18:44.715660,0000,057896,0.023116,-0.0014,0.1520
2026-08-11T14:18:47.091354,0000,057904,0.044598,-0.0007,0.2112
2026-08-11T14:18:49.649366,0000,057912,0.030153,0.0004,0.1736
2026-08-11T14:18:51.801026,0000,057920,0.022204,0.0010,0.1490
2026-08-11T14:18:54.006491,0000,057928,0.030563,0.0013,0.1748
2026-08-11T14:18:55.865117,0000,057936,0.020129,0.0007,0.1419
2026-08-11T14:18:58.063991,0000,057944,0.021844,-0.0001,0.1478
2026-08-11T14:19:01.070093,0000,057952,0.030596,-0.0008,0.1749
2026-08-11T14:19:03.455471,0000,057960,0.021417,-0.0003,0.1463
2026-08-11T14:19:05.608951,0000,057968,0.013883,0.0004,0.1178
2026-08-11T14:19:07.539781,0000,057976,0.053389,0.0004,0.2311
2026-08-11T14:19:09.609061,0000,057984,0.015490,0.0000,0.1245
2026-08-11T14:19:11.578238,0000,057992,0.019648,-0.0005,0.1402
2026-08-11T14:19:13.397950,0000,058000,0.036862,-0.0007,0.1920
2026-08-11T14:19:15.297884,0000,058008,0.018443,-0.0006,0.1358
2026-08-11T14:19:18.201197,0000,058016,0.055705,-0.0002,0.2360
2026-08-11T14:19:20.680043,0000,058024,0.023003,0.0010,0.1517
2026-08-11T14:19:23.027231,0000,058032,0.053781,0.0015,0.2319
2026-08-11T14:19:25.365092,0000,058040,0.065339,0.0016,0.2556
2026-08-11T14:19:27.738887,0000,058048,0.052866,0.0011,0.2299
2026-08-11T14:19:30.535481,0000,058056,0.064230,-0.0002,0.2534
2026-08-11T14:19:32.954219,0000,058064,0.045529,-0.0003,0.2134
2026-08-11T14:19:35.316863,0000,058072,0.016890,0.0001,0.1300
2026-08-11T14:19:37.521649,0000,058080,0.052251,-0.0003,0.2286
2026-08-11T14:19:39.964493,0000,058088,0.014030,-0.0001,0.1184
2026-08-11T14:19:42.590140,0000,058096,0.015345,0.0006,0.1239
2026-08-11T14:19:44.652909,0000,058104,0.020199,0.0006,0.1421
2026-08-11T14:19:46.950774,0000,058112,0.020778,0.0002,0.1441
2026-08-11T14:19:49.413321,0000,058120,0.035105,-0.0006,0.1874
2026-08-11T14:19:51.465290,0000,058128,0.063263,-0.0009,0.2515
2026-08-11T14:19:53.516257,0000,058136,0.029934,-0.0005,0.1730
2026-08-11T14:19:56.140240,0000,058144,0.024606,0.0003,0.1569
2026-08-11T14:19:58.354230,0000,058152,0.023647,0.0003,0.1538
2026-08-11T14:20:00.573644,0000,058160,0.084183,-0.0001,0.2901
2026-08-11T14:20:02.891348,0000,058168,0.023859,0.0000,0.1545
2026-08-11T14:20:05.127018,0000,058176,0.020943,0.0007,0.1447
2026-08-11T14:20:07.288812,0000,058184,0.069892,0.0005,0.2644
2026-08-11T14:20:09.067209,0000,058192,0.014387,0.0003,0.1199
2026-08-11T14:20:10.862941,0000,058200,1.571918,-0.0013,1.2538
2026-08-11T14:20:12.781905,0000,058208,0.016684,-0.0007,0.1292
2026-08-11T14:20:14.775967,0000,058216,0.107365,-0.0004,0.3277
2026-08-11T14:20:16.712777,0000,058224,0.016370,0.0000,0.1279
2026-08-11T14:20:18.978626,0000,058232,0.023570,0.0004,0.1535
2026-08-11T14:20:21.086603,0000,058240,0.020557,0.0000,0.1434
2026-08-11T14:20:22.981840,0000,058248,0.038976,-0.0009,0.1974
2026-08-11T14:20:25.085642,0000,058256,0.032063,-0.0010,0.1791
2026-08-11T14:20:26.921203,0000,058264,0.015865,-0.0007,0.1260
2026-08-11T14:20:28.906785,0000,058272,0.031211,-0.0003,0.1767
2026-08-11T14:20:31.060782,0000,058280,0.019483,0.0010,0.1396
2026-08-11T14:20:33.287487,0000,058288,0.225566,0.0011,0.4749
2026-08-11T14:20:35.528586,0000,058296,0.032308,0.0014,0.1797
2026-08-11T14:20:37.388627,0000,058304,0.019450,0.0010,0.1395
2026-08-11T14:20:39.495944,0000,058312,0.023209,0.0002,0.1523
2026-08-11T14:20:41.512604,0000,058320,0.039058,-0.0011,0.1976
2026-08-11T14:20:43.823327,0000,058328,0.102900,-0.0018,0.3208
2026-08-11T14:20:45.776775,0000,058336,0.244818,-0.0018,0.4948
2026-08-11T14:20:47.681556,0000,058344,0.028672,-0.0014,0.1693
2026-08-11T14:20:49.932111,0000,058352,0.076730,-0.0009,0.2770
2026-08-11T14:20:51.663425,0000,058360,0.024383,0.0002,0.1562
2026-08-11T14:20:53.398194,0000,058368,0.034415,0.0007,0.1855
2026-08-11T14:20:55.457439,0000,058376,0.024413,0.0010,0.1562
2026-08-11T14:20:57.369716,0000,058384,0.021944,0.0005,0.1481
2026-08-11T14:20:59.176904,0000,058392,0.021839,-0.0004,0.1478
2026-08-11T14:21:01.328431,0000,058400,0.037905,-0.0006,0.1947
2026-08-11T14:21:03.345926,0000,058408,0.042521,-0.0003,0.2062
2026-08-11T14:21:05.622758,0000,058416,0.033893,0.0004,0.1841
2026-08-11T14:21:07.450242,0000,058424,0.025690,0.0003,0.1603
2026-08-11T14:21:09.569452,0000,058432,0.019961,0.0000,0.1413
2026-08-11T14:21:12.028168,0000,058440,0.027192,-0.0007,0.1649
2026-08-11T14:21:14.389830,0000,058448,0.022924,-0.0007,0.1514
2026-08-11T14:21:16.496462,0000,058456,0.053430,-0.0008,0.2311
2026-08-11T14:21:18.735253,0000,058464,0.040531,0.0001,0.2013
2026-08-11T14:21:20.667587,0000,058472,0.030586,0.0001,0.1749
2026-08-11T14:21:22.587537,0000,058480,0.085876,-0.0003,0.2930
2026-08-11T14:21:24.543565,0000,058488,0.029977,-0.0002,0.1731
2026-08-11T14:21:26.630400,0000,058496,0.252079,0.0003,0.5021
2026-08-11T14:21:28.687770,0000,058504,0.312111,0.0003,0.5587
2026-08-11T14:21:30.602181,0000,058512,1.590974,-0.0008,1.2613
2026-08-11T14:21:32.863858,0000,058520,0.064342,0.0003,0.2537
2026-08-11T14:21:35.434157,0000,058528,0.022057,0.0001,0.1485
2026-08-11T14:21:37.604354,0000,058536,0.053348,-0.0006,0.2310
2026-08-11T14:21:39.589346,0000,058544,0.034010,-0.0009,0.1844
2026-08-11T14:21:41.470945,0000,058552,0.013634,-0.0006,0.1168
2026-08-11T14:21:43.602997,0000,058560,0.022083,-0.0000,0.1486
2026-08-11T14:21:45.794805,0000,058568,0.029845,0.0001,0.1728
2026-08-11T14:21:47.871830,0000,058576,0.022476,0.0001,0.1499
2026-08-11T14:21:50.129278,0000,058584,0.073354,-0.0007,0.2708
2026-08-11T14:21:52.925366,0000,058592,0.016930,-0.0010,0.1301
2026-08-11T14:21:55.252201,0000,058600,0.060069,-0.0006,0.2451
2026-08-11T14:21:57.390407,0000,058608,0.057585,0.0002,0.2400
2026-08-11T14:21:59.495238,0000,058616,0.048049,0.0002,0.2192
2026-08-11T14:22:01.783469,0000,058624,0.022045,0.0001,0.1485
2026-08-11T14:22:03.526045,0000,058632,0.028584,-0.0005,0.1691
2026-08-11T14:22:05.242908,0000,058640,0.022608,-0.0006,0.1504
2026-08-11T14:22:07.441311,0000,058648,0.026154,-0.0005,0.1617
2026-08-11T14:22:09.518144,0000,058656,0.033770,0.0002,0.1838
2026-08-11T14:22:11.496762,0000,058664,0.032327,0.0005,0.1798
2026-08-11T14:22:13.422126,0000,058672,0.016757,0.0003,0.1294
2026-08-11T14:22:15.281401,0000,058680,0.036042,-0.0004,0.1898
2026-08-11T14:22:17.490457,0000,058688,0.049154,-0.0008,0.2217
2026-08-11T14:22:20.253763,0000,058696,0.021295,-0.0004,0.1459
2026-08-11T14:22:22.360983,0000,058704,0.032614,0.0002,0.1806
2026-08-11T14:22:24.653464,0000,058712,0.020742,0.0007,0.1440
2026-08-11T14:22:26.524982,0000,058720,0.017878,0.0003,0.1337
2026-08-11T14:22:28.701609,0000,058728,0.044999,-0.0005,0.2121
2026-08-11T14:22:30.572750,0000,058736,0.210050,-0.0006,0.4583
2026-08-11T14:22:32.576363,0000,058744,0.015438,-0.0003,0.1243
2026-08-11T14:22:35.139090,0000,058752,0.042984,0.0002,0.2073
2026-08-11T14:22:37.622416,0000,058760,0.047332,0.0004,0.2176
2026-08-11T14:22:39.588887,0000,058768,0.015231,0.0002,0.1234
2026-08-11T14:22:41.705681,0000,058776,0.085919,-0.0004,0.2931
2026-08-11T14:22:43.706090,0000,058784,0.052996,-0.0007,0.2302
2026-08-11T14:22:45.653065,0000,058792,0.015790,-0.0002,0.1257
2026-08-11T14:22:47.405349,0000,058800,0.031539,0.0003,0.1776
2026-08-11T14:22:49.827178,0000,058808,0.068761,0.0006,0.2622
2026-08-11T14:22:51.537592,0000,058816,0.077302,0.0003,0.2780
2026-08-11T14:22:53.359941,0000,058824,0.019468,-0.0003,0.1395
2026-08-11T14:22:55.202889,0000,058832,0.018217,-0.0004,0.1350
2026-08-11T14:22:56.915802,0000,058840,0.014681,-0.0002,0.1212
2026-08-11T14:22:58.630949,0000,058848,0.017871,0.0004,0.1337
2026-08-11T14:23:00.378974,0000,058856,1.562935,-0.0003,1.2502
2026-08-11T14:23:02.114598,0000,058864,0.022970,0.0011,0.1516
2026-08-11T14:23:03.876525,0000,058872,0.021140,0.0012,0.1454
2026-08-11T14:23:05.646734,0000,058880,0.021977,0.0009,0.1482
2026-08-11T14:23:07.479847,0000,058888,0.043486,-0.0000,0.2085
2026-08-11T14:23:09.417805,0000,058896,0.053303,-0.0003,0.2309
2026-08-11T14:23:11.562234,0000,058904,0.015323,0.0000,0.1238
2026-08-11T14:23:13.564744,0000,058912,0.100431,0.0007,0.3169
2026-08-11T14:23:15.520841,0000,058920,0.018185,0.0009,0.1349
2026-08-11T14:23:17.318867,0000,058928,0.019603,0.0007,0.1400
2026-08-11T14:23:19.319777,0000,058936,0.028587,-0.0003,0.1691
2026-08-11T14:23:21.200147,0000,058944,0.078440,-0.0003,0.2801
2026-08-11T14:23:23.784831,0000,058952,0.033122,-0.0002,0.1820
2026-08-11T14:23:26.090557,0000,058960,0.230930,0.0003,0.4806
2026-08-11T14:23:28.501330,0000,058968,0.035325,0.0008,0.1879
2026-08-11T14:23:30.767490,0000,058976,0.014636,0.0004,0.1210
2026-08-11T14:23:32.799844,0000,058984,0.026309,-0.0003,0.1622
2026-08-11T14:23:35.065046,0000,058992,0.034344,-0.0005,0.1853
2026-08-11T14:23:38.007031,0000,059000,0.028101,-0.0003,0.1676
2026-08-11T14:23:40.058690,0000,059008,0.015741,0.0004,0.1255
2026-08-11T14:23:42.431914,0000,059016,0.013251,0.0006,0.1151
2026-08-11T14:23:44.353686,0000,059024,0.034542,0.0003,0.1859
2026-08-11T14:23:46.086150,0000,059032,0.017706,-0.0002,0.1331
2026-08-11T14:23:47.932950,0000,059040,0.030919,-0.0005,0.1758
2026-08-11T14:23:50.168624,0000,059048,0.044767,-0.0004,0.2116
2026-08-11T14:23:52.085991,0000,059056,0.040474,0.0003,0.2012
2026-08-11T14:23:54.274026,0000,059064,0.019807,0.0004,0.1407
2026-08-11T14:23:56.382258,0000,059072,0.036870,0.0003,0.1920
2026-08-11T14:23:58.755158,0000,059080,0.065805,-0.0005,0.2565
2026-08-11T14:24:00.878595,0000,059088,0.027534,-0.0006,0.1659
2026-08-11T14:24:02.929132,0000,059096,0.021641,-0.0004,0.1471
2026-08-11T14:24:04.986990,0000,059104,0.018618,0.0003,0.1364
2026-08-11T14:24:07.155140,0000,059112,0.022720,0.0005,0.1507
2026-08-11T14:24:09.030101,0000,059120,0.022884,0.0002,0.1513
2026-08-11T14:24:11.024849,0000,059128,0.024059,-0.0004,0.1551
2026-08-11T14:24:12.933260,0000,059136,0.016779,-0.0005,0.1295
2026-08-11T14:24:14.949979,0000,059144,0.036195,-0.0004,0.1902
2026-08-11T14:24:16.752683,0000,059152,0.020148,0.0003,0.1419
2026-08-11T14:24:18.845081,0000,059160,0.024393,0.0005,0.1562
2026-08-11T14:24:20.946448,0000,059168,0.019822,0.0002,0.1408
2026-08-11T14:24:22.935141,0000,059176,0.015057,-0.0004,0.1227
2026-08-11T14:24:25.142671,0000,059184,0.065831,-0.0008,0.2566
2026-08-11T14:24:27.126703,0000,059192,0.058403,-0.0005,0.2417
2026-08-11T14:24:29.118763,0000,059200,0.018515,0.0002,0.1361
2026-08-11T14:24:31.486868,0000,059208,0.018027,0.0007,0.1343
2026-08-11T14:24:33.470326,0000,059216,0.023245,0.0002,0.1525
2026-08-11T14:24:35.412622,0000,059224,0.022056,-0.0005,0.1485
2026-08-11T14:24:37.224301,0000,059232,0.024025,-0.0005,0.1550
2026-08-11T14:24:39.254175,0000,059240,0.016148,-0.0004,0.1271
2026-08-11T14:24:41.305112,0000,059248,0.072541,0.0002,0.2693
2026-08-11T14:24:43.402001,0000,059256,0.036278,0.0005,0.1905
2026-08-11T14:24:45.444712,0000,059264,0.020886,0.0002,0.1445
2026-08-11T14:24:47.339656,0000,059272,0.045158,-0.0005,0.2125
2026-08-11T14:24:49.332262,0000,059280,0.016740,-0.0006,0.1294
2026-08-11T14:24:51.353518,0000,059288,0.022172,-0.0003,0.1489
2026-08-11T14:24:53.230091,0000,059296,0.070401,0.0002,0.2653
2026-08-11T14:24:55.558665,0000,059304,0.018569,0.0005,0.1363
2026-08-11T14:24:57.527829,0000,059312,0.028537,0.0002,0.1689
2026-08-11T14:24:59.767100,0000,059320,0.043046,-0.0005,0.2075
2026-08-11T14:25:01.606561,0000,059328,0.029793,-0.0006,0.1726
2026-08-11T14:25:03.472804,0000,059336,0.027007,-0.0004,0.1643
2026-08-11T14:25:05.336160,0000,059344,0.017397,0.0003,0.1319
2026-08-11T14:25:07.551565,0000,059352,0.049331,0.0004,0.2221
2026-08-11T14:25:09.587856,0000,059360,0.038978,0.0000,0.1974
2026-08-11T14:25:11.786985,0000,059368,0.035510,0.0004,0.1884
2026-08-11T14:25:13.646802,0000,059376,0.013779,0.0002,0.1174
2026-08-11T14:25:15.547549,0000,059384,0.016767,-0.0006,0.1295
2026-08-11T14:25:17.381561,0000,059392,0.035883,-0.0007,0.1894
2026-08-11T14:25:19.551331,0000,059400,0.017294,-0.0006,0.1315
2026-08-11T14:25:21.556185,0000,059408,0.018284,0.0002,0.1352
2026-08-11T14:25:23.781667,0000,059416,0.024204,0.0005,0.1556
2026-08-11T14:25:26.027679,0000,059424,0.024414,0.0002,0.1563
2026-08-11T14:25:28.185048,0000,059432,0.236534,-0.0007,0.4863
2026-08-11T14:25:30.476797,0000,059440,0.027204,-0.0009,0.1649
2026-08-11T14:25:32.396823,0000,059448,0.037926,-0.0004,0.1947
2026-08-11T14:25:34.820641,0000,059456,0.043029,0.0002,0.2074
2026-08-11T14:25:36.774567,0000,059464,0.041163,0.0004,0.2029
2026-08-11T14:25:38.726305,0000,059472,0.023859,0.0002,0.1545
2026-08-11T14:25:40.707423,0000,059480,0.030885,-0.0005,0.1757
2026-08-11T14:25:42.993496,0000,059488,0.085446,-0.0011,0.2923
2026-08-11T14:25:44.811364,0000,059496,0.035990,-0.0005,0.1897
2026-08-11T14:25:46.731558,0000,059504,0.030939,0.0003,0.1759
2026-08-11T14:25:48.853165,0000,059512,0.013160,0.0004,0.1147
2026-08-11T14:25:51.096493,0000,059520,0.036701,0.0001,0.1916
2026-08-11T14:25:53.020065,0000,059528,0.032925,-0.0006,0.1815
2026-08-11T14:25:54.972837,0000,059536,0.014481,-0.0005,0.1203
2026-08-11T14:25:57.172336,0000,059544,0.042119,-0.0005,0.2052
2026-08-11T14:25:59.384061,0000,059552,0.019727,0.0004,0.1405
2026-08-11T14:26:01.625496,0000,059560,0.038717,0.0004,0.1968
2026-08-11T14:26:04.097765,0000,059568,0.015244,0.0001,0.1235
2026-08-11T14:26:05.997135,0000,059576,0.025735,-0.0005,0.1604
2026-08-11T14:26:08.048080,0000,059584,0.027900,-0.0008,0.1670
2026-08-11T14:26:10.000183,0000,059592,0.029629,-0.0003,0.1721
2026-08-11T14:26:11.984360,0000,059600,0.065776,0.0001,0.2565
2026-08-11T14:26:13.886274,0000,059608,0.021220,0.0004,0.1457
2026-08-11T14:26:16.564829,0000,059616,0.035199,-0.0000,0.1876
2026-08-11T14:26:18.904544,0000,059624,0.060848,0.0003,0.2467
2026-08-11T14:26:21.281711,0000,059632,0.020652,0.0000,0.1437
2026-08-11T14:26:23.408408,0000,059640,0.083112,0.0003,0.2883
2026-08-11T14:26:25.310244,0000,059648,0.019027,-0.0000,0.1379
2026-08-11T14:26:27.673133,0000,059656,0.039556,0.0002,0.1989
2026-08-11T14:26:29.942527,0000,059664,0.022230,-0.0001,0.1491
2026-08-11T14:26:32.054161,0000,059672,0.013873,0.0002,0.1178
2026-08-11T14:26:34.392063,0000,059680,0.144844,-0.0005,0.3806
2026-08-11T14:26:36.430378,0000,059688,0.020514,0.0001,0.1432
2026-08-11T14:26:38.461281,0000,059696,0.024522,-0.0002,0.1566
2026-08-11T14:26:40.606143,0000,059704,0.017115,0.0001,0.1308
2026-08-11T14:26:42.674154,0000,059712,0.021033,-0.0001,0.1450
2026-08-11T14:26:45.034785,0000,059720,0.026168,0.0000,0.1618
2026-08-11T14:26:47.381826,0000,059728,0.021733,-0.0001,0.1474
2026-08-11T14:26:49.349124,0000,059736,0.019362,0.0000,0.1391
2026-08-11T14:26:51.773879,0000,059744,0.023615,0.0001,0.1537
2026-08-11T14:26:53.785680,0000,059752,0.011954,-0.0007,0.1093
2026-08-11T14:26:55.892039,0000,059760,0.020600,-0.0010,0.1435
2026-08-11T14:26:57.873090,0000,059768,0.016084,-0.0006,0.1268
2026-08-11T14:26:59.841018,0000,059776,0.028697,-0.0000,0.1694
2026-08-11T14:27:02.069766,0000,059784,0.029164,0.0001,0.1708
2026-08-11T14:27:04.380649,0000,059792,0.016250,0.0001,0.1275
2026-08-11T14:27:06.679878,0000,059800,0.017016,-0.0008,0.1304
2026-08-11T14:27:08.792490,0000,059808,0.056849,-0.0009,0.2384
2026-08-11T14:27:10.706156,0000,059816,0.028888,-0.0006,0.1700
2026-08-11T14:27:13.135207,0000,059824,0.050266,0.0000,0.2242
2026-08-11T14:27:15.178825,0000,059832,0.021068,0.0011,0.1451
2026-08-11T14:27:17.106794,0000,059840,0.029412,0.0016,0.1715
2026-08-11T14:27:19.347024,0000,059848,0.043034,0.0016,0.2074
2026-08-11T14:27:21.441733,0000,059856,0.081968,0.0012,0.2863
2026-08-11T14:27:23.337062,0000,059864,0.027968,0.0004,0.1672
2026-08-11T14:27:25.776435,0000,059872,0.021082,-0.0008,0.1452
2026-08-11T14:27:27.891546,0000,059880,0.053816,-0.0012,0.2320
2026-08-11T14:27:29.901414,0000,059888,0.026310,-0.0013,0.1622
2026-08-11T14:27:31.834929,0000,059896,0.023230,-0.0009,0.1524
2026-08-11T14:27:33.675118,0000,059904,0.013446,-0.0002,0.1160
2026-08-11T14:27:35.528020,0000,059912,0.047251,0.0005,0.2174
2026-08-11T14:27:37.687993,0000,059920,0.039256,0.0014,0.1981
2026-08-11T14:27:39.737814,0000,059928,0.051625,0.0015,0.2272
2026-08-11T14:27:41.520968,0000,059936,0.024993,0.0010,0.1581
2026-08-11T14:27:43.518969,0000,059944,0.036165,0.0003,0.1902
2026-08-11T14:27:45.450887,0000,059952,0.042414,-0.0011,0.2059
2026-08-11T14:27:47.584624,0000,059960,1.600879,-0.0024,1.2653
2026-08-11T14:27:49.485883,0000,059968,0.037103,-0.0014,0.1926
2026-08-11T14:27:51.318647,0000,059976,0.037531,-0.0009,0.1937
2026-08-11T14:27:53.367811,0000,059984,0.022063,-0.0003,0.1485
2026-08-11T14:27:55.575485,0000,059992,0.043597,0.0007,0.2088
2026-08-11T14:27:57.436057,0000,060000,0.029101,0.0012,0.1706
2026-08-11T14:27:59.307236,0000,060008,0.045107,0.0013,0.2124
2026-08-11T14:28:01.097126,0000,060016,0.040406,0.0008,0.2010
2026-08-11T14:28:02.895807,0000,060024,0.023093,0.0002,0.1520
2026-08-11T14:28:04.753958,0000,060032,0.032478,-0.0009,0.1802
2026-08-11T14:28:06.772090,0000,060040,0.036145,-0.0014,0.1901
2026-08-11T14:28:08.601184,0000,060048,0.042827,-0.0014,0.2069
2026-08-11T14:28:10.318667,0000,060056,0.027490,-0.0011,0.1658
2026-08-11T14:28:12.037861,0000,060064,0.024297,-0.0004,0.1559
2026-08-11T14:28:13.955975,0000,060072,0.022427,0.0006,0.1498
2026-08-11T14:28:15.706262,0000,060080,0.023770,0.0011,0.1542
2026-08-11T14:28:17.652028,0000,060088,0.034035,0.0014,0.1845
2026-08-11T14:28:19.606762,0000,060096,0.033177,0.0010,0.1821
2026-08-11T14:28:21.356693,0000,060104,0.017435,0.0001,0.1320
2026-08-11T14:28:23.150734,0000,060112,0.014732,-0.0009,0.1214
2026-08-11T14:28:25.020386,0000,060120,0.055675,-0.0016,0.2360
2026-08-11T14:28:26.752421,0000,060128,0.237852,-0.0016,0.4877
2026-08-11T14:28:28.717828,0000,060136,0.071059,-0.0016,0.2666
2026-08-11T14:28:30.671371,0000,060144,0.022487,-0.0004,0.1500
2026-08-11T14:28:32.603761,0000,060152,0.050725,0.0005,0.2252
2026-08-11T14:28:34.783649,0000,060160,0.028104,0.0013,0.1676
2026-08-11T14:28:37.038906,0000,060168,0.031502,0.0012,0.1775
2026-08-11T14:28:38.972222,0000,060176,0.028696,0.0009,0.1694
2026-08-11T14:28:40.765835,0000,060184,0.028844,0.0002,0.1698
2026-08-11T14:28:42.485732,0000,060192,0.035189,-0.0009,0.1876
2026-08-11T14:28:44.339417,0000,060200,0.030722,-0.0015,0.1753
2026-08-11T14:28:46.330549,0000,060208,0.027782,-0.0015,0.1667
2026-08-11T14:28:48.261473,0000,060216,0.032516,-0.0012,0.1803
2026-08-11T14:28:49.994098,0000,060224,0.025174,-0.0004,0.1587
2026-08-11T14:28:51.770784,0000,060232,0.090603,0.0005,0.3010
2026-08-11T14:28:53.676508,0000,060240,0.028708,0.0010,0.1694
2026-08-11T14:28:55.706614,0000,060248,0.035133,0.0012,0.1874
2026-08-11T14:28:57.592610,0000,060256,0.033034,0.0010,0.1818
2026-08-11T14:28:59.522970,0000,060264,0.018378,0.0002,0.1356
2026-08-11T14:29:01.697655,0000,060272,0.070798,-0.0012,0.2661
2026-08-11T14:29:03.408585,0000,060280,0.023945,-0.0013,0.1547
2026-08-11T14:29:05.742364,0000,060288,0.069809,-0.0016,0.2642
2026-08-11T14:29:07.831869,0000,060296,0.060599,-0.0013,0.2462
2026-08-11T14:29:10.163162,0000,060304,0.011788,-0.0005,0.1086
2026-08-11T14:29:11.982691,0000,060312,0.032054,0.0006,0.1790
2026-08-11T14:29:13.720481,0000,060320,0.032256,0.0012,0.1796
2026-08-11T14:29:15.701627,0000,060328,0.031342,0.0013,0.1770
2026-08-11T14:29:17.711015,0000,060336,0.048476,0.0008,0.2202
2026-08-11T14:29:19.712401,0000,060344,0.089681,0.0001,0.2995
2026-08-11T14:29:21.714652,0000,060352,0.062531,-0.0011,0.2501
2026-08-11T14:29:23.786007,0000,060360,0.029830,-0.0014,0.1727
2026-08-11T14:29:25.824325,0000,060368,0.241346,-0.0017,0.4913
2026-08-11T14:29:27.748936,0000,060376,0.024915,-0.0011,0.1578
2026-08-11T14:29:29.804459,0000,060384,0.076434,-0.0005,0.2765
2026-08-11T14:29:32.071531,0000,060392,0.036366,0.0008,0.1907
2026-08-11T14:29:34.169247,0000,060400,0.029955,0.0012,0.1731
2026-08-11T14:29:36.240328,0000,060408,0.048749,0.0017,0.2208
2026-08-11T14:29:38.084428,0000,060416,0.051143,0.0007,0.2261
2026-08-11T14:29:39.876745,0000,060424,0.033422,0.0002,0.1828
2026-08-11T14:29:41.805598,0000,060432,0.065732,-0.0011,0.2564
2026-08-11T14:29:43.701567,0000,060440,0.088012,-0.0015,0.2967
2026-08-11T14:29:45.416121,0000,060448,0.025167,-0.0014,0.1586
2026-08-11T14:29:47.293801,0000,060456,0.050884,-0.0014,0.2256
2026-08-11T14:29:49.045044,0000,060464,0.021902,-0.0004,0.1480
2026-08-11T14:29:51.184007,0000,060472,0.051531,0.0005,0.2270
2026-08-11T14:29:53.304696,0000,060480,0.024375,0.0010,0.1561
2026-08-11T14:29:55.253296,0000,060488,0.046742,0.0012,0.2162
2026-08-11T14:29:57.006569,0000,060496,0.018764,0.0008,0.1370
2026-08-11T14:29:58.940243,0000,060504,0.028905,0.0000,0.1700
2026-08-11T14:30:00.812784,0000,060512,0.054595,-0.0012,0.2337
2026-08-11T14:30:02.535120,0000,060520,0.032105,-0.0014,0.1792
2026-08-11T14:30:04.386942,0000,060528,1.582777,-0.0025,1.2581
2026-08-11T14:30:06.354316,0000,060536,0.034733,-0.0013,0.1864
2026-08-11T14:30:08.785553,0000,060544,0.022043,-0.0006,0.1485
2026-08-11T14:30:10.927180,0000,060552,0.030726,0.0005,0.1753
2026-08-11T14:30:13.303148,0000,060560,0.035273,0.0014,0.1878
2026-08-11T14:30:15.183057,0000,060568,0.030470,0.0012,0.1746
2026-08-11T14:30:17.224387,0000,060576,0.047310,0.0007,0.2175
2026-08-11T14:30:19.207260,0000,060584,0.035890,0.0001,0.1894
2026-08-11T14:30:21.336765,0000,060592,0.022679,-0.0008,0.1506
2026-08-11T14:30:23.214868,0000,060600,0.041457,-0.0014,0.2036
2026-08-11T14:30:25.147420,0000,060608,0.035782,-0.0015,0.1892
2026-08-11T14:30:27.105073,0000,060616,0.024184,-0.0011,0.1555
2026-08-11T14:30:28.929068,0000,060624,0.045621,-0.0003,0.2136
2026-08-11T14:30:31.046342,0000,060632,0.046665,0.0007,0.2160
2026-08-11T14:30:32.838848,0000,060640,0.035824,0.0011,0.1893
2026-08-11T14:30:34.781291,0000,060648,0.029916,0.0012,0.1730
2026-08-11T14:30:36.737924,0000,060656,0.018008,0.0009,0.1342
2026-08-11T14:30:38.710343,0000,060664,0.028594,0.0001,0.1691
2026-08-11T14:30:40.931948,0000,060672,0.037407,-0.0008,0.1934
2026-08-11T14:30:43.092297,0000,060680,0.026815,-0.0014,0.1638
2026-08-11T14:30:45.007469,0000,060688,0.039569,-0.0014,0.1989
2026-08-11T14:30:46.945206,0000,060696,1.541027,-0.0021,1.2414
2026-08-11T14:30:49.191334,0000,060704,0.020367,-0.0005,0.1427
2026-08-11T14:30:51.476565,0000,060712,0.027073,0.0005,0.1645
2026-08-11T14:30:53.541938,0000,060720,0.035394,0.0011,0.1881
2026-08-11T14:30:55.841843,0000,060728,0.075073,0.0014,0.2740
2026-08-11T14:30:57.733925,0000,060736,0.038203,0.0008,0.1955
2026-08-11T14:30:59.705291,0000,060744,0.054497,-0.0000,0.2334
2026-08-11T14:31:01.632406,0000,060752,0.019522,-0.0001,0.1397
2026-08-11T14:31:03.514232,0000,060760,0.038460,0.0000,0.1961
2026-08-11T14:31:05.423115,0000,060768,1.571987,-0.0011,1.2538
2026-08-11T14:31:07.438611,0000,060776,0.041496,-0.0000,0.2037
2026-08-11T14:31:09.519611,0000,060784,0.041553,0.0005,0.2038
2026-08-11T14:31:11.507099,0000,060792,0.018006,0.0009,0.1342
2026-08-11T14:31:13.505500,0000,060800,0.021054,0.0005,0.1451
2026-08-11T14:31:15.772243,0000,060808,0.040839,-0.0002,0.2021
2026-08-11T14:31:18.229358,0000,060816,0.151688,-0.0004,0.3895
2026-08-11T14:31:20.492456,0000,060824,0.077008,-0.0002,0.2775
2026-08-11T14:31:22.454049,0000,060832,0.016917,0.0004,0.1301
2026-08-11T14:31:24.386152,0000,060840,0.019072,0.0006,0.1381
2026-08-11T14:31:26.277870,0000,060848,0.014263,0.0004,0.1194
2026-08-11T14:31:28.204812,0000,060856,0.011341,-0.0003,0.1065
2026-08-11T14:31:30.115849,0000,060864,1.566946,-0.0014,1.2518
2026-08-11T14:31:32.246136,0000,060872,0.041228,-0.0003,0.2030
2026-08-11T14:31:34.425014,0000,060880,0.036072,0.0002,0.1899
2026-08-11T14:31:36.308528,0000,060888,0.017542,0.0004,0.1324
2026-08-11T14:31:38.390373,0000,060896,0.014232,0.0001,0.1193
2026-08-11T14:31:40.237796,0000,060904,0.046806,-0.0005,0.2163
2026-08-11T14:31:42.109628,0000,060912,0.024604,-0.0005,0.1569
2026-08-11T14:31:43.999084,0000,060920,0.021866,-0.0003,0.1479
2026-08-11T14:31:45.895914,0000,060928,0.046375,0.0002,0.2153
2026-08-11T14:31:48.065908,0000,060936,0.032041,0.0005,0.1790
2026-08-11T14:31:50.029314,0000,060944,0.032890,0.0002,0.1814
2026-08-11T14:31:51.803913,0000,060952,0.058054,-0.0006,0.2409
2026-08-11T14:31:53.790004,0000,060960,0.020244,-0.0007,0.1423
2026-08-11T14:31:55.771350,0000,060968,0.034202,-0.0005,0.1849
2026-08-11T14:31:57.724780,0000,060976,0.015087,0.0003,0.1228
2026-08-11T14:31:59.520005,0000,060984,0.023391,0.0004,0.1529
2026-08-11T14:32:02.130055,0000,060992,0.019658,0.0003,0.1402
2026-08-11T14:32:04.195029,0000,061000,0.023688,-0.0005,0.1539
2026-08-11T14:32:06.003480,0000,061008,0.023390,-0.0006,0.1529
2026-08-11T14:32:07.925934,0000,061016,0.019293,-0.0004,0.1389
2026-08-11T14:32:09.701885,0000,061024,0.018179,0.0003,0.1348
2026-08-11T14:32:11.461512,0000,061032,0.024187,0.0003,0.1555
2026-08-11T14:32:13.252487,0000,061040,0.033877,0.0000,0.1841
2026-08-11T14:32:14.991830,0000,061048,0.020474,-0.0005,0.1431
2026-08-11T14:32:16.780922,0000,061056,0.036681,-0.0006,0.1915
2026-08-11T14:32:18.725233,0000,061064,0.043886,-0.0005,0.2095
2026-08-11T14:32:20.710720,0000,061072,0.082794,0.0001,0.2877
2026-08-11T14:32:23.283566,0000,061080,0.040924,0.0007,0.2023
2026-08-11T14:32:25.255952,0000,061088,0.017952,0.0001,0.1340
2026-08-11T14:32:27.483901,0000,061096,0.060252,-0.0007,0.2455
2026-08-11T14:32:29.599859,0000,061104,0.037495,-0.0007,0.1936
2026-08-11T14:32:31.679615,0000,061112,0.013440,-0.0004,0.1159
2026-08-11T14:32:33.820308,0000,061120,0.031676,0.0002,0.1780
2026-08-11T14:32:35.893949,0000,061128,0.026947,0.0004,0.1642
2026-08-11T14:32:38.037060,0000,061136,0.020291,0.0001,0.1424
2026-08-11T14:32:39.855857,0000,061144,0.032727,-0.0005,0.1809
2026-08-11T14:32:41.772324,0000,061152,0.040136,-0.0006,0.2003
2026-08-11T14:32:43.997104,0000,061160,0.059217,-0.0007,0.2433
2026-08-11T14:32:46.439053,0000,061168,0.055131,0.0004,0.2348
2026-08-11T14:32:48.621868,0000,061176,0.032631,0.0003,0.1806
2026-08-11T14:32:50.692894,0000,061184,0.018375,0.0002,0.1356
2026-08-11T14:32:52.454653,0000,061192,0.023621,-0.0006,0.1537
2026-08-11T14:32:54.196891,0000,061200,1.587607,-0.0016,1.2600
2026-08-11T14:32:56.168855,0000,061208,0.051148,-0.0005,0.2262
2026-08-11T14:32:57.941463,0000,061216,0.018823,0.0002,0.1372
2026-08-11T14:33:00.056303,0000,061224,0.018748,0.0004,0.1369
2026-08-11T14:33:02.397945,0000,061232,0.087134,0.0002,0.2952
2026-08-11T14:33:04.474044,0000,061240,0.016751,-0.0005,0.1294
2026-08-11T14:33:06.519220,0000,061248,0.078321,-0.0011,0.2799
2026-08-11T14:33:08.734011,0000,061256,0.021607,-0.0004,0.1470
2026-08-11T14:33:10.970228,0000,061264,0.026229,0.0004,0.1620
2026-08-11T14:33:13.436041,0000,061272,0.052698,0.0005,0.2296
2026-08-11T14:33:15.237918,0000,061280,0.017605,0.0001,0.1327
2026-08-11T14:33:17.627942,0000,061288,0.087637,-0.0006,0.2960
2026-08-11T14:33:19.620713,0000,061296,0.037673,-0.0007,0.1941
2026-08-11T14:33:21.737491,0000,061304,0.072334,-0.0006,0.2690
2026-08-11T14:33:23.750227,0000,061312,0.017309,0.0002,0.1316
2026-08-11T14:33:25.686885,0000,061320,0.047016,0.0002,0.2168
2026-08-11T14:33:27.725231,0000,061328,0.043879,0.0001,0.2095
2026-08-11T14:33:29.693489,0000,061336,0.018922,-0.0006,0.1376
2026-08-11T14:33:31.620099,0000,061344,0.041421,-0.0007,0.2035
2026-08-11T14:33:34.128101,0000,061352,0.031537,-0.0004,0.1776
2026-08-11T14:33:36.393094,0000,061360,0.035041,0.0001,0.1872
2026-08-11T14:33:38.262833,0000,061368,0.065511,0.0001,0.2560
2026-08-11T14:33:40.659077,0000,061376,0.026480,0.0002,0.1627
2026-08-11T14:33:42.555915,0000,061384,0.240637,-0.0007,0.4905
2026-08-11T14:33:44.859274,0000,061392,0.016148,-0.0007,0.1271
2026-08-11T14:33:46.882226,0000,061400,0.037963,-0.0004,0.1948
2026-08-11T14:33:48.807562,0000,061408,0.018370,0.0003,0.1355
2026-08-11T14:33:50.526651,0000,061416,0.025671,0.0002,0.1602
2026-08-11T14:33:52.898689,0000,061424,0.047043,0.0002,0.2169
2026-08-11T14:33:55.128912,0000,061432,0.023516,-0.0006,0.1533
2026-08-11T14:33:57.429948,0000,061440,0.020792,-0.0009,0.1442
2026-08-11T14:34:00.448048,0000,061448,0.018133,-0.0007,0.1347
2026-08-11T14:34:02.603736,0000,061456,0.017513,0.0002,0.1323
2026-08-11T14:34:04.802733,0000,061464,0.015726,0.0004,0.1254
2026-08-11T14:34:07.599486,0000,061472,0.011437,0.0000,0.1069
2026-08-11T14:34:09.888338,0000,061480,0.018296,0.0002,0.1353
2026-08-11T14:34:11.979182,0000,061488,0.015580,0.0001,0.1248
2026-08-11T14:34:13.908832,0000,061496,0.021479,-0.0005,0.1466
2026-08-11T14:34:15.888736,0000,061504,0.031553,-0.0007,0.1776
2026-08-11T14:34:17.919886,0000,061512,0.091883,-0.0005,0.3031
2026-08-11T14:34:20.505260,0000,061520,0.057541,0.0001,0.2399
2026-08-11T14:34:22.367100,0000,061528,0.030019,0.0003,0.1733
2026-08-11T14:34:24.298963,0000,061536,0.014818,0.0002,0.1217
2026-08-11T14:34:26.300057,0000,061544,0.019320,-0.0005,0.1390
2026-08-11T14:34:28.443094,0000,061552,0.052120,-0.0010,0.2283
2026-08-11T14:34:30.281247,0000,061560,0.038566,-0.0005,0.1964
2026-08-11T14:34:32.266164,0000,061568,0.064098,-0.0001,0.2532
2026-08-11T14:34:34.546598,0000,061576,0.055142,0.0017,0.2348
2026-08-11T14:34:36.580870,0000,061584,0.050847,0.0017,0.2255
2026-08-11T14:34:38.522670,0000,061592,0.049378,0.0016,0.2222
2026-08-11T14:34:40.488451,0000,061600,0.056544,0.0011,0.2378
2026-08-11T14:34:42.297679,0000,061608,0.011900,0.0005,0.1091
2026-08-11T14:34:44.203476,0000,061616,0.055343,-0.0006,0.2353
2026-08-11T14:34:45.990772,0000,061624,0.044931,-0.0012,0.2120
2026-08-11T14:34:47.860011,0000,061632,0.032127,-0.0011,0.1792
2026-08-11T14:34:50.106069,0000,061640,0.042034,-0.0010,0.2050
2026-08-11T14:34:51.996308,0000,061648,0.014086,-0.0002,0.1187
2026-08-11T14:34:53.818635,0000,061656,0.014783,0.0007,0.1216
2026-08-11T14:34:55.958507,0000,061664,0.053090,0.0016,0.2304
2026-08-11T14:34:58.044353,0000,061672,0.037189,0.0015,0.1928
2026-08-11T14:34:59.848207,0000,061680,0.046233,0.0010,0.2150
2026-08-11T14:35:01.935190,0000,061688,0.019017,0.0004,0.1379
2026-08-11T14:35:03.909103,0000,061696,0.086105,-0.0009,0.2934
2026-08-11T14:35:05.989476,0000,061704,0.036542,-0.0014,0.1912
2026-08-11T14:35:07.870757,0000,061712,0.220284,-0.0015,0.4693
2026-08-11T14:35:09.945929,0000,061720,0.029861,-0.0011,0.1728
2026-08-11T14:35:11.867883,0000,061728,0.016927,-0.0004,0.1301
2026-08-11T14:35:14.136110,0000,061736,0.055163,0.0005,0.2349
2026-08-11T14:35:16.323347,0000,061744,0.031775,0.0011,0.1783
2026-08-11T14:35:18.149064,0000,061752,0.037879,0.0010,0.1946
2026-08-11T14:35:20.174837,0000,061760,0.020546,0.0009,0.1433
2026-08-11T14:35:22.056857,0000,061768,0.013822,0.0002,0.1176
2026-08-11T14:35:24.065873,0000,061776,0.055093,-0.0011,0.2347
2026-08-11T14:35:26.455077,0000,061784,0.027000,-0.0014,0.1643
2026-08-11T14:35:28.649412,0000,061792,0.039529,-0.0015,0.1988
2026-08-11T14:35:30.639077,0000,061800,0.034321,-0.0012,0.1853
2026-08-11T14:35:32.743663,0000,061808,0.021189,-0.0004,0.1456
2026-08-11T14:35:34.986280,0000,061816,0.035061,0.0008,0.1872
2026-08-11T14:35:36.873493,0000,061824,0.021770,0.0011,0.1475
2026-08-11T14:35:38.849186,0000,061832,0.035065,0.0011,0.1873
2026-08-11T14:35:40.773871,0000,061840,0.025929,0.0009,0.1610
2026-08-11T14:35:42.673961,0000,061848,0.036381,0.0000,0.1907
2026-08-11T14:35:44.493815,0000,061856,0.040540,-0.0009,0.2013
2026-08-11T14:35:46.390704,0000,061864,0.067257,-0.0015,0.2593
2026-08-11T14:35:48.362025,0000,061872,0.044402,-0.0015,0.2107
2026-08-11T14:35:50.487954,0000,061880,1.583123,-0.0021,1.2582
2026-08-11T14:35:52.812412,0000,061888,0.016849,-0.0005,0.1298
2026-08-11T14:35:55.069878,0000,061896,0.026065,0.0005,0.1614
2026-08-11T14:35:57.324544,0000,061904,0.022800,0.0011,0.1510
2026-08-11T14:36:00.344029,0000,061912,0.056596,0.0019,0.2379
2026-08-11T14:36:03.026235,0000,061920,0.036625,0.0009,0.1914
2026-08-11T14:36:05.211035,0000,061928,0.039999,0.0001,0.2000
2026-08-11T14:36:07.421168,0000,061936,0.018456,-0.0009,0.1359
2026-08-11T14:36:09.693567,0000,061944,0.058066,-0.0015,0.2410
2026-08-11T14:36:11.869148,0000,061952,0.031918,-0.0016,0.1787
2026-08-11T14:36:14.135937,0000,061960,0.080604,-0.0014,0.2839
2026-08-11T14:36:16.558080,0000,061968,0.034182,-0.0006,0.1849
2026-08-11T14:36:18.776229,0000,061976,0.060251,0.0004,0.2455
2026-08-11T14:36:21.649341,0000,061984,0.064789,0.0011,0.2545
2026-08-11T14:36:23.756160,0000,061992,0.035479,0.0011,0.1884
2026-08-11T14:36:26.260171,0000,062000,0.021422,0.0009,0.1464
2026-08-11T14:36:28.770950,0000,062008,0.060853,0.0001,0.2467
2026-08-11T14:36:30.826250,0000,062016,0.071103,-0.0011,0.2667
2026-08-11T14:36:32.757918,0000,062024,0.050663,-0.0014,0.2251
2026-08-11T14:36:35.630022,0000,062032,0.038101,-0.0018,0.1952
2026-08-11T14:36:38.320622,0000,062040,0.280308,-0.0015,0.5294
2026-08-11T14:36:40.903471,0000,062048,0.022781,-0.0004,0.1509
2026-08-11T14:36:43.065532,0000,062056,0.017800,0.0006,0.1334
2026-08-11T14:36:45.025292,0000,062064,0.020299,0.0011,0.1425
2026-08-11T14:36:46.954249,0000,062072,0.020725,0.0011,0.1440
2026-08-11T14:36:48.877784,0000,062080,0.021240,0.0009,0.1457
2026-08-11T14:36:50.785389,0000,062088,0.019559,0.0001,0.1399
2026-08-11T14:36:52.806026,0000,062096,0.023215,-0.0010,0.1524
2026-08-11T14:36:55.325961,0000,062104,0.050611,-0.0014,0.2250
2026-08-11T14:36:58.145131,0000,062112,0.059510,-0.0016,0.2439
2026-08-11T14:37:00.595808,0000,062120,0.021217,-0.0012,0.1457
2026-08-11T14:37:02.949147,0000,062128,0.044345,-0.0005,0.2106
2026-08-11T14:37:05.659637,0000,062136,0.018377,0.0008,0.1356
2026-08-11T14:37:07.722833,0000,062144,0.037346,0.0012,0.1933
2026-08-11T14:37:09.962323,0000,062152,0.052114,0.0010,0.2283
2026-08-11T14:37:12.323830,0000,062160,0.028970,0.0010,0.1702
2026-08-11T14:37:14.854510,0000,062168,0.125296,0.0001,0.3540
2026-08-11T14:37:17.062101,0000,062176,0.027033,-0.0010,0.1644
2026-08-11T14:37:19.022135,0000,062184,0.037561,-0.0014,0.1938
2026-08-11T14:37:21.228214,0000,062192,0.048595,-0.0018,0.2204
2026-08-11T14:37:23.209968,0000,062200,0.027382,-0.0012,0.1655
2026-08-11T14:37:25.731311,0000,062208,0.043487,-0.0007,0.2085
2026-08-11T14:37:27.669106,0000,062216,0.031684,0.0005,0.1780
2026-08-11T14:37:29.551242,0000,062224,0.019676,0.0010,0.1403
2026-08-11T14:37:31.786782,0000,062232,0.064692,0.0010,0.2543
2026-08-11T14:37:34.043581,0000,062240,0.024902,0.0007,0.1578
2026-08-11T14:37:36.531088,0000,062248,0.022162,0.0003,0.1489
2026-08-11T14:37:38.354890,0000,062256,0.026629,-0.0010,0.1632
2026-08-11T14:37:40.158395,0000,062264,0.052811,-0.0014,0.2298
2026-08-11T14:37:42.325217,0000,062272,0.030430,-0.0015,0.1744
2026-08-11T14:37:44.518552,0000,062280,0.043880,-0.0013,0.2095
2026-08-11T14:37:47.048766,0000,062288,0.020278,-0.0004,0.1424
2026-08-11T14:37:49.259322,0000,062296,0.012516,0.0005,0.1119
2026-08-11T14:37:51.522242,0000,062304,0.023031,0.0011,0.1518
2026-08-11T14:37:53.652911,0000,062312,0.028662,0.0010,0.1693
2026-08-11T14:37:55.928173,0000,062320,0.030156,0.0010,0.1737
2026-08-11T14:37:58.030623,0000,062328,0.043559,-0.0001,0.2087
2026-08-11T14:37:59.911077,0000,062336,0.026004,-0.0001,0.1613
2026-08-11T14:38:01.700834,0000,062344,0.015890,-0.0001,0.1261
2026-08-11T14:38:03.631009,0000,062352,1.591364,-0.0003,1.2615
2026-08-11T14:38:05.515232,0000,062360,0.075237,0.0015,0.2743
2026-08-11T14:38:07.692299,0000,062368,0.052473,0.0020,0.2291
2026-08-11T14:38:09.535760,0000,062376,0.035766,0.0021,0.1891
2026-08-11T14:38:11.299830,0000,062384,0.043402,0.0014,0.2083
2026-08-11T14:38:13.134095,0000,062392,0.026461,0.0008,0.1627
2026-08-11T14:38:15.242318,0000,062400,0.021141,0.0000,0.1454
2026-08-11T14:38:17.045056,0000,062408,0.068775,-0.0018,0.2623
2026-08-11T14:38:18.878773,0000,062416,0.058051,-0.0025,0.2409
2026-08-11T14:38:20.681927,0000,062424,0.065321,-0.0029,0.2556
2026-08-11T14:38:22.421265,0000,062432,0.065743,-0.0028,0.2564
2026-08-11T14:38:24.254231,0000,062440,0.050283,-0.0023,0.2242
2026-08-11T14:38:26.368858,0000,062448,0.027462,-0.0016,0.1657
2026-08-11T14:38:28.352124,0000,062456,0.025874,-0.0006,0.1609
2026-08-11T14:38:30.130123,0000,062464,0.040581,0.0009,0.2014
2026-08-11T14:38:31.870693,0000,062472,0.033809,0.0018,0.1839
2026-08-11T14:38:33.619114,0000,062480,0.037816,0.0022,0.1945
2026-08-11T14:38:35.441623,0000,062488,0.047496,0.0022,0.2179
2026-08-11T14:38:37.247887,0000,062496,0.039169,0.0019,0.1979
2026-08-11T14:38:38.970895,0000,062504,0.038416,0.0008,0.1960
2026-08-11T14:38:40.847200,0000,062512,0.023018,-0.0001,0.1517
2026-08-11T14:38:42.702860,0000,062520,0.021314,-0.0008,0.1460
2026-08-11T14:38:44.767334,0000,062528,0.042596,-0.0010,0.2064
2026-08-11T14:38:47.036918,0000,062536,0.038508,-0.0007,0.1962
2026-08-11T14:38:49.382048,0000,062544,0.013762,0.0001,0.1173
2026-08-11T14:38:51.493084,0000,062552,0.105220,0.0000,0.3244
2026-08-11T14:38:53.276184,0000,062560,0.037667,-0.0001,0.1941
2026-08-11T14:38:55.093691,0000,062568,0.025643,0.0002,0.1601
2026-08-11T14:38:56.966701,0000,062576,0.051948,-0.0002,0.2279
2026-08-11T14:38:58.737043,0000,062584,0.022151,0.0001,0.1488
2026-08-11T14:39:00.598064,0000,062592,0.042979,-0.0000,0.2073
2026-08-11T14:39:02.518001,0000,062600,0.038229,-0.0007,0.1955
2026-08-11T14:39:04.459098,0000,062608,0.020111,-0.0008,0.1418
2026-08-11T14:39:06.537634,0000,062616,0.102003,-0.0006,0.3194
2026-08-11T14:39:09.177060,0000,062624,0.016249,0.0000,0.1275
2026-08-11T14:39:10.964496,0000,062632,0.022294,0.0009,0.1493
2026-08-11T14:39:12.990090,0000,062640,0.033418,0.0014,0.1828
2026-08-11T14:39:14.953797,0000,062648,0.056745,0.0014,0.2382
2026-08-11T14:39:16.925034,0000,062656,0.101283,0.0007,0.3183
2026-08-11T14:39:19.119311,0000,062664,0.022598,0.0002,0.1503
2026-08-11T14:39:20.922959,0000,062672,0.019169,-0.0009,0.1385
2026-08-11T14:39:22.954997,0000,062680,0.047388,-0.0015,0.2177
2026-08-11T14:39:25.046073,0000,062688,0.057552,-0.0016,0.2399
2026-08-11T14:39:27.010009,0000,062696,0.102166,-0.0015,0.3196
2026-08-11T14:39:28.894412,0000,062704,0.053337,-0.0008,0.2309
2026-08-11T14:39:30.785757,0000,062712,0.234264,0.0003,0.4840
2026-08-11T14:39:32.816652,0000,062720,0.025470,0.0006,0.1596
2026-08-11T14:39:34.577203,0000,062728,0.053754,0.0007,0.2318
2026-08-11T14:39:36.639700,0000,062736,0.022608,0.0005,0.1504
2026-08-11T14:39:38.436372,0000,062744,0.012929,-0.0002,0.1137
2026-08-11T14:39:40.477236,0000,062752,0.028821,-0.0006,0.1698
2026-08-11T14:39:42.647847,0000,062760,0.024134,-0.0003,0.1554
2026-08-11T14:39:44.479241,0000,062768,0.016315,0.0001,0.1277
2026-08-11T14:39:46.492048,0000,062776,0.019005,0.0004,0.1379
2026-08-11T14:39:48.495155,0000,062784,0.081254,-0.0000,0.2851
2026-08-11T14:39:50.713928,0000,062792,0.047786,-0.0000,0.2186
2026-08-11T14:39:52.546001,0000,062800,0.103541,-0.0003,0.3218
2026-08-11T14:39:54.663608,0000,062808,0.025956,-0.0002,0.1611
2026-08-11T14:39:56.965106,0000,062816,0.024727,0.0007,0.1572
2026-08-11T14:39:58.785980,0000,062824,0.039041,0.0005,0.1976
2026-08-11T14:40:00.638937,0000,062832,0.033984,0.0003,0.1843
2026-08-11T14:40:02.363905,0000,062840,0.022713,-0.0005,0.1507
2026-08-11T14:40:04.123844,0000,062848,0.023708,-0.0007,0.1540
2026-08-11T14:40:06.187966,0000,062856,0.025480,-0.0006,0.1596
2026-08-11T14:40:08.093015,0000,062864,0.020852,-0.0000,0.1444
2026-08-11T14:40:09.852891,0000,062872,0.036798,0.0008,0.1918
2026-08-11T14:40:11.692801,0000,062880,0.025982,0.0015,0.1612
2026-08-11T14:40:13.430756,0000,062888,0.047021,0.0012,0.2168
2026-08-11T14:40:15.195036,0000,062896,0.031656,0.0009,0.1779
2026-08-11T14:40:16.945276,0000,062904,0.038791,0.0001,0.1970
2026-08-11T14:40:18.822788,0000,062912,0.032132,-0.0009,0.1793
2026-08-11T14:40:20.616492,0000,062920,0.029170,-0.0014,0.1708
2026-08-11T14:40:22.560538,0000,062928,0.043694,-0.0015,0.2090
2026-08-11T14:40:24.427983,0000,062936,0.024965,-0.0013,0.1580
2026-08-11T14:40:26.198757,0000,062944,0.024571,-0.0007,0.1567
2026-08-11T14:40:28.178961,0000,062952,0.028083,0.0002,0.1676
2026-08-11T14:40:29.958935,0000,062960,0.032218,0.0007,0.1795
2026-08-11T14:40:31.740687,0000,062968,0.018352,0.0008,0.1355
2026-08-11T14:40:33.555198,0000,062976,0.021755,0.0006,0.1475
2026-08-11T14:40:36.412018,0000,062984,0.031758,-0.0003,0.1782
2026-08-11T14:40:38.306382,0000,062992,0.027615,-0.0005,0.1662
2026-08-11T14:40:40.073954,0000,063000,0.029813,-0.0003,0.1727
2026-08-11T14:40:41.860940,0000,063008,0.013955,0.0004,0.1181
2026-08-11T14:40:43.794095,0000,063016,0.016678,0.0004,0.1291
2026-08-11T14:40:45.857577,0000,063024,0.030602,0.0002,0.1749
2026-08-11T14:40:47.857154,0000,063032,0.042045,-0.0007,0.2050
2026-08-11T14:40:49.830699,0000,063040,0.026004,-0.0008,0.1613
2026-08-11T14:40:52.315577,0000,063048,0.018239,-0.0005,0.1351
2026-08-11T14:40:54.294182,0000,063056,0.040476,-0.0003,0.2012
2026-08-11T14:40:56.328882,0000,063064,0.032403,0.0009,0.1800
2026-08-11T14:40:58.129885,0000,063072,0.054902,0.0012,0.2343
2026-08-11T14:41:00.270522,0000,063080,1.598417,0.0006,1.2643
2026-08-11T14:41:02.182327,0000,063088,0.028261,0.0010,0.1681
2026-08-11T14:41:04.285654,0000,063096,0.025369,0.0001,0.1593
2026-08-11T14:41:06.524134,0000,063104,0.016941,-0.0010,0.1302
2026-08-11T14:41:08.330210,0000,063112,0.034112,-0.0014,0.1847
2026-08-11T14:41:10.220787,0000,063120,0.051940,-0.0016,0.2279
2026-08-11T14:41:12.006641,0000,063128,0.248963,-0.0016,0.4990
2026-08-11T14:41:13.778701,0000,063136,0.043150,-0.0008,0.2077
2026-08-11T14:41:15.603160,0000,063144,0.027692,0.0001,0.1664
2026-08-11T14:41:17.355371,0000,063152,0.013950,0.0008,0.1181
2026-08-11T14:41:19.481293,0000,063160,0.030603,0.0009,0.1749
2026-08-11T14:41:21.394557,0000,063168,0.011982,0.0004,0.1095
2026-08-11T14:41:23.383801,0000,063176,0.019225,-0.0003,0.1387
2026-08-11T14:41:25.357771,0000,063184,0.013905,-0.0003,0.1179
2026-08-11T14:41:27.197925,0000,063192,0.031148,-0.0004,0.1765
2026-08-11T14:41:29.281357,0000,063200,0.016508,0.0002,0.1285
2026-08-11T14:41:31.542647,0000,063208,0.032781,0.0004,0.1811
2026-08-11T14:41:33.541124,0000,063216,0.042697,0.0001,0.2066
2026-08-11T14:41:35.706442,0000,063224,0.016755,-0.0007,0.1294
2026-08-11T14:41:38.049259,0000,063232,0.026972,-0.0009,0.1642
2026-08-11T14:41:40.211087,0000,063240,0.092963,-0.0007,0.3049
2026-08-11T14:41:42.137168,0000,063248,0.029625,0.0000,0.1721
2026-08-11T14:41:44.083954,0000,063256,0.039615,0.0001,0.1990
2026-08-11T14:41:46.094084,0000,063264,0.023377,-0.0001,0.1529
2026-08-11T14:41:48.210878,0000,063272,0.023738,-0.0000,0.1541
2026-08-11T14:41:50.656625,0000,063280,0.012066,0.0005,0.1098
2026-08-11T14:41:52.999256,0000,063288,0.020110,0.0008,0.1418
2026-08-11T14:41:55.084756,0000,063296,0.009784,0.0003,0.0989
2026-08-11T14:41:57.216895,0000,063304,0.033925,-0.0004,0.1842
2026-08-11T14:41:59.004123,0000,063312,0.015629,-0.0006,0.1250
2026-08-11T14:42:00.777831,0000,063320,0.023403,-0.0004,0.1530
2026-08-11T14:42:02.706584,0000,063328,0.020337,0.0001,0.1426
2026-08-11T14:42:04.411749,0000,063336,0.015689,0.0002,0.1253
2026-08-11T14:42:06.397088,0000,063344,0.027360,-0.0000,0.1654
2026-08-11T14:42:08.470964,0000,063352,0.028691,0.0001,0.1694
2026-08-11T14:42:10.293338,0000,063360,0.011870,-0.0001,0.1090
2026-08-11T14:42:12.063902,0000,063368,0.023774,-0.0000,0.1542
2026-08-11T14:42:13.824015,0000,063376,0.025237,0.0004,0.1589
2026-08-11T14:42:16.070534,0000,063384,0.031156,0.0011,0.1765
2026-08-11T14:42:17.806956,0000,063392,0.016808,0.0003,0.1296
2026-08-11T14:42:19.876700,0000,063400,0.040942,-0.0004,0.2023
2026-08-11T14:42:22.001191,0000,063408,1.590117,-0.0015,1.2610
2026-08-11T14:42:24.135994,0000,063416,0.059274,-0.0005,0.2435
2026-08-11T14:42:26.102996,0000,063424,0.039876,0.0001,0.1997
2026-08-11T14:42:28.386714,0000,063432,0.022237,0.0004,0.1491
2026-08-11T14:42:30.404479,0000,063440,0.011499,0.0001,0.1072
2026-08-11T14:42:32.612949,0000,063448,0.028020,-0.0006,0.1674
2026-08-11T14:42:34.609547,0000,063456,0.038733,-0.0009,0.1968
2026-08-11T14:42:36.611042,0000,063464,0.017347,-0.0006,0.1317
2026-08-11T14:42:38.496911,0000,063472,0.021346,0.0001,0.1461
2026-08-11T14:42:40.344724,0000,063480,0.038947,0.0002,0.1974
2026-08-11T14:42:42.438591,0000,063488,0.019533,-0.0003,0.1398
2026-08-11T14:42:44.223596,0000,063496,0.036526,-0.0001,0.1911
2026-08-11T14:42:46.325424,0000,063504,0.029107,0.0006,0.1706
2026-08-11T14:42:48.238805,0000,063512,0.031706,0.0005,0.1781
2026-08-11T14:42:50.090859,0000,063520,0.017361,0.0003,0.1318
2026-08-11T14:42:51.999340,0000,063528,0.035778,-0.0006,0.1891
2026-08-11T14:42:53.960783,0000,063536,0.047684,-0.0008,0.2184
2026-08-11T14:42:55.991974,0000,063544,0.034768,-0.0005,0.1865
2026-08-11T14:42:57.986868,0000,063552,0.021293,0.0002,0.1459
2026-08-11T14:43:00.146664,0000,063560,0.028179,0.0006,0.1679
2026-08-11T14:43:02.186996,0000,063568,0.088426,-0.0001,0.2974
2026-08-11T14:43:04.018975,0000,063576,0.019682,0.0001,0.1403
2026-08-11T14:43:06.307015,0000,063584,0.024887,-0.0003,0.1578
2026-08-11T14:43:08.348663,0000,063592,0.040093,-0.0001,0.2002
2026-08-11T14:43:10.183516,0000,063600,0.020158,0.0006,0.1420
2026-08-11T14:43:12.006751,0000,063608,0.028620,0.0006,0.1692
2026-08-11T14:43:13.865384,0000,063616,0.043253,0.0000,0.2080
2026-08-11T14:43:15.685814,0000,063624,0.020036,0.0004,0.1415
2026-08-11T14:43:17.648496,0000,063632,0.022727,0.0001,0.1508
2026-08-11T14:43:19.538706,0000,063640,0.016912,-0.0006,0.1300
2026-08-11T14:43:21.795479,0000,063648,0.055443,-0.0010,0.2355
2026-08-11T14:43:23.898551,0000,063656,0.037807,-0.0007,0.1944
2026-08-11T14:43:26.278519,0000,063664,0.011278,-0.0001,0.1062
2026-08-11T14:43:28.548387,0000,063672,0.026110,0.0006,0.1616
2026-08-11T14:43:30.996425,0000,063680,0.037957,0.0011,0.1948
2026-08-11T14:43:33.706916,0000,063688,0.069791,0.0012,0.2642
2026-08-11T14:43:35.875959,0000,063696,0.046740,0.0006,0.2162
2026-08-11T14:43:38.235811,0000,063704,0.024942,-0.0001,0.1579
2026-08-11T14:43:40.621464,0000,063712,0.017270,-0.0005,0.1314
2026-08-11T14:43:43.123511,0000,063720,0.034864,-0.0002,0.1867
2026-08-11T14:43:45.623269,0000,063728,0.059916,0.0001,0.2448
2026-08-11T14:43:47.908061,0000,063736,0.015731,0.0002,0.1254
2026-08-11T14:43:50.010427,0000,063744,0.015912,-0.0000,0.1261
2026-08-11T14:43:52.391365,0000,063752,1.620543,-0.0009,1.2730
2026-08-11T14:43:54.668978,0000,063760,0.059979,0.0006,0.2449
2026-08-11T14:43:57.201828,0000,063768,0.070045,0.0007,0.2647
2026-08-11T14:43:59.164091,0000,063776,0.053104,0.0000,0.2304
2026-08-11T14:44:01.046820,0000,063784,0.038296,0.0003,0.1957
2026-08-11T14:44:02.915989,0000,063792,0.016016,0.0000,0.1266
2026-08-11T14:44:04.676672,0000,063800,0.015452,-0.0008,0.1243
2026-08-11T14:44:06.422456,0000,063808,0.024358,-0.0010,0.1561
2026-08-11T14:44:08.190445,0000,063816,0.033259,-0.0007,0.1824
2026-08-11T14:44:09.972484,0000,063824,0.012456,-0.0001,0.1116
2026-08-11T14:44:11.941680,0000,063832,0.047526,0.0005,0.2180
2026-08-11T14:44:14.028163,0000,063840,0.023189,0.0012,0.1523
2026-08-11T14:44:16.101072,0000,063848,0.040999,0.0010,0.2025
2026-08-11T14:44:17.856420,0000,063856,0.020734,0.0005,0.1440
2026-08-11T14:44:19.845448,0000,063864,0.054610,-0.0001,0.2337
2026-08-11T14:44:21.878824,0000,063872,0.020353,-0.0004,0.1427
2026-08-11T14:44:23.775660,0000,063880,0.017665,-0.0003,0.1329
2026-08-11T14:44:25.657422,0000,063888,0.030865,0.0001,0.1757
2026-08-11T14:44:27.535674,0000,063896,0.017520,0.0002,0.1324
2026-08-11T14:44:29.752682,0000,063904,0.035711,-0.0001,0.1890
2026-08-11T14:44:31.696472,0000,063912,0.016643,-0.0000,0.1290
2026-08-11T14:44:33.944607,0000,063920,0.025031,0.0006,0.1582
2026-08-11T14:44:36.265427,0000,063928,0.041687,0.0004,0.2042
2026-08-11T14:44:38.305405,0000,063936,0.027877,0.0002,0.1670
2026-08-11T14:44:40.468451,0000,063944,0.032919,-0.0005,0.1814
2026-08-11T14:44:42.462692,0000,063952,0.030088,-0.0008,0.1735
2026-08-11T14:44:44.218386,0000,063960,0.040839,-0.0007,0.2021
2026-08-11T14:44:46.132818,0000,063968,0.024428,0.0001,0.1563
2026-08-11T14:44:48.174811,0000,063976,0.021436,0.0001,0.1464
2026-08-11T14:44:50.064627,0000,063984,0.028718,-0.0002,0.1695
2026-08-11T14:44:52.420054,0000,063992,0.013511,-0.0002,0.1162
2026-08-11T14:44:54.401529,0000,064000,0.027111,0.0002,0.1647
2026-08-11T14:44:56.839726,0000,064008,0.031891,0.0005,0.1786
2026-08-11T14:44:59.118058,0000,064016,0.016318,0.0003,0.1277
2026-08-11T14:45:01.017713,0000,064024,0.013820,-0.0006,0.1176
2026-08-11T14:45:03.261657,0000,064032,0.023996,-0.0010,0.1549
2026-08-11T14:45:05.410533,0000,064040,0.019198,-0.0007,0.1386
2026-08-11T14:45:07.425572,0000,064048,0.012301,-0.0001,0.1109
2026-08-11T14:45:09.569353,0000,064056,0.031233,0.0006,0.1767
2026-08-11T14:45:12.065764,0000,064064,0.021961,0.0013,0.1482
2026-08-11T14:45:13.897546,0000,064072,0.038963,0.0010,0.1974
2026-08-11T14:45:15.608119,0000,064080,0.083023,0.0006,0.2881
2026-08-11T14:45:17.420460,0000,064088,0.075055,-0.0001,0.2740
2026-08-11T14:45:19.141358,0000,064096,0.045292,-0.0004,0.2128
2026-08-11T14:45:21.402369,0000,064104,0.047041,-0.0003,0.2169
2026-08-11T14:45:23.168957,0000,064112,0.031798,0.0003,0.1783
2026-08-11T14:45:25.069542,0000,064120,0.034999,0.0002,0.1871
2026-08-11T14:45:26.939375,0000,064128,0.031452,-0.0001,0.1773
2026-08-11T14:45:28.733324,0000,064136,0.012792,0.0001,0.1131
2026-08-11T14:45:30.632629,0000,064144,0.017137,-0.0003,0.1309
2026-08-11T14:45:32.436533,0000,064152,0.077029,-0.0001,0.2775
2026-08-11T14:45:34.177113,0000,064160,0.026543,0.0003,0.1629
2026-08-11T14:45:36.066276,0000,064168,0.021356,0.0003,0.1461
2026-08-11T14:45:37.850474,0000,064176,0.010210,0.0002,0.1010
2026-08-11T14:45:39.753238,0000,064184,0.050812,-0.0007,0.2254
2026-08-11T14:45:41.668276,0000,064192,0.036461,-0.0008,0.1909
2026-08-11T14:45:43.641624,0000,064200,0.020468,-0.0007,0.1431
2026-08-11T14:45:45.518012,0000,064208,0.021044,-0.0001,0.1451
2026-08-11T14:45:47.359592,0000,064216,0.031841,0.0009,0.1784
2026-08-11T14:45:49.110252,0000,064224,0.019693,0.0012,0.1403
2026-08-11T14:45:50.904164,0000,064232,0.022914,0.0011,0.1514
2026-08-11T14:45:52.676350,0000,064240,0.017114,0.0006,0.1308
2026-08-11T14:45:54.436256,0000,064248,0.030097,-0.0001,0.1735
2026-08-11T14:45:56.514629,0000,064256,0.031019,-0.0004,0.1761
2026-08-11T14:45:58.334159,0000,064264,0.038841,-0.0003,0.1971
2026-08-11T14:46:00.458832,0000,064272,0.045120,0.0004,0.2124
2026-08-11T14:46:02.262050,0000,064280,0.038310,0.0003,0.1957
2026-08-11T14:46:04.011134,0000,064288,0.021896,-0.0000,0.1480
2026-08-11T14:46:05.812618,0000,064296,0.033121,0.0002,0.1820
2026-08-11T14:46:07.772487,0000,064304,0.027232,-0.0000,0.1650
2026-08-11T14:46:09.677533,0000,064312,0.010346,0.0001,0.1017
2026-08-11T14:46:11.527539,0000,064320,0.027456,-0.0004,0.1657
2026-08-11T14:46:13.663554,0000,064328,0.022361,-0.0000,0.1495
2026-08-11T14:46:15.490984,0000,064336,0.017659,-0.0004,0.1329
2026-08-11T14:46:17.315420,0000,064344,0.030503,-0.0004,0.1747
2026-08-11T14:46:19.073287,0000,064352,0.028911,0.0002,0.1700
2026-08-11T14:46:20.927238,0000,064360,0.032078,0.0002,0.1791
2026-08-11T14:46:23.013425,0000,064368,0.020145,-0.0001,0.1419
2026-08-11T14:46:25.144345,0000,064376,0.036946,0.0003,0.1922
2026-08-11T14:46:26.969661,0000,064384,0.237785,-0.0004,0.4876
2026-08-11T14:46:28.923476,0000,064392,0.018487,-0.0001,0.1360
2026-08-11T14:46:30.744141,0000,064400,0.013898,0.0003,0.1179
2026-08-11T14:46:32.494940,0000,064408,1.584027,-0.0006,1.2586
2026-08-11T14:46:34.245322,0000,064416,0.017039,0.0009,0.1305
2026-08-11T14:46:36.063789,0000,064424,0.045083,0.0009,0.2123
2026-08-11T14:46:37.882739,0000,064432,0.046380,0.0005,0.2154
2026-08-11T14:46:39.647511,0000,064440,0.016803,-0.0002,0.1296
2026-08-11T14:46:41.386202,0000,064448,0.024692,-0.0004,0.1571
2026-08-11T14:46:43.223633,0000,064456,0.212644,-0.0005,0.4611
2026-08-11T14:46:44.984529,0000,064464,0.013187,0.0001,0.1148
2026-08-11T14:46:46.738564,0000,064472,0.013910,0.0002,0.1179
2026-08-11T14:46:48.843904,0000,064480,0.091956,-0.0002,0.3032
2026-08-11T14:46:50.593059,0000,064488,0.018974,0.0000,0.1377
2026-08-11T14:46:52.395310,0000,064496,0.021418,-0.0002,0.1463
2026-08-11T14:46:54.272156,0000,064504,0.040269,-0.0003,0.2007
2026-08-11T14:46:56.184419,0000,064512,0.043694,0.0004,0.2090
2026-08-11T14:46:58.014174,0000,064520,0.249687,0.0002,0.4997
2026-08-11T14:46:59.874132,0000,064528,0.045480,0.0000,0.2133
2026-08-11T14:47:01.661505,0000,064536,0.019499,-0.0006,0.1396
2026-08-11T14:47:03.482207,0000,064544,0.038821,-0.0009,0.1970
2026-08-11T14:47:05.349383,0000,064552,1.569672,-0.0015,1.2529
2026-08-11T14:47:07.306489,0000,064560,0.063811,-0.0002,0.2526
2026-08-11T14:47:09.147458,0000,064568,0.018666,0.0008,0.1366
2026-08-11T14:47:10.898347,0000,064576,0.018475,0.0012,0.1359
2026-08-11T14:47:12.730350,0000,064584,0.037409,0.0011,0.1934
2026-08-11T14:47:14.464987,0000,064592,0.015662,0.0007,0.1251
2026-08-11T14:47:16.320742,0000,064600,0.031733,0.0000,0.1781
2026-08-11T14:47:18.118189,0000,064608,0.035994,-0.0010,0.1897
2026-08-11T14:47:19.964887,0000,064616,0.039628,-0.0016,0.1991
2026-08-11T14:47:21.908358,0000,064624,0.068365,-0.0020,0.2615
2026-08-11T14:47:23.656870,0000,064632,0.050896,-0.0015,0.2256
2026-08-11T14:47:25.448164,0000,064640,0.024779,-0.0008,0.1574
2026-08-11T14:47:27.384087,0000,064648,0.031718,0.0000,0.1781
2026-08-11T14:47:29.277001,0000,064656,0.026668,0.0005,0.1633
2026-08-11T14:47:31.120685,0000,064664,0.092888,0.0005,0.3048
2026-08-11T14:47:33.071066,0000,064672,0.010025,0.0004,0.1001
2026-08-11T14:47:34.940537,0000,064680,0.016633,-0.0005,0.1290
2026-08-11T14:47:36.782326,0000,064688,0.037085,-0.0006,0.1926
2026-08-11T14:47:38.682378,0000,064696,0.015945,-0.0005,0.1263
2026-08-11T14:47:40.478103,0000,064704,0.027699,0.0000,0.1664
2026-08-11T14:47:42.363192,0000,064712,0.038786,0.0001,0.1969
2026-08-11T14:47:44.125922,0000,064720,0.018827,-0.0002,0.1372
2026-08-11T14:47:46.315468,0000,064728,0.047182,-0.0001,0.2172
2026-08-11T14:47:48.176048,0000,064736,0.019350,0.0004,0.1391
2026-08-11T14:47:50.027739,0000,064744,0.028368,0.0004,0.1684
2026-08-11T14:47:51.779882,0000,064752,0.019788,0.0001,0.1407
2026-08-11T14:47:53.532166,0000,064760,0.029811,-0.0006,0.1727
2026-08-11T14:47:55.559635,0000,064768,0.018296,-0.0009,0.1353
2026-08-11T14:47:57.282774,0000,064776,0.023336,-0.0005,0.1528
2026-08-11T14:47:59.241034,0000,064784,0.014813,-0.0000,0.1217
2026-08-11T14:48:00.955973,0000,064792,0.024594,0.0007,0.1568
2026-08-11T14:48:02.707607,0000,064800,0.041238,0.0012,0.2031
2026-08-11T14:48:04.603954,0000,064808,0.036193,0.0014,0.1902
2026-08-11T14:48:06.343168,0000,064816,0.025200,0.0008,0.1587
2026-08-11T14:48:08.249104,0000,064824,0.032803,0.0001,0.1811
2026-08-11T14:48:10.122005,0000,064832,0.032327,-0.0011,0.1798
2026-08-11T14:48:11.867087,0000,064840,0.054552,-0.0016,0.2336
2026-08-11T14:48:13.820470,0000,064848,0.033964,-0.0020,0.1843
2026-08-11T14:48:15.796831,0000,064856,0.058474,-0.0014,0.2418
2026-08-11T14:48:17.537147,0000,064864,0.036363,-0.0009,0.1907
2026-08-11T14:48:19.267906,0000,064872,0.025950,0.0001,0.1611
2026-08-11T14:48:21.104884,0000,064880,0.054693,0.0005,0.2339
2026-08-11T14:48:22.885946,0000,064888,0.016808,0.0006,0.1296
2026-08-11T14:48:24.706179,0000,064896,0.021920,0.0003,0.1481
2026-08-11T14:48:26.598972,0000,064904,0.020214,-0.0003,0.1422
2026-08-11T14:48:28.766177,0000,064912,0.019963,-0.0007,0.1413
2026-08-11T14:48:30.644014,0000,064920,0.021876,-0.0006,0.1479
2026-08-11T14:48:32.514848,0000,064928,0.019582,0.0001,0.1399
2026-08-11T14:48:34.385971,0000,064936,0.015856,0.0002,0.1259
2026-08-11T14:48:36.354350,0000,064944,0.052517,-0.0003,0.2292
2026-08-11T14:48:38.100725,0000,064952,0.035980,-0.0001,0.1897
2026-08-11T14:48:39.836964,0000,064960,0.027126,0.0005,0.1647
2026-08-11T14:48:41.587550,0000,064968,0.032507,0.0003,0.1803
2026-08-11T14:48:43.491414,0000,064976,0.025548,0.0002,0.1598
2026-08-11T14:48:45.208681,0000,064984,0.023213,-0.0005,0.1524
2026-08-11T14:48:47.024794,0000,064992,0.020017,-0.0007,0.1415
2026-08-11T14:48:48.774909,0000,065000,0.018673,-0.0007,0.1366
2026-08-11T14:48:50.758128,0000,065008,0.234685,-0.0001,0.4844
2026-08-11T14:48:52.508033,0000,065016,0.095324,0.0002,0.3087
2026-08-11T14:48:54.405391,0000,065024,0.020445,-0.0002,0.1430
2026-08-11T14:48:56.136247,0000,065032,0.022398,-0.0001,0.1497
2026-08-11T14:48:57.846324,0000,065040,0.034075,0.0004,0.1846
2026-08-11T14:49:00.344883,0000,065048,0.049787,0.0009,0.2231
2026-08-11T14:49:02.170807,0000,065056,0.021238,0.0001,0.1457
2026-08-11T14:49:04.130460,0000,065064,0.103883,-0.0006,0.3223
2026-08-11T14:49:06.016878,0000,065072,0.020146,-0.0009,0.1419
2026-08-11T14:49:07.782478,0000,065080,0.028914,-0.0005,0.1700
2026-08-11T14:49:09.537066,0000,065088,0.018035,-0.0001,0.1343
2026-08-11T14:49:11.257665,0000,065096,0.081197,0.0007,0.2850
2026-08-11T14:49:13.050461,0000,065104,0.023040,0.0011,0.1518
2026-08-11T14:49:14.869220,0000,065112,0.018417,0.0012,0.1357
2026-08-11T14:49:16.881913,0000,065120,0.050461,0.0011,0.2246
2026-08-11T14:49:18.698165,0000,065128,0.056153,-0.0002,0.2370
2026-08-11T14:49:20.712265,0000,065136,0.052265,-0.0004,0.2286
2026-08-11T14:49:22.556964,0000,065144,0.012340,-0.0000,0.1111
2026-08-11T14:49:24.447103,0000,065152,0.030328,0.0004,0.1742
2026-08-11T14:49:26.317357,0000,065160,0.055283,0.0004,0.2351
2026-08-11T14:49:28.115748,0000,065168,0.010255,0.0001,0.1013
2026-08-11T14:49:29.976906,0000,065176,0.041427,-0.0006,0.2035
2026-08-11T14:49:32.139951,0000,065184,0.027066,-0.0012,0.1645
2026-08-11T14:49:34.241288,0000,065192,0.019542,-0.0007,0.1398
2026-08-11T14:49:36.078489,0000,065200,0.035034,-0.0001,0.1872
2026-08-11T14:49:38.133751,0000,065208,0.026235,0.0009,0.1620
2026-08-11T14:49:40.094186,0000,065216,0.029771,0.0012,0.1725
2026-08-11T14:49:42.491103,0000,065224,0.057561,0.0015,0.2399
2026-08-11T14:49:44.427982,0000,065232,0.015757,0.0007,0.1255
2026-08-11T14:49:46.383578,0000,065240,0.014810,0.0001,0.1217
2026-08-11T14:49:48.282665,0000,065248,0.032096,-0.0009,0.1792
2026-08-11T14:49:50.272074,0000,065256,0.047045,-0.0015,0.2169
2026-08-11T14:49:52.358552,0000,065264,0.039668,-0.0018,0.1992
2026-08-11T14:49:54.399035,0000,065272,0.037741,-0.0014,0.1943
2026-08-11T14:49:56.548743,0000,065280,0.022238,-0.0009,0.1491
2026-08-11T14:49:58.686430,0000,065288,0.010197,0.0003,0.1010
2026-08-11T14:50:00.977086,0000,065296,0.032747,0.0005,0.1810
2026-08-11T14:50:03.466279,0000,065304,0.055615,0.0005,0.2358
2026-08-11T14:50:05.540077,0000,065312,0.034570,0.0004,0.1859
2026-08-11T14:50:07.631538,0000,065320,0.079155,-0.0004,0.2813
2026-08-11T14:50:09.741140,0000,065328,0.024487,-0.0008,0.1565
2026-08-11T14:50:11.999254,0000,065336,0.043191,-0.0006,0.2078
2026-08-11T14:50:14.091204,0000,065344,0.053761,-0.0001,0.2319
2026-08-11T14:50:15.993707,0000,065352,0.024351,0.0010,0.1560
2026-08-11T14:50:17.833689,0000,065360,0.040749,0.0011,0.2019
2026-08-11T14:50:19.669854,0000,065368,0.052468,0.0012,0.2291
2026-08-11T14:50:21.623418,0000,065376,0.023706,0.0008,0.1540
2026-08-11T14:50:23.851181,0000,065384,0.057735,-0.0001,0.2403
2026-08-11T14:50:26.019720,0000,065392,0.019997,-0.0002,0.1414
2026-08-11T14:50:27.823280,0000,065400,0.018662,0.0000,0.1366
2026-08-11T14:50:29.592402,0000,065408,0.020036,-0.0003,0.1415
2026-08-11T14:50:31.522033,0000,065416,0.033669,-0.0003,0.1835
2026-08-11T14:50:33.355868,0000,065424,0.018445,0.0003,0.1358
2026-08-11T14:50:35.294942,0000,065432,0.125407,0.0002,0.3541
2026-08-11T14:50:37.097948,0000,065440,0.017366,0.0001,0.1318
2026-08-11T14:50:39.116346,0000,065448,0.021925,-0.0005,0.1481
2026-08-11T14:50:41.221523,0000,065456,0.021235,-0.0009,0.1457
2026-08-11T14:50:43.604042,0000,065464,0.035000,-0.0007,0.1871
2026-08-11T14:50:45.630520,0000,065472,0.225201,-0.0001,0.4746
2026-08-11T14:50:48.452369,0000,065480,0.048313,0.0008,0.2198
2026-08-11T14:50:50.888170,0000,065488,0.036391,0.0012,0.1908
2026-08-11T14:50:53.165067,0000,065496,0.121274,0.0010,0.3482
2026-08-11T14:50:55.248089,0000,065504,0.021903,0.0007,0.1480
2026-08-11T14:50:57.271553,0000,065512,0.104818,-0.0001,0.3238
2026-08-11T14:50:59.485926,0000,065520,0.025527,-0.0002,0.1598
2026-08-11T14:51:01.940752,0000,065528,0.037133,-0.0003,0.1927
2026-08-11T14:51:04.064408,0000,065536,0.017215,0.0003,0.1312
2026-08-11T14:51:05.874426,0000,065544,0.018051,0.0005,0.1344
2026-08-11T14:51:08.280139,0000,065552,0.022702,0.0003,0.1507
2026-08-11T14:51:10.163718,0000,065560,0.021067,-0.0005,0.1451
2026-08-11T14:51:12.087023,0000,065568,0.022996,-0.0007,0.1516
2026-08-11T14:51:14.074527,0000,065576,0.033145,-0.0008,0.1821
2026-08-11T14:51:15.819179,0000,065584,0.026132,-0.0000,0.1617
2026-08-11T14:51:17.718929,0000,065592,0.069394,0.0007,0.2634
2026-08-11T14:51:19.506661,0000,065600,0.021464,0.0012,0.1465
2026-08-11T14:51:21.553406,0000,065608,0.036923,0.0011,0.1922
2026-08-11T14:51:23.574695,0000,065616,0.034699,0.0008,0.1863
2026-08-11T14:51:25.371420,0000,065624,0.010134,0.0001,0.1007
2026-08-11T14:51:27.675483,0000,065632,0.041260,-0.0010,0.2031
2026-08-11T14:51:29.711002,0000,065640,0.056245,-0.0014,0.2372
2026-08-11T14:51:31.937889,0000,065648,0.028196,-0.0017,0.1679
2026-08-11T14:51:33.888553,0000,065656,0.095038,-0.0015,0.3083
2026-08-11T14:51:35.844965,0000,065664,0.084095,-0.0007,0.2900
2026-08-11T14:51:37.609404,0000,065672,0.219570,0.0001,0.4686
2026-08-11T14:51:39.476551,0000,065680,0.046360,0.0005,0.2153
2026-08-11T14:51:41.643010,0000,065688,0.030691,0.0009,0.1752
2026-08-11T14:51:44.074427,0000,065696,0.036442,0.0003,0.1909
2026-08-11T14:51:46.555525,0000,065704,0.063277,-0.0005,0.2515
2026-08-11T14:51:48.604409,0000,065712,0.048583,-0.0006,0.2204
2026-08-11T14:51:51.330585,0000,065720,0.027010,-0.0004,0.1643
2026-08-11T14:51:53.559335,0000,065728,0.031995,0.0001,0.1789
2026-08-11T14:51:55.806703,0000,065736,0.015741,0.0002,0.1255
2026-08-11T14:51:58.456546,0000,065744,0.020152,-0.0000,0.1420
2026-08-11T14:52:00.425659,0000,065752,0.040806,-0.0009,0.2020
2026-08-11T14:52:02.726045,0000,065760,0.063183,-0.0014,0.2514
2026-08-11T14:52:04.560684,0000,065768,0.052385,-0.0007,0.2289
2026-08-11T14:52:06.538414,0000,065776,0.030607,-0.0003,0.1749
2026-08-11T14:52:08.386463,0000,065784,0.049279,0.0007,0.2220
2026-08-11T14:52:10.120296,0000,065792,0.025337,0.0011,0.1592
2026-08-11T14:52:12.187415,0000,065800,0.035734,0.0011,0.1890
2026-08-11T14:52:14.237694,0000,065808,0.023035,0.0007,0.1518
2026-08-11T14:52:16.428697,0000,065816,0.019485,-0.0001,0.1396
2026-08-11T14:52:18.246058,0000,065824,0.028996,-0.0002,0.1703
2026-08-11T14:52:20.310506,0000,065832,0.049217,-0.0005,0.2218
2026-08-11T14:52:22.305585,0000,065840,0.029764,0.0001,0.1725
2026-08-11T14:52:24.130181,0000,065848,0.043983,0.0002,0.2097
2026-08-11T14:52:25.934362,0000,065856,0.027882,-0.0000,0.1670
2026-08-11T14:52:27.695690,0000,065864,0.025209,0.0001,0.1588
2026-08-11T14:52:29.627471,0000,065872,0.019214,-0.0002,0.1386
2026-08-11T14:52:31.679794,0000,065880,0.019506,-0.0000,0.1397
2026-08-11T14:52:33.827369,0000,065888,0.018527,-0.0003,0.1361
2026-08-11T14:52:35.883125,0000,065896,0.013791,-0.0002,0.1174
2026-08-11T14:52:37.900777,0000,065904,0.015099,0.0003,0.1229
2026-08-11T14:52:40.185235,0000,065912,0.012732,0.0005,0.1128
2026-08-11T14:52:42.293297,0000,065920,0.027000,0.0000,0.1643
2026-08-11T14:52:44.770817,0000,065928,0.071438,-0.0008,0.2673
2026-08-11T14:52:47.061486,0000,065936,0.040339,-0.0008,0.2008
2026-08-11T14:52:49.228389,0000,065944,0.016093,-0.0006,0.1269
2026-08-11T14:52:51.207125,0000,065952,1.582000,-0.0009,1.2578
2026-08-11T14:52:53.529785,0000,065960,0.033579,0.0009,0.1832
2026-08-11T14:52:55.784748,0000,065968,0.091348,0.0012,0.3022
2026-08-11T14:52:57.814141,0000,065976,0.096315,0.0011,0.3103
2026-08-11T14:52:59.771541,0000,065984,0.016679,0.0008,0.1291
2026-08-11T14:53:02.082014,0000,065992,0.023179,0.0001,0.1522
2026-08-11T14:53:04.020492,0000,066000,0.011318,-0.0002,0.1064
2026-08-11T14:53:05.832464,0000,066008,0.020738,-0.0001,0.1440
2026-08-11T14:53:07.552418,0000,066016,0.014669,0.0003,0.1211
2026-08-11T14:53:09.510416,0000,066024,0.026480,0.0002,0.1627
2026-08-11T14:53:11.401484,0000,066032,0.045359,0.0000,0.2130
2026-08-11T14:53:13.499001,0000,066040,0.015762,-0.0006,0.1255
2026-08-11T14:53:15.365639,0000,066048,0.021422,-0.0008,0.1464
2026-08-11T14:53:17.328361,0000,066056,0.021973,-0.0007,0.1482
2026-08-11T14:53:19.208162,0000,066064,0.026098,-0.0001,0.1615
2026-08-11T14:53:20.991527,0000,066072,0.017512,0.0008,0.1323
2026-08-11T14:53:23.374261,0000,066080,0.024250,0.0012,0.1557
2026-08-11T14:53:25.336668,0000,066088,0.020386,0.0011,0.1428
2026-08-11T14:53:27.361448,0000,066096,0.018988,0.0007,0.1378
2026-08-11T14:53:29.369167,0000,066104,0.045590,-0.0001,0.2135
2026-08-11T14:53:31.145442,0000,066112,1.626211,-0.0013,1.2752
2026-08-11T14:53:33.090391,0000,066120,0.027577,-0.0004,0.1661
2026-08-11T14:53:34.817207,0000,066128,0.020418,0.0003,0.1429
2026-08-11T14:53:36.876474,0000,066136,0.015570,0.0005,0.1248
2026-08-11T14:53:38.755146,0000,066144,0.026063,0.0000,0.1614
2026-08-11T14:53:40.637768,0000,066152,0.029351,-0.0008,0.1713
2026-08-11T14:53:42.432264,0000,066160,0.017642,-0.0008,0.1328
2026-08-11T14:53:44.226215,0000,066168,0.023388,-0.0006,0.1529
2026-08-11T14:53:46.023258,0000,066176,0.028364,-0.0002,0.1684
2026-08-11T14:53:47.980610,0000,066184,0.047962,0.0006,0.2190
2026-08-11T14:53:49.833194,0000,066192,0.029267,0.0012,0.1711
2026-08-11T14:53:51.577091,0000,066200,0.026642,0.0010,0.1632
2026-08-11T14:53:53.291033,0000,066208,0.021616,0.0006,0.1470
2026-08-11T14:53:55.018832,0000,066216,0.015436,-0.0001,0.1242
2026-08-11T14:53:57.233341,0000,066224,0.063401,-0.0005,0.2518
2026-08-11T14:53:59.226950,0000,066232,0.023436,-0.0003,0.1531
2026-08-11T14:54:01.144513,0000,066240,0.034043,0.0003,0.1845
2026-08-11T14:54:03.189948,0000,066248,0.040937,0.0003,0.2023
2026-08-11T14:54:05.376156,0000,066256,0.029163,-0.0000,0.1708
2026-08-11T14:54:07.245165,0000,066264,0.018243,0.0001,0.1351
2026-08-11T14:54:09.094257,0000,066272,1.591141,-0.0012,1.2614
2026-08-11T14:54:10.858072,0000,066280,0.016062,-0.0000,0.1267
2026-08-11T14:54:12.600022,0000,066288,0.021480,-0.0004,0.1466
2026-08-11T14:54:14.692768,0000,066296,0.046291,-0.0006,0.2152
2026-08-11T14:54:16.424690,0000,066304,0.013575,0.0002,0.1165
2026-08-11T14:54:18.353085,0000,066312,0.451245,0.0001,0.6717
2026-08-11T14:54:20.130144,0000,066320,0.038656,0.0001,0.1966
2026-08-11T14:54:21.974961,0000,066328,0.029098,-0.0006,0.1706
2026-08-11T14:54:23.760405,0000,066336,0.016350,-0.0007,0.1279
2026-08-11T14:54:25.490161,0000,066344,0.022817,-0.0006,0.1511
2026-08-11T14:54:27.389545,0000,066352,0.022003,-0.0001,0.1483
2026-08-11T14:54:29.286666,0000,066360,0.052130,0.0006,0.2283
2026-08-11T14:54:31.106047,0000,066368,0.023942,0.0011,0.1547
2026-08-11T14:54:32.958428,0000,066376,0.027273,0.0012,0.1651
2026-08-11T14:54:34.837974,0000,066384,0.116058,0.0008,0.3407
2026-08-11T14:54:36.761962,0000,066392,0.033062,0.0001,0.1818
2026-08-11T14:54:38.570037,0000,066400,0.031333,-0.0010,0.1770
2026-08-11T14:54:40.700879,0000,066408,0.068914,-0.0016,0.2625
2026-08-11T14:54:42.702272,0000,066416,0.026294,-0.0014,0.1622
2026-08-11T14:54:44.870576,0000,066424,0.058235,-0.0015,0.2413
2026-08-11T14:54:47.446833,0000,066432,0.024099,-0.0008,0.1552
2026-08-11T14:54:49.383874,0000,066440,0.045370,0.0002,0.2130
2026-08-11T14:54:51.592161,0000,066448,0.037023,0.0008,0.1924
2026-08-11T14:54:53.895618,0000,066456,0.021398,0.0008,0.1463
2026-08-11T14:54:56.301593,0000,066464,0.024228,0.0007,0.1557
2026-08-11T14:54:58.273839,0000,066472,0.014602,-0.0003,0.1208
2026-08-11T14:55:00.279340,0000,066480,0.038041,-0.0006,0.1950
2026-08-11T14:55:02.315117,0000,066488,0.023267,-0.0004,0.1525
2026-08-11T14:55:04.221016,0000,066496,0.019486,0.0001,0.1396
2026-08-11T14:55:06.331570,0000,066504,0.097286,0.0003,0.3119
2026-08-11T14:55:08.719841,0000,066512,0.051066,0.0001,0.2260
2026-08-11T14:55:10.797115,0000,066520,0.015647,-0.0007,0.1251
2026-08-11T14:55:12.907001,0000,066528,0.023991,-0.0009,0.1549
2026-08-11T14:55:14.842375,0000,066536,0.023318,-0.0007,0.1527
2026-08-11T14:55:16.948779,0000,066544,0.026591,-0.0002,0.1631
2026-08-11T14:55:18.833632,0000,066552,0.016320,0.0007,0.1277
2026-08-11T14:55:21.112140,0000,066560,0.032008,0.0012,0.1789
2026-08-11T14:55:23.317400,0000,066568,0.029906,0.0012,0.1729
2026-08-11T14:55:25.459997,0000,066576,0.026836,0.0008,0.1638
2026-08-11T14:55:27.633656,0000,066584,0.014097,0.0000,0.1187
2026-08-11T14:55:30.228763,0000,066592,0.099885,-0.0011,0.3160
2026-08-11T14:55:32.597825,0000,066600,0.034319,-0.0015,0.1853
2026-08-11T14:55:34.660338,0000,066608,0.035855,-0.0016,0.1894
2026-08-11T14:55:36.473048,0000,066616,0.038691,-0.0014,0.1967
2026-08-11T14:55:38.782250,0000,066624,0.019461,-0.0009,0.1395
2026-08-11T14:55:40.646822,0000,066632,0.029857,0.0002,0.1728
2026-08-11T14:55:42.573127,0000,066640,0.035231,0.0006,0.1877
2026-08-11T14:55:44.677079,0000,066648,0.039297,0.0008,0.1982
2026-08-11T14:55:46.725443,0000,066656,0.042919,0.0004,0.2072
2026-08-11T14:55:49.118077,0000,066664,0.026022,-0.0003,0.1613
2026-08-11T14:55:51.417102,0000,066672,0.017964,-0.0006,0.1340
2026-08-11T14:55:53.473861,0000,066680,0.020296,-0.0004,0.1425
2026-08-11T14:55:55.527459,0000,066688,0.011274,0.0003,0.1062
2026-08-11T14:55:57.565761,0000,066696,0.035506,0.0003,0.1884
2026-08-11T14:55:59.518136,0000,066704,0.019305,-0.0002,0.1389
2026-08-11T14:56:01.598444,0000,066712,0.021938,-0.0000,0.1481
2026-08-11T14:56:03.557274,0000,066720,0.029526,0.0006,0.1718
2026-08-11T14:56:05.740200,0000,066728,0.020841,0.0006,0.1444
2026-08-11T14:56:08.127114,0000,066736,0.020741,0.0004,0.1440
2026-08-11T14:56:10.706450,0000,066744,0.062868,-0.0006,0.2507
2026-08-11T14:56:12.911443,0000,066752,0.065540,-0.0008,0.2560
2026-08-11T14:56:15.213590,0000,066760,0.050743,-0.0003,0.2253
2026-08-11T14:56:17.104779,0000,066768,0.212674,-0.0001,0.4612
2026-08-11T14:56:19.765888,0000,066776,0.033733,0.0014,0.1837
2026-08-11T14:56:21.731274,0000,066784,0.028427,0.0013,0.1686
2026-08-11T14:56:23.603226,0000,066792,0.020993,0.0012,0.1449
2026-08-11T14:56:25.546049,0000,066800,0.054038,0.0009,0.2325
2026-08-11T14:56:27.438698,0000,066808,0.024184,0.0001,0.1555
2026-08-11T14:56:29.496167,0000,066816,0.036267,-0.0009,0.1904
2026-08-11T14:56:31.450220,0000,066824,0.031765,-0.0015,0.1782
2026-08-11T14:56:33.232779,0000,066832,0.029577,-0.0014,0.1720
2026-08-11T14:56:35.281996,0000,066840,0.044882,-0.0015,0.2119
2026-08-11T14:56:37.124640,0000,066848,0.014092,-0.0006,0.1187
2026-08-11T14:56:39.024001,0000,066856,0.039153,0.0002,0.1979
2026-08-11T14:56:41.373953,0000,066864,0.085430,0.0007,0.2923
2026-08-11T14:56:43.762512,0000,066872,0.066321,0.0008,0.2575
2026-08-11T14:56:45.677158,0000,066880,0.011600,0.0003,0.1077
2026-08-11T14:56:47.694182,0000,066888,0.055336,-0.0004,0.2352
2026-08-11T14:56:49.961230,0000,066896,0.017775,-0.0005,0.1333
2026-08-11T14:56:52.166776,0000,066904,0.046978,-0.0005,0.2167
2026-08-11T14:56:54.395844,0000,066912,0.016558,0.0001,0.1287
2026-08-11T14:56:56.605817,0000,066920,0.017120,0.0003,0.1308
2026-08-11T14:56:58.727885,0000,066928,0.040724,-0.0002,0.2018
2026-08-11T14:57:01.310309,0000,066936,0.016978,0.0002,0.1303
2026-08-11T14:57:03.423278,0000,066944,0.034466,-0.0002,0.1857
2026-08-11T14:57:06.114052,0000,066952,0.014563,-0.0000,0.1207
2026-08-11T14:57:08.663256,0000,066960,0.032447,0.0007,0.1801
2026-08-11T14:57:11.078713,0000,066968,0.058817,0.0006,0.2425
2026-08-11T14:57:13.074259,0000,066976,0.047278,0.0002,0.2174
2026-08-11T14:57:15.084206,0000,066984,0.035728,-0.0006,0.1890
2026-08-11T14:57:17.044237,0000,066992,0.018335,-0.0007,0.1354
2026-08-11T14:57:19.280489,0000,067000,0.035840,-0.0007,0.1893
2026-08-11T14:57:21.073811,0000,067008,0.015487,0.0000,0.1244
2026-08-11T14:57:23.106293,0000,067016,0.035664,0.0001,0.1888
2026-08-11T14:57:25.048475,0000,067024,0.047636,-0.0002,0.2183
2026-08-11T14:57:26.816000,0000,067032,0.036284,-0.0001,0.1905
2026-08-11T14:57:29.091350,0000,067040,0.023851,0.0006,0.1544
2026-08-11T14:57:31.104569,0000,067048,0.042207,0.0005,0.2054
2026-08-11T14:57:32.869598,0000,067056,0.033166,0.0002,0.1821
2026-08-11T14:57:35.082683,0000,067064,0.066249,-0.0007,0.2574
2026-08-11T14:57:36.873914,0000,067072,0.032101,-0.0007,0.1792
2026-08-11T14:57:39.481870,0000,067080,0.066788,-0.0012,0.2584
2026-08-11T14:57:41.545357,0000,067088,0.020409,0.0001,0.1429
2026-08-11T14:57:43.680766,0000,067096,0.012005,0.0001,0.1096
2026-08-11T14:57:45.963322,0000,067104,0.027872,-0.0001,0.1669
2026-08-11T14:57:48.081215,0000,067112,0.022482,-0.0001,0.1499
2026-08-11T14:57:50.484869,0000,067120,0.037145,0.0007,0.1927
2026-08-11T14:57:52.453300,0000,067128,0.027224,0.0005,0.1650
2026-08-11T14:57:54.728656,0000,067136,0.024940,0.0002,0.1579
2026-08-11T14:57:56.960369,0000,067144,0.017087,-0.0005,0.1307
2026-08-11T14:57:58.734984,0000,067152,0.011784,-0.0006,0.1086
2026-08-11T14:58:00.807502,0000,067160,0.014762,-0.0005,0.1215
2026-08-11T14:58:02.665549,0000,067168,0.027862,0.0002,0.1669
2026-08-11T14:58:04.624846,0000,067176,0.021233,0.0003,0.1457
2026-08-11T14:58:06.639477,0000,067184,0.028340,-0.0002,0.1683
2026-08-11T14:58:08.895215,0000,067192,0.022503,-0.0001,0.1500
2026-08-11T14:58:10.705559,0000,067200,0.016738,0.0005,0.1294
2026-08-11T14:58:12.850664,0000,067208,0.055034,0.0005,0.2346
2026-08-11T14:58:14.751627,0000,067216,0.070493,0.0002,0.2655
2026-08-11T14:58:17.411184,0000,067224,0.088918,-0.0005,0.2982
2026-08-11T14:58:19.621240,0000,067232,0.021223,-0.0006,0.1457
2026-08-11T14:58:21.760643,0000,067240,0.044394,-0.0003,0.2107
2026-08-11T14:58:23.510528,0000,067248,0.019907,0.0001,0.1411
2026-08-11T14:58:25.567468,0000,067256,0.013607,0.0002,0.1166
2026-08-11T14:58:28.048098,0000,067264,0.062234,0.0001,0.2495
2026-08-11T14:58:30.381898,0000,067272,0.015780,-0.0009,0.1256
2026-08-11T14:58:32.257615,0000,067280,0.037601,-0.0010,0.1939
2026-08-11T14:58:34.014113,0000,067288,0.093257,-0.0007,0.3054
2026-08-11T14:58:36.038926,0000,067296,0.015160,-0.0002,0.1231
2026-08-11T14:58:37.748325,0000,067304,0.016642,0.0006,0.1290
2026-08-11T14:58:39.614997,0000,067312,0.094441,0.0010,0.3073
2026-08-11T14:58:41.466154,0000,067320,0.023283,0.0011,0.1526
2026-08-11T14:58:43.435857,0000,067328,0.029408,0.0008,0.1715
2026-08-11T14:58:45.246250,0000,067336,0.032183,-0.0000,0.1794
2026-08-11T14:58:46.949822,0000,067344,0.013561,-0.0002,0.1165
2026-08-11T14:58:48.901330,0000,067352,0.051525,-0.0002,0.2270
2026-08-11T14:58:50.641373,0000,067360,0.038799,0.0004,0.1970
2026-08-11T14:58:52.511515,0000,067368,0.018993,0.0005,0.1378
2026-08-11T14:58:54.456286,0000,067376,0.026480,0.0001,0.1627
2026-08-11T14:58:56.305355,0000,067384,0.014644,-0.0004,0.1210
2026-08-11T14:58:58.132893,0000,067392,0.029146,-0.0006,0.1707
2026-08-11T14:59:00.384532,0000,067400,0.048943,-0.0004,0.2212
2026-08-11T14:59:02.531061,0000,067408,0.025388,-0.0001,0.1593
2026-08-11T14:59:04.341840,0000,067416,0.030910,0.0008,0.1758
2026-08-11T14:59:06.198787,0000,067424,0.031054,0.0013,0.1762
2026-08-11T14:59:08.031556,0000,067432,0.029165,0.0012,0.1708
2026-08-11T14:59:10.226417,0000,067440,0.021902,0.0011,0.1480
2026-08-11T14:59:12.028338,0000,067448,0.055140,0.0001,0.2348
2026-08-11T14:59:13.762453,0000,067456,0.019554,-0.0009,0.1398
2026-08-11T14:59:15.802099,0000,067464,0.043775,-0.0018,0.2092
2026-08-11T14:59:17.711197,0000,067472,0.040681,-0.0015,0.2017
2026-08-11T14:59:19.495165,0000,067480,0.024696,-0.0013,0.1571
2026-08-11T14:59:21.276466,0000,067488,0.044688,-0.0008,0.2114
2026-08-11T14:59:23.123021,0000,067496,0.009225,0.0002,0.0960
2026-08-11T14:59:24.945930,0000,067504,0.025506,0.0006,0.1597
2026-08-11T14:59:26.786756,0000,067512,0.024580,0.0007,0.1568
2026-08-11T14:59:28.678978,0000,067520,0.020417,0.0004,0.1429
2026-08-11T14:59:30.542297,0000,067528,0.074781,-0.0004,0.2735
2026-08-11T14:59:32.347870,0000,067536,0.028648,-0.0005,0.1693
2026-08-11T14:59:34.328994,0000,067544,0.040804,-0.0005,0.2020
2026-08-11T14:59:36.115554,0000,067552,0.031841,-0.0000,0.1784
2026-08-11T14:59:38.233281,0000,067560,0.026219,0.0011,0.1619
2026-08-11T14:59:40.390296,0000,067568,0.037316,0.0016,0.1932
2026-08-11T14:59:42.397348,0000,067576,0.037216,0.0014,0.1929
2026-08-11T14:59:44.156700,0000,067584,0.012161,0.0009,0.1103
2026-08-11T14:59:45.934015,0000,067592,0.026528,0.0001,0.1629
2026-08-11T14:59:48.280229,0000,067600,0.023938,-0.0011,0.1547
2026-08-11T14:59:50.000239,0000,067608,0.020719,-0.0013,0.1439
2026-08-11T14:59:52.019450,0000,067616,0.041127,-0.0018,0.2028
2026-08-11T14:59:53.838384,0000,067624,0.032297,-0.0013,0.1797
2026-08-11T14:59:55.952242,0000,067632,0.022330,-0.0008,0.1494
2026-08-11T14:59:57.783157,0000,067640,0.040965,0.0002,0.2024
2026-08-11T14:59:59.603302,0000,067648,0.254651,0.0005,0.5046
2026-08-11T15:00:01.505421,0000,067656,0.027506,0.0007,0.1659
2026-08-11T15:00:03.499623,0000,067664,0.023638,0.0003,0.1537
2026-08-11T15:00:05.331226,0000,067672,0.020762,-0.0003,0.1441
2026-08-11T15:00:07.781203,0000,067680,0.039419,-0.0008,0.1985
2026-08-11T15:00:09.678834,0000,067688,0.031996,-0.0004,0.1789
2026-08-11T15:00:11.656169,0000,067696,0.023550,0.0000,0.1535
2026-08-11T15:00:13.574829,0000,067704,0.020673,0.0008,0.1438
2026-08-11T15:00:15.352972,0000,067712,0.054565,0.0012,0.2336
2026-08-11T15:00:17.327093,0000,067720,0.047565,0.0013,0.2181
2026-08-11T15:00:19.083252,0000,067728,0.022073,0.0007,0.1486
2026-08-11T15:00:21.052152,0000,067736,0.054690,0.0001,0.2339
2026-08-11T15:00:22.817244,0000,067744,0.022276,-0.0010,0.1493
2026-08-11T15:00:24.752641,0000,067752,0.129030,-0.0018,0.3592
2026-08-11T15:00:26.510196,0000,067760,0.045862,-0.0017,0.2142
2026-08-11T15:00:28.225440,0000,067768,0.046870,-0.0015,0.2165
2026-08-11T15:00:30.085362,0000,067776,0.022069,-0.0009,0.1486
2026-08-11T15:00:31.791792,0000,067784,0.020537,0.0001,0.1433
2026-08-11T15:00:33.503003,0000,067792,0.018540,0.0004,0.1362
2026-08-11T15:00:35.533088,0000,067800,0.048810,0.0004,0.2209
2026-08-11T15:00:37.518047,0000,067808,0.025160,0.0005,0.1586
2026-08-11T15:00:39.236978,0000,067816,0.014585,-0.0006,0.1208
2026-08-11T15:00:40.998012,0000,067824,0.014334,-0.0008,0.1197
2026-08-11T15:00:42.781176,0000,067832,0.066297,-0.0008,0.2575
2026-08-11T15:00:44.752113,0000,067840,1.580395,-0.0012,1.2571
2026-08-11T15:00:46.544127,0000,067848,0.021721,0.0006,0.1474
2026-08-11T15:00:48.658316,0000,067856,0.040249,0.0012,0.2006
2026-08-11T15:00:50.749774,0000,067864,0.049767,0.0012,0.2231
2026-08-11T15:00:52.647013,0000,067872,1.589797,-0.0004,1.2609
2026-08-11T15:00:54.595439,0000,067880,0.031984,0.0005,0.1788
2026-08-11T15:00:56.920800,0000,067888,0.052557,0.0003,0.2293
2026-08-11T15:00:58.739590,0000,067896,0.013852,-0.0003,0.1177
2026-08-11T15:01:00.560004,0000,067904,0.028010,-0.0007,0.1674
2026-08-11T15:01:02.506593,0000,067912,0.078181,-0.0006,0.2796
2026-08-11T15:01:04.371177,0000,067920,0.037085,-0.0001,0.1926
2026-08-11T15:01:06.193214,0000,067928,0.031713,0.0007,0.1781
2026-08-11T15:01:07.910782,0000,067936,0.019417,0.0009,0.1393
2026-08-11T15:01:09.914103,0000,067944,0.227681,0.0011,0.4772
2026-08-11T15:01:11.724325,0000,067952,0.016883,0.0005,0.1299
2026-08-11T15:01:13.744976,0000,067960,0.056242,-0.0002,0.2372
2026-08-11T15:01:15.588115,0000,067968,0.016919,-0.0004,0.1301
2026-08-11T15:01:17.381188,0000,067976,0.024406,-0.0004,0.1562
2026-08-11T15:01:19.215027,0000,067984,0.026752,0.0001,0.1636
2026-08-11T15:01:21.204328,0000,067992,0.040710,0.0002,0.2018
2026-08-11T15:01:23.392564,0000,068000,0.020620,-0.0002,0.1436
2026-08-11T15:01:25.517425,0000,068008,0.032427,-0.0000,0.1801
2026-08-11T15:01:27.343003,0000,068016,0.036772,-0.0003,0.1918
2026-08-11T15:01:29.357602,0000,068024,0.034134,-0.0001,0.1848
2026-08-11T15:01:31.315588,0000,068032,0.051206,0.0007,0.2263
2026-08-11T15:01:33.361829,0000,068040,0.047775,0.0009,0.2186
2026-08-11T15:01:35.104868,0000,068048,0.037549,0.0004,0.1938
2026-08-11T15:01:37.042159,0000,068056,0.022571,-0.0002,0.1502
2026-08-11T15:01:38.975654,0000,068064,0.044495,-0.0003,0.2109
2026-08-11T15:01:41.244064,0000,068072,0.039691,-0.0000,0.1992
2026-08-11T15:01:43.245426,0000,068080,0.012268,0.0005,0.1108
2026-08-11T15:01:45.791302,0000,068088,0.054973,0.0006,0.2345
2026-08-11T15:01:48.186962,0000,068096,0.026506,0.0004,0.1628
2026-08-11T15:01:51.096623,0000,068104,0.053329,-0.0004,0.2309
2026-08-11T15:01:53.157446,0000,068112,0.019942,-0.0004,0.1412
2026-08-11T15:01:55.281140,0000,068120,0.053350,-0.0004,0.2310
2026-08-11T15:01:57.416032,0000,068128,0.014985,0.0004,0.1224
2026-08-11T15:01:59.307478,0000,068136,0.044466,0.0006,0.2109
2026-08-11T15:02:01.324431,0000,068144,0.082950,0.0004,0.2880
2026-08-11T15:02:03.261770,0000,068152,0.044908,-0.0003,0.2119
2026-08-11T15:02:05.201930,0000,068160,0.214473,-0.0005,0.4631
2026-08-11T15:02:07.265973,0000,068168,0.022044,-0.0002,0.1485
2026-08-11T15:02:09.002143,0000,068176,0.023167,0.0005,0.1522
2026-08-11T15:02:10.873892,0000,068184,0.031593,0.0006,0.1777
2026-08-11T15:02:12.788758,0000,068192,0.013168,0.0004,0.1147
2026-08-11T15:02:14.685508,0000,068200,0.028335,-0.0002,0.1683
2026-08-11T15:02:16.589297,0000,068208,0.026308,-0.0005,0.1622
2026-08-11T15:02:18.426879,0000,068216,0.036011,0.0001,0.1898
2026-08-11T15:02:20.510016,0000,068224,0.035040,-0.0003,0.1872
2026-08-11T15:02:22.517383,0000,068232,0.064492,-0.0004,0.2540
2026-08-11T15:02:24.294228,0000,068240,0.038451,0.0005,0.1961
2026-08-11T15:02:26.138286,0000,068248,0.041392,0.0006,0.2035
2026-08-11T15:02:27.866913,0000,068256,0.016510,0.0004,0.1285
2026-08-11T15:02:30.000788,0000,068264,0.016476,-0.0001,0.1284
2026-08-11T15:02:32.088630,0000,068272,0.049779,-0.0006,0.2231
2026-08-11T15:02:33.869517,0000,068280,0.026671,-0.0001,0.1633
2026-08-11T15:02:35.573636,0000,068288,0.023046,0.0005,0.1518
2026-08-11T15:02:37.362225,0000,068296,0.016761,0.0007,0.1295
2026-08-11T15:02:39.571874,0000,068304,0.033690,0.0004,0.1835
2026-08-11T15:02:41.766318,0000,068312,0.018721,-0.0002,0.1368
2026-08-11T15:02:43.692155,0000,068320,0.022825,-0.0003,0.1511
2026-08-11T15:02:46.271848,0000,068328,0.223472,-0.0004,0.4727
2026-08-11T15:02:48.186105,0000,068336,0.027962,0.0006,0.1672
2026-08-11T15:02:50.360422,0000,068344,0.022444,0.0007,0.1498
2026-08-11T15:02:52.480348,0000,068352,0.038249,0.0005,0.1956
2026-08-11T15:02:54.757324,0000,068360,0.020237,-0.0001,0.1423
2026-08-11T15:02:56.865632,0000,068368,0.041072,-0.0003,0.2027
2026-08-11T15:02:58.782703,0000,068376,0.035233,-0.0000,0.1877
2026-08-11T15:03:00.861695,0000,068384,0.033514,0.0005,0.1831
2026-08-11T15:03:02.986870,0000,068392,0.044227,0.0008,0.2103
2026-08-11T15:03:04.714629,0000,068400,0.023069,0.0005,0.1519
2026-08-11T15:03:06.575891,0000,068408,0.029475,-0.0001,0.1717
2026-08-11T15:03:08.533374,0000,068416,0.031271,-0.0003,0.1768
2026-08-11T15:03:10.868537,0000,068424,0.057592,-0.0001,0.2400
2026-08-11T15:03:13.278988,0000,068432,0.086908,0.0005,0.2948
2026-08-11T15:03:15.363678,0000,068440,0.022241,0.0009,0.1491
2026-08-11T15:03:17.218809,0000,068448,0.018585,0.0004,0.1363
2026-08-11T15:03:19.209746,0000,068456,0.019888,-0.0001,0.1410
2026-08-11T15:03:21.223596,0000,068464,0.038452,-0.0004,0.1961
2026-08-11T15:03:22.992634,0000,068472,0.023662,-0.0001,0.1538
2026-08-11T15:03:24.712246,0000,068480,0.018548,0.0006,0.1362
2026-08-11T15:03:26.613694,0000,068488,0.034210,0.0007,0.1850
2026-08-11T15:03:28.491633,0000,068496,0.036837,0.0004,0.1919
2026-08-11T15:03:30.212557,0000,068504,0.030504,-0.0001,0.1747
2026-08-11T15:03:32.196445,0000,068512,0.040613,-0.0002,0.2015
2026-08-11T15:03:33.915467,0000,068520,0.012908,0.0001,0.1136
2026-08-11T15:03:35.784001,0000,068528,0.013384,-0.0001,0.1157
2026-08-11T15:03:37.834484,0000,068536,0.014796,0.0001,0.1216
2026-08-11T15:03:39.802107,0000,068544,0.017650,0.0001,0.1329
2026-08-11T15:03:41.725500,0000,068552,0.021862,-0.0006,0.1479
2026-08-11T15:03:43.542560,0000,068560,0.019468,-0.0007,0.1395
2026-08-11T15:03:45.636759,0000,068568,0.043140,-0.0005,0.2077
2026-08-11T15:03:48.026713,0000,068576,0.020582,0.0002,0.1435
2026-08-11T15:03:50.003392,0000,068584,0.010258,0.0004,0.1013
2026-08-11T15:03:51.741602,0000,068592,0.031209,0.0002,0.1767
2026-08-11T15:03:53.533396,0000,068600,0.016672,-0.0003,0.1291
2026-08-11T15:03:55.389406,0000,068608,0.019142,-0.0005,0.1384
2026-08-11T15:03:57.103696,0000,068616,0.027873,-0.0001,0.1670
2026-08-11T15:03:58.869392,0000,068624,0.018856,0.0004,0.1373
2026-08-11T15:04:00.782866,0000,068632,0.023622,0.0005,0.1537
2026-08-11T15:04:02.587537,0000,068640,0.053966,0.0003,0.2323
2026-08-11T15:04:04.715199,0000,068648,0.046064,-0.0002,0.2146
2026-08-11T15:04:06.694437,0000,068656,0.047914,-0.0004,0.2189
2026-08-11T15:04:08.421147,0000,068664,0.022067,-0.0001,0.1485
2026-08-11T15:04:10.403064,0000,068672,0.034122,0.0006,0.1847
2026-08-11T15:04:12.341833,0000,068680,0.029322,0.0006,0.1712
2026-08-11T15:04:14.302822,0000,068688,0.012532,0.0004,0.1119
2026-08-11T15:04:16.300489,0000,068696,0.013434,-0.0001,0.1159
2026-08-11T15:04:18.517942,0000,068704,0.016983,-0.0001,0.1303
2026-08-11T15:04:20.569971,0000,068712,0.032252,-0.0001,0.1796
2026-08-11T15:04:22.410911,0000,068720,0.036586,0.0006,0.1913
2026-08-11T15:04:24.348709,0000,068728,0.028850,0.0008,0.1699
2026-08-11T15:04:26.447297,0000,068736,0.013432,0.0005,0.1159
2026-08-11T15:04:28.616972,0000,068744,0.034183,0.0000,0.1849
2026-08-11T15:04:30.492393,0000,068752,0.022142,-0.0008,0.1488
2026-08-11T15:04:32.609834,0000,068760,0.035217,-0.0014,0.1877
2026-08-11T15:04:34.540368,0000,068768,0.039205,-0.0014,0.1980
2026-08-11T15:04:36.344914,0000,068776,0.025884,-0.0008,0.1609
2026-08-11T15:04:38.133467,0000,068784,0.030756,-0.0004,0.1754
2026-08-11T15:04:40.423384,0000,068792,0.028939,0.0012,0.1701
2026-08-11T15:04:42.208382,0000,068800,0.040186,0.0011,0.2005
2026-08-11T15:04:44.217298,0000,068808,0.028429,0.0012,0.1686
2026-08-11T15:04:46.211300,0000,068816,0.025255,0.0012,0.1589
2026-08-11T15:04:47.995204,0000,068824,0.032678,0.0003,0.1808
2026-08-11T15:04:49.810582,0000,068832,0.059320,-0.0006,0.2436
2026-08-11T15:04:51.609222,0000,068840,0.028240,-0.0010,0.1680
2026-08-11T15:04:53.417305,0000,068848,0.056575,-0.0011,0.2379
2026-08-11T15:04:55.198476,0000,068856,0.032729,-0.0006,0.1809
2026-08-11T15:04:57.196839,0000,068864,0.014964,0.0000,0.1223
2026-08-11T15:04:59.174380,0000,068872,0.024255,0.0003,0.1557
2026-08-11T15:05:00.959245,0000,068880,0.027407,-0.0000,0.1656
2026-08-11T15:05:02.721352,0000,068888,0.041461,0.0002,0.2036
2026-08-11T15:05:04.548596,0000,068896,0.048951,0.0000,0.2212
2026-08-11T15:05:06.665873,0000,068904,0.029283,-0.0005,0.1711
2026-08-11T15:05:08.728267,0000,068912,0.030076,-0.0006,0.1734
2026-08-11T15:05:10.963494,0000,068920,0.038281,-0.0004,0.1957
2026-08-11T15:05:13.331898,0000,068928,0.045697,0.0004,0.2138
2026-08-11T15:05:15.557231,0000,068936,0.055889,0.0004,0.2364
2026-08-11T15:05:17.922840,0000,068944,0.027910,0.0004,0.1671
2026-08-11T15:05:20.207282,0000,068952,0.011991,-0.0003,0.1095
2026-08-11T15:05:22.157361,0000,068960,0.035695,-0.0006,0.1889
2026-08-11T15:05:24.074314,0000,068968,0.021227,-0.0000,0.1457
2026-08-11T15:05:26.122008,0000,068976,0.032619,-0.0003,0.1806
2026-08-11T15:05:28.065497,0000,068984,1.614773,-0.0009,1.2707
2026-08-11T15:05:29.915137,0000,068992,0.033683,0.0006,0.1835
2026-08-11T15:05:31.955910,0000,069000,0.017990,0.0008,0.1341
2026-08-11T15:05:34.282158,0000,069008,0.031521,0.0008,0.1775
2026-08-11T15:05:36.282702,0000,069016,0.016049,0.0001,0.1267
2026-08-11T15:05:38.213855,0000,069024,0.028336,-0.0008,0.1683
2026-08-11T15:05:40.460307,0000,069032,0.052799,-0.0017,0.2298
2026-08-11T15:05:42.438519,0000,069040,0.055942,-0.0014,0.2365
2026-08-11T15:05:44.365908,0000,069048,0.026989,-0.0009,0.1643
2026-08-11T15:05:46.129358,0000,069056,0.031223,-0.0003,0.1767
2026-08-11T15:05:48.528476,0000,069064,0.031829,0.0008,0.1784
2026-08-11T15:05:50.766436,0000,069072,0.059569,0.0014,0.2441
2026-08-11T15:05:52.742529,0000,069080,0.042880,0.0013,0.2071
2026-08-11T15:05:54.611255,0000,069088,0.031214,0.0010,0.1767
2026-08-11T15:05:56.963847,0000,069096,0.034923,0.0006,0.1869
2026-08-11T15:05:59.085132,0000,069104,0.018540,-0.0005,0.1362
2026-08-11T15:06:01.007311,0000,069112,0.046364,-0.0010,0.2153
2026-08-11T15:06:02.922063,0000,069120,0.029206,-0.0009,0.1709
2026-08-11T15:06:05.180254,0000,069128,0.028877,-0.0007,0.1699
2026-08-11T15:06:07.350221,0000,069136,0.012071,-0.0000,0.1099
2026-08-11T15:06:09.168110,0000,069144,0.019282,0.0009,0.1389
2026-08-11T15:06:11.002131,0000,069152,0.028772,0.0015,0.1696
2026-08-11T15:06:12.915165,0000,069160,0.043619,0.0017,0.2089
2026-08-11T15:06:15.068035,0000,069168,0.036286,0.0014,0.1905
2026-08-11T15:06:16.831812,0000,069176,0.018446,0.0006,0.1358
2026-08-11T15:06:19.200189,0000,069184,0.014191,-0.0003,0.1191
2026-08-11T15:06:21.545188,0000,069192,0.076942,-0.0012,0.2774
2026-08-11T15:06:24.229544,0000,069200,0.032921,-0.0009,0.1814
2026-08-11T15:06:26.452299,0000,069208,0.035611,-0.0006,0.1887
2026-08-11T15:06:28.491991,0000,069216,0.017463,0.0001,0.1321
2026-08-11T15:06:30.444340,0000,069224,0.041140,0.0003,0.2028
2026-08-11T15:06:32.665523,0000,069232,0.107507,0.0001,0.3279
2026-08-11T15:06:34.935283,0000,069240,0.038940,-0.0003,0.1973
2026-08-11T15:06:36.943282,0000,069248,0.028147,-0.0005,0.1678
2026-08-11T15:06:39.026353,0000,069256,0.011328,-0.0002,0.1064
2026-08-11T15:06:40.879809,0000,069264,0.025553,0.0003,0.1599
2026-08-11T15:06:42.676876,0000,069272,0.042602,0.0006,0.2064
2026-08-11T15:06:44.651710,0000,069280,0.044525,0.0004,0.2110
2026-08-11T15:06:46.537555,0000,069288,0.030080,-0.0002,0.1734
2026-08-11T15:06:48.867706,0000,069296,0.015519,-0.0003,0.1246
2026-08-11T15:06:50.790938,0000,069304,0.012746,0.0002,0.1129
2026-08-11T15:06:52.821958,0000,069312,0.024975,-0.0004,0.1580
2026-08-11T15:06:54.820258,0000,069320,0.059613,-0.0002,0.2442
2026-08-11T15:06:57.001306,0000,069328,0.022141,0.0008,0.1488
2026-08-11T15:06:58.876994,0000,069336,0.029391,0.0009,0.1714
2026-08-11T15:07:00.653414,0000,069344,0.031922,0.0005,0.1787
2026-08-11T15:07:02.747982,0000,069352,0.018157,0.0001,0.1347
2026-08-11T15:07:04.511764,0000,069360,0.049736,-0.0009,0.2230
2026-08-11T15:07:06.499279,0000,069368,0.020592,-0.0013,0.1435
2026-08-11T15:07:08.460889,0000,069376,0.032992,-0.0013,0.1816
2026-08-11T15:07:10.669644,0000,069384,0.023379,-0.0010,0.1529
2026-08-11T15:07:12.731053,0000,069392,0.057331,-0.0005,0.2394
2026-08-11T15:07:14.962157,0000,069400,0.028635,0.0008,0.1692
2026-08-11T15:07:16.904739,0000,069408,0.051223,0.0011,0.2263
2026-08-11T15:07:18.712662,0000,069416,0.036965,0.0013,0.1923
2026-08-11T15:07:20.828467,0000,069424,0.049890,0.0012,0.2234
2026-08-11T15:07:22.771089,0000,069432,0.100839,0.0003,0.3176
2026-08-11T15:07:24.750499,0000,069440,0.015600,-0.0004,0.1249
2026-08-11T15:07:26.938642,0000,069448,0.086121,-0.0014,0.2935
2026-08-11T15:07:29.001506,0000,069456,0.022330,-0.0010,0.1494
2026-08-11T15:07:30.936876,0000,069464,0.047857,-0.0007,0.2188
2026-08-11T15:07:33.210831,0000,069472,0.013841,0.0001,0.1176
2026-08-11T15:07:35.362654,0000,069480,0.026543,0.0002,0.1629
2026-08-11T15:07:37.310008,0000,069488,0.012869,0.0000,0.1134
2026-08-11T15:07:39.433503,0000,069496,0.033811,-0.0005,0.1839
2026-08-11T15:07:41.474284,0000,069504,0.044625,-0.0007,0.2112
2026-08-11T15:07:43.410461,0000,069512,0.044521,-0.0003,0.2110
2026-08-11T15:07:45.552673,0000,069520,0.022332,0.0004,0.1494
2026-08-11T15:07:47.520538,0000,069528,0.016945,0.0005,0.1302
2026-08-11T15:07:50.315987,0000,069536,0.047577,0.0006,0.2181
2026-08-11T15:07:52.795762,0000,069544,0.224381,-0.0003,0.4737
2026-08-11T15:07:55.494146,0000,069552,0.012299,-0.0003,0.1109
2026-08-11T15:07:58.149851,0000,069560,0.053474,-0.0004,0.2312
2026-08-11T15:08:00.083278,0000,069568,0.018302,0.0005,0.1353
2026-08-11T15:08:02.173215,0000,069576,0.017937,0.0007,0.1339
2026-08-11T15:08:04.167016,0000,069584,0.030906,0.0005,0.1758
2026-08-11T15:08:06.360228,0000,069592,0.019109,0.0001,0.1382
2026-08-11T15:08:08.466969,0000,069600,0.037710,-0.0011,0.1942
2026-08-11T15:08:10.540689,0000,069608,0.230742,-0.0014,0.4804
2026-08-11T15:08:12.453730,0000,069616,0.054377,-0.0014,0.2332
2026-08-11T15:08:14.469335,0000,069624,0.023359,-0.0009,0.1528
2026-08-11T15:08:16.462982,0000,069632,0.011279,-0.0003,0.1062
2026-08-11T15:08:18.299246,0000,069640,0.023412,0.0007,0.1530
2026-08-11T15:08:20.263223,0000,069648,0.036204,0.0011,0.1903
2026-08-11T15:08:22.226414,0000,069656,0.043573,0.0013,0.2087
2026-08-11T15:08:24.238832,0000,069664,0.020864,0.0011,0.1444
2026-08-11T15:08:26.364502,0000,069672,0.031015,0.0005,0.1761
2026-08-11T15:08:28.178987,0000,069680,0.009800,-0.0004,0.0990
2026-08-11T15:08:29.958909,0000,069688,0.027080,-0.0010,0.1646
2026-08-11T15:08:31.956719,0000,069696,0.043744,-0.0010,0.2092
2026-08-11T15:08:34.504573,0000,069704,0.027960,-0.0007,0.1672
2026-08-11T15:08:36.428547,0000,069712,0.026113,-0.0001,0.1616
2026-08-11T15:08:38.693527,0000,069720,0.027717,0.0010,0.1665
2026-08-11T15:08:40.681611,0000,069728,0.028908,0.0015,0.1700
2026-08-11T15:08:42.461671,0000,069736,0.039948,0.0014,0.1999
2026-08-11T15:08:44.318718,0000,069744,0.036260,0.0012,0.1904
2026-08-11T15:08:46.124196,0000,069752,0.022402,0.0005,0.1497
2026-08-11T15:08:48.330474,0000,069760,0.059133,-0.0005,0.2432
2026-08-11T15:08:50.128707,0000,069768,0.016488,-0.0008,0.1284
2026-08-11T15:08:52.011052,0000,069776,0.021024,-0.0008,0.1450
2026-08-11T15:08:53.968768,0000,069784,0.016415,-0.0006,0.1281
2026-08-11T15:08:55.955338,0000,069792,0.021559,0.0001,0.1468
2026-08-11T15:08:57.793602,0000,069800,0.031834,0.0002,0.1784
2026-08-11T15:08:59.592368,0000,069808,0.035327,0.0002,0.1880
2026-08-11T15:09:01.673537,0000,069816,0.024710,-0.0005,0.1572
2026-08-11T15:09:03.590532,0000,069824,0.027498,-0.0006,0.1658
2026-08-11T15:09:05.448258,0000,069832,0.028404,-0.0002,0.1685
2026-08-11T15:09:07.427162,0000,069840,0.035723,0.0002,0.1890
2026-08-11T15:09:09.346752,0000,069848,0.033272,0.0005,0.1824
2026-08-11T15:09:11.197607,0000,069856,0.117018,0.0002,0.3421
2026-08-11T15:09:13.285536,0000,069864,0.057945,-0.0005,0.2407
2026-08-11T15:09:15.235445,0000,069872,0.029869,-0.0003,0.1728
2026-08-11T15:09:17.066156,0000,069880,0.030320,-0.0001,0.1741
2026-08-11T15:09:19.197386,0000,069888,0.055704,0.0005,0.2360
2026-08-11T15:09:21.045970,0000,069896,0.052215,0.0006,0.2285
2026-08-11T15:09:22.894087,0000,069904,0.023574,0.0005,0.1535
2026-08-11T15:09:24.687273,0000,069912,0.014379,-0.0000,0.1199
2026-08-11T15:09:26.530485,0000,069920,0.044210,-0.0001,0.2103
2026-08-11T15:09:28.305903,0000,069928,0.016622,0.0001,0.1289
2026-08-11T15:09:30.150050,0000,069936,0.025763,-0.0001,0.1605
2026-08-11T15:09:32.014807,0000,069944,0.016470,0.0002,0.1283
2026-08-11T15:09:33.834826,0000,069952,0.024461,-0.0000,0.1564
2026-08-11T15:09:35.627444,0000,069960,0.019750,0.0001,0.1405
2026-08-11T15:09:37.423320,0000,069968,0.037207,0.0000,0.1929
2026-08-11T15:09:39.475812,0000,069976,0.098316,-0.0006,0.3136
2026-08-11T15:09:41.247860,0000,069984,0.008615,-0.0005,0.0928
2026-08-11T15:09:43.364084,0000,069992,0.041751,-0.0003,0.2043
2026-08-11T15:09:45.215109,0000,070000,0.024059,0.0004,0.1551
2026-08-11T15:09:47.125000,0000,070008,0.019159,0.0006,0.1384
2026-08-11T15:09:48.943753,0000,070016,0.028344,0.0003,0.1684
2026-08-11T15:09:50.902166,0000,070024,0.074889,-0.0003,0.2737
2026-08-11T15:09:52.658737,0000,070032,0.008612,-0.0003,0.0928
2026-08-11T15:09:54.508696,0000,070040,0.012597,0.0000,0.1122
2026-08-11T15:09:56.295155,0000,070048,0.019308,-0.0002,0.1390
2026-08-11T15:09:58.126557,0000,070056,0.023244,0.0000,0.1525
2026-08-11T15:09:59.949266,0000,070064,0.022546,-0.0000,0.1502
2026-08-11T15:10:01.797905,0000,070072,0.020527,0.0001,0.1433
2026-08-11T15:10:03.830388,0000,070080,0.012456,0.0000,0.1116
2026-08-11T15:10:05.620438,0000,070088,0.019885,-0.0005,0.1410
2026-08-11T15:10:07.668077,0000,070096,0.052949,-0.0008,0.2301
2026-08-11T15:10:09.819289,0000,070104,0.049775,-0.0002,0.2231
2026-08-11T15:10:11.708804,0000,070112,0.026804,-0.0003,0.1637
2026-08-11T15:10:13.755231,0000,070120,0.226426,-0.0003,0.4758
2026-08-11T15:10:15.794653,0000,070128,0.028825,0.0006,0.1698
2026-08-11T15:10:17.851388,0000,070136,0.040441,0.0006,0.2011
2026-08-11T15:10:19.885422,0000,070144,0.020225,0.0005,0.1422
2026-08-11T15:10:21.807162,0000,070152,0.022650,0.0001,0.1505
2026-08-11T15:10:23.677720,0000,070160,0.024895,-0.0008,0.1578
2026-08-11T15:10:25.550097,0000,070168,0.039945,-0.0012,0.1999
2026-08-11T15:10:27.438310,0000,070176,0.047316,-0.0012,0.2175
2026-08-11T15:10:29.297545,0000,070184,0.028767,-0.0009,0.1696
2026-08-11T15:10:31.134227,0000,070192,0.019838,-0.0002,0.1408
2026-08-11T15:10:32.989380,0000,070200,0.029389,0.0007,0.1714
2026-08-11T15:10:34.803839,0000,070208,0.034790,0.0013,0.1865
2026-08-11T15:10:36.604403,0000,070216,0.046380,0.0013,0.2154
2026-08-11T15:10:38.550426,0000,070224,0.032773,0.0013,0.1810
2026-08-11T15:10:40.670773,0000,070232,0.023505,0.0006,0.1533
2026-08-11T15:10:42.974407,0000,070240,0.049610,-0.0004,0.2227
2026-08-11T15:10:45.239405,0000,070248,0.026445,-0.0008,0.1626
2026-08-11T15:10:47.371617,0000,070256,0.059784,-0.0010,0.2445
2026-08-11T15:10:49.701446,0000,070264,0.219418,-0.0007,0.4684
2026-08-11T15:10:51.800407,0000,070272,0.033780,0.0002,0.1838
2026-08-11T15:10:54.014144,0000,070280,0.227805,0.0003,0.4773
2026-08-11T15:10:56.512002,0000,070288,0.035033,0.0003,0.1872
2026-08-11T15:10:59.529177,0000,070296,0.025424,-0.0004,0.1594
2026-08-11T15:11:01.891256,0000,070304,0.020342,-0.0003,0.1426
2026-08-11T15:11:04.605357,0000,070312,0.033157,-0.0001,0.1821
2026-08-11T15:11:06.871620,0000,070320,0.032960,0.0006,0.1815
2026-08-11T15:11:09.074020,0000,070328,0.014527,0.0008,0.1205
2026-08-11T15:11:10.836928,0000,070336,0.023085,0.0006,0.1519
2026-08-11T15:11:12.726040,0000,070344,0.011906,0.0001,0.1091
2026-08-11T15:11:14.975696,0000,070352,0.136353,-0.0013,0.3693
2026-08-11T15:11:16.960514,0000,070360,0.039035,-0.0013,0.1976
2026-08-11T15:11:18.894627,0000,070368,0.041193,-0.0012,0.2030
2026-08-11T15:11:20.899360,0000,070376,0.066978,-0.0011,0.2588
2026-08-11T15:11:22.788761,0000,070384,0.018001,-0.0001,0.1342
2026-08-11T15:11:24.662760,0000,070392,0.034871,0.0007,0.1867
2026-08-11T15:11:26.537105,0000,070400,0.030826,0.0014,0.1756
2026-08-11T15:11:28.330137,0000,070408,0.026411,0.0014,0.1625
2026-08-11T15:11:30.057714,0000,070416,0.021234,0.0012,0.1457
2026-08-11T15:11:31.821118,0000,070424,0.015552,0.0005,0.1247
2026-08-11T15:11:33.570845,0000,070432,0.023156,-0.0003,0.1522
2026-08-11T15:11:35.289636,0000,070440,0.029335,-0.0008,0.1713
2026-08-11T15:11:37.192040,0000,070448,0.026605,-0.0008,0.1631
2026-08-11T15:11:38.890168,0000,070456,0.013566,-0.0004,0.1165
2026-08-11T15:11:41.251447,0000,070464,0.035598,0.0003,0.1887
2026-08-11T15:11:43.285960,0000,070472,0.018426,0.0003,0.1357
2026-08-11T15:11:45.007637,0000,070480,0.020877,0.0003,0.1445
2026-08-11T15:11:46.786533,0000,070488,0.019910,-0.0001,0.1411
2026-08-11T15:11:48.587918,0000,070496,0.018845,-0.0004,0.1373
2026-08-11T15:11:50.400483,0000,070504,0.018501,-0.0000,0.1360
2026-08-11T15:11:52.279615,0000,070512,0.029670,0.0006,0.1722
2026-08-11T15:11:54.226492,0000,070520,0.058631,0.0006,0.2421
2026-08-11T15:11:56.128841,0000,070528,0.026290,0.0005,0.1621
2026-08-11T15:11:58.362023,0000,070536,0.048275,-0.0001,0.2197
2026-08-11T15:12:00.327354,0000,070544,0.026254,-0.0001,0.1620
2026-08-11T15:12:02.304501,0000,070552,0.025199,0.0001,0.1587
2026-08-11T15:12:04.096466,0000,070560,0.027933,-0.0000,0.1671
2026-08-11T15:12:06.078477,0000,070568,0.018710,0.0003,0.1368
2026-08-11T15:12:08.148424,0000,070576,0.040846,-0.0001,0.2021
2026-08-11T15:12:10.193878,0000,070584,0.032794,0.0002,0.1811
2026-08-11T15:12:12.273322,0000,070592,0.060532,0.0001,0.2460
2026-08-11T15:12:14.186323,0000,070600,0.022361,-0.0005,0.1495
2026-08-11T15:12:16.382616,0000,070608,0.072508,-0.0008,0.2693
2026-08-11T15:12:18.374746,0000,070616,0.010313,0.0001,0.1016
2026-08-11T15:12:20.354425,0000,070624,0.012014,-0.0002,0.1096
2026-08-11T15:12:22.233351,0000,070632,0.068746,-0.0002,0.2622
2026-08-11T15:12:24.255133,0000,070640,0.016250,0.0007,0.1275
2026-08-11T15:12:26.057346,0000,070648,0.013266,0.0009,0.1152
2026-08-11T15:12:27.878224,0000,070656,0.042958,0.0006,0.2073
2026-08-11T15:12:29.942342,0000,070664,0.024373,0.0001,0.1561
2026-08-11T15:12:31.806223,0000,070672,0.053040,-0.0008,0.2303
2026-08-11T15:12:33.875181,0000,070680,0.043935,-0.0011,0.2096
2026-08-11T15:12:36.103406,0000,070688,0.044608,-0.0007,0.2112
2026-08-11T15:12:38.102008,0000,070696,0.046299,-0.0005,0.2152
2026-08-11T15:12:40.133220,0000,070704,0.034748,0.0003,0.1864
2026-08-11T15:12:42.156597,0000,070712,0.046961,0.0007,0.2167
2026-08-11T15:12:43.988309,0000,070720,0.015738,0.0006,0.1254
2026-08-11T15:12:45.832807,0000,070728,0.037224,0.0001,0.1929
2026-08-11T15:12:47.594051,0000,070736,0.015659,-0.0006,0.1251
2026-08-11T15:12:49.520345,0000,070744,0.058387,-0.0011,0.2416
2026-08-11T15:12:51.294493,0000,070752,0.030108,-0.0007,0.1735
2026-08-11T15:12:53.189166,0000,070760,0.070014,-0.0005,0.2646
2026-08-11T15:12:55.003260,0000,070768,0.028812,0.0005,0.1697
2026-08-11T15:12:56.783222,0000,070776,0.020103,0.0007,0.1418
2026-08-11T15:12:58.783953,0000,070784,0.016802,0.0008,0.1296
2026-08-11T15:13:00.692671,0000,070792,0.223206,0.0000,0.4724
2026-08-11T15:13:02.516145,0000,070800,0.036873,-0.0005,0.1920
2026-08-11T15:13:04.298831,0000,070808,0.028135,-0.0009,0.1677
2026-08-11T15:13:06.084085,0000,070816,0.020819,-0.0007,0.1443
2026-08-11T15:13:07.869912,0000,070824,0.054358,-0.0003,0.2331
2026-08-11T15:13:09.621916,0000,070832,0.043995,0.0003,0.2098
2026-08-11T15:13:11.398582,0000,070840,0.030606,0.0007,0.1749
2026-08-11T15:13:13.420868,0000,070848,0.044496,0.0007,0.2109
2026-08-11T15:13:15.279090,0000,070856,0.046849,0.0002,0.2164
2026-08-11T15:13:17.265265,0000,070864,0.020862,-0.0003,0.1444
2026-08-11T15:13:19.175174,0000,070872,0.035046,-0.0007,0.1872
2026-08-11T15:13:21.110832,0000,070880,0.023384,-0.0007,0.1529
2026-08-11T15:13:22.831171,0000,070888,0.022897,-0.0003,0.1513
2026-08-11T15:13:24.636002,0000,070896,0.032638,0.0004,0.1807
2026-08-11T15:13:26.442042,0000,070904,0.214123,0.0007,0.4627
2026-08-11T15:13:28.593936,0000,070912,0.048259,0.0009,0.2197
2026-08-11T15:13:30.359914,0000,070920,0.026323,0.0001,0.1622
2026-08-11T15:13:32.183910,0000,070928,0.018820,-0.0004,0.1372
2026-08-11T15:13:34.403070,0000,070936,0.021932,-0.0007,0.1481
2026-08-11T15:13:36.630548,0000,070944,0.089703,-0.0006,0.2995
2026-08-11T15:13:38.694893,0000,070952,0.041891,-0.0003,0.2047
2026-08-11T15:13:40.523555,0000,070960,0.031820,0.0005,0.1784
2026-08-11T15:13:42.373278,0000,070968,0.025785,0.0008,0.1606
2026-08-11T15:13:44.158263,0000,070976,0.086024,0.0006,0.2933
2026-08-11T15:13:45.950614,0000,070984,0.028652,0.0002,0.1693
2026-08-11T15:13:47.908277,0000,070992,0.013320,-0.0005,0.1154
2026-08-11T15:13:49.767524,0000,071000,0.032099,-0.0008,0.1792
2026-08-11T15:13:51.558907,0000,071008,0.021323,-0.0007,0.1460
2026-08-11T15:13:53.584908,0000,071016,0.008006,-0.0001,0.0895
2026-08-11T15:13:55.383407,0000,071024,0.034395,0.0004,0.1855
2026-08-11T15:13:57.168813,0000,071032,0.035497,0.0009,0.1884
2026-08-11T15:13:59.123423,0000,071040,0.033031,0.0009,0.1817
2026-08-11T15:14:01.104183,0000,071048,0.051956,0.0003,0.2279
2026-08-11T15:14:02.868137,0000,071056,0.014737,-0.0005,0.1214
2026-08-11T15:14:04.722707,0000,071064,0.015159,-0.0007,0.1231
2026-08-11T15:14:06.530242,0000,071072,0.038040,-0.0008,0.1950
2026-08-11T15:14:08.314442,0000,071080,0.019504,-0.0003,0.1397
2026-08-11T15:14:10.268403,0000,071088,0.042537,0.0005,0.2062
2026-08-11T15:14:12.363457,0000,071096,0.019145,0.0009,0.1384
2026-08-11T15:14:14.367427,0000,071104,0.037197,0.0007,0.1929
2026-08-11T15:14:16.206421,0000,071112,0.012791,0.0004,0.1131
2026-08-11T15:14:17.994416,0000,071120,0.012474,-0.0005,0.1117
2026-08-11T15:14:19.798853,0000,071128,0.022846,-0.0008,0.1511
2026-08-11T15:14:21.912114,0000,071136,0.021636,-0.0007,0.1471
2026-08-11T15:14:23.746776,0000,071144,1.575506,-0.0012,1.2552
2026-08-11T15:14:25.590093,0000,071152,0.015758,0.0004,0.1255
2026-08-11T15:14:27.495763,0000,071160,0.231400,0.0007,0.4810
2026-08-11T15:14:29.287663,0000,071168,0.038956,0.0007,0.1974
2026-08-11T15:14:31.164862,0000,071176,0.066123,-0.0000,0.2571
2026-08-11T15:14:33.099721,0000,071184,0.060092,0.0001,0.2451
2026-08-11T15:14:34.894060,0000,071192,0.024937,-0.0001,0.1579
2026-08-11T15:14:36.669938,0000,071200,0.011445,-0.0000,0.1070
2026-08-11T15:14:38.493363,0000,071208,0.025996,0.0002,0.1612
2026-08-11T15:14:40.667826,0000,071216,0.046056,-0.0000,0.2146
2026-08-11T15:14:42.998485,0000,071224,0.024601,0.0008,0.1568
2026-08-11T15:14:45.326824,0000,071232,0.030999,0.0006,0.1761
2026-08-11T15:14:47.274384,0000,071240,0.014864,0.0001,0.1219
2026-08-11T15:14:49.475400,0000,071248,0.021544,-0.0007,0.1468
2026-08-11T15:14:51.837131,0000,071256,0.046751,-0.0009,0.2162
2026-08-11T15:14:54.238826,0000,071264,0.073053,-0.0014,0.2703
2026-08-11T15:14:56.144797,0000,071272,0.031384,-0.0005,0.1772
2026-08-11T15:14:58.070387,0000,071280,0.038156,0.0004,0.1953
2026-08-11T15:14:59.972441,0000,071288,0.021836,0.0007,0.1478
2026-08-11T15:15:02.007216,0000,071296,0.059686,0.0006,0.2443
2026-08-11T15:15:03.929215,0000,071304,0.045152,0.0002,0.2125
2026-08-11T15:15:05.651009,0000,071312,0.013590,-0.0006,0.1166
2026-08-11T15:15:07.496825,0000,071320,0.036670,-0.0008,0.1915
2026-08-11T15:15:09.446719,0000,071328,0.014053,-0.0008,0.1185
2026-08-11T15:15:11.656075,0000,071336,0.019693,-0.0003,0.1403
2026-08-11T15:15:13.579340,0000,071344,0.020193,0.0005,0.1421
2026-08-11T15:15:15.463318,0000,071352,0.101822,0.0008,0.3191
2026-08-11T15:15:17.312971,0000,071360,0.015860,0.0006,0.1259
2026-08-11T15:15:19.397137,0000,071368,0.053206,0.0001,0.2307
2026-08-11T15:15:21.666411,0000,071376,0.026766,-0.0005,0.1636
2026-08-11T15:15:23.657025,0000,071384,0.044492,-0.0009,0.2109
2026-08-11T15:15:25.473172,0000,071392,0.027566,-0.0008,0.1660
2026-08-11T15:15:27.959702,0000,071400,0.032218,-0.0002,0.1795
2026-08-11T15:15:29.940578,0000,071408,0.022742,0.0003,0.1508
2026-08-11T15:15:31.641751,0000,071416,0.015593,0.0006,0.1249
2026-08-11T15:15:33.357704,0000,071424,0.023464,0.0004,0.1532
2026-08-11T15:15:35.436717,0000,071432,0.039183,0.0004,0.1979
2026-08-11T15:15:37.292445,0000,071440,0.030382,-0.0005,0.1743
2026-08-11T15:15:39.311594,0000,071448,0.040199,-0.0010,0.2005
2026-08-11T15:15:41.659728,0000,071456,0.030315,-0.0004,0.1741
2026-08-11T15:15:43.449916,0000,071464,0.026151,-0.0004,0.1617
2026-08-11T15:15:45.277603,0000,071472,0.015079,0.0005,0.1228
2026-08-11T15:15:47.102835,0000,071480,0.094942,0.0008,0.3081
2026-08-11T15:15:48.978825,0000,071488,0.024051,0.0006,0.1551
2026-08-11T15:15:50.826529,0000,071496,0.021677,0.0004,0.1472
2026-08-11T15:15:53.012415,0000,071504,0.022309,-0.0004,0.1494
2026-08-11T15:15:54.947159,0000,071512,0.044496,-0.0008,0.2109
2026-08-11T15:15:56.810542,0000,071520,0.035594,-0.0007,0.1887
2026-08-11T15:15:58.594701,0000,071528,0.029735,-0.0004,0.1724
2026-08-11T15:16:00.463909,0000,071536,0.026782,0.0005,0.1637
2026-08-11T15:16:02.297635,0000,071544,0.061335,0.0008,0.2477
2026-08-11T15:16:04.372497,0000,071552,0.025243,0.0010,0.1589
2026-08-11T15:16:06.340586,0000,071560,0.062722,0.0001,0.2504
2026-08-11T15:16:08.177389,0000,071568,0.038106,-0.0004,0.1952
2026-08-11T15:16:10.286244,0000,071576,0.037331,-0.0009,0.1932
2026-08-11T15:16:12.387162,0000,071584,0.068288,-0.0009,0.2613
2026-08-11T15:16:14.185214,0000,071592,0.081866,-0.0004,0.2861
2026-08-11T15:16:16.080039,0000,071600,0.047191,0.0005,0.2172
2026-08-11T15:16:17.867428,0000,071608,0.098548,0.0006,0.3139
2026-08-11T15:16:19.653154,0000,071616,0.075786,0.0005,0.2753
2026-08-11T15:16:21.537534,0000,071624,1.618848,-0.0009,1.2723
2026-08-11T15:16:23.391669,0000,071632,0.024267,0.0001,0.1558
2026-08-11T15:16:25.618963,0000,071640,0.035366,-0.0001,0.1881
2026-08-11T15:16:27.529399,0000,071648,0.039717,-0.0002,0.1993
2026-08-11T15:16:29.379332,0000,071656,0.042317,0.0001,0.2057
2026-08-11T15:16:31.161534,0000,071664,0.024499,0.0001,0.1565
2026-08-11T15:16:33.355785,0000,071672,0.088469,-0.0003,0.2974
2026-08-11T15:16:35.607098,0000,071680,0.021335,0.0004,0.1461
2026-08-11T15:16:37.608688,0000,071688,0.036455,-0.0006,0.1909
2026-08-11T15:16:39.677810,0000,071696,0.045999,-0.0006,0.2145
2026-08-11T15:16:41.512988,0000,071704,0.018873,-0.0001,0.1374
2026-08-11T15:16:43.528262,0000,071712,0.015647,0.0008,0.1251
2026-08-11T15:16:45.292093,0000,071720,0.036891,0.0009,0.1921
2026-08-11T15:16:47.086017,0000,071728,0.024507,0.0006,0.1565
2026-08-11T15:16:48.888022,0000,071736,0.017713,0.0004,0.1331
2026-08-11T15:16:50.915928,0000,071744,0.021387,-0.0003,0.1462
2026-08-11T15:16:52.704871,0000,071752,0.021432,-0.0007,0.1464
2026-08-11T15:16:54.491375,0000,071760,0.042087,-0.0007,0.2052
2026-08-11T15:16:56.603220,0000,071768,0.026566,0.0001,0.1630
2026-08-11T15:16:58.346780,0000,071776,0.011427,-0.0001,0.1069
2026-08-11T15:17:00.467280,0000,071784,0.040923,0.0002,0.2023
2026-08-11T15:17:02.428020,0000,071792,0.014510,0.0003,0.1205
2026-08-11T15:17:04.183618,0000,071800,1.584750,-0.0012,1.2589
2026-08-11T15:17:06.123936,0000,071808,0.036388,-0.0002,0.1908
2026-08-11T15:17:08.303805,0000,071816,0.018782,0.0003,0.1370
2026-08-11T15:17:10.074954,0000,071824,0.015011,0.0001,0.1225
2026-08-11T15:17:11.824924,0000,071832,0.026519,-0.0003,0.1628
2026-08-11T15:17:14.018170,0000,071840,0.058180,-0.0003,0.2412
2026-08-11T15:17:16.349478,0000,071848,0.042508,0.0000,0.2062
2026-08-11T15:17:19.132322,0000,071856,0.026296,0.0005,0.1622
2026-08-11T15:17:21.563885,0000,071864,0.014971,-0.0002,0.1224
2026-08-11T15:17:23.578873,0000,071872,0.014736,-0.0002,0.1214
2026-08-11T15:17:25.821972,0000,071880,0.035640,0.0005,0.1888
2026-08-11T15:17:27.722966,0000,071888,0.044508,0.0000,0.2110
2026-08-11T15:17:29.579082,0000,071896,0.048241,0.0003,0.2196
2026-08-11T15:17:31.360547,0000,071904,0.044171,0.0005,0.2102
2026-08-11T15:17:33.113087,0000,071912,0.036939,-0.0000,0.1922
2026-08-11T15:17:34.907021,0000,071920,0.033295,-0.0000,0.1825
2026-08-11T15:17:36.733308,0000,071928,0.039185,0.0003,0.1980
2026-08-11T15:17:38.504504,0000,071936,0.049290,0.0002,0.2220
2026-08-11T15:17:40.541906,0000,071944,0.042370,-0.0001,0.2058
2026-08-11T15:17:42.731143,0000,071952,0.040161,-0.0001,0.2004
2026-08-11T15:17:44.834142,0000,071960,0.036381,0.0003,0.1907
2026-08-11T15:17:46.936913,0000,071968,0.025239,0.0003,0.1589
2026-08-11T15:17:48.847646,0000,071976,0.020862,-0.0002,0.1444
2026-08-11T15:17:50.818857,0000,071984,0.017001,-0.0002,0.1304
2026-08-11T15:17:52.990365,0000,071992,0.036051,0.0004,0.1899
2026-08-11T15:17:54.954118,0000,072000,0.036814,0.0003,0.1919
2026-08-11T15:17:57.279216,0000,072008,0.044475,-0.0001,0.2109
2026-08-11T15:17:59.407707,0000,072016,0.024022,-0.0001,0.1550
2026-08-11T15:18:01.419856,0000,072024,0.020599,0.0002,0.1435
2026-08-11T15:18:03.338149,0000,072032,0.026393,0.0002,0.1625
2026-08-11T15:18:05.150494,0000,072040,0.015090,-0.0001,0.1228
2026-08-11T15:18:06.972408,0000,072048,0.080116,-0.0003,0.2830
2026-08-11T15:18:08.824437,0000,072056,0.015215,0.0002,0.1234
2026-08-11T15:18:10.661325,0000,072064,0.038449,0.0002,0.1961
2026-08-11T15:18:12.500906,0000,072072,0.017384,-0.0003,0.1318
2026-08-11T15:18:14.326684,0000,072080,0.020188,-0.0002,0.1421
2026-08-11T15:18:16.112746,0000,072088,0.019133,0.0001,0.1383
2026-08-11T15:18:18.099314,0000,072096,0.033968,0.0001,0.1843
2026-08-11T15:18:19.875620,0000,072104,0.026250,-0.0003,0.1620
2026-08-11T15:18:21.619212,0000,072112,0.015053,-0.0002,0.1227
2026-08-11T15:18:23.625458,0000,072120,0.045296,0.0000,0.2128
2026-08-11T15:18:25.702802,0000,072128,0.016492,0.0009,0.1284
2026-08-11T15:18:27.582856,0000,072136,0.039748,0.0011,0.1994
2026-08-11T15:18:29.899320,0000,072144,0.021436,0.0012,0.1464
2026-08-11T15:18:32.009556,0000,072152,0.029827,0.0006,0.1727
2026-08-11T15:18:33.997038,0000,072160,0.032868,-0.0003,0.1813
2026-08-11T15:18:36.074505,0000,072168,0.036317,-0.0006,0.1906
2026-08-11T15:18:37.873409,0000,072176,0.040387,-0.0005,0.2010
2026-08-11T15:18:39.641354,0000,072184,0.016973,-0.0002,0.1303
2026-08-11T15:18:41.802008,0000,072192,0.027632,0.0009,0.1662
2026-08-11T15:18:43.817742,0000,072200,0.050456,0.0011,0.2246
2026-08-11T15:18:45.614285,0000,072208,0.013151,0.0008,0.1147
2026-08-11T15:18:47.397355,0000,072216,0.030314,0.0004,0.1741
2026-08-11T15:18:49.237592,0000,072224,0.100262,-0.0004,0.3166
2026-08-11T15:18:51.063505,0000,072232,0.032509,-0.0007,0.1803
2026-08-11T15:18:53.037705,0000,072240,0.041554,-0.0007,0.2038
2026-08-11T15:18:55.250156,0000,072248,0.026624,-0.0003,0.1632
2026-08-11T15:18:57.466581,0000,072256,0.018971,0.0005,0.1377
2026-08-11T15:18:59.516500,0000,072264,0.026642,0.0007,0.1632
2026-08-11T15:19:01.683329,0000,072272,0.023577,0.0006,0.1535
2026-08-11T15:19:03.824375,0000,072280,0.026069,0.0003,0.1615
2026-08-11T15:19:05.704242,0000,072288,0.017063,-0.0004,0.1306
2026-08-11T15:19:07.667488,0000,072296,0.022966,-0.0008,0.1515
2026-08-11T15:19:09.815548,0000,072304,0.046137,-0.0007,0.2148
2026-08-11T15:19:11.802720,0000,072312,0.016555,-0.0003,0.1287
2026-08-11T15:19:13.576458,0000,072320,0.055683,0.0003,0.2360
2026-08-11T15:19:15.501179,0000,072328,0.042443,0.0007,0.2060
2026-08-11T15:19:17.552663,0000,072336,0.015299,0.0007,0.1237
2026-08-11T15:19:19.766502,0000,072344,0.043403,0.0002,0.2083
2026-08-11T15:19:21.676551,0000,072352,0.018102,-0.0005,0.1345
2026-08-11T15:19:23.537354,0000,072360,0.099054,-0.0009,0.3147
2026-08-11T15:19:25.625720,0000,072368,0.022876,-0.0006,0.1512
2026-08-11T15:19:27.555876,0000,072376,0.012629,-0.0003,0.1124
2026-08-11T15:19:29.561146,0000,072384,0.028183,0.0004,0.1679
2026-08-11T15:19:31.331908,0000,072392,0.032125,0.0006,0.1792
2026-08-11T15:19:33.066937,0000,072400,0.015708,0.0007,0.1253
2026-08-11T15:19:35.344022,0000,072408,0.073714,0.0001,0.2715
2026-08-11T15:19:37.134322,0000,072416,0.027623,-0.0006,0.1662
2026-08-11T15:19:39.077787,0000,072424,0.065601,-0.0010,0.2561
2026-08-11T15:19:41.526033,0000,072432,0.027100,-0.0007,0.1646
2026-08-11T15:19:43.508132,0000,072440,0.029469,-0.0004,0.1717
2026-08-11T15:19:45.223064,0000,072448,0.027596,0.0003,0.1661
2026-08-11T15:19:46.992303,0000,072456,0.020606,0.0007,0.1435
2026-08-11T15:19:48.822544,0000,072464,0.020577,0.0006,0.1434
2026-08-11T15:19:50.672042,0000,072472,0.035478,0.0003,0.1884
2026-08-11T15:19:52.558632,0000,072480,0.015799,-0.0004,0.1257
2026-08-11T15:19:54.645827,0000,072488,0.068863,-0.0011,0.2624
2026-08-11T15:19:56.642745,0000,072496,0.068672,-0.0008,0.2621
2026-08-11T15:19:58.390260,0000,072504,0.015136,-0.0003,0.1230
2026-08-11T15:20:00.241410,0000,072512,0.059919,0.0005,0.2448
2026-08-11T15:20:02.037083,0000,072520,0.024571,0.0006,0.1568
2026-08-11T15:20:03.895532,0000,072528,0.033473,0.0007,0.1830
2026-08-11T15:20:05.817961,0000,072536,0.019405,0.0004,0.1393
2026-08-11T15:20:07.533131,0000,072544,0.029170,-0.0005,0.1708
2026-08-11T15:20:09.318305,0000,072552,0.023499,-0.0007,0.1533
2026-08-11T15:20:11.157979,0000,072560,0.021477,-0.0008,0.1466
2026-08-11T15:20:13.134943,0000,072568,0.063439,-0.0003,0.2519
2026-08-11T15:20:15.230995,0000,072576,0.059173,0.0005,0.2433
2026-08-11T15:20:17.023956,0000,072584,0.020751,0.0008,0.1441
2026-08-11T15:20:18.794707,0000,072592,0.040000,0.0007,0.2000
2026-08-11T15:20:20.722074,0000,072600,0.023229,0.0003,0.1524
2026-08-11T15:20:22.813104,0000,072608,0.090296,-0.0006,0.3005
2026-08-11T15:20:24.653823,0000,072616,0.034027,-0.0008,0.1845
2026-08-11T15:20:26.432800,0000,072624,0.015904,-0.0007,0.1261
2026-08-11T15:20:28.305519,0000,072632,0.060105,-0.0005,0.2452
2026-08-11T15:20:30.153072,0000,072640,0.040401,0.0005,0.2010
2026-08-11T15:20:31.997408,0000,072648,0.025727,0.0007,0.1604
2026-08-11T15:20:33.861835,0000,072656,0.062430,0.0006,0.2499
2026-08-11T15:20:35.770239,0000,072664,0.052607,0.0002,0.2294
2026-08-11T15:20:37.816302,0000,072672,0.027066,-0.0005,0.1645
2026-08-11T15:20:39.623068,0000,072680,0.016653,-0.0007,0.1290
2026-08-11T15:20:41.422327,0000,072688,0.034933,-0.0007,0.1869
2026-08-11T15:20:43.203360,0000,072696,0.057892,-0.0004,0.2406
2026-08-11T15:20:45.286823,0000,072704,0.023792,0.0003,0.1542
2026-08-11T15:20:47.240182,0000,072712,0.031791,0.0008,0.1783
2026-08-11T15:20:49.429198,0000,072720,0.053460,0.0009,0.2312
2026-08-11T15:20:51.164472,0000,072728,0.018682,0.0002,0.1367
2026-08-11T15:20:52.981958,0000,072736,0.031105,-0.0005,0.1764
2026-08-11T15:20:54.786729,0000,072744,0.045783,-0.0009,0.2140
2026-08-11T15:20:56.723031,0000,072752,0.021232,-0.0007,0.1457
2026-08-11T15:20:58.793823,0000,072760,0.037713,-0.0003,0.1942
2026-08-11T15:21:01.354786,0000,072768,0.013212,0.0008,0.1149
2026-08-11T15:21:03.272784,0000,072776,0.040611,0.0006,0.2015
2026-08-11T15:21:05.409455,0000,072784,0.046052,0.0008,0.2146
2026-08-11T15:21:07.451681,0000,072792,0.037560,0.0003,0.1938
2026-08-11T15:21:09.455641,0000,072800,0.016464,-0.0004,0.1283
2026-08-11T15:21:11.418372,0000,072808,0.029951,-0.0007,0.1731
2026-08-11T15:21:13.693401,0000,072816,0.027312,-0.0006,0.1653
2026-08-11T15:21:15.664393,0000,072824,0.018869,-0.0003,0.1374
2026-08-11T15:21:17.433795,0000,072832,0.021145,0.0003,0.1454
2026-08-11T15:21:19.416711,0000,072840,0.023702,0.0008,0.1540
2026-08-11T15:21:21.656478,0000,072848,0.046174,0.0007,0.2149
2026-08-11T15:21:23.515484,0000,072856,0.018630,0.0002,0.1365
2026-08-11T15:21:25.585995,0000,072864,0.011563,-0.0004,0.1075
2026-08-11T15:21:27.377661,0000,072872,0.040938,-0.0008,0.2023
2026-08-11T15:21:29.224625,0000,072880,0.017656,-0.0008,0.1329
2026-08-11T15:21:31.017491,0000,072888,0.026888,-0.0002,0.1640
2026-08-11T15:21:32.840433,0000,072896,0.011498,0.0004,0.1072
2026-08-11T15:21:34.907922,0000,072904,0.051887,0.0006,0.2278
2026-08-11T15:21:36.924397,0000,072912,0.015271,0.0008,0.1236
2026-08-11T15:21:39.063667,0000,072920,0.028559,0.0003,0.1690
2026-08-11T15:21:41.505513,0000,072928,0.040898,-0.0005,0.2022
2026-08-11T15:21:43.342161,0000,072936,0.042727,-0.0009,0.2067
2026-08-11T15:21:45.115161,0000,072944,0.028795,-0.0008,0.1697
2026-08-11T15:21:46.952495,0000,072952,0.029993,-0.0003,0.1732
2026-08-11T15:21:48.907103,0000,072960,0.016909,0.0004,0.1300
2026-08-11T15:21:50.709301,0000,072968,0.013720,0.0008,0.1171
2026-08-11T15:21:52.960348,0000,072976,0.059115,0.0005,0.2431
2026-08-11T15:21:54.753499,0000,072984,0.018936,0.0002,0.1376
2026-08-11T15:21:56.596119,0000,072992,0.049511,-0.0005,0.2225
2026-08-11T15:21:58.389264,0000,073000,0.019915,-0.0008,0.1411
2026-08-11T15:22:00.309665,0000,073008,0.049600,-0.0006,0.2227
2026-08-11T15:22:02.238977,0000,073016,0.030220,-0.0003,0.1738
2026-08-11T15:22:04.037041,0000,073024,0.016908,0.0005,0.1300
2026-08-11T15:22:05.852231,0000,073032,0.034425,0.0006,0.1855
2026-08-11T15:22:07.981094,0000,073040,0.026089,0.0009,0.1615
2026-08-11T15:22:09.784047,0000,073048,0.029335,0.0003,0.1713
2026-08-11T15:22:11.650168,0000,073056,0.029521,-0.0004,0.1718
2026-08-11T15:22:13.503188,0000,073064,0.032478,-0.0008,0.1802
2026-08-11T15:22:15.290173,0000,073072,0.034634,-0.0007,0.1861
2026-08-11T15:22:17.098700,0000,073080,0.040475,-0.0003,0.2012
2026-08-11T15:22:19.283041,0000,073088,0.048732,0.0005,0.2208
2026-08-11T15:22:21.245050,0000,073096,0.028972,0.0007,0.1702
2026-08-11T15:22:23.270084,0000,073104,0.042954,0.0007,0.2073
2026-08-11T15:22:25.163365,0000,073112,0.028392,0.0003,0.1685
2026-08-11T15:22:27.134316,0000,073120,0.017700,-0.0004,0.1330
2026-08-11T15:22:29.040915,0000,073128,0.021703,-0.0007,0.1473
2026-08-11T15:22:30.938199,0000,073136,0.022883,-0.0008,0.1513
2026-08-11T15:22:32.829787,0000,073144,0.054469,-0.0006,0.2334
2026-08-11T15:22:34.593891,0000,073152,0.018660,0.0004,0.1366
2026-08-11T15:22:36.399947,0000,073160,0.065397,0.0006,0.2557
2026-08-11T15:22:38.190115,0000,073168,0.024806,0.0006,0.1575
2026-08-11T15:22:39.956815,0000,073176,0.019474,0.0002,0.1395
2026-08-11T15:22:41.710019,0000,073184,0.017334,-0.0004,0.1317
2026-08-11T15:22:43.528915,0000,073192,0.020084,-0.0008,0.1417
2026-08-11T15:22:45.305079,0000,073200,0.022516,-0.0007,0.1501
2026-08-11T15:22:47.040891,0000,073208,0.021470,-0.0003,0.1465
2026-08-11T15:22:48.939823,0000,073216,0.016259,0.0006,0.1275
2026-08-11T15:22:50.726486,0000,073224,0.042810,0.0006,0.2069
2026-08-11T15:22:52.448854,0000,073232,0.015622,0.0007,0.1250
2026-08-11T15:22:54.305926,0000,073240,0.023067,0.0003,0.1519
2026-08-11T15:22:56.327051,0000,073248,0.022912,-0.0004,0.1514
2026-08-11T15:22:58.166026,0000,073256,0.027690,-0.0006,0.1664
2026-08-11T15:23:00.284311,0000,073264,0.049172,-0.0007,0.2217
2026-08-11T15:23:02.077071,0000,073272,0.030080,-0.0003,0.1734
2026-08-11T15:23:04.238232,0000,073280,1.577002,-0.0002,1.2558
2026-08-11T15:23:05.986412,0000,073288,0.019968,0.0007,0.1413
2026-08-11T15:23:07.995887,0000,073296,0.030401,0.0010,0.1744
2026-08-11T15:23:09.853749,0000,073304,0.018346,0.0003,0.1354
2026-08-11T15:23:11.611134,0000,073312,0.027846,-0.0004,0.1669
2026-08-11T15:23:13.390796,0000,073320,0.026667,-0.0008,0.1633
2026-08-11T15:23:15.139524,0000,073328,0.027145,-0.0007,0.1648
2026-08-11T15:23:17.139428,0000,073336,0.025632,-0.0002,0.1601
2026-08-11T15:23:19.298518,0000,073344,0.045885,0.0004,0.2142
2026-08-11T15:23:21.080203,0000,073352,0.024083,0.0007,0.1552
2026-08-11T15:23:23.027851,0000,073360,0.016456,0.0008,0.1283
2026-08-11T15:23:25.017548,0000,073368,0.069427,0.0002,0.2635
2026-08-11T15:23:27.183887,0000,073376,0.022382,-0.0004,0.1496
2026-08-11T15:23:29.125097,0000,073384,0.018465,-0.0007,0.1359
2026-08-11T15:23:31.047817,0000,073392,0.023543,-0.0006,0.1534
2026-08-11T15:23:33.170567,0000,073400,0.013627,-0.0001,0.1167
2026-08-11T15:23:35.120858,0000,073408,0.057437,0.0005,0.2397
2026-08-11T15:23:36.949285,0000,073416,0.031298,0.0007,0.1769
2026-08-11T15:23:39.138673,0000,073424,0.029403,0.0010,0.1715
2026-08-11T15:23:40.948454,0000,073432,0.023125,0.0004,0.1521
2026-08-11T15:23:42.921619,0000,073440,0.014780,-0.0003,0.1216
2026-08-11T15:23:44.884155,0000,073448,0.063910,-0.0011,0.2528
2026-08-11T15:23:46.867774,0000,073456,0.034585,-0.0007,0.1860
2026-08-11T15:23:48.762618,0000,073464,0.020132,-0.0001,0.1419
2026-08-11T15:23:50.599841,0000,073472,0.014580,0.0004,0.1207
2026-08-11T15:23:52.349528,0000,073480,0.025038,0.0007,0.1582
2026-08-11T15:23:54.399536,0000,073488,0.020741,0.0008,0.1440
2026-08-11T15:23:56.401535,0000,073496,0.016418,0.0003,0.1281
2026-08-11T15:23:58.385409,0000,073504,0.022626,-0.0005,0.1504
2026-08-11T15:24:00.231432,0000,073512,0.027086,-0.0007,0.1646
2026-08-11T15:24:02.268678,0000,073520,0.030472,-0.0008,0.1746
2026-08-11T15:24:04.430137,0000,073528,0.217577,-0.0003,0.4665
2026-08-11T15:24:06.627545,0000,073536,0.035144,0.0005,0.1875
2026-08-11T15:24:08.781821,0000,073544,0.025736,0.0010,0.1604
2026-08-11T15:24:10.938677,0000,073552,0.026125,0.0009,0.1616
2026-08-11T15:24:13.633925,0000,073560,0.103346,0.0002,0.3215
2026-08-11T15:24:15.814149,0000,073568,0.057749,-0.0004,0.2403
2026-08-11T15:24:18.079287,0000,073576,0.013148,-0.0007,0.1147
2026-08-11T15:24:19.907956,0000,073584,0.036913,-0.0007,0.1921
2026-08-11T15:24:21.852435,0000,073592,0.034835,-0.0002,0.1866
2026-08-11T15:24:23.654112,0000,073600,0.029597,0.0005,0.1720
2026-08-11T15:24:25.468658,0000,073608,0.056890,0.0007,0.2385
2026-08-11T15:24:27.509303,0000,073616,0.022342,0.0008,0.1495
2026-08-11T15:24:29.446411,0000,073624,0.019475,0.0002,0.1396
2026-08-11T15:24:31.389154,0000,073632,0.057987,-0.0005,0.2408
2026-08-11T15:24:33.381908,0000,073640,0.016003,-0.0006,0.1265
2026-08-11T15:24:35.216578,0000,073648,0.029904,-0.0006,0.1729
2026-08-11T15:24:36.988754,0000,073656,0.035614,-0.0002,0.1887
2026-08-11T15:24:38.896322,0000,073664,0.013688,0.0005,0.1170
2026-08-11T15:24:40.727767,0000,073672,0.016845,0.0008,0.1298
2026-08-11T15:24:42.728110,0000,073680,0.017445,0.0008,0.1321
2026-08-11T15:24:45.189384,0000,073688,0.051061,0.0001,0.2260
2026-08-11T15:24:47.516105,0000,073696,0.020700,-0.0005,0.1439
2026-08-11T15:24:49.720995,0000,073704,0.037446,-0.0007,0.1935
2026-08-11T15:24:51.777286,0000,073712,0.019242,-0.0006,0.1387
2026-08-11T15:24:53.751247,0000,073720,0.015797,-0.0002,0.1257
2026-08-11T15:24:55.679347,0000,073728,0.047552,0.0004,0.2181
2026-08-11T15:24:57.719025,0000,073736,0.056096,0.0007,0.2368
2026-08-11T15:24:59.900468,0000,073744,0.045406,0.0010,0.2131
2026-08-11T15:25:01.782699,0000,073752,0.018999,0.0003,0.1378
2026-08-11T15:25:03.570027,0000,073760,0.016243,-0.0005,0.1274
2026-08-11T15:25:05.621146,0000,073768,0.033309,-0.0008,0.1825
2026-08-11T15:25:07.628636,0000,073776,0.053836,-0.0007,0.2320
2026-08-11T15:25:09.402778,0000,073784,0.037239,-0.0003,0.1930
2026-08-11T15:25:11.137769,0000,073792,0.021803,0.0005,0.1477
2026-08-11T15:25:13.111884,0000,073800,0.029572,0.0007,0.1720
2026-08-11T15:25:15.326041,0000,073808,0.019552,0.0007,0.1398
2026-08-11T15:25:17.729019,0000,073816,0.084265,0.0006,0.2903
2026-08-11T15:25:20.254810,0000,073824,0.011662,-0.0004,0.1080
2026-08-11T15:25:22.442408,0000,073832,0.019820,-0.0007,0.1408
2026-08-11T15:25:24.808167,0000,073840,0.025691,-0.0007,0.1603
2026-08-11T15:25:27.238423,0000,073848,0.021700,-0.0003,0.1473
2026-08-11T15:25:29.622173,0000,073856,0.021604,0.0006,0.1470
2026-08-11T15:25:31.669610,0000,073864,0.058351,0.0008,0.2416
2026-08-11T15:25:33.857634,0000,073872,0.049617,0.0007,0.2227
2026-08-11T15:25:36.174479,0000,073880,0.039668,0.0003,0.1992
2026-08-11T15:25:38.220396,0000,073888,0.034260,-0.0003,0.1851
2026-08-11T15:25:40.587382,0000,073896,0.046028,-0.0006,0.2145
2026-08-11T15:25:42.652025,0000,073904,0.046975,-0.0008,0.2167
2026-08-11T15:25:44.986111,0000,073912,0.082330,-0.0003,0.2869
2026-08-11T15:25:47.108793,0000,073920,0.037300,0.0004,0.1931
2026-08-11T15:25:48.885225,0000,073928,0.020381,0.0008,0.1428
2026-08-11T15:25:51.271018,0000,073936,0.023059,0.0009,0.1519
2026-08-11T15:25:53.177053,0000,073944,0.099007,0.0002,0.3147
2026-08-11T15:25:55.168489,0000,073952,0.022061,-0.0004,0.1485
2026-08-11T15:25:57.469772,0000,073960,0.051572,-0.0009,0.2271
2026-08-11T15:25:59.356437,0000,073968,0.029431,-0.0007,0.1716
2026-08-11T15:26:01.220672,0000,073976,0.029664,-0.0003,0.1722
2026-08-11T15:26:03.352508,0000,073984,0.022078,0.0006,0.1486
2026-08-11T15:26:05.354318,0000,073992,0.019912,0.0007,0.1411
2026-08-11T15:26:07.432379,0000,074000,0.038925,0.0006,0.1973
2026-08-11T15:26:09.186796,0000,074008,0.043058,0.0003,0.2075
2026-08-11T15:26:10.965530,0000,074016,0.098529,-0.0005,0.3139
2026-08-11T15:26:12.962693,0000,074024,0.043682,-0.0010,0.2090
2026-08-11T15:26:15.472085,0000,074032,1.571237,-0.0016,1.2535
2026-08-11T15:26:17.378217,0000,074040,0.014468,-0.0002,0.1203
2026-08-11T15:26:19.335987,0000,074048,0.218627,0.0004,0.4676
2026-08-11T15:26:21.519772,0000,074056,0.015726,0.0009,0.1254
2026-08-11T15:26:23.552932,0000,074064,0.046470,0.0006,0.2156
2026-08-11T15:26:25.494628,0000,074072,0.019855,0.0003,0.1409
2026-08-11T15:26:27.279738,0000,074080,0.086875,-0.0006,0.2947
2026-08-11T15:26:29.452665,0000,074088,0.021328,-0.0007,0.1460
2026-08-11T15:26:31.286004,0000,074096,0.023789,-0.0007,0.1542
2026-08-11T15:26:33.123577,0000,074104,0.030834,-0.0002,0.1756
2026-08-11T15:26:35.159188,0000,074112,0.038666,0.0006,0.1966
2026-08-11T15:26:36.990491,0000,074120,0.036414,0.0008,0.1908
2026-08-11T15:26:38.995714,0000,074128,0.025960,0.0006,0.1611
2026-08-11T15:26:40.865553,0000,074136,0.019602,0.0003,0.1400
2026-08-11T15:26:42.771868,0000,074144,0.035736,-0.0005,0.1890
2026-08-11T15:26:44.675860,0000,074152,0.039660,-0.0006,0.1991
2026-08-11T15:26:46.528964,0000,074160,0.028250,-0.0006,0.1681
2026-08-11T15:26:48.290128,0000,074168,0.016231,-0.0003,0.1274
2026-08-11T15:26:50.070469,0000,074176,0.104469,0.0004,0.3232
2026-08-11T15:26:51.926064,0000,074184,0.039862,0.0007,0.1997
2026-08-11T15:26:53.891543,0000,074192,0.018198,0.0008,0.1349
2026-08-11T15:26:55.863624,0000,074200,0.021464,0.0005,0.1465
2026-08-11T15:26:57.995616,0000,074208,0.044384,-0.0006,0.2107
2026-08-11T15:27:00.082723,0000,074216,0.029945,-0.0008,0.1730
2026-08-11T15:27:02.263744,0000,074224,0.040536,-0.0007,0.2013
2026-08-11T15:27:04.043556,0000,074232,0.022322,-0.0003,0.1494
2026-08-11T15:27:05.910927,0000,074240,0.057836,0.0004,0.2405
2026-08-11T15:27:08.153070,0000,074248,0.015251,0.0009,0.1235
2026-08-11T15:27:10.299833,0000,074256,0.034027,0.0008,0.1845
2026-08-11T15:27:12.616073,0000,074264,0.066615,0.0002,0.2581
2026-08-11T15:27:14.602125,0000,074272,0.046008,-0.0004,0.2145
2026-08-11T15:27:16.383551,0000,074280,0.041394,-0.0008,0.2035
2026-08-11T15:27:18.301021,0000,074288,0.027370,-0.0006,0.1654
2026-08-11T15:27:20.204811,0000,074296,0.020318,-0.0002,0.1425
2026-08-11T15:27:22.039554,0000,074304,0.045849,0.0004,0.2141
2026-08-11T15:27:23.835326,0000,074312,0.030557,0.0008,0.1748
2026-08-11T15:27:25.917647,0000,074320,0.044914,0.0006,0.2119
2026-08-11T15:27:27.809250,0000,074328,0.017327,0.0003,0.1316
2026-08-11T15:27:29.753137,0000,074336,0.037788,-0.0004,0.1944
2026-08-11T15:27:31.752674,0000,074344,0.034187,-0.0007,0.1849
2026-08-11T15:27:34.055436,0000,074352,0.020305,-0.0007,0.1425
2026-08-11T15:27:36.494300,0000,074360,0.026030,-0.0004,0.1613
2026-08-11T15:27:38.383929,0000,074368,0.026944,0.0005,0.1641
2026-08-11T15:27:40.204279,0000,074376,0.028360,0.0008,0.1684
2026-08-11T15:27:42.245948,0000,074384,0.035267,0.0009,0.1878
2026-08-11T15:27:44.133945,0000,074392,0.013210,0.0004,0.1149
2026-08-11T15:27:45.909184,0000,074400,0.015327,-0.0003,0.1238
2026-08-11T15:27:47.684278,0000,074408,0.021835,-0.0006,0.1478
2026-08-11T15:27:49.809213,0000,074416,0.208961,-0.0006,0.4571
2026-08-11T15:27:51.738085,0000,074424,0.032585,-0.0004,0.1805
2026-08-11T15:27:53.708824,0000,074432,0.038591,0.0004,0.1964
2026-08-11T15:27:55.624220,0000,074440,0.020983,0.0009,0.1449
2026-08-11T15:27:57.391242,0000,074448,0.066843,0.0006,0.2585
2026-08-11T15:27:59.180211,0000,074456,0.024239,0.0004,0.1557
2026-08-11T15:28:01.226212,0000,074464,0.025992,-0.0004,0.1612
2026-08-11T15:28:03.232246,0000,074472,0.019949,-0.0006,0.1412
2026-08-11T15:28:05.290382,0000,074480,0.020301,-0.0005,0.1425
2026-08-11T15:28:07.429263,0000,074488,0.013464,-0.0002,0.1160
2026-08-11T15:28:09.194968,0000,074496,0.028770,0.0004,0.1696
2026-08-11T15:28:11.229970,0000,074504,0.022341,0.0010,0.1495
2026-08-11T15:28:13.076143,0000,074512,0.090611,0.0008,0.3010
2026-08-11T15:28:14.817172,0000,074520,0.011459,0.0003,0.1070
2026-08-11T15:28:16.817506,0000,074528,0.017183,-0.0001,0.1311
2026-08-11T15:28:18.532332,0000,074536,0.036730,-0.0014,0.1917
2026-08-11T15:28:20.302888,0000,074544,0.053199,-0.0018,0.2306
2026-08-11T15:28:22.155964,0000,074552,0.040217,-0.0020,0.2005
2026-08-11T15:28:23.980516,0000,074560,0.049451,-0.0019,0.2224
2026-08-11T15:28:25.999992,0000,074568,0.045329,-0.0016,0.2129
2026-08-11T15:28:27.875576,0000,074576,0.021134,-0.0005,0.1454
2026-08-11T15:28:30.052109,0000,074584,0.051138,0.0006,0.2261
2026-08-11T15:28:32.091896,0000,074592,0.055495,0.0015,0.2356
2026-08-11T15:28:34.071182,0000,074600,0.035198,0.0018,0.1876
2026-08-11T15:28:35.851917,0000,074608,0.043917,0.0012,0.2096
2026-08-11T15:28:37.594655,0000,074616,0.027295,0.0008,0.1652
2026-08-11T15:28:39.312548,0000,074624,0.033590,0.0001,0.1833
2026-08-11T15:28:41.226664,0000,074632,0.036774,-0.0011,0.1918
2026-08-11T15:28:42.988344,0000,074640,0.040589,-0.0015,0.2015
2026-08-11T15:28:44.928810,0000,074648,0.043887,-0.0020,0.2095
2026-08-11T15:28:46.642946,0000,074656,0.034992,-0.0015,0.1871
2026-08-11T15:28:48.455911,0000,074664,0.038664,-0.0011,0.1966
2026-08-11T15:28:50.339650,0000,074672,0.019858,-0.0001,0.1409
2026-08-11T15:28:52.231845,0000,074680,0.017944,0.0008,0.1340
2026-08-11T15:28:54.066026,0000,074688,0.036301,0.0015,0.1905
2026-08-11T15:28:56.044502,0000,074696,0.050258,0.0021,0.2242
2026-08-11T15:28:57.755862,0000,074704,0.021957,0.0013,0.1482
2026-08-11T15:28:59.451715,0000,074712,0.019021,0.0009,0.1379
2026-08-11T15:29:01.633846,0000,074720,0.052812,0.0006,0.2298
2026-08-11T15:29:03.370207,0000,074728,0.019933,-0.0009,0.1412
2026-08-11T15:29:05.185830,0000,074736,0.029157,-0.0015,0.1708
2026-08-11T15:29:07.010631,0000,074744,0.033271,-0.0016,0.1824
2026-08-11T15:29:08.889553,0000,074752,0.064410,-0.0016,0.2538
2026-08-11T15:29:10.859578,0000,074760,0.072580,-0.0012,0.2694
2026-08-11T15:29:12.851318,0000,074768,0.041059,-0.0002,0.2026
2026-08-11T15:29:14.593602,0000,074776,0.019891,0.0009,0.1410
2026-08-11T15:29:16.337450,0000,074784,0.041410,0.0014,0.2035
2026-08-11T15:29:18.259527,0000,074792,0.030371,0.0018,0.1743
2026-08-11T15:29:20.211285,0000,074800,0.054136,0.0017,0.2327
2026-08-11T15:29:22.115632,0000,074808,0.029753,0.0011,0.1725
2026-08-11T15:29:23.989269,0000,074816,0.048479,0.0000,0.2202
2026-08-11T15:29:25.745366,0000,074824,0.028509,-0.0002,0.1688
2026-08-11T15:29:27.464689,0000,074832,0.097889,-0.0001,0.3129
2026-08-11T15:29:29.259945,0000,074840,0.040873,0.0001,0.2022
2026-08-11T15:29:31.112747,0000,074848,0.024299,0.0003,0.1559
2026-08-11T15:29:32.810378,0000,074856,0.078140,-0.0002,0.2795
2026-08-11T15:29:34.818121,0000,074864,0.068489,-0.0004,0.2617
2026-08-11T15:29:36.779408,0000,074872,0.025271,0.0005,0.1590
2026-08-11T15:29:38.779489,0000,074880,0.018196,0.0005,0.1349
2026-08-11T15:29:40.528320,0000,074888,0.021658,-0.0001,0.1472
2026-08-11T15:29:42.490158,0000,074896,0.056485,-0.0002,0.2377
2026-08-11T15:29:44.311693,0000,074904,0.019237,0.0002,0.1387
2026-08-11T15:29:46.034469,0000,074912,1.599454,-0.0008,1.2647
2026-08-11T15:29:47.876373,0000,074920,0.019003,0.0006,0.1379
2026-08-11T15:29:49.617633,0000,074928,0.037632,0.0005,0.1940
2026-08-11T15:29:51.427731,0000,074936,0.058743,-0.0002,0.2424
2026-08-11T15:29:53.182476,0000,074944,0.033358,0.0001,0.1826
2026-08-11T15:29:55.054651,0000,074952,0.026498,-0.0003,0.1628
2026-08-11T15:29:57.097379,0000,074960,0.076762,-0.0004,0.2771
2026-08-11T15:29:59.017476,0000,074968,0.028021,0.0001,0.1674
2026-08-11T15:30:00.781466,0000,074976,1.581449,-0.0008,1.2576
2026-08-11T15:30:02.511230,0000,074984,0.019476,0.0005,0.1396
2026-08-11T15:30:04.543435,0000,074992,0.022657,0.0005,0.1505
2026-08-11T15:30:06.241332,0000,075000,0.047858,-0.0000,0.2188
2026-08-11T15:30:08.359771,0000,075008,0.023123,0.0001,0.1521
2026-08-11T15:30:10.327045,0000,075016,0.018280,-0.0002,0.1352
2026-08-11T15:30:12.082451,0000,075024,0.020833,-0.0003,0.1443
2026-08-11T15:30:13.792320,0000,075032,0.021289,0.0000,0.1459
2026-08-11T15:30:15.633634,0000,075040,0.063299,-0.0000,0.2516
2026-08-11T15:30:17.628402,0000,075048,0.024971,0.0005,0.1580
2026-08-11T15:30:19.482050,0000,075056,0.018469,0.0004,0.1359
2026-08-11T15:30:21.304434,0000,075064,0.016388,0.0000,0.1280
2026-08-11T15:30:23.057245,0000,075072,1.564704,-0.0016,1.2509
2026-08-11T15:30:24.959399,0000,075080,0.030459,-0.0009,0.1745
2026-08-11T15:30:27.121085,0000,075088,0.021207,-0.0010,0.1456
2026-08-11T15:30:29.022782,0000,075096,0.022300,-0.0003,0.1493
2026-08-11T15:30:30.843841,0000,075104,0.015864,0.0004,0.1260
2026-08-11T15:30:32.671123,0000,075112,0.026527,0.0006,0.1629
2026-08-11T15:30:34.519059,0000,075120,0.015584,0.0005,0.1248
2026-08-11T15:30:36.498247,0000,075128,0.040545,0.0003,0.2014
2026-08-11T15:30:38.311179,0000,075136,0.020691,-0.0005,0.1438
2026-08-11T15:30:40.513229,0000,075144,0.043721,-0.0012,0.2091
2026-08-11T15:30:42.302345,0000,075152,0.055021,-0.0008,0.2346
2026-08-11T15:30:44.171289,0000,075160,0.056405,-0.0005,0.2375
2026-08-11T15:30:45.958236,0000,075168,0.024708,0.0004,0.1572
2026-08-11T15:30:47.681300,0000,075176,0.022152,0.0007,0.1488
2026-08-11T15:30:49.481159,0000,075184,0.023386,0.0006,0.1529
2026-08-11T15:30:51.306982,0000,075192,0.064208,-0.0000,0.2534
2026-08-11T15:30:53.244563,0000,075200,0.022895,0.0002,0.1513
2026-08-11T15:30:54.941746,0000,075208,0.023091,-0.0002,0.1520
2026-08-11T15:30:56.636926,0000,075216,0.025975,-0.0002,0.1612
2026-08-11T15:30:58.454136,0000,075224,0.027194,0.0003,0.1649
2026-08-11T15:31:00.157141,0000,075232,0.028216,-0.0000,0.1680
2026-08-11T15:31:01.889331,0000,075240,0.018317,0.0005,0.1353
2026-08-11T15:31:03.628370,0000,075248,0.032864,0.0004,0.1813
2026-08-11T15:31:05.515052,0000,075256,0.035575,0.0001,0.1886
2026-08-11T15:31:07.541724,0000,075264,0.023725,-0.0004,0.1540
2026-08-11T15:31:09.350494,0000,075272,0.227356,-0.0010,0.4768
2026-08-11T15:31:11.275150,0000,075280,0.098133,-0.0010,0.3133
2026-08-11T15:31:13.001318,0000,075288,0.031842,-0.0004,0.1784
2026-08-11T15:31:14.697969,0000,075296,0.015324,0.0003,0.1238
2026-08-11T15:31:16.459884,0000,075304,0.037670,0.0007,0.1941
2026-08-11T15:31:18.353247,0000,075312,0.240238,0.0003,0.4901
2026-08-11T15:31:20.096161,0000,075320,0.087951,0.0001,0.2966
2026-08-11T15:31:22.002563,0000,075328,0.012457,-0.0006,0.1116
2026-08-11T15:31:23.854583,0000,075336,0.100801,-0.0010,0.3175
2026-08-11T15:31:25.729938,0000,075344,0.015337,-0.0007,0.1238
2026-08-11T15:31:27.554198,0000,075352,0.037119,-0.0006,0.1927
2026-08-11T15:31:29.549946,0000,075360,0.035248,0.0003,0.1877
2026-08-11T15:31:31.382676,0000,075368,0.012567,0.0007,0.1121
2026-08-11T15:31:33.155938,0000,075376,0.018411,0.0007,0.1357
2026-08-11T15:31:34.888703,0000,075384,0.038473,0.0001,0.1961
2026-08-11T15:31:36.832316,0000,075392,0.025177,-0.0005,0.1587
2026-08-11T15:31:38.599310,0000,075400,0.012579,-0.0007,0.1122
2026-08-11T15:31:40.298805,0000,075408,0.233001,-0.0008,0.4827
2026-08-11T15:31:42.182115,0000,075416,0.108821,-0.0006,0.3299
2026-08-11T15:31:43.969425,0000,075424,0.048733,0.0003,0.2208
2026-08-11T15:31:45.761072,0000,075432,0.112692,0.0006,0.3357
2026-08-11T15:31:47.513060,0000,075440,0.016719,0.0007,0.1293
2026-08-11T15:31:49.477664,0000,075448,0.028741,0.0003,0.1695
2026-08-11T15:31:51.205536,0000,075456,0.038721,-0.0007,0.1968
2026-08-11T15:31:53.246767,0000,075464,0.014679,-0.0007,0.1212
2026-08-11T15:31:55.130722,0000,075472,0.054143,-0.0009,0.2327
2026-08-11T15:31:57.309141,0000,075480,0.015522,-0.0002,0.1246
2026-08-11T15:31:59.129862,0000,075488,0.021795,0.0005,0.1476
2026-08-11T15:32:00.938949,0000,075496,0.036754,0.0008,0.1917
2026-08-11T15:32:02.756312,0000,075504,0.053652,0.0007,0.2316
2026-08-11T15:32:04.676407,0000,075512,0.030401,0.0004,0.1744
2026-08-11T15:32:06.587938,0000,075520,0.015628,-0.0005,0.1250
2026-08-11T15:32:08.288541,0000,075528,0.015737,-0.0007,0.1254
2026-08-11T15:32:09.981171,0000,075536,0.037588,-0.0007,0.1939
2026-08-11T15:32:12.041281,0000,075544,0.018759,-0.0001,0.1370
2026-08-11T15:32:13.931556,0000,075552,0.025335,0.0004,0.1592
2026-08-11T15:32:15.667938,0000,075560,0.047154,0.0007,0.2171
2026-08-11T15:32:17.422170,0000,075568,0.017287,0.0006,0.1315
2026-08-11T15:32:19.144325,0000,075576,0.014053,0.0002,0.1185
2026-08-11T15:32:20.827841,0000,075584,0.019535,-0.0006,0.1398
2026-08-11T15:32:22.674819,0000,075592,0.035821,-0.0009,0.1893
2026-08-11T15:32:24.561968,0000,075600,0.065133,-0.0010,0.2552
2026-08-11T15:32:26.308513,0000,075608,0.048691,-0.0004,0.2207
2026-08-11T15:32:28.141315,0000,075616,0.031914,0.0002,0.1786
2026-08-11T15:32:29.847781,0000,075624,0.024805,0.0006,0.1575
2026-08-11T15:32:31.607815,0000,075632,0.031836,0.0006,0.1784
2026-08-11T15:32:33.335855,0000,075640,0.034791,0.0001,0.1865
2026-08-11T15:32:35.174685,0000,075648,0.030770,-0.0006,0.1754
2026-08-11T15:32:37.298718,0000,075656,0.057319,-0.0012,0.2394
2026-08-11T15:32:39.012812,0000,075664,0.034090,-0.0008,0.1846
2026-08-11T15:32:41.029735,0000,075672,0.032394,-0.0005,0.1800
2026-08-11T15:32:42.901244,0000,075680,0.019655,0.0003,0.1402
2026-08-11T15:32:44.598352,0000,075688,0.025131,0.0005,0.1585
2026-08-11T15:32:46.504656,0000,075696,0.023960,0.0005,0.1548
2026-08-11T15:32:48.240435,0000,075704,0.020318,0.0002,0.1425
2026-08-11T15:32:49.954618,0000,075712,0.015430,-0.0005,0.1242
2026-08-11T15:32:51.924398,0000,075720,0.053425,-0.0011,0.2311
2026-08-11T15:32:53.803120,0000,075728,0.028922,-0.0009,0.1701
2026-08-11T15:32:55.574514,0000,075736,0.034728,-0.0003,0.1864
2026-08-11T15:32:57.360958,0000,075744,0.040290,0.0004,0.2007
2026-08-11T15:32:59.085167,0000,075752,0.027208,0.0007,0.1649
2026-08-11T15:33:00.796135,0000,075760,0.024302,0.0006,0.1559
2026-08-11T15:33:02.674376,0000,075768,0.221378,-0.0000,0.4705
2026-08-11T15:33:04.359639,0000,075776,0.044862,-0.0006,0.2118
2026-08-11T15:33:06.122495,0000,075784,0.046763,-0.0009,0.2162
2026-08-11T15:33:08.331453,0000,075792,0.026390,-0.0011,0.1625
2026-08-11T15:33:10.489030,0000,075800,0.078941,-0.0006,0.2810
2026-08-11T15:33:12.252459,0000,075808,0.024610,0.0002,0.1569
2026-08-11T15:33:14.145256,0000,075816,0.019031,0.0005,0.1380
2026-08-11T15:33:16.077069,0000,075824,0.013900,0.0007,0.1179
2026-08-11T15:33:17.797494,0000,075832,0.019660,0.0001,0.1402
2026-08-11T15:33:19.577078,0000,075840,0.016055,-0.0004,0.1267
2026-08-11T15:33:21.478338,0000,075848,0.016726,-0.0009,0.1293
2026-08-11T15:33:23.509376,0000,075856,0.044974,-0.0008,0.2121
2026-08-11T15:33:25.277419,0000,075864,0.018284,-0.0004,0.1352
2026-08-11T15:33:27.004459,0000,075872,0.018364,0.0003,0.1355
2026-08-11T15:33:28.718901,0000,075880,0.018953,0.0006,0.1377
2026-08-11T15:33:30.716273,0000,075888,0.041358,0.0005,0.2034
2026-08-11T15:33:32.821480,0000,075896,0.019502,0.0004,0.1397
2026-08-11T15:33:34.544010,0000,075904,0.042904,-0.0007,0.2071
2026-08-11T15:33:36.260049,0000,075912,0.019285,-0.0009,0.1389
2026-08-11T15:33:38.151368,0000,075920,0.016419,-0.0007,0.1281
2026-08-11T15:33:39.879384,0000,075928,0.030560,-0.0004,0.1748
2026-08-11T15:33:41.614377,0000,075936,0.014847,0.0004,0.1218
2026-08-11T15:33:43.326226,0000,075944,0.029808,0.0006,0.1726
2026-08-11T15:33:45.034810,0000,075952,0.023248,0.0005,0.1525
2026-08-11T15:33:47.040365,0000,075960,0.034373,0.0002,0.1854
2026-08-11T15:33:48.736261,0000,075968,0.016303,-0.0006,0.1277
2026-08-11T15:33:50.502278,0000,075976,0.016214,-0.0008,0.1273
2026-08-11T15:33:52.382350,0000,075984,0.028826,-0.0007,0.1698
2026-08-11T15:33:54.432261,0000,075992,0.026144,-0.0003,0.1617
2026-08-11T15:33:56.171070,0000,076000,0.032273,0.0003,0.1796
2026-08-11T15:33:57.968258,0000,076008,0.017431,0.0006,0.1320
2026-08-11T15:34:00.034152,0000,076016,1.576107,-0.0003,1.2554
2026-08-11T15:34:01.861622,0000,076024,0.016067,0.0008,0.1268
2026-08-11T15:34:03.628353,0000,076032,0.041711,0.0007,0.2042
2026-08-11T15:34:05.422135,0000,076040,0.022593,0.0004,0.1503
2026-08-11T15:34:07.368844,0000,076048,0.028654,-0.0004,0.1693
2026-08-11T15:34:09.334019,0000,076056,0.040285,-0.0009,0.2007
2026-08-11T15:34:11.035134,0000,076064,0.040267,-0.0007,0.2007
2026-08-11T15:34:12.807998,0000,076072,0.044712,-0.0002,0.2115
2026-08-11T15:34:14.514757,0000,076080,0.028220,0.0004,0.1680
2026-08-11T15:34:16.273821,0000,076088,0.014179,0.0007,0.1191
2026-08-11T15:34:18.024025,0000,076096,0.022518,0.0006,0.1501
2026-08-11T15:34:20.107565,0000,076104,0.021885,0.0002,0.1479
2026-08-11T15:34:21.845772,0000,076112,0.023331,-0.0005,0.1527
2026-08-11T15:34:23.569129,0000,076120,0.045003,-0.0008,0.2121
2026-08-11T15:34:25.467730,0000,076128,0.037165,-0.0008,0.1928
2026-08-11T15:34:27.200007,0000,076136,0.085439,-0.0004,0.2923
2026-08-11T15:34:28.899954,0000,076144,0.027007,0.0003,0.1643
2026-08-11T15:34:30.609474,0000,076152,0.021146,0.0005,0.1454
2026-08-11T15:34:32.498079,0000,076160,0.013957,0.0006,0.1181
2026-08-11T15:34:34.260215,0000,076168,0.084597,0.0002,0.2909
2026-08-11T15:34:36.097799,0000,076176,0.015027,-0.0005,0.1226
2026-08-11T15:34:38.329915,0000,076184,0.022606,-0.0010,0.1504
2026-08-11T15:34:40.378038,0000,076192,0.035072,-0.0007,0.1873
2026-08-11T15:34:42.287039,0000,076200,0.022245,-0.0003,0.1491
2026-08-11T15:34:44.133393,0000,076208,0.042286,0.0003,0.2056
2026-08-11T15:34:46.199373,0000,076216,0.034899,0.0007,0.1868
2026-08-11T15:34:48.310393,0000,076224,0.024879,0.0007,0.1577
2026-08-11T15:34:50.242332,0000,076232,0.032773,0.0003,0.1810
2026-08-11T15:34:52.090957,0000,076240,0.016953,-0.0005,0.1302
2026-08-11T15:34:53.968982,0000,076248,0.021456,-0.0007,0.1465
2026-08-11T15:34:55.856707,0000,076256,0.052353,-0.0008,0.2288
2026-08-11T15:34:57.891187,0000,076264,0.054958,-0.0005,0.2344
2026-08-11T15:34:59.783714,0000,076272,0.019959,0.0003,0.1413
2026-08-11T15:35:01.775144,0000,076280,0.050104,0.0006,0.2238
2026-08-11T15:35:03.851840,0000,076288,0.024573,0.0006,0.1568
2026-08-11T15:35:05.823029,0000,076296,0.016307,0.0002,0.1277
2026-08-11T15:35:07.849812,0000,076304,0.034444,-0.0005,0.1856
2026-08-11T15:35:10.197616,0000,076312,0.049535,-0.0012,0.2226
2026-08-11T15:35:12.058277,0000,076320,0.014473,-0.0007,0.1203
2026-08-11T15:35:14.058857,0000,076328,0.048194,-0.0004,0.2195
2026-08-11T15:35:16.044827,0000,076336,0.051096,0.0004,0.2260
2026-08-11T15:35:17.911967,0000,076344,0.028809,0.0006,0.1697
2026-08-11T15:35:20.053356,0000,076352,0.088203,0.0004,0.2970
2026-08-11T15:35:21.946842,0000,076360,0.025224,0.0001,0.1588
2026-08-11T15:35:23.959245,0000,076368,0.024361,-0.0006,0.1561
2026-08-11T15:35:25.942758,0000,076376,0.018954,-0.0009,0.1377
2026-08-11T15:35:28.280426,0000,076384,0.030339,-0.0008,0.1742
2026-08-11T15:35:30.217341,0000,076392,0.026474,-0.0004,0.1627
2026-08-11T15:35:32.288880,0000,076400,0.017816,0.0003,0.1335
2026-08-11T15:35:34.474764,0000,076408,0.041589,0.0010,0.2039
2026-08-11T15:35:36.339995,0000,076416,0.016830,0.0005,0.1297
2026-08-11T15:35:38.602786,0000,076424,0.018873,0.0003,0.1374
2026-08-11T15:35:40.665522,0000,076432,0.018759,-0.0007,0.1370
2026-08-11T15:35:42.556886,0000,076440,0.020893,-0.0009,0.1445
2026-08-11T15:35:44.592159,0000,076448,0.066021,-0.0010,0.2569
2026-08-11T15:35:46.491746,0000,076456,0.018295,-0.0003,0.1353
2026-08-11T15:35:48.343625,0000,076464,0.036918,0.0003,0.1921
2026-08-11T15:35:50.210709,0000,076472,1.582719,-0.0004,1.2581
2026-08-11T15:35:52.051662,0000,076480,1.579694,0.0002,1.2569
2026-08-11T15:35:54.204356,0000,076488,0.045265,0.0015,0.2128
2026-08-11T15:35:56.240810,0000,076496,0.033907,0.0013,0.1841
2026-08-11T15:35:58.121118,0000,076504,0.030860,0.0008,0.1757
2026-08-11T15:35:59.960113,0000,076512,0.013350,-0.0001,0.1155
2026-08-11T15:36:01.956579,0000,076520,0.014770,-0.0003,0.1215
2026-08-11T15:36:03.906906,0000,076528,0.048014,-0.0004,0.2191
2026-08-11T15:36:05.780639,0000,076536,0.029369,-0.0001,0.1714
2026-08-11T15:36:07.653125,0000,076544,0.082059,0.0006,0.2865
2026-08-11T15:36:09.635644,0000,076552,0.021581,0.0010,0.1469
2026-08-11T15:36:11.620607,0000,076560,0.032358,0.0008,0.1799
2026-08-11T15:36:13.487422,0000,076568,0.031396,0.0004,0.1772
2026-08-11T15:36:15.494420,0000,076576,0.098348,-0.0004,0.3136
2026-08-11T15:36:17.559533,0000,076584,0.035345,-0.0007,0.1880
2026-08-11T15:36:19.497539,0000,076592,0.048702,-0.0007,0.2207
2026-08-11T15:36:21.471622,0000,076600,0.043878,-0.0003,0.2095
2026-08-11T15:36:23.591266,0000,076608,0.024723,0.0006,0.1572
2026-08-11T15:36:25.696093,0000,076616,0.029226,0.0008,0.1710
2026-08-11T15:36:27.772438,0000,076624,0.021750,0.0007,0.1475
2026-08-11T15:36:29.703219,0000,076632,1.574916,-0.0005,1.2550
2026-08-11T15:36:31.582382,0000,076640,0.060771,-0.0000,0.2465
2026-08-11T15:36:33.550623,0000,076648,0.018398,0.0005,0.1356
2026-08-11T15:36:35.396680,0000,076656,0.013599,0.0005,0.1166
2026-08-11T15:36:37.599519,0000,076664,0.037392,-0.0002,0.1934
2026-08-11T15:36:39.884724,0000,076672,0.086541,0.0002,0.2942
2026-08-11T15:36:42.041031,0000,076680,0.029078,-0.0004,0.1705
2026-08-11T15:36:44.051886,0000,076688,0.051410,-0.0004,0.2267
2026-08-11T15:36:45.952023,0000,076696,0.016899,0.0001,0.1300
2026-08-11T15:36:47.957794,0000,076704,0.020123,0.0001,0.1419
2026-08-11T15:36:49.816111,0000,076712,0.011201,-0.0003,0.1058
2026-08-11T15:36:51.720328,0000,076720,0.026045,-0.0002,0.1614
2026-08-11T15:36:53.634035,0000,076728,0.036275,-0.0001,0.1905
2026-08-11T15:36:55.512353,0000,076736,0.026348,0.0007,0.1623
2026-08-11T15:36:57.855613,0000,076744,0.082831,0.0008,0.2878
2026-08-11T15:36:59.941327,0000,076752,0.066804,0.0009,0.2585
2026-08-11T15:37:02.000066,0000,076760,0.024164,0.0005,0.1554
2026-08-11T15:37:04.017491,0000,076768,0.019113,-0.0003,0.1383
2026-08-11T15:37:06.003506,0000,076776,0.036695,-0.0006,0.1916
2026-08-11T15:37:07.862546,0000,076784,0.027501,-0.0005,0.1658
2026-08-11T15:37:09.803262,0000,076792,0.030667,-0.0002,0.1751
2026-08-11T15:37:11.731139,0000,076800,0.021751,0.0004,0.1475
2026-08-11T15:37:13.587866,0000,076808,0.039133,0.0006,0.1978
2026-08-11T15:37:15.537287,0000,076816,0.024264,0.0006,0.1558
2026-08-11T15:37:17.590623,0000,076824,0.017125,0.0002,0.1309
2026-08-11T15:37:19.605277,0000,076832,0.020511,-0.0006,0.1432
2026-08-11T15:37:21.571507,0000,076840,0.026619,-0.0008,0.1632
2026-08-11T15:37:23.468526,0000,076848,0.023784,-0.0007,0.1542
2026-08-11T15:37:25.436542,0000,076856,0.018991,-0.0003,0.1378
2026-08-11T15:37:27.321323,0000,076864,1.570184,-0.0004,1.2531
2026-08-11T15:37:29.430933,0000,076872,0.046876,0.0013,0.2165
2026-08-11T15:37:31.373307,0000,076880,0.039150,0.0020,0.1979
2026-08-11T15:37:33.424301,0000,076888,0.044847,0.0020,0.2118
2026-08-11T15:37:35.475498,0000,076896,0.048337,0.0016,0.2199
2026-08-11T15:37:37.475175,0000,076904,0.056379,0.0011,0.2374
2026-08-11T15:37:39.366641,0000,076912,0.024603,0.0005,0.1569
2026-08-11T15:37:41.316795,0000,076920,0.023338,-0.0007,0.1528
2026-08-11T15:37:43.201277,0000,076928,0.035741,-0.0012,0.1891
2026-08-11T15:37:45.067259,0000,076936,0.034717,-0.0014,0.1863
2026-08-11T15:37:46.949309,0000,076944,0.028223,-0.0013,0.1680
2026-08-11T15:37:48.915285,0000,076952,0.035472,-0.0009,0.1883
2026-08-11T15:37:50.758109,0000,076960,0.013547,-0.0001,0.1164
2026-08-11T15:37:52.689192,0000,076968,0.038313,0.0009,0.1957
2026-08-11T15:37:54.655167,0000,076976,0.073663,0.0013,0.2714
2026-08-11T15:37:56.660162,0000,076984,0.036897,0.0017,0.1921
2026-08-11T15:37:58.533543,0000,076992,0.033953,0.0014,0.1843
2026-08-11T15:38:00.404855,0000,077000,0.033556,0.0009,0.1832
2026-08-11T15:38:02.447077,0000,077008,0.069729,0.0001,0.2641
2026-08-11T15:38:04.329185,0000,077016,0.036292,-0.0009,0.1905
2026-08-11T15:38:06.238027,0000,077024,0.066367,-0.0016,0.2576
2026-08-11T15:38:08.331059,0000,077032,0.076707,-0.0020,0.2770
2026-08-11T15:38:10.316582,0000,077040,0.024347,-0.0015,0.1560
2026-08-11T15:38:12.333666,0000,077048,0.032727,-0.0010,0.1809
2026-08-11T15:38:14.156389,0000,077056,0.014126,-0.0002,0.1189
2026-08-11T15:38:16.023882,0000,077064,0.051275,0.0006,0.2264
2026-08-11T15:38:18.001880,0000,077072,0.050455,0.0014,0.2246
2026-08-11T15:38:19.800291,0000,077080,0.033757,0.0015,0.1837
2026-08-11T15:38:21.666029,0000,077088,0.217995,0.0012,0.4669
2026-08-11T15:38:23.441200,0000,077096,0.026662,0.0008,0.1633
2026-08-11T15:38:25.382024,0000,077104,0.026121,0.0000,0.1616
2026-08-11T15:38:27.195850,0000,077112,0.031466,-0.0009,0.1774
2026-08-11T15:38:29.009895,0000,077120,0.044217,-0.0016,0.2103
2026-08-11T15:38:30.812870,0000,077128,0.270575,-0.0019,0.5202
2026-08-11T15:38:32.585675,0000,077136,0.048009,-0.0016,0.2191
2026-08-11T15:38:34.412930,0000,077144,0.028208,-0.0010,0.1680
2026-08-11T15:38:36.149835,0000,077152,0.033018,-0.0004,0.1817
2026-08-11T15:38:37.882491,0000,077160,0.016949,0.0006,0.1302
2026-08-11T15:38:39.827152,0000,077168,0.033552,0.0015,0.1832
2026-08-11T15:38:41.856204,0000,077176,0.051570,0.0017,0.2271
2026-08-11T15:38:43.554874,0000,077184,0.032195,0.0013,0.1794
2026-08-11T15:38:45.320214,0000,077192,0.030743,0.0009,0.1753
2026-08-11T15:38:47.105635,0000,077200,0.028109,0.0001,0.1677
2026-08-11T15:38:49.024858,0000,077208,0.046070,-0.0012,0.2146
2026-08-11T15:38:50.904027,0000,077216,0.070007,-0.0017,0.2646
2026-08-11T15:38:52.792835,0000,077224,0.067531,-0.0021,0.2599
2026-08-11T15:38:54.545628,0000,077232,0.041429,-0.0015,0.2035
2026-08-11T15:38:56.277046,0000,077240,0.091968,-0.0012,0.3033
2026-08-11T15:38:58.160738,0000,077248,0.035931,-0.0004,0.1896
2026-08-11T15:38:59.913635,0000,077256,0.023170,0.0007,0.1522
2026-08-11T15:39:02.047762,0000,077264,0.027924,0.0012,0.1671
2026-08-11T15:39:04.056330,0000,077272,0.035820,0.0015,0.1893
2026-08-11T15:39:05.997820,0000,077280,0.050274,0.0014,0.2242
2026-08-11T15:39:08.335879,0000,077288,0.015605,0.0009,0.1249
2026-08-11T15:39:10.750053,0000,077296,0.029492,-0.0000,0.1717
2026-08-11T15:39:12.956215,0000,077304,0.020372,-0.0002,0.1427
2026-08-11T15:39:14.978633,0000,077312,0.028848,-0.0003,0.1698
2026-08-11T15:39:17.060883,0000,077320,0.012334,0.0000,0.1111
2026-08-11T15:39:19.538828,0000,077328,0.022639,0.0000,0.1505
2026-08-11T15:39:21.319060,0000,077336,0.049184,-0.0003,0.2218
2026-08-11T15:39:23.208903,0000,077344,0.014935,-0.0002,0.1222
2026-08-11T15:39:25.140820,0000,077352,0.023982,-0.0000,0.1549
2026-08-11T15:39:27.062440,0000,077360,0.022569,0.0007,0.1502
2026-08-11T15:39:28.868731,0000,077368,0.075156,0.0009,0.2741
2026-08-11T15:39:30.936173,0000,077376,0.026205,0.0009,0.1619
2026-08-11T15:39:32.722552,0000,077384,0.210664,0.0004,0.4590
2026-08-11T15:39:34.472153,0000,077392,0.081091,-0.0004,0.2848
2026-08-11T15:39:36.399068,0000,077400,0.044253,-0.0006,0.2104
2026-08-11T15:39:38.656679,0000,077408,0.025458,-0.0007,0.1596
2026-08-11T15:39:40.496636,0000,077416,0.026390,-0.0002,0.1624
2026-08-11T15:39:42.397624,0000,077424,0.027504,0.0004,0.1658
2026-08-11T15:39:44.350388,0000,077432,0.030931,0.0007,0.1759
2026-08-11T15:39:46.492705,0000,077440,0.108949,0.0006,0.3301
2026-08-11T15:39:48.746594,0000,077448,0.045392,0.0001,0.2131
2026-08-11T15:39:50.764242,0000,077456,0.024739,-0.0004,0.1573
2026-08-11T15:39:53.052263,0000,077464,0.089857,-0.0009,0.2998
2026-08-11T15:39:55.613559,0000,077472,0.016990,-0.0008,0.1303
2026-08-11T15:39:57.794818,0000,077480,1.595867,-0.0012,1.2633
2026-08-11T15:39:59.600150,0000,077488,0.049633,0.0003,0.2228
2026-08-11T15:40:01.338349,0000,077496,0.021281,0.0006,0.1459
2026-08-11T15:40:03.065456,0000,077504,0.026769,0.0004,0.1636
2026-08-11T15:40:05.247794,0000,077512,0.061150,0.0002,0.2473
2026-08-11T15:40:07.598138,0000,077520,0.028189,-0.0005,0.1679
2026-08-11T15:40:09.700708,0000,077528,0.037069,-0.0008,0.1925
2026-08-11T15:40:11.919227,0000,077536,0.016422,-0.0008,0.1281
2026-08-11T15:40:14.025125,0000,077544,0.022868,-0.0005,0.1512
2026-08-11T15:40:15.979228,0000,077552,0.014759,0.0002,0.1215
2026-08-11T15:40:17.767793,0000,077560,0.023011,0.0006,0.1517
2026-08-11T15:40:19.717816,0000,077568,0.022334,0.0005,0.1494
2026-08-11T15:40:21.706677,0000,077576,0.015251,0.0001,0.1235
2026-08-11T15:40:23.842614,0000,077584,0.037091,-0.0007,0.1926
2026-08-11T15:40:25.689417,0000,077592,0.037642,-0.0009,0.1940
2026-08-11T15:40:27.504535,0000,077600,0.018649,-0.0008,0.1366
2026-08-11T15:40:29.441335,0000,077608,0.045618,-0.0005,0.2136
2026-08-11T15:40:31.535532,0000,077616,0.060622,0.0002,0.2462
2026-08-11T15:40:33.546664,0000,077624,0.028327,0.0006,0.1683
2026-08-11T15:40:35.714649,0000,077632,0.040501,0.0004,0.2012
2026-08-11T15:40:37.571867,0000,077640,0.020045,0.0001,0.1416
2026-08-11T15:40:39.318636,0000,077648,0.020746,-0.0005,0.1440
2026-08-11T15:40:41.135951,0000,077656,0.023582,-0.0008,0.1536
2026-08-11T15:40:43.167389,0000,077664,0.038328,-0.0009,0.1958
2026-08-11T15:40:45.173699,0000,077672,0.025606,-0.0006,0.1600
2026-08-11T15:40:47.070073,0000,077680,0.041983,0.0002,0.2049
2026-08-11T15:40:48.971874,0000,077688,0.098575,0.0005,0.3140
2026-08-11T15:40:51.151254,0000,077696,0.036833,0.0005,0.1919
2026-08-11T15:40:53.096578,0000,077704,0.023593,-0.0000,0.1536
2026-08-11T15:40:55.225714,0000,077712,0.036937,0.0001,0.1922
2026-08-11T15:40:57.192494,0000,077720,0.085293,-0.0003,0.2921
2026-08-11T15:40:59.122190,0000,077728,0.025460,-0.0003,0.1596
2026-08-11T15:41:01.218367,0000,077736,0.079219,-0.0001,0.2815
2026-08-11T15:41:03.111696,0000,077744,0.078358,0.0006,0.2799
2026-08-11T15:41:05.249607,0000,077752,0.023438,0.0010,0.1531
2026-08-11T15:41:07.287034,0000,077760,1.593520,-0.0002,1.2623
2026-08-11T15:41:09.189519,0000,077768,0.026382,0.0010,0.1624
2026-08-11T15:41:11.239531,0000,077776,0.018436,0.0009,0.1358
2026-08-11T15:41:13.544086,0000,077784,0.025014,0.0004,0.1582
2026-08-11T15:41:15.472030,0000,077792,0.082432,-0.0005,0.2871
2026-08-11T15:41:17.195171,0000,077800,0.024494,-0.0006,0.1565
2026-08-11T15:41:19.063329,0000,077808,0.046652,-0.0005,0.2160
2026-08-11T15:41:20.960604,0000,077816,0.046663,-0.0002,0.2160
2026-08-11T15:41:22.724541,0000,077824,0.013613,0.0005,0.1167
2026-08-11T15:41:24.486805,0000,077832,0.017986,0.0007,0.1341
2026-08-11T15:41:26.461089,0000,077840,0.040269,0.0006,0.2007
2026-08-11T15:41:28.521997,0000,077848,0.055681,0.0003,0.2360
2026-08-11T15:41:30.386350,0000,077856,0.013269,-0.0004,0.1152
2026-08-11T15:41:32.552801,0000,077864,0.039491,-0.0008,0.1987
2026-08-11T15:41:34.411924,0000,077872,0.023528,-0.0006,0.1534
2026-08-11T15:41:36.284152,0000,077880,0.023104,-0.0003,0.1520
2026-08-11T15:41:38.074429,0000,077888,0.021742,0.0003,0.1475
2026-08-11T15:41:39.861114,0000,077896,0.019450,0.0007,0.1395
2026-08-11T15:41:41.750366,0000,077904,0.020757,0.0004,0.1441
2026-08-11T15:41:43.584160,0000,077912,0.025732,0.0002,0.1604
2026-08-11T15:41:45.574567,0000,077920,0.030316,-0.0005,0.1741
2026-08-11T15:41:47.651363,0000,077928,0.034768,-0.0009,0.1865
2026-08-11T15:41:49.679828,0000,077936,0.035106,-0.0011,0.1874
2026-08-11T15:41:51.596246,0000,077944,0.021684,-0.0003,0.1473
2026-08-11T15:41:53.368104,0000,077952,0.014307,0.0002,0.1196
2026-08-11T15:41:55.297128,0000,077960,0.026177,0.0006,0.1618
2026-08-11T15:41:57.334676,0000,077968,0.015063,0.0005,0.1227
2026-08-11T15:41:59.244345,0000,077976,0.062775,-0.0002,0.2505
2026-08-11T15:42:01.402511,0000,077984,0.035893,0.0001,0.1895
2026-08-11T15:42:03.538312,0000,077992,0.029398,-0.0005,0.1715
2026-08-11T15:42:05.360184,0000,078000,0.012399,-0.0002,0.1114
2026-08-11T15:42:07.299144,0000,078008,0.024116,-0.0001,0.1553
2026-08-11T15:42:09.513081,0000,078016,0.014840,0.0006,0.1218
2026-08-11T15:42:11.568651,0000,078024,0.024833,0.0009,0.1576
2026-08-11T15:42:13.679672,0000,078032,0.033228,0.0008,0.1823
2026-08-11T15:42:15.674484,0000,078040,0.050242,0.0002,0.2241
2026-08-11T15:42:17.501629,0000,078048,0.019576,-0.0004,0.1399
2026-08-11T15:42:19.351235,0000,078056,0.096974,-0.0008,0.3114
2026-08-11T15:42:21.164770,0000,078064,0.044300,-0.0006,0.2105
2026-08-11T15:42:22.976321,0000,078072,0.012584,-0.0003,0.1122
2026-08-11T15:42:25.097828,0000,078080,0.030388,0.0004,0.1743
2026-08-11T15:42:26.877620,0000,078088,0.016612,0.0006,0.1289
2026-08-11T15:42:28.750117,0000,078096,0.013723,0.0006,0.1171
2026-08-11T15:42:30.648675,0000,078104,0.034189,0.0001,0.1849
2026-08-11T15:42:32.808956,0000,078112,0.045825,-0.0007,0.2141
2026-08-11T15:42:34.665933,0000,078120,0.021929,-0.0008,0.1481
2026-08-11T15:42:36.505907,0000,078128,0.023425,-0.0007,0.1531
2026-08-11T15:42:38.597315,0000,078136,0.032901,-0.0005,0.1814
2026-08-11T15:42:40.913859,0000,078144,0.051537,0.0002,0.2270
2026-08-11T15:42:42.945919,0000,078152,0.043192,0.0005,0.2078
2026-08-11T15:42:44.777063,0000,078160,0.015414,0.0006,0.1242
2026-08-11T15:42:46.860634,0000,078168,0.030511,0.0001,0.1747
2026-08-11T15:42:49.133081,0000,078176,0.049096,-0.0008,0.2216
2026-08-11T15:42:51.437222,0000,078184,0.066993,-0.0012,0.2588
2026-08-11T15:42:53.436886,0000,078192,0.031363,-0.0010,0.1771
2026-08-11T15:42:55.156645,0000,078200,0.033067,-0.0003,0.1818
2026-08-11T15:42:56.957733,0000,078208,0.033850,0.0002,0.1840
2026-08-11T15:42:58.797853,0000,078216,0.034626,0.0004,0.1861
2026-08-11T15:43:00.794336,0000,078224,0.024368,0.0005,0.1561
2026-08-11T15:43:02.863845,0000,078232,1.581471,-0.0008,1.2576
2026-08-11T15:43:04.890056,0000,078240,0.046295,-0.0000,0.2152
2026-08-11T15:43:06.858174,0000,078248,0.014966,0.0004,0.1223
2026-08-11T15:43:08.824325,0000,078256,0.015644,0.0003,0.1251
2026-08-11T15:43:10.874093,0000,078264,0.049804,-0.0002,0.2232
2026-08-11T15:43:13.100666,0000,078272,0.058052,-0.0005,0.2409
2026-08-11T15:43:15.089268,0000,078280,0.032936,0.0003,0.1815
2026-08-11T15:43:17.148319,0000,078288,0.022179,0.0002,0.1489
2026-08-11T15:43:19.271101,0000,078296,0.024270,-0.0002,0.1558
2026-08-11T15:43:21.477155,0000,078304,0.028916,-0.0003,0.1700
2026-08-11T15:43:23.538027,0000,078312,0.034258,0.0000,0.1851
2026-08-11T15:43:25.463867,0000,078320,0.045065,-0.0001,0.2123
2026-08-11T15:43:27.248969,0000,078328,0.027767,0.0004,0.1666
2026-08-11T15:43:29.306917,0000,078336,0.024891,0.0004,0.1578
2026-08-11T15:43:31.306029,0000,078344,0.030329,-0.0000,0.1742
2026-08-11T15:43:33.190090,0000,078352,0.231458,-0.0003,0.4811
2026-08-11T15:43:35.322945,0000,078360,0.016638,0.0002,0.1290
2026-08-11T15:43:37.365241,0000,078368,0.021166,0.0002,0.1455
2026-08-11T15:43:39.268394,0000,078376,0.024658,-0.0001,0.1570
2026-08-11T15:43:41.267386,0000,078384,0.010196,-0.0002,0.1010
2026-08-11T15:43:43.321588,0000,078392,0.041605,-0.0001,0.2040
2026-08-11T15:43:45.173649,0000,078400,0.023150,0.0007,0.1522
2026-08-11T15:43:47.185545,0000,078408,0.029141,0.0009,0.1707
2026-08-11T15:43:49.414739,0000,078416,0.017778,0.0009,0.1333
2026-08-11T15:43:51.696142,0000,078424,0.015934,0.0005,0.1262
2026-08-11T15:43:53.618172,0000,078432,0.029492,-0.0003,0.1717
2026-08-11T15:43:55.445882,0000,078440,0.039641,-0.0007,0.1991
2026-08-11T15:43:57.458412,0000,078448,0.033546,-0.0007,0.1832
2026-08-11T15:43:59.331469,0000,078456,0.089951,-0.0003,0.2999
2026-08-11T15:44:01.452628,0000,078464,0.021338,0.0004,0.1461
2026-08-11T15:44:03.409662,0000,078472,0.028004,0.0007,0.1673
2026-08-11T15:44:05.359578,0000,078480,0.013803,0.0006,0.1175
2026-08-11T15:44:07.338583,0000,078488,0.016890,0.0002,0.1300
2026-08-11T15:44:09.305402,0000,078496,0.018095,-0.0006,0.1345
2026-08-11T15:44:11.140902,0000,078504,0.111772,-0.0007,0.3343
2026-08-11T15:44:13.117422,0000,078512,0.062057,-0.0009,0.2491
2026-08-11T15:44:15.071636,0000,078520,0.017746,-0.0003,0.1332
2026-08-11T15:44:17.187726,0000,078528,0.018765,0.0002,0.1370
2026-08-11T15:44:19.152607,0000,078536,0.018836,0.0004,0.1372
2026-08-11T15:44:21.189623,0000,078544,0.020628,0.0004,0.1436
2026-08-11T15:44:22.994131,0000,078552,0.059303,0.0000,0.2435
2026-08-11T15:44:25.139564,0000,078560,0.026947,-0.0007,0.1642
2026-08-11T15:44:27.101723,0000,078568,0.019683,-0.0009,0.1403
2026-08-11T15:44:28.893366,0000,078576,0.024992,-0.0008,0.1581
2026-08-11T15:44:30.825365,0000,078584,0.037765,-0.0004,0.1943
2026-08-11T15:44:32.976498,0000,078592,0.019158,0.0005,0.1384
2026-08-11T15:44:34.738610,0000,078600,0.132894,0.0005,0.3645
2026-08-11T15:44:36.514747,0000,078608,0.039829,0.0004,0.1996
2026-08-11T15:44:38.306172,0000,078616,0.029687,0.0000,0.1723
2026-08-11T15:44:40.066595,0000,078624,0.027241,-0.0007,0.1650
2026-08-11T15:44:41.851131,0000,078632,0.024788,-0.0009,0.1574
2026-08-11T15:44:43.977084,0000,078640,0.053956,-0.0011,0.2323
2026-08-11T15:44:45.719067,0000,078648,0.038798,-0.0005,0.1970
2026-08-11T15:44:47.500452,0000,078656,0.041526,0.0002,0.2038
2026-08-11T15:44:49.419399,0000,078664,0.016305,0.0005,0.1277
2026-08-11T15:44:51.522418,0000,078672,0.041424,0.0003,0.2035
2026-08-11T15:44:53.442371,0000,078680,0.020295,0.0001,0.1425
2026-08-11T15:44:55.287815,0000,078688,0.065388,-0.0006,0.2557
2026-08-11T15:44:57.121265,0000,078696,0.035853,-0.0009,0.1893
2026-08-11T15:44:58.951395,0000,078704,0.026900,-0.0008,0.1640
2026-08-11T15:45:01.255008,0000,078712,0.069580,-0.0008,0.2638
2026-08-11T15:45:03.105385,0000,078720,0.045311,0.0001,0.2129
2026-08-11T15:45:05.071637,0000,078728,0.029867,0.0006,0.1728
2026-08-11T15:45:06.913464,0000,078736,0.034985,0.0004,0.1870
2026-08-11T15:45:08.762827,0000,078744,0.032268,0.0000,0.1796
2026-08-11T15:45:10.537111,0000,078752,0.013916,-0.0006,0.1180
2026-08-11T15:45:12.292347,0000,078760,0.027220,-0.0009,0.1650
2026-08-11T15:45:14.029509,0000,078768,0.019167,-0.0009,0.1384
2026-08-11T15:45:15.771360,0000,078776,0.018698,-0.0005,0.1367
2026-08-11T15:45:17.599258,0000,078784,0.034202,0.0003,0.1849
2026-08-11T15:45:19.591793,0000,078792,0.043816,0.0004,0.2093
2026-08-11T15:45:21.458715,0000,078800,0.022002,0.0005,0.1483
2026-08-11T15:45:23.486235,0000,078808,0.052039,0.0001,0.2281
2026-08-11T15:45:25.493399,0000,078816,0.054611,-0.0009,0.2337
2026-08-11T15:45:27.217234,0000,078824,0.037668,-0.0009,0.1941
2026-08-11T15:45:29.088257,0000,078832,0.034455,-0.0008,0.1856
2026-08-11T15:45:31.030290,0000,078840,0.023509,-0.0004,0.1533
2026-08-11T15:45:32.947399,0000,078848,0.018144,0.0002,0.1347
2026-08-11T15:45:34.925257,0000,078856,0.030566,0.0005,0.1748
2026-08-11T15:45:36.823952,0000,078864,0.029056,0.0004,0.1705
2026-08-11T15:45:38.766247,0000,078872,0.059668,-0.0001,0.2443
2026-08-11T15:45:40.799638,0000,078880,0.033590,-0.0001,0.1833
2026-08-11T15:45:42.660711,0000,078888,0.036561,0.0003,0.1912
2026-08-11T15:45:44.575439,0000,078896,0.057656,0.0001,0.2401
2026-08-11T15:45:46.544509,0000,078904,0.042366,-0.0000,0.2058
2026-08-11T15:45:48.482228,0000,078912,0.011143,-0.0000,0.1056
2026-08-11T15:45:50.586797,0000,078920,0.014008,0.0003,0.1184
2026-08-11T15:45:52.560465,0000,078928,0.016540,0.0003,0.1286
2026-08-11T15:45:54.986997,0000,078936,0.029399,-0.0002,0.1715
2026-08-11T15:45:56.915421,0000,078944,0.021641,-0.0002,0.1471
2026-08-11T15:45:59.037062,0000,078952,0.047167,-0.0000,0.2172
2026-08-11T15:46:00.916540,0000,078960,0.014640,0.0008,0.1210
2026-08-11T15:46:02.787299,0000,078968,0.028386,0.0010,0.1685
2026-08-11T15:46:04.952365,0000,078976,0.042318,0.0010,0.2057
2026-08-11T15:46:06.797244,0000,078984,0.023885,0.0004,0.1545
2026-08-11T15:46:08.780822,0000,078992,1.579976,-0.0012,1.2570
2026-08-11T15:46:10.723018,0000,079000,0.030323,-0.0006,0.1741
2026-08-11T15:46:12.850587,0000,079008,0.014635,-0.0006,0.1210
2026-08-11T15:46:14.620743,0000,079016,0.022209,-0.0002,0.1490
2026-08-11T15:46:16.356076,0000,079024,0.023315,0.0005,0.1527
2026-08-11T15:46:18.060629,0000,079032,0.015893,0.0008,0.1261
2026-08-11T15:46:19.886332,0000,079040,0.057925,0.0005,0.2407
2026-08-11T15:46:21.607055,0000,079048,0.038715,0.0002,0.1968
2026-08-11T15:46:23.558099,0000,079056,0.043547,-0.0006,0.2087
2026-08-11T15:46:25.411089,0000,079064,0.018153,-0.0008,0.1347
2026-08-11T15:46:27.150687,0000,079072,0.026930,-0.0007,0.1641
2026-08-11T15:46:29.210248,0000,079080,0.027282,-0.0003,0.1652
2026-08-11T15:46:31.142065,0000,079088,0.009592,0.0003,0.0979
2026-08-11T15:46:32.915379,0000,079096,0.023683,0.0005,0.1539
2026-08-11T15:46:34.648092,0000,079104,0.019017,0.0005,0.1379
2026-08-11T15:46:36.540070,0000,079112,0.025933,0.0002,0.1610
2026-08-11T15:46:38.240904,0000,079120,0.015511,-0.0006,0.1245
2026-08-11T15:46:40.059890,0000,079128,0.020828,-0.0009,0.1443
2026-08-11T15:46:42.102776,0000,079136,0.060812,-0.0011,0.2466
2026-08-11T15:46:44.048226,0000,079144,0.045183,-0.0004,0.2126
2026-08-11T15:46:46.805449,0000,079152,0.020253,0.0001,0.1423
2026-08-11T15:46:48.923071,0000,079160,0.018737,0.0005,0.1369
2026-08-11T15:46:50.747255,0000,079168,0.167329,0.0002,0.4091
2026-08-11T15:46:52.631089,0000,079176,0.018201,0.0001,0.1349
2026-08-11T15:46:54.598979,0000,079184,0.018740,-0.0007,0.1369
2026-08-11T15:46:56.505197,0000,079192,0.023156,-0.0009,0.1522
2026-08-11T15:46:58.709378,0000,079200,0.062059,-0.0010,0.2491
2026-08-11T15:47:00.503398,0000,079208,0.045783,-0.0005,0.2140
2026-08-11T15:47:02.294026,0000,079216,0.017992,0.0002,0.1341
2026-08-11T15:47:04.317803,0000,079224,0.011190,0.0006,0.1058
2026-08-11T15:47:06.209975,0000,079232,0.039990,0.0004,0.2000
2026-08-11T15:47:08.176327,0000,079240,0.012355,-0.0000,0.1112
2026-08-11T15:47:10.273191,0000,079248,0.024184,-0.0000,0.1555
2026-08-11T15:47:12.427475,0000,079256,0.016581,0.0002,0.1288
2026-08-11T15:47:14.725304,0000,079264,0.067187,-0.0001,0.2592
2026-08-11T15:47:17.149113,0000,079272,0.017490,0.0007,0.1322
2026-08-11T15:47:19.209570,0000,079280,0.029584,0.0004,0.1720
2026-08-11T15:47:21.299119,0000,079288,0.016101,0.0001,0.1269
2026-08-11T15:47:23.817878,0000,079296,0.012215,-0.0005,0.1105
2026-08-11T15:47:26.002989,0000,079304,0.037658,-0.0009,0.1941
2026-08-11T15:47:28.244232,0000,079312,0.047555,-0.0010,0.2181
2026-08-11T15:47:30.225161,0000,079320,0.031931,-0.0004,0.1787
2026-08-11T15:47:32.174959,0000,079328,0.033037,0.0001,0.1818
2026-08-11T15:47:34.150913,0000,079336,0.019458,0.0006,0.1395
2026-08-11T15:47:36.019858,0000,079344,0.051871,0.0003,0.2278
2026-08-11T15:47:37.832892,0000,079352,0.017506,-0.0000,0.1323
2026-08-11T15:47:39.639810,0000,079360,0.035513,-0.0000,0.1884
2026-08-11T15:47:41.554575,0000,079368,0.019545,0.0002,0.1398
2026-08-11T15:47:43.313539,0000,079376,0.068708,0.0001,0.2621
2026-08-11T15:47:45.365761,0000,079384,0.039177,-0.0003,0.1979
2026-08-11T15:47:47.743577,0000,079392,0.022126,-0.0002,0.1487
2026-08-11T15:47:49.854375,0000,079400,0.036010,0.0001,0.1898
2026-08-11T15:47:51.836679,0000,079408,0.029016,0.0003,0.1703
2026-08-11T15:47:53.771895,0000,079416,0.026484,-0.0002,0.1627
2026-08-11T15:47:55.540634,0000,079424,0.022881,-0.0002,0.1513
2026-08-11T15:47:57.253370,0000,079432,0.025903,0.0001,0.1609
2026-08-11T15:47:59.286056,0000,079440,0.067256,-0.0003,0.2593
2026-08-11T15:48:01.112274,0000,079448,0.025174,0.0004,0.1587
2026-08-11T15:48:02.861894,0000,079456,0.028318,0.0003,0.1683
2026-08-11T15:48:04.755450,0000,079464,0.036050,-0.0002,0.1899
2026-08-11T15:48:07.085984,0000,079472,0.012595,-0.0002,0.1122
2026-08-11T15:48:09.212170,0000,079480,0.015711,0.0002,0.1253
2026-08-11T15:48:11.070208,0000,079488,0.010972,0.0002,0.1047
2026-08-11T15:48:13.300705,0000,079496,0.024580,-0.0001,0.1568
2026-08-11T15:48:15.728735,0000,079504,0.025956,-0.0010,0.1611
2026-08-11T15:48:17.975384,0000,079512,0.031525,-0.0010,0.1776
2026-08-11T15:48:20.186565,0000,079520,0.052820,-0.0011,0.2298
2026-08-11T15:48:22.184988,0000,079528,0.087591,-0.0006,0.2960
2026-08-11T15:48:24.062310,0000,079536,0.025103,0.0001,0.1584
2026-08-11T15:48:26.105012,0000,079544,0.017594,0.0004,0.1326
2026-08-11T15:48:27.984925,0000,079552,0.033972,0.0002,0.1843
2026-08-11T15:48:30.035902,0000,079560,0.009609,-0.0000,0.0980
2026-08-11T15:48:32.231710,0000,079568,0.030992,0.0002,0.1760
2026-08-11T15:48:34.662502,0000,079576,0.076241,-0.0008,0.2761
2026-08-11T15:48:37.374880,0000,079584,0.032669,-0.0005,0.1807
2026-08-11T15:48:39.647943,0000,079592,0.024267,0.0000,0.1558
2026-08-11T15:48:41.618805,0000,079600,0.021640,-0.0000,0.1471
2026-08-11T15:48:43.534402,0000,079608,0.026488,0.0002,0.1628
2026-08-11T15:48:45.580693,0000,079616,0.047459,0.0001,0.2179
2026-08-11T15:48:47.468422,0000,079624,0.020508,-0.0002,0.1432
2026-08-11T15:48:49.595814,0000,079632,0.033969,-0.0002,0.1843
2026-08-11T15:48:51.914151,0000,079640,0.014806,0.0001,0.1217
2026-08-11T15:48:54.047431,0000,079648,0.042341,0.0000,0.2058
2026-08-11T15:48:56.331684,0000,079656,0.056733,0.0003,0.2382
2026-08-11T15:48:58.269357,0000,079664,0.032991,0.0002,0.1816
2026-08-11T15:49:00.679325,0000,079672,0.020674,-0.0002,0.1438
2026-08-11T15:49:02.648009,0000,079680,0.031784,-0.0002,0.1783
2026-08-11T15:49:04.615524,0000,079688,0.014839,0.0002,0.1218
2026-08-11T15:49:06.610867,0000,079696,0.023881,-0.0000,0.1545
2026-08-11T15:49:08.582834,0000,079704,0.015071,0.0003,0.1228
2026-08-11T15:49:10.676514,0000,079712,0.017445,0.0003,0.1321
2026-08-11T15:49:12.698686,0000,079720,0.025561,-0.0002,0.1599
2026-08-11T15:49:14.530351,0000,079728,0.012992,-0.0001,0.1140
2026-08-11T15:49:16.553347,0000,079736,0.046125,0.0000,0.2148
2026-08-11T15:49:18.450874,0000,079744,0.025654,0.0007,0.1602
2026-08-11T15:49:20.261673,0000,079752,0.057524,0.0006,0.2398
2026-08-11T15:49:22.068027,0000,079760,0.050418,0.0006,0.2245
2026-08-11T15:49:23.812396,0000,079768,0.011740,0.0003,0.1083
2026-08-11T15:49:25.512018,0000,079776,0.012936,-0.0005,0.1137
2026-08-11T15:49:27.223417,0000,079784,0.016228,-0.0008,0.1274
2026-08-11T15:49:29.021981,0000,079792,0.103100,-0.0008,0.3211
2026-08-11T15:49:30.753365,0000,079800,0.018472,-0.0004,0.1359
2026-08-11T15:49:32.925879,0000,079808,0.071733,0.0004,0.2678
2026-08-11T15:49:34.631623,0000,079816,0.024381,0.0003,0.1561
2026-08-11T15:49:36.387203,0000,079824,0.035933,0.0003,0.1896
2026-08-11T15:49:38.191287,0000,079832,0.044900,-0.0002,0.2119
2026-08-11T15:49:39.905790,0000,079840,0.048625,-0.0002,0.2205
2026-08-11T15:49:41.775849,0000,079848,0.019920,0.0001,0.1411
2026-08-11T15:49:43.931609,0000,079856,0.020034,0.0002,0.1415
2026-08-11T15:49:45.674136,0000,079864,0.022204,-0.0002,0.1490
2026-08-11T15:49:47.595928,0000,079872,0.045916,-0.0005,0.2143
2026-08-11T15:49:49.769124,0000,079880,0.023457,-0.0000,0.1532
2026-08-11T15:49:51.528830,0000,079888,0.045624,-0.0001,0.2136
2026-08-11T15:49:53.387196,0000,079896,0.030385,0.0002,0.1743
2026-08-11T15:49:55.101101,0000,079904,0.027894,0.0001,0.1670
2026-08-11T15:49:56.995914,0000,079912,0.020040,-0.0003,0.1416
2026-08-11T15:49:58.884969,0000,079920,0.028701,-0.0004,0.1694
2026-08-11T15:50:00.815994,0000,079928,0.041428,0.0000,0.2035
2026-08-11T15:50:02.505389,0000,079936,0.028137,-0.0000,0.1677
2026-08-11T15:50:04.252157,0000,079944,0.023167,0.0003,0.1522
2026-08-11T15:50:06.036411,0000,079952,0.041761,0.0002,0.2044
2026-08-11T15:50:07.729509,0000,079960,0.020560,-0.0003,0.1434
2026-08-11T15:50:09.566102,0000,079968,0.046890,-0.0003,0.2165
2026-08-11T15:50:11.293840,0000,079976,0.019365,0.0001,0.1392
2026-08-11T15:50:13.031877,0000,079984,0.013061,0.0000,0.1143
2026-08-11T15:50:14.974775,0000,079992,0.055714,-0.0005,0.2360
2026-08-11T15:50:16.781280,0000,080000,0.030062,-0.0004,0.1734
2026-08-11T15:50:18.662047,0000,080008,0.023014,0.0000,0.1517
2026-08-11T15:50:20.424039,0000,080016,0.021965,-0.0001,0.1482
2026-08-11T15:50:22.323000,0000,080024,0.029939,0.0003,0.1730
2026-08-11T15:50:24.121432,0000,080032,0.011863,0.0003,0.1089
2026-08-11T15:50:26.088305,0000,080040,0.013259,-0.0002,0.1151
2026-08-11T15:50:27.822083,0000,080048,0.017832,-0.0002,0.1335
2026-08-11T15:50:29.626132,0000,080056,0.054186,0.0000,0.2328
2026-08-11T15:50:31.545704,0000,080064,0.017528,0.0006,0.1324
2026-08-11T15:50:33.490633,0000,080072,0.037194,0.0010,0.1929
2026-08-11T15:50:35.198096,0000,080080,0.029763,0.0007,0.1725
2026-08-11T15:50:36.889095,0000,080088,0.041067,0.0002,0.2027
2026-08-11T15:50:38.579910,0000,080096,0.019074,-0.0005,0.1381
2026-08-11T15:50:40.462531,0000,080104,0.058787,-0.0009,0.2425
2026-08-11T15:50:42.321445,0000,080112,0.014828,-0.0007,0.1218
2026-08-11T15:50:44.373206,0000,080120,0.040780,-0.0005,0.2019
2026-08-11T15:50:46.333865,0000,080128,0.037482,0.0002,0.1936
2026-08-11T15:50:48.085906,0000,080136,0.099022,0.0004,0.3147
2026-08-11T15:50:49.893522,0000,080144,0.039233,0.0003,0.1981
2026-08-11T15:50:51.606177,0000,080152,0.032356,-0.0000,0.1799
2026-08-11T15:50:53.383055,0000,080160,0.024216,-0.0000,0.1556
2026-08-11T15:50:55.139321,0000,080168,0.014170,0.0002,0.1190
2026-08-11T15:50:56.887857,0000,080176,0.020109,0.0002,0.1418
2026-08-11T15:50:58.667302,0000,080184,0.018135,-0.0002,0.1347
2026-08-11T15:51:00.870137,0000,080192,0.019756,-0.0003,0.1406
2026-08-11T15:51:02.743962,0000,080200,0.030476,0.0002,0.1746
2026-08-11T15:51:04.747762,0000,080208,0.019524,0.0001,0.1397
2026-08-11T15:51:06.749142,0000,080216,0.016015,-0.0004,0.1265
2026-08-11T15:51:08.486364,0000,080224,0.021948,-0.0004,0.1481
2026-08-11T15:51:10.265485,0000,080232,0.054610,-0.0003,0.2337
2026-08-11T15:51:12.107790,0000,080240,0.040701,0.0007,0.2017
2026-08-11T15:51:13.815665,0000,080248,0.023290,0.0007,0.1526
2026-08-11T15:51:15.624790,0000,080256,0.040064,0.0006,0.2002
2026-08-11T15:51:17.536948,0000,080264,0.229320,0.0000,0.4789
2026-08-11T15:51:19.751780,0000,080272,0.029799,0.0001,0.1726
2026-08-11T15:51:21.677998,0000,080280,0.012606,-0.0004,0.1123
2026-08-11T15:51:23.841314,0000,080288,0.078820,-0.0003,0.2807
2026-08-11T15:51:25.765318,0000,080296,0.020082,0.0000,0.1417
2026-08-11T15:51:27.852296,0000,080304,0.049773,-0.0002,0.2231
2026-08-11T15:51:29.746807,0000,080312,0.220978,0.0001,0.4701
2026-08-11T15:51:31.551078,0000,080320,0.074984,-0.0000,0.2738
2026-08-11T15:51:33.614526,0000,080328,0.015303,0.0003,0.1237
2026-08-11T15:51:35.434317,0000,080336,0.038798,0.0001,0.1970
2026-08-11T15:51:37.394869,0000,080344,0.035669,-0.0003,0.1889
2026-08-11T15:51:39.346865,0000,080352,0.054404,-0.0004,0.2332
2026-08-11T15:51:41.145767,0000,080360,0.015456,-0.0001,0.1243
2026-08-11T15:51:42.928668,0000,080368,0.083641,0.0003,0.2892
2026-08-11T15:51:44.741549,0000,080376,0.027043,0.0008,0.1644
2026-08-11T15:51:46.562635,0000,080384,0.024705,0.0006,0.1572
2026-08-11T15:51:48.280452,0000,080392,0.016243,0.0000,0.1274
2026-08-11T15:51:50.155269,0000,080400,0.018538,-0.0006,0.1362
2026-08-11T15:51:52.180561,0000,080408,0.016475,-0.0010,0.1284
2026-08-11T15:51:54.117685,0000,080416,0.077461,-0.0011,0.2783
2026-08-11T15:51:55.981076,0000,080424,0.055721,-0.0007,0.2361
2026-08-11T15:51:58.236157,0000,080432,0.226363,-0.0001,0.4758
2026-08-11T15:52:00.390334,0000,080440,0.013778,0.0009,0.1174
2026-08-11T15:52:02.988052,0000,080448,0.072191,0.0016,0.2687
2026-08-11T15:52:05.338111,0000,080456,0.050635,0.0016,0.2250
2026-08-11T15:52:07.444305,0000,080464,0.037227,0.0013,0.1929
2026-08-11T15:52:09.434494,0000,080472,0.024991,0.0007,0.1581
2026-08-11T15:52:11.140617,0000,080480,0.022605,-0.0002,0.1503
2026-08-11T15:52:12.868342,0000,080488,0.051818,-0.0006,0.2276
2026-08-11T15:52:14.819617,0000,080496,0.046853,-0.0006,0.2165
2026-08-11T15:52:16.565786,0000,080504,0.074005,-0.0003,0.2720
2026-08-11T15:52:18.433446,0000,080512,0.016288,0.0005,0.1276
2026-08-11T15:52:20.204716,0000,080520,0.037814,0.0005,0.1945
2026-08-11T15:52:22.113675,0000,080528,0.019334,0.0003,0.1390
2026-08-11T15:52:24.170037,0000,080536,0.015846,-0.0000,0.1259
2026-08-11T15:52:26.494077,0000,080544,0.026572,-0.0008,0.1630
2026-08-11T15:52:28.304128,0000,080552,0.038619,-0.0010,0.1965
2026-08-11T15:52:30.524702,0000,080560,0.064400,-0.0011,0.2538
2026-08-11T15:52:32.872443,0000,080568,0.026737,-0.0006,0.1635
2026-08-11T15:52:34.739843,0000,080576,0.025875,-0.0000,0.1609
2026-08-11T15:52:36.582341,0000,080584,0.022634,0.0010,0.1504
2026-08-11T15:52:38.757945,0000,080592,0.027250,0.0015,0.1651
2026-08-11T15:52:41.177334,0000,080600,0.045266,0.0018,0.2128
2026-08-11T15:52:43.550237,0000,080608,0.041892,0.0013,0.2047
2026-08-11T15:52:46.080961,0000,080616,0.033449,0.0010,0.1829
2026-08-11T15:52:48.477748,0000,080624,0.012596,-0.0000,0.1122
2026-08-11T15:52:50.957435,0000,080632,0.018853,-0.0005,0.1373
2026-08-11T15:52:53.046147,0000,080640,0.016011,-0.0003,0.1265
2026-08-11T15:52:55.088634,0000,080648,0.023011,-0.0001,0.1517
2026-08-11T15:52:57.176227,0000,080656,0.038329,0.0005,0.1958
2026-08-11T15:52:59.066499,0000,080664,0.039186,0.0008,0.1980
2026-08-11T15:53:01.281181,0000,080672,0.026321,0.0006,0.1622
2026-08-11T15:53:03.193550,0000,080680,0.233585,0.0000,0.4833
2026-08-11T15:53:05.125973,0000,080688,0.019507,-0.0006,0.1397
2026-08-11T15:53:07.052334,0000,080696,0.126089,-0.0013,0.3551
2026-08-11T15:53:08.911389,0000,080704,0.021098,-0.0009,0.1453
2026-08-11T15:53:10.771359,0000,080712,0.050853,-0.0006,0.2255
2026-08-11T15:53:12.638175,0000,080720,0.010379,0.0002,0.1019
2026-08-11T15:53:14.450822,0000,080728,0.047786,0.0002,0.2186
2026-08-11T15:53:16.531093,0000,080736,0.024690,0.0003,0.1571
2026-08-11T15:53:18.302298,0000,080744,0.016012,-0.0001,0.1265
2026-08-11T15:53:20.234000,0000,080752,0.052582,-0.0003,0.2293
2026-08-11T15:53:22.125227,0000,080760,0.236521,-0.0000,0.4863
2026-08-11T15:53:23.963254,0000,080768,0.039797,-0.0002,0.1995
2026-08-11T15:53:25.768542,0000,080776,0.020281,0.0002,0.1424
2026-08-11T15:53:27.558217,0000,080784,0.014316,0.0002,0.1196
2026-08-11T15:53:29.350816,0000,080792,0.045579,-0.0003,0.2135
2026-08-11T15:53:31.120334,0000,080800,0.016086,-0.0003,0.1268
2026-08-11T15:53:33.188899,0000,080808,0.093272,-0.0001,0.3054
2026-08-11T15:53:35.216386,0000,080816,0.046017,0.0006,0.2145
2026-08-11T15:53:37.174010,0000,080824,0.049919,0.0007,0.2234
2026-08-11T15:53:39.272859,0000,080832,0.033694,0.0006,0.1836
2026-08-11T15:53:41.326622,0000,080840,0.056547,0.0000,0.2378
2026-08-11T15:53:43.411303,0000,080848,0.059888,-0.0006,0.2447
2026-08-11T15:53:45.533864,0000,080856,0.015529,-0.0009,0.1246
2026-08-11T15:53:47.771508,0000,080864,0.035656,-0.0011,0.1888
2026-08-11T15:53:49.632234,0000,080872,0.031886,-0.0005,0.1786
2026-08-11T15:53:51.643592,0000,080880,0.015475,0.0002,0.1244
2026-08-11T15:53:53.433204,0000,080888,0.010995,0.0004,0.1049
2026-08-11T15:53:55.377089,0000,080896,0.049008,0.0002,0.2214
2026-08-11T15:53:57.712033,0000,080904,0.032016,0.0001,0.1789
2026-08-11T15:53:59.907865,0000,080912,0.022297,-0.0005,0.1493
2026-08-11T15:54:02.071755,0000,080920,0.055050,-0.0014,0.2346
2026-08-11T15:54:03.987477,0000,080928,0.047169,-0.0012,0.2172
2026-08-11T15:54:05.883934,0000,080936,0.015864,-0.0006,0.1260
2026-08-11T15:54:07.711823,0000,080944,0.019137,0.0000,0.1383
2026-08-11T15:54:09.523315,0000,080952,1.584117,-0.0007,1.2586
2026-08-11T15:54:11.418813,0000,080960,0.023722,0.0008,0.1540
2026-08-11T15:54:13.228632,0000,080968,0.019876,0.0010,0.1410
2026-08-11T15:54:15.226953,0000,080976,0.055239,0.0008,0.2350
2026-08-11T15:54:17.049170,0000,080984,0.024084,0.0003,0.1552
2026-08-11T15:54:19.132593,0000,080992,0.016259,-0.0003,0.1275
2026-08-11T15:54:20.904908,0000,081000,0.015592,-0.0007,0.1249
2026-08-11T15:54:22.692269,0000,081008,0.028542,-0.0009,0.1689
2026-08-11T15:54:24.624171,0000,081016,0.237541,-0.0005,0.4874
2026-08-11T15:54:26.332225,0000,081024,0.021193,0.0002,0.1456
2026-08-11T15:54:28.341131,0000,081032,0.021303,0.0006,0.1460
2026-08-11T15:54:30.422167,0000,081040,0.027173,0.0004,0.1648
2026-08-11T15:54:32.232416,0000,081048,0.016182,-0.0001,0.1272
2026-08-11T15:54:34.094080,0000,081056,0.033947,-0.0001,0.1842
2026-08-11T15:54:36.616837,0000,081064,0.028168,0.0005,0.1678
2026-08-11T15:54:38.726188,0000,081072,0.032288,-0.0000,0.1797
2026-08-11T15:54:40.776929,0000,081080,0.077936,0.0002,0.2792
2026-08-11T15:54:43.319884,0000,081088,0.052342,0.0003,0.2288
2026-08-11T15:54:45.266551,0000,081096,0.024786,-0.0001,0.1574
2026-08-11T15:54:47.193253,0000,081104,0.037386,-0.0004,0.1934
2026-08-11T15:54:49.119721,0000,081112,0.024334,0.0000,0.1560
2026-08-11T15:54:51.181409,0000,081120,0.051491,-0.0003,0.2269
2026-08-11T15:54:53.157009,0000,081128,0.023283,0.0002,0.1526
2026-08-11T15:54:55.377380,0000,081136,0.031772,0.0002,0.1782
2026-08-11T15:54:57.562993,0000,081144,0.015150,-0.0003,0.1231
2026-08-11T15:54:59.868433,0000,081152,0.018506,-0.0001,0.1360
2026-08-11T15:55:02.075710,0000,081160,0.029727,0.0000,0.1724
2026-08-11T15:55:03.876798,0000,081168,0.025401,-0.0000,0.1594
2026-08-11T15:55:05.662733,0000,081176,0.017689,0.0001,0.1330
2026-08-11T15:55:07.714104,0000,081184,0.023052,-0.0000,0.1518
2026-08-11T15:55:10.168595,0000,081192,0.026317,0.0004,0.1622
2026-08-11T15:55:12.281301,0000,081200,0.244949,0.0002,0.4949
2026-08-11T15:55:14.433202,0000,081208,0.081595,-0.0002,0.2856
2026-08-11T15:55:16.542511,0000,081216,0.118114,-0.0002,0.3437
2026-08-11T15:55:18.459869,0000,081224,0.031054,0.0001,0.1762
2026-08-11T15:55:20.436347,0000,081232,0.033405,0.0000,0.1828
2026-08-11T15:55:22.403427,0000,081240,0.028508,-0.0004,0.1688
2026-08-11T15:55:24.494672,0000,081248,0.013838,-0.0003,0.1176
2026-08-11T15:55:26.361220,0000,081256,0.013935,-0.0000,0.1180
2026-08-11T15:55:28.272087,0000,081264,0.029556,0.0005,0.1719
2026-08-11T15:55:30.349989,0000,081272,0.019397,0.0008,0.1393
2026-08-11T15:55:32.233460,0000,081280,0.037778,0.0006,0.1944
2026-08-11T15:55:34.126165,0000,081288,0.016542,0.0002,0.1286
2026-08-11T15:55:35.979940,0000,081296,0.021125,-0.0005,0.1453
2026-08-11T15:55:38.301221,0000,081304,0.051042,-0.0009,0.2259
2026-08-11T15:55:40.522404,0000,081312,0.049560,-0.0011,0.2226
2026-08-11T15:55:42.717698,0000,081320,0.066604,-0.0006,0.2581
2026-08-11T15:55:44.984936,0000,081328,0.040870,0.0000,0.2022
2026-08-11T15:55:46.876056,0000,081336,0.028987,0.0009,0.1703
2026-08-11T15:55:49.118152,0000,081344,0.048133,0.0013,0.2194
2026-08-11T15:55:51.089365,0000,081352,0.036764,0.0014,0.1917
2026-08-11T15:55:53.071707,0000,081360,0.050662,0.0013,0.2251
2026-08-11T15:55:55.353854,0000,081368,0.014933,0.0010,0.1222
2026-08-11T15:55:57.658002,0000,081376,0.020032,0.0002,0.1415
2026-08-11T15:56:00.101268,0000,081384,0.028177,-0.0012,0.1679
2026-08-11T15:56:02.221405,0000,081392,0.041872,-0.0016,0.2046
2026-08-11T15:56:03.986708,0000,081400,0.050780,-0.0017,0.2253
2026-08-11T15:56:05.877591,0000,081408,0.109869,-0.0017,0.3315
2026-08-11T15:56:07.959905,0000,081416,0.028335,-0.0013,0.1683
2026-08-11T15:56:10.147680,0000,081424,0.020943,-0.0004,0.1447
2026-08-11T15:56:12.019530,0000,081432,0.019502,0.0004,0.1397
2026-08-11T15:56:13.924856,0000,081440,0.028389,0.0009,0.1685
2026-08-11T15:56:15.760522,0000,081448,0.023747,0.0010,0.1541
2026-08-11T15:56:17.645241,0000,081456,0.029207,0.0010,0.1709
2026-08-11T15:56:19.489460,0000,081464,0.090896,0.0004,0.3015
2026-08-11T15:56:21.296711,0000,081472,0.029347,-0.0003,0.1713
2026-08-11T15:56:23.284621,0000,081480,0.051972,-0.0007,0.2280
2026-08-11T15:56:25.316431,0000,081488,0.023097,-0.0007,0.1520
2026-08-11T15:56:27.177606,0000,081496,0.026532,-0.0003,0.1629
2026-08-11T15:56:28.965551,0000,081504,0.051671,0.0002,0.2273
2026-08-11T15:56:31.053790,0000,081512,0.029015,0.0004,0.1703
2026-08-11T15:56:33.028077,0000,081520,0.037842,0.0005,0.1945
2026-08-11T15:56:34.869353,0000,081528,0.014230,-0.0001,0.1193
2026-08-11T15:56:36.697570,0000,081536,0.011760,-0.0000,0.1084
2026-08-11T15:56:38.417253,0000,081544,0.039383,0.0001,0.1985
2026-08-11T15:56:40.208566,0000,081552,0.029364,0.0000,0.1714
2026-08-11T15:56:42.347367,0000,081560,0.047089,-0.0004,0.2170
2026-08-11T15:56:44.287981,0000,081568,0.016227,-0.0002,0.1274
2026-08-11T15:56:45.991582,0000,081576,0.019278,-0.0000,0.1388
2026-08-11T15:56:48.053433,0000,081584,0.019894,0.0005,0.1410
2026-08-11T15:56:50.093233,0000,081592,0.031455,0.0006,0.1774
2026-08-11T15:56:52.350324,0000,081600,0.015144,0.0007,0.1231
2026-08-11T15:56:54.362471,0000,081608,0.025064,0.0002,0.1583
2026-08-11T15:56:56.215646,0000,081616,0.024295,-0.0006,0.1559
2026-08-11T15:56:58.015159,0000,081624,0.025751,-0.0007,0.1605
2026-08-11T15:57:00.088293,0000,081632,0.031184,-0.0008,0.1766
2026-08-11T15:57:02.478519,0000,081640,0.046351,-0.0006,0.2153
2026-08-11T15:57:04.606664,0000,081648,0.016271,0.0001,0.1276
2026-08-11T15:57:06.579623,0000,081656,0.013057,0.0004,0.1143
2026-08-11T15:57:09.189615,0000,081664,0.055300,0.0003,0.2352
2026-08-11T15:57:11.596548,0000,081672,0.040019,-0.0004,0.2000
2026-08-11T15:57:13.663455,0000,081680,0.015851,-0.0001,0.1259
2026-08-11T15:57:15.611922,0000,081688,0.027365,0.0001,0.1654
2026-08-11T15:57:17.856444,0000,081696,0.039016,0.0001,0.1975
2026-08-11T15:57:19.843074,0000,081704,0.019593,-0.0003,0.1400
2026-08-11T15:57:22.338462,0000,081712,0.031916,-0.0004,0.1786
2026-08-11T15:57:24.479728,0000,081720,0.051500,-0.0001,0.2269
2026-08-11T15:57:26.801251,0000,081728,0.019723,0.0005,0.1404
2026-08-11T15:57:29.299494,0000,081736,0.022504,0.0010,0.1500
2026-08-11T15:57:31.401505,0000,081744,0.018630,0.0008,0.1365
2026-08-11T15:57:33.537919,0000,081752,0.043044,0.0001,0.2075
2026-08-11T15:57:35.681816,0000,081760,0.044942,-0.0007,0.2120
2026-08-11T15:57:37.724424,0000,081768,0.036599,-0.0009,0.1913
2026-08-11T15:57:39.987928,0000,081776,0.027219,-0.0009,0.1650
2026-08-11T15:57:41.893569,0000,081784,0.014605,-0.0004,0.1209
2026-08-11T15:57:44.051328,0000,081792,0.016430,0.0002,0.1282
2026-08-11T15:57:45.871172,0000,081800,0.012567,0.0004,0.1121
2026-08-11T15:57:47.996245,0000,081808,1.570925,-0.0005,1.2534
2026-08-11T15:57:49.817129,0000,081816,0.014729,0.0004,0.1214
2026-08-11T15:57:51.800346,0000,081824,0.023704,0.0005,0.1540
2026-08-11T15:57:53.707069,0000,081832,0.012801,-0.0000,0.1131
2026-08-11T15:57:55.417904,0000,081840,0.014713,-0.0002,0.1213
2026-08-11T15:57:57.185050,0000,081848,0.018972,0.0001,0.1377
2026-08-11T15:57:59.028102,0000,081856,0.029470,0.0001,0.1717
2026-08-11T15:58:00.859254,0000,081864,0.016706,-0.0002,0.1293
2026-08-11T15:58:02.821027,0000,081872,0.010317,-0.0003,0.1016
2026-08-11T15:58:04.611161,0000,081880,0.044957,-0.0000,0.2120
2026-08-11T15:58:06.611433,0000,081888,0.035692,0.0005,0.1889
2026-08-11T15:58:08.918564,0000,081896,0.044437,0.0007,0.2108
2026-08-11T15:58:11.657169,0000,081904,0.031151,0.0009,0.1765
2026-08-11T15:58:13.723581,0000,081912,0.020692,0.0002,0.1438
2026-08-11T15:58:15.913754,0000,081920,0.036171,-0.0006,0.1902
2026-08-11T15:58:18.272150,0000,081928,0.032282,-0.0009,0.1797
2026-08-11T15:58:20.314448,0000,081936,0.045118,-0.0009,0.2124
2026-08-11T15:58:22.118960,0000,081944,0.017526,-0.0004,0.1324
2026-08-11T15:58:24.057075,0000,081952,0.016163,0.0001,0.1271
2026-08-11T15:58:26.166965,0000,081960,0.030033,0.0005,0.1733
2026-08-11T15:58:27.935849,0000,081968,0.021142,0.0002,0.1454
2026-08-11T15:58:29.833613,0000,081976,0.026390,0.0000,0.1625
2026-08-11T15:58:31.719550,0000,081984,0.023279,-0.0008,0.1526
2026-08-11T15:58:33.667686,0000,081992,0.040511,-0.0011,0.2013
2026-08-11T15:58:35.596016,0000,082000,0.044141,-0.0011,0.2101
2026-08-11T15:58:37.491455,0000,082008,0.031386,-0.0007,0.1772
2026-08-11T15:58:39.470971,0000,082016,0.016974,-0.0000,0.1303
2026-08-11T15:58:41.371894,0000,082024,0.020737,0.0008,0.1440
2026-08-11T15:58:43.181007,0000,082032,0.056092,0.0011,0.2368
2026-08-11T15:58:44.998260,0000,082040,0.046227,0.0013,0.2150
2026-08-11T15:58:46.832072,0000,082048,0.024882,0.0011,0.1577
2026-08-11T15:58:48.728517,0000,082056,0.028185,0.0005,0.1679
2026-08-11T15:58:50.717861,0000,082064,0.029840,-0.0004,0.1727
2026-08-11T15:58:52.704849,0000,082072,0.023034,-0.0007,0.1518
2026-08-11T15:58:54.695297,0000,082080,0.023207,-0.0008,0.1523
2026-08-11T15:58:56.469223,0000,082088,0.023161,-0.0004,0.1522
2026-08-11T15:58:58.340771,0000,082096,0.022023,0.0001,0.1484
2026-08-11T15:59:00.066797,0000,082104,0.013008,0.0002,0.1141
2026-08-11T15:59:02.389350,0000,082112,0.094287,-0.0003,0.3071
2026-08-11T15:59:04.104330,0000,082120,0.019650,0.0002,0.1402
2026-08-11T15:59:05.858156,0000,082128,0.021322,0.0001,0.1460
2026-08-11T15:59:07.644863,0000,082136,0.036018,-0.0002,0.1898
2026-08-11T15:59:09.393033,0000,082144,0.037669,-0.0005,0.1941
2026-08-11T15:59:11.160294,0000,082152,1.579632,-0.0010,1.2568
2026-08-11T15:59:12.979739,0000,082160,0.037074,0.0003,0.1925
2026-08-11T15:59:15.035041,0000,082168,0.090783,0.0004,0.3013
2026-08-11T15:59:17.153527,0000,082176,0.014215,0.0004,0.1192
2026-08-11T15:59:19.154717,0000,082184,0.017657,-0.0001,0.1329
2026-08-11T15:59:21.190687,0000,082192,0.022862,-0.0003,0.1512
2026-08-11T15:59:23.457605,0000,082200,0.020034,-0.0001,0.1415
2026-08-11T15:59:25.424917,0000,082208,0.028240,0.0006,0.1680
2026-08-11T15:59:27.128489,0000,082216,0.019380,0.0006,0.1392
2026-08-11T15:59:28.846699,0000,082224,1.565244,-0.0004,1.2511
2026-08-11T15:59:30.731775,0000,082232,0.023406,0.0006,0.1530
2026-08-11T15:59:32.536979,0000,082240,0.036486,0.0004,0.1910
2026-08-11T15:59:34.477672,0000,082248,0.078823,-0.0001,0.2808
2026-08-11T15:59:36.321156,0000,082256,0.072391,-0.0001,0.2691
2026-08-11T15:59:38.140948,0000,082264,0.052132,-0.0002,0.2283
2026-08-11T15:59:39.867658,0000,082272,0.022240,0.0005,0.1491
2026-08-11T15:59:41.934254,0000,082280,0.019211,0.0005,0.1386
2026-08-11T15:59:44.396190,0000,082288,0.012488,0.0005,0.1118
2026-08-11T15:59:46.575624,0000,082296,0.035718,-0.0002,0.1890
2026-08-11T15:59:48.619767,0000,082304,0.017474,-0.0001,0.1322
2026-08-11T15:59:50.767167,0000,082312,0.037702,-0.0001,0.1942
2026-08-11T15:59:52.727977,0000,082320,0.017096,0.0006,0.1308
2026-08-11T15:59:54.650868,0000,082328,0.032122,0.0006,0.1792
2026-08-11T15:59:56.567281,0000,082336,0.031871,0.0004,0.1785
2026-08-11T15:59:58.927180,0000,082344,0.032290,-0.0002,0.1797
2026-08-11T16:00:00.917261,0000,082352,0.025891,-0.0001,0.1609
2026-08-11T16:00:02.950711,0000,082360,0.035645,0.0001,0.1888
2026-08-11T16:00:05.187395,0000,082368,0.034840,-0.0001,0.1867
2026-08-11T16:00:07.082470,0000,082376,0.022736,0.0001,0.1508
2026-08-11T16:00:09.412817,0000,082384,0.022154,0.0002,0.1488
2026-08-11T16:00:11.808351,0000,082392,0.030040,-0.0004,0.1733
2026-08-11T16:00:14.058269,0000,082400,0.036863,-0.0004,0.1920
2026-08-11T16:00:15.918721,0000,082408,1.592405,-0.0012,1.2619
2026-08-11T16:00:17.962425,0000,082416,0.014519,0.0003,0.1205
2026-08-11T16:00:19.973202,0000,082424,0.024420,0.0004,0.1563
2026-08-11T16:00:22.755892,0000,082432,0.051094,0.0003,0.2260
2026-08-11T16:00:24.756010,0000,082440,0.035056,-0.0002,0.1872
2026-08-11T16:00:27.202847,0000,082448,0.024841,-0.0005,0.1576
2026-08-11T16:00:29.250920,0000,082456,0.019795,-0.0001,0.1407
2026-08-11T16:00:31.236834,0000,082464,0.084745,0.0004,0.2911
2026-08-11T16:00:33.242902,0000,082472,0.044111,0.0004,0.2100
2026-08-11T16:00:35.615748,0000,082480,0.063264,0.0004,0.2515
2026-08-11T16:00:37.935630,0000,082488,0.043171,-0.0000,0.2078
2026-08-11T16:00:40.322768,0000,082496,0.032085,-0.0003,0.1791
2026-08-11T16:00:42.604044,0000,082504,0.013427,0.0000,0.1159
2026-08-11T16:00:44.944550,0000,082512,0.012433,-0.0001,0.1115
2026-08-11T16:00:46.906116,0000,082520,0.019603,0.0001,0.1400
2026-08-11T16:00:49.084668,0000,082528,0.039867,-0.0000,0.1997
2026-08-11T16:00:51.051737,0000,082536,0.034537,0.0000,0.1858
2026-08-11T16:00:53.281484,0000,082544,0.017834,0.0002,0.1335
2026-08-11T16:00:55.396365,0000,082552,0.033454,-0.0006,0.1829
2026-08-11T16:00:57.568318,0000,082560,0.026610,-0.0006,0.1631
2026-08-11T16:00:59.505869,0000,082568,0.021043,-0.0003,0.1451
2026-08-11T16:01:01.540908,0000,082576,0.028092,0.0001,0.1676
2026-08-11T16:01:03.635354,0000,082584,0.025280,0.0003,0.1590
2026-08-11T16:01:05.711604,0000,082592,0.237673,0.0003,0.4875
2026-08-11T16:01:08.066760,0000,082600,0.023557,-0.0003,0.1535
2026-08-11T16:01:10.126242,0000,082608,0.012722,-0.0002,0.1128
2026-08-11T16:01:12.085687,0000,082616,0.020420,-0.0001,0.1429
2026-08-11T16:01:14.315774,0000,082624,0.088101,0.0004,0.2968
2026-08-11T16:01:16.229160,0000,082632,1.607274,-0.0003,1.2678
2026-08-11T16:01:18.116495,0000,082640,0.047199,0.0009,0.2173
2026-08-11T16:01:20.354878,0000,082648,0.027981,0.0011,0.1673
2026-08-11T16:01:22.381929,0000,082656,0.041182,0.0008,0.2029
2026-08-11T16:01:24.390344,0000,082664,0.018584,0.0005,0.1363
2026-08-11T16:01:26.255421,0000,082672,0.013867,-0.0005,0.1178
2026-08-11T16:01:28.376049,0000,082680,0.079149,-0.0011,0.2813
2026-08-11T16:01:30.383343,0000,082688,0.052492,-0.0009,0.2291
2026-08-11T16:01:32.507009,0000,082696,0.032002,-0.0007,0.1789
2026-08-11T16:01:34.632717,0000,082704,0.223873,-0.0002,0.4732
2026-08-11T16:01:37.072854,0000,082712,0.046307,0.0009,0.2152
2026-08-11T16:01:38.979453,0000,082720,0.043666,0.0012,0.2090
2026-08-11T16:01:41.045877,0000,082728,0.019335,0.0012,0.1390
2026-08-11T16:01:43.347929,0000,082736,0.057343,0.0012,0.2395
2026-08-11T16:01:45.414100,0000,082744,0.011516,0.0005,0.1073
2026-08-11T16:01:47.547573,0000,082752,0.021142,-0.0005,0.1454
2026-08-11T16:01:49.612879,0000,082760,0.056254,-0.0010,0.2372
2026-08-11T16:01:51.829875,0000,082768,0.042938,-0.0009,0.2072
2026-08-11T16:01:54.107908,0000,082776,0.026051,-0.0005,0.1614
2026-08-11T16:01:56.279380,0000,082784,0.026826,-0.0001,0.1638
2026-08-11T16:01:58.623746,0000,082792,0.072955,0.0010,0.2701
2026-08-11T16:02:00.506590,0000,082800,0.220767,0.0011,0.4699
2026-08-11T16:02:02.446845,0000,082808,0.042364,0.0012,0.2058
2026-08-11T16:02:04.490276,0000,082816,0.039886,0.0010,0.1997
2026-08-11T16:02:06.711205,0000,082824,0.024232,0.0007,0.1557
2026-08-11T16:02:08.602447,0000,082832,0.021549,-0.0003,0.1468
2026-08-11T16:02:10.989137,0000,082840,0.062022,-0.0008,0.2490
2026-08-11T16:02:13.299883,0000,082848,0.014955,-0.0008,0.1223
2026-08-11T16:02:15.759341,0000,082856,0.019581,-0.0005,0.1399
2026-08-11T16:02:17.743112,0000,082864,0.027081,0.0000,0.1646
2026-08-11T16:02:19.748299,0000,082872,0.087038,0.0003,0.2950
2026-08-11T16:02:21.691079,0000,082880,0.022286,0.0001,0.1493
2026-08-11T16:02:23.522534,0000,082888,0.035985,-0.0003,0.1897
2026-08-11T16:02:25.263163,0000,082896,0.030048,-0.0004,0.1733
2026-08-11T16:02:27.098993,0000,082904,0.024907,-0.0001,0.1578
2026-08-11T16:02:28.888939,0000,082912,0.028476,0.0002,0.1687
2026-08-11T16:02:30.610633,0000,082920,0.039699,0.0004,0.1992
2026-08-11T16:02:32.573778,0000,082928,0.054449,0.0000,0.2333
2026-08-11T16:02:34.355958,0000,082936,0.230677,0.0003,0.4803
2026-08-11T16:02:36.164869,0000,082944,0.024780,0.0003,0.1574
2026-08-11T16:02:37.861978,0000,082952,0.015874,-0.0002,0.1260
2026-08-11T16:02:39.602865,0000,082960,0.023679,-0.0003,0.1539
2026-08-11T16:02:41.441045,0000,082968,0.010857,-0.0001,0.1042
2026-08-11T16:02:43.335863,0000,082976,1.573902,-0.0005,1.2546
2026-08-11T16:02:45.221694,0000,082984,0.054523,0.0013,0.2335
2026-08-11T16:02:47.031353,0000,082992,0.039875,0.0017,0.1997
2026-08-11T16:02:48.766224,0000,083000,0.031936,0.0014,0.1787
2026-08-11T16:02:50.672809,0000,083008,0.048204,0.0013,0.2196
2026-08-11T16:02:52.377812,0000,083016,0.030844,0.0007,0.1756
2026-08-11T16:02:54.221549,0000,083024,0.022790,-0.0001,0.1510
2026-08-11T16:02:55.934627,0000,083032,0.032148,-0.0005,0.1793
2026-08-11T16:02:57.768773,0000,083040,0.040499,-0.0007,0.2012
2026-08-11T16:02:59.653393,0000,083048,0.045192,-0.0004,0.2126
2026-08-11T16:03:01.807698,0000,083056,0.042680,0.0001,0.2066
2026-08-11T16:03:03.630487,0000,083064,0.035328,0.0001,0.1880
2026-08-11T16:03:05.625714,0000,083072,0.031561,0.0001,0.1777
2026-08-11T16:03:07.515974,0000,083080,0.033752,-0.0003,0.1837
2026-08-11T16:03:09.240747,0000,083088,0.036415,-0.0004,0.1908
2026-08-11T16:03:11.323778,0000,083096,0.022676,-0.0004,0.1506
2026-08-11T16:03:13.043002,0000,083104,0.034150,0.0003,0.1848
2026-08-11T16:03:14.931677,0000,083112,0.037285,0.0004,0.1931
2026-08-11T16:03:16.769575,0000,083120,0.010607,0.0002,0.1030
2026-08-11T16:03:18.814793,0000,083128,0.056434,-0.0004,0.2376
2026-08-11T16:03:20.876173,0000,083136,0.020967,-0.0004,0.1448
2026-08-11T16:03:22.730646,0000,083144,0.016551,-0.0001,0.1287
2026-08-11T16:03:24.492872,0000,083152,0.047203,0.0003,0.2173
2026-08-11T16:03:26.540547,0000,083160,0.024516,0.0006,0.1566
2026-08-11T16:03:28.715335,0000,083168,0.251506,0.0001,0.5015
2026-08-11T16:03:30.539542,0000,083176,0.040841,-0.0002,0.2021
2026-08-11T16:03:32.307191,0000,083184,0.025720,-0.0003,0.1604
2026-08-11T16:03:34.048482,0000,083192,0.020062,-0.0000,0.1416
2026-08-11T16:03:35.868409,0000,083200,0.019913,0.0004,0.1411
2026-08-11T16:03:37.599328,0000,083208,0.087731,0.0006,0.2962
2026-08-11T16:03:39.330174,0000,083216,0.030921,0.0004,0.1758
2026-08-11T16:03:41.199724,0000,083224,0.019773,0.0000,0.1406
2026-08-11T16:03:43.034862,0000,083232,0.027759,-0.0009,0.1666
2026-08-11T16:03:44.901767,0000,083240,0.034203,-0.0012,0.1849
2026-08-11T16:03:46.958256,0000,083248,0.031060,-0.0014,0.1762
2026-08-11T16:03:48.804968,0000,083256,0.018434,-0.0010,0.1358
2026-08-11T16:03:50.550496,0000,083264,0.028147,-0.0004,0.1678
2026-08-11T16:03:52.724697,0000,083272,0.084692,0.0003,0.2910
2026-08-11T16:03:54.959872,0000,083280,0.020118,0.0011,0.1418
2026-08-11T16:03:56.837366,0000,083288,0.047396,0.0011,0.2177
2026-08-11T16:03:58.556466,0000,083296,0.049971,0.0007,0.2235
2026-08-11T16:04:00.397369,0000,083304,0.044337,0.0002,0.2106
2026-08-11T16:04:02.349804,0000,083312,0.043477,-0.0005,0.2085
2026-08-11T16:04:04.150756,0000,083320,0.220678,-0.0009,0.4698
2026-08-11T16:04:06.107326,0000,083328,0.082207,-0.0009,0.2867
2026-08-11T16:04:08.051552,0000,083336,0.038102,-0.0007,0.1952
2026-08-11T16:04:09.982085,0000,083344,0.049303,-0.0002,0.2220
2026-08-11T16:04:11.706697,0000,083352,0.057605,0.0007,0.2400
2026-08-11T16:04:13.648346,0000,083360,0.028834,0.0015,0.1698
2026-08-11T16:04:15.740338,0000,083368,1.614144,0.0005,1.2705
2026-08-11T16:04:17.654422,0000,083376,0.021699,0.0009,0.1473
2026-08-11T16:04:19.561941,0000,083384,0.019700,0.0003,0.1404
2026-08-11T16:04:21.713013,0000,083392,0.017252,-0.0003,0.1313
2026-08-11T16:04:23.771245,0000,083400,0.069864,-0.0009,0.2643
2026-08-11T16:04:25.723215,0000,083408,0.012204,-0.0008,0.1105
2026-08-11T16:04:27.585284,0000,083416,0.037024,-0.0006,0.1924
2026-08-11T16:04:29.585184,0000,083424,0.015289,0.0000,0.1236
2026-08-11T16:04:31.848318,0000,083432,0.037343,0.0004,0.1932
2026-08-11T16:04:33.732409,0000,083440,0.029458,0.0001,0.1716
2026-08-11T16:04:35.623058,0000,083448,0.030042,-0.0004,0.1733
2026-08-11T16:04:37.437883,0000,083456,0.018968,-0.0006,0.1377
2026-08-11T16:04:39.493985,0000,083464,0.097193,-0.0004,0.3118
2026-08-11T16:04:41.392233,0000,083472,0.048383,0.0003,0.2200
2026-08-11T16:04:43.264485,0000,083480,0.011661,0.0006,0.1080
2026-08-11T16:04:45.058348,0000,083488,0.019990,0.0001,0.1414
2026-08-11T16:04:46.890772,0000,083496,0.226577,-0.0003,0.4760
2026-08-11T16:04:48.848818,0000,083504,0.041487,-0.0003,0.2037
2026-08-11T16:04:50.586131,0000,083512,0.011524,-0.0001,0.1074
2026-08-11T16:04:52.353105,0000,083520,0.026827,0.0004,0.1638
2026-08-11T16:04:54.420325,0000,083528,0.025178,0.0005,0.1587
2026-08-11T16:04:56.359411,0000,083536,0.019515,0.0004,0.1397
2026-08-11T16:04:58.353925,0000,083544,0.035862,-0.0001,0.1894
2026-08-11T16:05:00.189875,0000,083552,0.026531,-0.0003,0.1629
2026-08-11T16:05:02.016564,0000,083560,0.063487,-0.0001,0.2520
2026-08-11T16:05:04.361617,0000,083568,0.068256,0.0004,0.2613
2026-08-11T16:05:06.219963,0000,083576,0.019979,0.0006,0.1413
2026-08-11T16:05:08.401421,0000,083584,0.024535,0.0004,0.1566
2026-08-11T16:05:10.449353,0000,083592,0.037534,-0.0001,0.1937
2026-08-11T16:05:12.494245,0000,083600,0.087595,-0.0003,0.2960
2026-08-11T16:05:14.256863,0000,083608,0.035964,-0.0000,0.1896
2026-08-11T16:05:16.230111,0000,083616,0.028812,0.0004,0.1697
2026-08-11T16:05:18.050263,0000,083624,0.034177,0.0006,0.1849
2026-08-11T16:05:20.127530,0000,083632,0.021720,0.0004,0.1474
2026-08-11T16:05:22.136267,0000,083640,0.023840,-0.0000,0.1544
2026-08-11T16:05:24.169965,0000,083648,0.041899,-0.0001,0.2047
2026-08-11T16:05:26.245445,0000,083656,0.031101,0.0001,0.1764
2026-08-11T16:05:28.481087,0000,083664,0.090760,-0.0003,0.3013
2026-08-11T16:05:30.486769,0000,083672,0.045149,0.0001,0.2125
2026-08-11T16:05:32.689396,0000,083680,0.014888,0.0000,0.1220
2026-08-11T16:05:34.842485,0000,083688,0.040763,-0.0005,0.2019
2026-08-11T16:05:36.690002,0000,083696,0.036800,-0.0005,0.1918
2026-08-11T16:05:38.722198,0000,083704,0.027503,-0.0002,0.1658
2026-08-11T16:05:40.831263,0000,083712,0.015669,0.0003,0.1252
2026-08-11T16:05:42.691298,0000,083720,0.017468,0.0005,0.1322
2026-08-11T16:05:44.969017,0000,083728,0.067513,0.0002,0.2598
2026-08-11T16:05:47.284196,0000,083736,0.022009,-0.0002,0.1484
2026-08-11T16:05:49.305653,0000,083744,0.021259,-0.0003,0.1458
2026-08-11T16:05:51.199107,0000,083752,0.014012,-0.0001,0.1184
2026-08-11T16:05:52.995031,0000,083760,1.571421,-0.0004,1.2536
2026-08-11T16:05:54.913042,0000,083768,0.032822,0.0012,0.1812
2026-08-11T16:05:56.876325,0000,083776,0.056630,0.0018,0.2380
2026-08-11T16:05:58.583121,0000,083784,0.047305,0.0015,0.2175
2026-08-11T16:06:00.287289,0000,083792,0.032770,0.0012,0.1810
2026-08-11T16:06:02.026170,0000,083800,1.581538,-0.0001,1.2576
2026-08-11T16:06:04.381792,0000,083808,0.014568,0.0008,0.1207
2026-08-11T16:06:06.410623,0000,083816,0.029093,0.0001,0.1706
2026-08-11T16:06:08.370227,0000,083824,0.021744,-0.0005,0.1475
2026-08-11T16:06:10.316238,0000,083832,0.020937,-0.0011,0.1447
2026-08-11T16:06:12.226998,0000,083840,0.029440,-0.0011,0.1716
2026-08-11T16:06:13.978835,0000,083848,0.082996,-0.0009,0.2881
2026-08-11T16:06:15.773397,0000,083856,0.031260,-0.0003,0.1768
2026-08-11T16:06:17.862862,0000,083864,0.236451,0.0004,0.4863
2026-08-11T16:06:20.160866,0000,083872,0.031316,0.0012,0.1770
2026-08-11T16:06:22.469973,0000,083880,0.033741,0.0016,0.1837
2026-08-11T16:06:24.720581,0000,083888,0.073055,0.0006,0.2703
2026-08-11T16:06:26.916277,0000,083896,0.043791,0.0004,0.2093
2026-08-11T16:06:28.803957,0000,083904,0.038318,-0.0003,0.1957
2026-08-11T16:06:30.751337,0000,083912,0.033218,-0.0008,0.1823
2026-08-11T16:06:32.706022,0000,083920,0.019614,-0.0009,0.1401
2026-08-11T16:06:34.683937,0000,083928,0.019388,-0.0005,0.1392
2026-08-11T16:06:36.706336,0000,083936,0.026543,-0.0000,0.1629
2026-08-11T16:06:39.030032,0000,083944,0.048670,0.0016,0.2206
2026-08-11T16:06:41.165791,0000,083952,0.033091,0.0013,0.1819
2026-08-11T16:06:43.507649,0000,083960,0.062739,0.0014,0.2505
2026-08-11T16:06:45.343983,0000,083968,1.607682,0.0001,1.2679
2026-08-11T16:06:47.386558,0000,083976,0.033577,0.0005,0.1832
2026-08-11T16:06:49.370127,0000,083984,0.046173,-0.0005,0.2149
2026-08-11T16:06:51.269723,0000,083992,0.022480,-0.0007,0.1499
2026-08-11T16:06:52.990509,0000,084000,1.572544,-0.0016,1.2540
2026-08-11T16:06:54.938592,0000,084008,0.022362,-0.0006,0.1495
2026-08-11T16:06:57.193586,0000,084016,0.023983,-0.0001,0.1549
2026-08-11T16:06:59.077749,0000,084024,0.065976,0.0005,0.2569
2026-08-11T16:07:00.867722,0000,084032,0.037190,0.0012,0.1928
2026-08-11T16:07:02.695746,0000,084040,0.040831,0.0013,0.2021
2026-08-11T16:07:04.590230,0000,084048,0.044933,0.0011,0.2120
2026-08-11T16:07:06.960626,0000,084056,0.025451,0.0009,0.1595
2026-08-11T16:07:08.793798,0000,084064,0.035754,-0.0003,0.1891
2026-08-11T16:07:10.732285,0000,084072,0.020114,-0.0007,0.1418
2026-08-11T16:07:12.567659,0000,084080,0.046208,-0.0007,0.2150
2026-08-11T16:07:14.479944,0000,084088,0.040264,-0.0005,0.2007
2026-08-11T16:07:16.313906,0000,084096,0.014432,0.0000,0.1201
2026-08-11T16:07:18.317803,0000,084104,0.051984,0.0002,0.2280
2026-08-11T16:07:20.037841,0000,084112,0.018344,0.0000,0.1354
2026-08-11T16:07:22.141978,0000,084120,0.021364,-0.0003,0.1462
2026-08-11T16:07:24.373290,0000,084128,0.027556,-0.0004,0.1660
2026-08-11T16:07:26.362119,0000,084136,0.015739,-0.0002,0.1255
2026-08-11T16:07:28.292121,0000,084144,0.010598,0.0002,0.1029
2026-08-11T16:07:30.558216,0000,084152,0.014554,0.0005,0.1206
2026-08-11T16:07:32.700700,0000,084160,0.024291,0.0003,0.1559
2026-08-11T16:07:35.112950,0000,084168,0.037095,-0.0002,0.1926
2026-08-11T16:07:37.401394,0000,084176,0.025341,-0.0003,0.1592
2026-08-11T16:07:39.433975,0000,084184,0.051668,-0.0001,0.2273
2026-08-11T16:07:41.477076,0000,084192,0.030122,0.0004,0.1736
2026-08-11T16:07:43.596976,0000,084200,0.036192,0.0006,0.1902
2026-08-11T16:07:45.940162,0000,084208,0.013530,0.0004,0.1163
2026-08-11T16:07:48.279955,0000,084216,0.029241,-0.0001,0.1710
2026-08-11T16:07:50.436894,0000,084224,0.032010,-0.0003,0.1789
2026-08-11T16:07:52.308983,0000,084232,0.025657,0.0000,0.1602
2026-08-11T16:07:54.575211,0000,084240,0.048870,-0.0002,0.2211
2026-08-11T16:07:56.812512,0000,084248,0.025531,0.0002,0.1598
2026-08-11T16:07:58.678528,0000,084256,0.035307,0.0000,0.1879
2026-08-11T16:08:00.952603,0000,084264,0.022777,-0.0005,0.1509
2026-08-11T16:08:03.073319,0000,084272,0.028365,-0.0005,0.1684
2026-08-11T16:08:05.212838,0000,084280,0.034932,-0.0003,0.1869
2026-08-11T16:08:07.235813,0000,084288,0.015436,0.0002,0.1242
2026-08-11T16:08:09.318113,0000,084296,0.033080,0.0004,0.1819
2026-08-11T16:08:11.450016,0000,084304,0.048792,0.0002,0.2209
2026-08-11T16:08:13.567213,0000,084312,0.037159,-0.0003,0.1928
2026-08-11T16:08:15.478558,0000,084320,0.091142,-0.0003,0.3019
2026-08-11T16:08:17.487388,0000,084328,0.040816,-0.0001,0.2020
2026-08-11T16:08:20.204426,0000,084336,0.016820,0.0006,0.1297
2026-08-11T16:08:22.157615,0000,084344,0.095466,0.0005,0.3090
2026-08-11T16:08:24.092030,0000,084352,0.021770,0.0004,0.1475
2026-08-11T16:08:26.509878,0000,084360,0.019082,-0.0001,0.1381
2026-08-11T16:08:28.844276,0000,084368,0.013293,-0.0002,0.1153
2026-08-11T16:08:31.232644,0000,084376,0.017441,0.0001,0.1321
2026-08-11T16:08:33.617778,0000,084384,0.038996,-0.0001,0.1975
2026-08-11T16:08:35.812825,0000,084392,0.045965,-0.0001,0.2144
2026-08-11T16:08:38.299352,0000,084400,0.024636,0.0006,0.1570
2026-08-11T16:08:40.449059,0000,084408,0.020609,0.0008,0.1436
2026-08-11T16:08:43.137750,0000,084416,0.051503,0.0005,0.2269
2026-08-11T16:08:45.186989,0000,084424,0.036071,0.0001,0.1899
2026-08-11T16:08:47.775047,0000,084432,0.045002,-0.0009,0.2121
2026-08-11T16:08:49.758547,0000,084440,0.023277,-0.0010,0.1526
2026-08-11T16:08:52.043866,0000,084448,0.019352,-0.0010,0.1391
2026-08-11T16:08:54.209545,0000,084456,0.016595,-0.0007,0.1288
2026-08-11T16:08:56.271421,0000,084464,0.036839,-0.0002,0.1919
2026-08-11T16:08:58.204217,0000,084472,0.023715,0.0007,0.1540
2026-08-11T16:09:00.151382,0000,084480,0.034566,0.0010,0.1859
2026-08-11T16:09:02.124996,0000,084488,0.035184,0.0012,0.1876
2026-08-11T16:09:04.346425,0000,084496,0.053075,0.0007,0.2304
2026-08-11T16:09:06.350353,0000,084504,0.020630,0.0003,0.1436
2026-08-11T16:09:08.760737,0000,084512,0.058975,-0.0006,0.2428
2026-08-11T16:09:10.914144,0000,084520,0.087714,-0.0007,0.2962
2026-08-11T16:09:13.391011,0000,084528,0.048303,-0.0010,0.2198
2026-08-11T16:09:15.401310,0000,084536,0.018089,-0.0004,0.1345
2026-08-11T16:09:17.762218,0000,084544,0.018073,0.0000,0.1344
2026-08-11T16:09:19.517346,0000,084552,0.013301,0.0009,0.1153
2026-08-11T16:09:21.961197,0000,084560,0.048470,0.0015,0.2202
2026-08-11T16:09:23.925262,0000,084568,0.038790,0.0014,0.1970
2026-08-11T16:09:26.395014,0000,084576,0.030516,0.0012,0.1747
2026-08-11T16:09:28.205115,0000,084584,0.033222,0.0005,0.1823
2026-08-11T16:09:30.313883,0000,084592,0.039164,-0.0004,0.1979
2026-08-11T16:09:32.332272,0000,084600,0.023238,-0.0006,0.1524
2026-08-11T16:09:34.056696,0000,084608,0.042446,-0.0006,0.2060
2026-08-11T16:09:36.105517,0000,084616,0.021152,-0.0006,0.1454
2026-08-11T16:09:38.302174,0000,084624,0.053646,-0.0001,0.2316
2026-08-11T16:09:40.280319,0000,084632,0.054534,0.0009,0.2335
2026-08-11T16:09:42.349760,0000,084640,0.028767,0.0013,0.1696
2026-08-11T16:09:44.861102,0000,084648,0.068944,0.0013,0.2626
2026-08-11T16:09:46.802787,0000,084656,0.032142,0.0012,0.1793
2026-08-11T16:09:48.588666,0000,084664,0.019645,0.0005,0.1402
2026-08-11T16:09:50.325756,0000,084672,0.107478,-0.0004,0.3278
2026-08-11T16:09:52.191393,0000,084680,0.018554,-0.0006,0.1362
2026-08-11T16:09:54.258183,0000,084688,0.267993,-0.0010,0.5177
2026-08-11T16:09:56.520875,0000,084696,0.020951,-0.0006,0.1447
2026-08-11T16:09:58.250929,0000,084704,0.012098,0.0001,0.1100
2026-08-11T16:10:00.078590,0000,084712,0.030090,0.0001,0.1735
2026-08-11T16:10:02.111028,0000,084720,0.044339,-0.0000,0.2106
2026-08-11T16:10:04.151742,0000,084728,0.020495,0.0003,0.1432
2026-08-11T16:10:06.527156,0000,084736,0.019570,0.0002,0.1399
2026-08-11T16:10:08.562497,0000,084744,0.033216,-0.0003,0.1823
2026-08-11T16:10:10.555554,0000,084752,0.025456,-0.0003,0.1595
2026-08-11T16:10:12.282811,0000,084760,0.015302,-0.0001,0.1237
2026-08-11T16:10:14.705142,0000,084768,0.026243,0.0004,0.1620
2026-08-11T16:10:16.823002,0000,084776,0.034951,0.0004,0.1870
2026-08-11T16:10:18.899319,0000,084784,0.040064,0.0002,0.2002
2026-08-11T16:10:20.759364,0000,084792,0.025288,-0.0002,0.1590
2026-08-11T16:10:23.223850,0000,084800,0.010861,-0.0004,0.1042
2026-08-11T16:10:25.036141,0000,084808,0.023223,-0.0001,0.1524
2026-08-11T16:10:26.948842,0000,084816,0.020146,0.0004,0.1419
2026-08-11T16:10:28.814547,0000,084824,0.031602,0.0006,0.1778
2026-08-11T16:10:31.014042,0000,084832,0.043038,0.0005,0.2075
2026-08-11T16:10:32.761071,0000,084840,0.027924,-0.0001,0.1671
2026-08-11T16:10:34.572088,0000,084848,0.034323,-0.0003,0.1853
2026-08-11T16:10:36.414992,0000,084856,0.023756,-0.0001,0.1541
2026-08-11T16:10:38.699889,0000,084864,0.027492,0.0007,0.1658
2026-08-11T16:10:40.862205,0000,084872,0.022923,0.0007,0.1514
2026-08-11T16:10:42.899668,0000,084880,0.406803,0.0003,0.6378
2026-08-11T16:10:44.684878,0000,084888,0.012411,0.0000,0.1114
2026-08-11T16:10:46.819763,0000,084896,0.028897,-0.0007,0.1700
2026-08-11T16:10:48.927537,0000,084904,0.081864,-0.0012,0.2861
2026-08-11T16:10:51.036561,0000,084912,0.037839,-0.0011,0.1945
2026-08-11T16:10:52.996258,0000,084920,0.024560,-0.0009,0.1567
2026-08-11T16:10:54.957032,0000,084928,0.020631,-0.0004,0.1436
2026-08-11T16:10:56.763491,0000,084936,0.023401,0.0005,0.1530
2026-08-11T16:10:58.866643,0000,084944,0.066633,0.0010,0.2581
2026-08-11T16:11:01.580626,0000,084952,0.035515,0.0016,0.1885
2026-08-11T16:11:03.387277,0000,084960,1.561464,-0.0001,1.2496
2026-08-11T16:11:05.275204,0000,084968,0.065329,0.0008,0.2556
2026-08-11T16:11:07.322604,0000,084976,0.025409,0.0007,0.1594
2026-08-11T16:11:09.449701,0000,084984,0.045691,-0.0000,0.2138
2026-08-11T16:11:11.645634,0000,084992,0.027590,0.0000,0.1661
2026-08-11T16:11:13.964653,0000,085000,0.018816,-0.0006,0.1372
2026-08-11T16:11:15.747440,0000,085008,0.022531,-0.0005,0.1501
2026-08-11T16:11:17.661620,0000,085016,0.021546,-0.0004,0.1468
2026-08-11T16:11:19.521931,0000,085024,0.019072,0.0000,0.1381
2026-08-11T16:11:21.304689,0000,085032,0.021880,0.0003,0.1479
2026-08-11T16:11:23.223898,0000,085040,0.013007,0.0000,0.1140
2026-08-11T16:11:25.068199,0000,085048,0.030357,-0.0003,0.1742
2026-08-11T16:11:27.088574,0000,085056,0.017469,-0.0005,0.1322
2026-08-11T16:11:29.126415,0000,085064,0.028856,-0.0003,0.1699
2026-08-11T16:11:31.132726,0000,085072,0.056404,0.0001,0.2375
2026-08-11T16:11:33.197985,0000,085080,0.017235,0.0003,0.1313
2026-08-11T16:11:35.552688,0000,085088,0.026218,0.0000,0.1619
2026-08-11T16:11:37.419852,0000,085096,0.107101,-0.0006,0.3273
2026-08-11T16:11:39.345972,0000,085104,0.087678,-0.0008,0.2961
2026-08-11T16:11:41.166294,0000,085112,0.028634,-0.0002,0.1692
2026-08-11T16:11:43.211021,0000,085120,0.067924,0.0003,0.2606
2026-08-11T16:11:45.078514,0000,085128,0.029327,0.0002,0.1713
2026-08-11T16:11:46.902506,0000,085136,0.022127,0.0001,0.1488
2026-08-11T16:11:48.873469,0000,085144,0.215809,-0.0005,0.4646
2026-08-11T16:11:50.915346,0000,085152,0.009220,-0.0005,0.0960
2026-08-11T16:11:52.684270,0000,085160,0.036825,-0.0002,0.1919
2026-08-11T16:11:54.636492,0000,085168,0.045263,0.0002,0.2128
2026-08-11T16:11:56.701345,0000,085176,0.066206,0.0002,0.2573
2026-08-11T16:11:58.457038,0000,085184,0.027308,0.0002,0.1653
2026-08-11T16:12:00.228920,0000,085192,0.035465,-0.0004,0.1883
2026-08-11T16:12:02.277396,0000,085200,0.024134,-0.0005,0.1554
2026-08-11T16:12:04.202344,0000,085208,0.018376,-0.0002,0.1356
2026-08-11T16:12:06.605499,0000,085216,0.020284,0.0003,0.1424
2026-08-11T16:12:08.693609,0000,085224,1.555250,-0.0003,1.2471
2026-08-11T16:12:10.636943,0000,085232,0.030359,0.0008,0.1742
2026-08-11T16:12:13.327655,0000,085240,0.026460,0.0012,0.1627
2026-08-11T16:12:15.391640,0000,085248,0.023953,0.0006,0.1548
2026-08-11T16:12:17.378268,0000,085256,0.046423,-0.0001,0.2155
2026-08-11T16:12:19.321545,0000,085264,0.076298,0.0000,0.2762
2026-08-11T16:12:21.346779,0000,085272,0.025348,-0.0005,0.1592
2026-08-11T16:12:23.689684,0000,085280,0.043852,-0.0006,0.2094
2026-08-11T16:12:25.773148,0000,085288,0.021235,-0.0003,0.1457
2026-08-11T16:12:27.758425,0000,085296,0.014756,0.0003,0.1215
2026-08-11T16:12:29.759133,0000,085304,0.022184,0.0002,0.1489
2026-08-11T16:12:31.905808,0000,085312,0.021487,0.0002,0.1466
2026-08-11T16:12:33.981066,0000,085320,0.013548,-0.0003,0.1164
2026-08-11T16:12:36.427759,0000,085328,0.017352,-0.0006,0.1317
2026-08-11T16:12:38.215216,0000,085336,0.042384,-0.0003,0.2059
2026-08-11T16:12:40.045300,0000,085344,0.027003,0.0003,0.1643
2026-08-11T16:12:41.987596,0000,085352,0.027709,0.0003,0.1665
2026-08-11T16:12:44.055242,0000,085360,0.037552,0.0002,0.1938
2026-08-11T16:12:46.205320,0000,085368,0.023565,-0.0002,0.1535
2026-08-11T16:12:48.247554,0000,085376,0.031743,-0.0004,0.1782
2026-08-11T16:12:50.496750,0000,085384,0.020096,-0.0002,0.1418
2026-08-11T16:12:53.008264,0000,085392,0.024830,0.0005,0.1576
2026-08-11T16:12:54.992535,0000,085400,0.034203,0.0003,0.1849
2026-08-11T16:12:57.053365,0000,085408,0.035712,0.0002,0.1890
2026-08-11T16:12:59.278276,0000,085416,0.028253,-0.0002,0.1681
2026-08-11T16:13:01.522046,0000,085424,0.042098,-0.0005,0.2052
2026-08-11T16:13:04.055790,0000,085432,0.021860,0.0001,0.1479
2026-08-11T16:13:06.267728,0000,085440,0.014484,-0.0003,0.1203
2026-08-11T16:13:08.911414,0000,085448,0.040292,-0.0002,0.2007
2026-08-11T16:13:11.420478,0000,085456,0.042382,0.0003,0.2059
2026-08-11T16:13:13.469567,0000,085464,0.016407,0.0005,0.1281
2026-08-11T16:13:15.774585,0000,085472,0.025217,0.0004,0.1588
2026-08-11T16:13:17.956847,0000,085480,0.024367,-0.0002,0.1561
2026-08-11T16:13:19.828986,0000,085488,0.020350,-0.0004,0.1427
2026-08-11T16:13:21.815360,0000,085496,0.021266,-0.0001,0.1458
2026-08-11T16:13:23.678026,0000,085504,0.017451,0.0004,0.1321
2026-08-11T16:13:25.508053,0000,085512,0.025558,0.0004,0.1599
2026-08-11T16:13:27.322259,0000,085520,0.024934,0.0002,0.1579
2026-08-11T16:13:29.241896,0000,085528,0.039813,-0.0002,0.1995
2026-08-11T16:13:31.050338,0000,085536,0.016481,-0.0004,0.1284
2026-08-11T16:13:33.101239,0000,085544,0.013492,-0.0002,0.1162
2026-08-11T16:13:35.610079,0000,085552,0.027390,0.0003,0.1655
2026-08-11T16:13:37.599330,0000,085560,0.030465,0.0003,0.1745
2026-08-11T16:13:39.965346,0000,085568,0.015001,0.0001,0.1225
2026-08-11T16:13:41.895529,0000,085576,0.028026,-0.0002,0.1674
2026-08-11T16:13:43.944075,0000,085584,0.075383,-0.0007,0.2746
2026-08-11T16:13:45.679535,0000,085592,0.022069,-0.0002,0.1486
2026-08-11T16:13:47.760974,0000,085600,0.045851,0.0001,0.2141
2026-08-11T16:13:49.515264,0000,085608,0.035079,0.0004,0.1873
2026-08-11T16:13:51.293016,0000,085616,0.030354,0.0001,0.1742
2026-08-11T16:13:53.062245,0000,085624,0.021902,-0.0002,0.1480
2026-08-11T16:13:55.157891,0000,085632,0.037965,-0.0007,0.1948
2026-08-11T16:13:57.099887,0000,085640,0.014934,-0.0001,0.1222
2026-08-11T16:13:59.113937,0000,085648,0.065525,0.0003,0.2560
2026-08-11T16:14:00.820330,0000,085656,0.015534,0.0004,0.1246
2026-08-11T16:14:02.541636,0000,085664,0.222557,0.0001,0.4718
2026-08-11T16:14:04.260438,0000,085672,0.013304,-0.0003,0.1153
2026-08-11T16:14:05.964969,0000,085680,0.019853,-0.0004,0.1409
2026-08-11T16:14:07.828273,0000,085688,0.010164,-0.0001,0.1008
2026-08-11T16:14:09.670088,0000,085696,0.018484,0.0004,0.1360
2026-08-11T16:14:11.594818,0000,085704,0.023791,0.0005,0.1542
2026-08-11T16:14:13.576918,0000,085712,0.014483,0.0004,0.1203
2026-08-11T16:14:15.633935,0000,085720,0.014118,-0.0002,0.1188
2026-08-11T16:14:17.696160,0000,085728,0.016828,-0.0003,0.1297
2026-08-11T16:14:19.580522,0000,085736,0.014082,-0.0001,0.1187
2026-08-11T16:14:21.426534,0000,085744,0.022275,0.0003,0.1492
2026-08-11T16:14:23.240741,0000,085752,0.022584,0.0005,0.1503
2026-08-11T16:14:25.306913,0000,085760,0.082413,-0.0001,0.2871
2026-08-11T16:14:27.108207,0000,085768,0.032763,0.0003,0.1810
2026-08-11T16:14:28.983257,0000,085776,0.025017,0.0002,0.1582
2026-08-11T16:14:31.027537,0000,085784,0.028180,-0.0002,0.1679
2026-08-11T16:14:33.056995,0000,085792,0.021660,-0.0004,0.1472
2026-08-11T16:14:35.328782,0000,085800,0.011172,-0.0002,0.1057
2026-08-11T16:14:37.380362,0000,085808,0.024395,0.0003,0.1562
2026-08-11T16:14:39.397248,0000,085816,0.023812,0.0004,0.1543
2026-08-11T16:14:41.206377,0000,085824,0.021707,0.0002,0.1473
2026-08-11T16:14:43.471248,0000,085832,0.025321,-0.0002,0.1591
2026-08-11T16:14:46.438663,0000,085840,0.017227,-0.0006,0.1312
2026-08-11T16:14:49.267765,0000,085848,0.035217,-0.0002,0.1877
2026-08-11T16:14:51.252028,0000,085856,0.016860,0.0002,0.1298
2026-08-11T16:14:53.397392,0000,085864,0.060485,0.0003,0.2459
2026-08-11T16:14:55.412261,0000,085872,0.012066,0.0002,0.1098
2026-08-11T16:14:57.261271,0000,085880,0.020314,-0.0002,0.1425
2026-08-11T16:14:59.429631,0000,085888,0.025026,-0.0005,0.1582
2026-08-11T16:15:01.361644,0000,085896,0.017027,-0.0001,0.1305
2026-08-11T16:15:03.240655,0000,085904,0.054433,0.0004,0.2333
2026-08-11T16:15:05.459923,0000,085912,0.044467,0.0005,0.2109
2026-08-11T16:15:08.191321,0000,085920,0.060334,0.0002,0.2456
2026-08-11T16:15:10.320119,0000,085928,0.027398,-0.0003,0.1655
2026-08-11T16:15:12.422671,0000,085936,0.021163,-0.0003,0.1455
2026-08-11T16:15:14.721613,0000,085944,0.118599,-0.0001,0.3444
2026-08-11T16:15:16.879009,0000,085952,0.015567,-0.0002,0.1248
2026-08-11T16:15:18.777037,0000,085960,0.014808,-0.0002,0.1217
2026-08-11T16:15:20.964073,0000,085968,0.035886,0.0004,0.1894
2026-08-11T16:15:23.337946,0000,085976,0.042590,0.0006,0.2064
2026-08-11T16:15:25.495012,0000,085984,0.012997,0.0003,0.1140
2026-08-11T16:15:27.842116,0000,085992,0.031434,-0.0003,0.1773
2026-08-11T16:15:29.875971,0000,086000,0.017403,-0.0003,0.1319
2026-08-11T16:15:32.273198,0000,086008,0.040797,-0.0000,0.2020
2026-08-11T16:15:34.718182,0000,086016,0.020493,-0.0002,0.1432
2026-08-11T16:15:36.933680,0000,086024,0.041460,0.0001,0.2036
2026-08-11T16:15:39.334640,0000,086032,0.020300,-0.0001,0.1425
2026-08-11T16:15:41.667979,0000,086040,0.012356,0.0000,0.1112
2026-08-11T16:15:44.208220,0000,086048,0.020870,-0.0002,0.1445
2026-08-11T16:15:46.688193,0000,086056,0.013123,0.0001,0.1146
2026-08-11T16:15:48.756757,0000,086064,1.599367,-0.0010,1.2647
2026-08-11T16:15:50.787918,0000,086072,0.018388,-0.0001,0.1356
2026-08-11T16:15:52.724776,0000,086080,0.024896,0.0005,0.1578
2026-08-11T16:15:54.795803,0000,086088,0.013493,0.0006,0.1162
2026-08-11T16:15:56.887155,0000,086096,0.088657,0.0003,0.2978
2026-08-11T16:15:59.453292,0000,086104,0.040229,-0.0000,0.2006
2026-08-11T16:16:01.682489,0000,086112,0.019949,-0.0008,0.1412
2026-08-11T16:16:04.012189,0000,086120,0.027901,-0.0012,0.1670
2026-08-11T16:16:06.675031,0000,086128,0.048575,-0.0014,0.2204
2026-08-11T16:16:09.153282,0000,086136,0.015113,-0.0009,0.1229
2026-08-11T16:16:11.904400,0000,086144,0.015851,-0.0003,0.1259
2026-08-11T16:16:14.092109,0000,086152,0.030477,0.0004,0.1746
2026-08-11T16:16:16.235273,0000,086160,0.039722,0.0009,0.1993
2026-08-11T16:16:18.585516,0000,086168,0.041702,0.0009,0.2042
2026-08-11T16:16:20.496911,0000,086176,0.023364,0.0008,0.1529
2026-08-11T16:16:22.573788,0000,086184,0.017510,0.0001,0.1323
2026-08-11T16:16:24.585582,0000,086192,0.070120,-0.0008,0.2648
2026-08-11T16:16:26.551781,0000,086200,0.015683,-0.0009,0.1252
2026-08-11T16:16:28.507923,0000,086208,0.048398,-0.0012,0.2200
2026-08-11T16:16:30.426226,0000,086216,0.039933,-0.0007,0.1998
2026-08-11T16:16:32.393797,0000,086224,0.026301,-0.0002,0.1622
2026-08-11T16:16:34.473380,0000,086232,0.021659,0.0006,0.1472
2026-08-11T16:16:36.466566,0000,086240,0.054199,0.0008,0.2328
2026-08-11T16:16:38.607381,0000,086248,0.020625,0.0010,0.1436
2026-08-11T16:16:40.633449,0000,086256,0.030767,0.0008,0.1754
2026-08-11T16:16:42.602755,0000,086264,0.025706,0.0002,0.1603
2026-08-11T16:16:44.786979,0000,086272,0.034671,-0.0005,0.1862
2026-08-11T16:16:46.989143,0000,086280,0.051546,-0.0011,0.2270
2026-08-11T16:16:49.413677,0000,086288,0.035262,-0.0008,0.1878
2026-08-11T16:16:51.804092,0000,086296,0.026312,-0.0006,0.1622
2026-08-11T16:16:53.813512,0000,086304,0.029812,-0.0001,0.1727
2026-08-11T16:16:55.665676,0000,086312,0.017650,0.0006,0.1329
2026-08-11T16:16:57.504618,0000,086320,0.031702,0.0010,0.1781
2026-08-11T16:16:59.437900,0000,086328,0.041556,0.0010,0.2039
2026-08-11T16:17:01.569530,0000,086336,0.032371,0.0010,0.1799
2026-08-11T16:17:03.333671,0000,086344,0.038244,0.0003,0.1956
2026-08-11T16:17:05.307654,0000,086352,0.019557,-0.0005,0.1398
2026-08-11T16:17:07.295172,0000,086360,0.030178,-0.0008,0.1737
2026-08-11T16:17:09.224820,0000,086368,0.031886,-0.0008,0.1786
2026-08-11T16:17:11.059652,0000,086376,0.013807,-0.0005,0.1175
2026-08-11T16:17:12.913908,0000,086384,0.037455,-0.0002,0.1935
2026-08-11T16:17:14.727683,0000,086392,0.223226,0.0005,0.4725
2026-08-11T16:17:16.507122,0000,086400,0.033365,0.0010,0.1827
2026-08-11T16:17:18.347747,0000,086408,0.026104,0.0010,0.1616
2026-08-11T16:17:20.221950,0000,086416,0.031418,0.0008,0.1773
2026-08-11T16:17:22.067362,0000,086424,0.025677,0.0002,0.1602
2026-08-11T16:17:23.943037,0000,086432,0.020110,-0.0004,0.1418
2026-08-11T16:17:25.957990,0000,086440,0.030770,-0.0009,0.1754
2026-08-11T16:17:28.025792,0000,086448,0.031674,-0.0011,0.1780
2026-08-11T16:17:29.963900,0000,086456,0.016111,-0.0006,0.1269
2026-08-11T16:17:31.770327,0000,086464,0.032223,-0.0001,0.1795
2026-08-11T16:17:33.734207,0000,086472,0.060067,0.0004,0.2451
2026-08-11T16:17:36.002646,0000,086480,0.035770,0.0012,0.1891
2026-08-11T16:17:37.747269,0000,086488,0.035325,0.0010,0.1879
2026-08-11T16:17:39.594750,0000,086496,0.025617,0.0009,0.1601
2026-08-11T16:17:41.502145,0000,086504,0.034126,0.0004,0.1847
2026-08-11T16:17:43.414174,0000,086512,0.219321,-0.0005,0.4683
2026-08-11T16:17:45.236700,0000,086520,0.014502,-0.0008,0.1204
2026-08-11T16:17:46.993549,0000,086528,0.226431,-0.0010,0.4758
2026-08-11T16:17:48.890061,0000,086536,0.020254,-0.0007,0.1423
2026-08-11T16:17:50.656245,0000,086544,0.051731,-0.0002,0.2274
2026-08-11T16:17:52.553416,0000,086552,0.016397,0.0007,0.1280
2026-08-11T16:17:54.455997,0000,086560,0.023484,0.0010,0.1532
2026-08-11T16:17:56.602691,0000,086568,0.022388,0.0010,0.1496
2026-08-11T16:17:58.641279,0000,086576,0.040843,0.0007,0.2021
2026-08-11T16:18:00.688414,0000,086584,0.011967,0.0004,0.1094
2026-08-11T16:18:02.734170,0000,086592,0.034547,-0.0004,0.1859
2026-08-11T16:18:05.021882,0000,086600,0.031276,-0.0010,0.1769
2026-08-11T16:18:07.006928,0000,086608,0.024995,-0.0008,0.1581
2026-08-11T16:18:09.125866,0000,086616,0.016145,-0.0007,0.1271
2026-08-11T16:18:11.057661,0000,086624,0.071637,-0.0001,0.2677
2026-08-11T16:18:12.923960,0000,086632,0.036010,0.0005,0.1898
2026-08-11T16:18:15.037240,0000,086640,0.023592,0.0011,0.1536
2026-08-11T16:18:16.858350,0000,086648,0.058866,0.0009,0.2426
2026-08-11T16:18:18.836426,0000,086656,0.034294,0.0009,0.1852
2026-08-11T16:18:20.609807,0000,086664,0.022455,0.0003,0.1499
2026-08-11T16:18:22.404690,0000,086672,0.027622,-0.0004,0.1662
2026-08-11T16:18:24.161415,0000,086680,0.019470,-0.0008,0.1395
2026-08-11T16:18:26.052953,0000,086688,0.065969,-0.0012,0.2568
2026-08-11T16:18:27.821110,0000,086696,0.022845,-0.0006,0.1511
2026-08-11T16:18:29.566816,0000,086704,0.033750,-0.0002,0.1837
2026-08-11T16:18:31.374048,0000,086712,0.016647,0.0005,0.1290
2026-08-11T16:18:33.139901,0000,086720,0.018264,0.0010,0.1351
2026-08-11T16:18:34.960420,0000,086728,0.026291,0.0011,0.1621
2026-08-11T16:18:36.788801,0000,086736,0.029198,0.0009,0.1709
2026-08-11T16:18:38.676671,0000,086744,0.028960,0.0004,0.1702
2026-08-11T16:18:40.647848,0000,086752,0.037028,-0.0008,0.1924
2026-08-11T16:18:42.404635,0000,086760,0.021347,-0.0009,0.1461
2026-08-11T16:18:44.272520,0000,086768,0.048041,-0.0011,0.2192
2026-08-11T16:18:46.034660,0000,086776,0.221320,-0.0008,0.4704
2026-08-11T16:18:48.034017,0000,086784,0.039787,-0.0002,0.1995
2026-08-11T16:18:49.794103,0000,086792,0.026127,0.0005,0.1616
2026-08-11T16:18:51.604021,0000,086800,0.042930,0.0009,0.2072
2026-08-11T16:18:53.648066,0000,086808,0.033253,0.0013,0.1824
2026-08-11T16:18:55.867702,0000,086816,0.069408,0.0009,0.2635
2026-08-11T16:18:58.108844,0000,086824,0.046864,0.0002,0.2165
2026-08-11T16:19:00.083001,0000,086832,0.036426,-0.0005,0.1909
2026-08-11T16:19:02.167293,0000,086840,0.035398,-0.0009,0.1881
2026-08-11T16:19:04.375450,0000,086848,0.038473,-0.0008,0.1961
2026-08-11T16:19:06.780109,0000,086856,0.032702,-0.0005,0.1808
2026-08-11T16:19:08.926152,0000,086864,0.046608,-0.0003,0.2159
2026-08-11T16:19:10.956060,0000,086872,0.028257,0.0006,0.1681
2026-08-11T16:19:12.943357,0000,086880,0.023630,0.0010,0.1537
2026-08-11T16:19:14.917693,0000,086888,0.042656,0.0011,0.2065
2026-08-11T16:19:17.247944,0000,086896,0.046496,0.0008,0.2156
2026-08-11T16:19:19.540757,0000,086904,0.028728,0.0002,0.1695
2026-08-11T16:19:21.855946,0000,086912,0.084869,-0.0005,0.2913
2026-08-11T16:19:23.766911,0000,086920,0.016363,-0.0008,0.1279
2026-08-11T16:19:26.066153,0000,086928,0.019440,-0.0010,0.1394
2026-08-11T16:19:28.152572,0000,086936,0.015837,-0.0006,0.1258
2026-08-11T16:19:30.532312,0000,086944,0.019833,-0.0003,0.1408
2026-08-11T16:19:32.564077,0000,086952,0.015297,0.0006,0.1237
2026-08-11T16:19:35.000277,0000,086960,0.032691,0.0013,0.1808
2026-08-11T16:19:37.027074,0000,086968,0.032377,0.0011,0.1799
2026-08-11T16:19:39.151699,0000,086976,0.018023,0.0008,0.1343
2026-08-11T16:19:41.038750,0000,086984,0.013538,0.0002,0.1164
2026-08-11T16:19:42.867549,0000,086992,0.037891,-0.0005,0.1947
2026-08-11T16:19:44.804653,0000,087000,1.640810,-0.0018,1.2809
2026-08-11T16:19:46.605611,0000,087008,0.032265,-0.0009,0.1796
2026-08-11T16:19:48.459526,0000,087016,0.021593,-0.0005,0.1469
2026-08-11T16:19:50.461935,0000,087024,0.043485,-0.0001,0.2085
2026-08-11T16:19:52.178939,0000,087032,0.024293,0.0005,0.1559
2026-08-11T16:19:54.204879,0000,087040,0.042560,0.0009,0.2063
2026-08-11T16:19:56.093084,0000,087048,0.030705,0.0012,0.1752
2026-08-11T16:19:58.722531,0000,087056,0.049749,0.0011,0.2230
2026-08-11T16:20:00.863976,0000,087064,0.021926,0.0005,0.1481
2026-08-11T16:20:02.860840,0000,087072,0.023031,-0.0003,0.1518
2026-08-11T16:20:04.727062,0000,087080,0.027293,-0.0008,0.1652
2026-08-11T16:20:07.003569,0000,087088,0.070728,-0.0011,0.2659
2026-08-11T16:20:09.034885,0000,087096,0.083718,-0.0010,0.2893
2026-08-11T16:20:10.933626,0000,087104,0.018714,-0.0002,0.1368
2026-08-11T16:20:12.813184,0000,087112,0.046617,0.0005,0.2159
2026-08-11T16:20:14.632495,0000,087120,0.052906,0.0010,0.2300
2026-08-11T16:20:16.728820,0000,087128,0.031780,0.0011,0.1783
2026-08-11T16:20:18.831660,0000,087136,0.046824,0.0006,0.2164
2026-08-11T16:20:20.654709,0000,087144,0.033941,0.0003,0.1842
2026-08-11T16:20:22.579785,0000,087152,0.058072,-0.0006,0.2410
2026-08-11T16:20:24.559679,0000,087160,0.045187,-0.0010,0.2126
2026-08-11T16:20:26.364220,0000,087168,0.020606,-0.0008,0.1435
2026-08-11T16:20:29.017851,0000,087176,0.019019,-0.0010,0.1379
2026-08-11T16:20:30.911097,0000,087184,0.019105,-0.0002,0.1382
2026-08-11T16:20:32.878324,0000,087192,0.083289,0.0005,0.2886
2026-08-11T16:20:34.864861,0000,087200,0.026189,0.0010,0.1618
2026-08-11T16:20:36.667498,0000,087208,0.029919,0.0011,0.1730
2026-08-11T16:20:38.802007,0000,087216,0.029781,0.0010,0.1726
2026-08-11T16:20:40.681801,0000,087224,0.026213,0.0003,0.1619
2026-08-11T16:20:42.524804,0000,087232,0.052994,-0.0005,0.2302
2026-08-11T16:20:44.393773,0000,087240,0.021336,-0.0008,0.1461
2026-08-11T16:20:46.281483,0000,087248,0.021231,-0.0009,0.1457
2026-08-11T16:20:48.181207,0000,087256,0.063588,-0.0007,0.2522
2026-08-11T16:20:50.217626,0000,087264,0.032650,-0.0003,0.1807
2026-08-11T16:20:52.059443,0000,087272,0.033488,0.0006,0.1830
2026-08-11T16:20:53.996587,0000,087280,0.015219,0.0011,0.1234
2026-08-11T16:20:55.793611,0000,087288,0.046191,0.0009,0.2149
2026-08-11T16:20:57.796417,0000,087296,0.033216,0.0009,0.1823
2026-08-11T16:20:59.831711,0000,087304,0.013813,0.0003,0.1175
2026-08-11T16:21:01.908279,0000,087312,0.017991,-0.0005,0.1341
2026-08-11T16:21:04.014626,0000,087320,0.036546,-0.0009,0.1912
2026-08-11T16:21:06.132610,0000,087328,0.019295,-0.0009,0.1389
2026-08-11T16:21:08.292973,0000,087336,0.019755,-0.0006,0.1406
2026-08-11T16:21:10.203807,0000,087344,0.024293,-0.0003,0.1559
2026-08-11T16:21:12.338805,0000,087352,0.023776,0.0006,0.1542
2026-08-11T16:21:14.587009,0000,087360,0.056547,0.0007,0.2378
2026-08-11T16:21:16.778961,0000,087368,0.026525,0.0011,0.1629
2026-08-11T16:21:19.014727,0000,087376,0.016682,0.0007,0.1292
2026-08-11T16:21:21.257796,0000,087384,0.036108,0.0004,0.1900
2026-08-11T16:21:23.338486,0000,087392,0.057626,-0.0006,0.2401
2026-08-11T16:21:25.213461,0000,087400,0.027586,-0.0007,0.1661
2026-08-11T16:21:27.209643,0000,087408,0.026328,-0.0009,0.1623
2026-08-11T16:21:29.252067,0000,087416,0.036897,-0.0007,0.1921
2026-08-11T16:21:31.275743,0000,087424,0.020816,-0.0002,0.1443
2026-08-11T16:21:33.249132,0000,087432,0.017783,0.0007,0.1334
2026-08-11T16:21:35.199064,0000,087440,0.026434,0.0011,0.1626
2026-08-11T16:21:37.092252,0000,087448,0.018644,0.0010,0.1365
2026-08-11T16:21:39.178580,0000,087456,0.031652,0.0007,0.1779
2026-08-11T16:21:41.150654,0000,087464,0.020775,0.0003,0.1441
2026-08-11T16:21:43.013598,0000,087472,0.022079,-0.0006,0.1486
2026-08-11T16:21:44.909916,0000,087480,0.024300,-0.0010,0.1559
2026-08-11T16:21:46.712850,0000,087488,1.577091,-0.0018,1.2558
2026-08-11T16:21:48.590859,0000,087496,0.013870,-0.0006,0.1178
2026-08-11T16:21:50.391026,0000,087504,0.020070,-0.0001,0.1417
2026-08-11T16:21:52.376185,0000,087512,0.229738,0.0005,0.4793
2026-08-11T16:21:54.227347,0000,087520,0.025314,0.0010,0.1591
2026-08-11T16:21:56.237497,0000,087528,0.037239,0.0010,0.1930
2026-08-11T16:21:58.231498,0000,087536,0.029345,0.0008,0.1713
2026-08-11T16:22:00.458673,0000,087544,0.058522,0.0000,0.2419
2026-08-11T16:22:02.360379,0000,087552,0.015152,0.0001,0.1231
2026-08-11T16:22:04.480321,0000,087560,0.033709,-0.0005,0.1836
2026-08-11T16:22:06.469797,0000,087568,0.019656,-0.0004,0.1402
2026-08-11T16:22:08.484426,0000,087576,0.024096,-0.0005,0.1552
2026-08-11T16:22:11.088901,0000,087584,0.035495,0.0001,0.1884
2026-08-11T16:22:13.155732,0000,087592,0.021893,0.0004,0.1480
2026-08-11T16:22:15.322226,0000,087600,0.021847,0.0001,0.1478
2026-08-11T16:22:17.696694,0000,087608,0.021913,-0.0004,0.1480
2026-08-11T16:22:19.555131,0000,087616,0.024624,-0.0004,0.1569
2026-08-11T16:22:21.782878,0000,087624,0.044712,-0.0006,0.2115
2026-08-11T16:22:23.755584,0000,087632,0.014569,0.0003,0.1207
2026-08-11T16:22:26.004955,0000,087640,0.124761,0.0002,0.3532
2026-08-11T16:22:28.035138,0000,087648,0.034418,0.0001,0.1855
2026-08-11T16:22:30.320365,0000,087656,0.057057,-0.0004,0.2389
2026-08-11T16:22:32.074257,0000,087664,0.033237,-0.0004,0.1823
2026-08-11T16:22:34.465161,0000,087672,0.046894,-0.0002,0.2166
2026-08-11T16:22:36.208238,0000,087680,0.011400,0.0003,0.1068
2026-08-11T16:22:38.374513,0000,087688,0.022002,0.0004,0.1483
2026-08-11T16:22:40.290894,0000,087696,0.029522,0.0002,0.1718
2026-08-11T16:22:42.127472,0000,087704,0.024442,-0.0003,0.1563
2026-08-11T16:22:44.042578,0000,087712,0.031280,-0.0003,0.1769
2026-08-11T16:22:45.837626,0000,087720,0.045482,-0.0003,0.2133
2026-08-11T16:22:47.550607,0000,087728,0.023465,0.0001,0.1532
2026-08-11T16:22:49.389314,0000,087736,0.020241,0.0004,0.1423
2026-08-11T16:22:51.215460,0000,087744,0.020499,0.0001,0.1432
2026-08-11T16:22:53.017384,0000,087752,0.023971,-0.0002,0.1548
2026-08-11T16:22:54.727293,0000,087760,0.024366,-0.0004,0.1561
2026-08-11T16:22:56.451346,0000,087768,0.015262,-0.0003,0.1235
2026-08-11T16:22:58.510892,0000,087776,0.034045,0.0001,0.1845
2026-08-11T16:23:00.410264,0000,087784,0.020817,0.0003,0.1443
2026-08-11T16:23:02.174573,0000,087792,0.031292,0.0002,0.1769
2026-08-11T16:23:03.943087,0000,087800,0.021411,-0.0002,0.1463
2026-08-11T16:23:05.939534,0000,087808,0.029328,-0.0005,0.1713
2026-08-11T16:23:08.033103,0000,087816,0.093736,-0.0002,0.3062
2026-08-11T16:23:10.005740,0000,087824,0.024902,0.0003,0.1578
2026-08-11T16:23:12.216508,0000,087832,0.032966,0.0004,0.1816
2026-08-11T16:23:14.083691,0000,087840,0.027603,0.0002,0.1661
2026-08-11T16:23:15.944769,0000,087848,0.018887,-0.0003,0.1374
2026-08-11T16:23:18.098532,0000,087856,0.043466,-0.0005,0.2085
2026-08-11T16:23:20.120157,0000,087864,0.054080,-0.0004,0.2326
2026-08-11T16:23:22.016195,0000,087872,0.017471,0.0002,0.1322
2026-08-11T16:23:23.901255,0000,087880,0.019849,0.0004,0.1409
2026-08-11T16:23:26.087915,0000,087888,0.041851,0.0001,0.2046
2026-08-11T16:23:28.480845,0000,087896,0.024108,-0.0004,0.1553
2026-08-11T16:23:30.391088,0000,087904,0.016937,-0.0003,0.1301
2026-08-11T16:23:32.801730,0000,087912,0.045720,-0.0004,0.2138
2026-08-11T16:23:34.862850,0000,087920,0.228043,0.0001,0.4775
2026-08-11T16:23:36.767935,0000,087928,0.010221,0.0003,0.1011
2026-08-11T16:23:38.896086,0000,087936,0.076604,0.0001,0.2768
2026-08-11T16:23:40.965555,0000,087944,0.013847,-0.0003,0.1177
2026-08-11T16:23:43.099975,0000,087952,0.026212,-0.0007,0.1619
2026-08-11T16:23:44.861144,0000,087960,0.012255,-0.0002,0.1107
2026-08-11T16:23:46.955411,0000,087968,0.077198,0.0002,0.2778
2026-08-11T16:23:48.674314,0000,087976,0.036482,0.0003,0.1910
2026-08-11T16:23:50.662674,0000,087984,0.018435,0.0002,0.1358
2026-08-11T16:23:52.535518,0000,087992,0.014756,-0.0004,0.1215
2026-08-11T16:23:54.272387,0000,088000,0.022721,-0.0003,0.1507
2026-08-11T16:23:56.278825,0000,088008,0.020603,-0.0001,0.1435
2026-08-11T16:23:58.005540,0000,088016,0.046820,0.0001,0.2164
2026-08-11T16:23:59.869120,0000,088024,0.016639,0.0005,0.1290
2026-08-11T16:24:01.591375,0000,088032,0.037359,0.0002,0.1933
2026-08-11T16:24:03.305462,0000,088040,0.029115,-0.0003,0.1706
2026-08-11T16:24:05.043411,0000,088048,0.068824,-0.0004,0.2623
2026-08-11T16:24:06.968587,0000,088056,0.016956,-0.0003,0.1302
2026-08-11T16:24:08.787864,0000,088064,0.023095,0.0002,0.1520
2026-08-11T16:24:10.602475,0000,088072,0.022587,0.0003,0.1503
2026-08-11T16:24:12.342355,0000,088080,0.021683,0.0002,0.1473
2026-08-11T16:24:14.202149,0000,088088,0.010975,-0.0002,0.1048
2026-08-11T16:24:16.097441,0000,088096,0.099042,-0.0007,0.3147
2026-08-11T16:24:18.083266,0000,088104,0.014722,-0.0003,0.1213
2026-08-11T16:24:19.804008,0000,088112,0.031514,0.0002,0.1775
2026-08-11T16:24:21.742311,0000,088120,0.026791,0.0003,0.1637
2026-08-11T16:24:23.510149,0000,088128,0.008452,0.0003,0.0919
2026-08-11T16:24:25.207918,0000,088136,0.025802,-0.0002,0.1606
2026-08-11T16:24:27.160664,0000,088144,0.024185,-0.0004,0.1555
2026-08-11T16:24:28.867467,0000,088152,0.017723,-0.0002,0.1331
2026-08-11T16:24:30.754430,0000,088160,0.108768,0.0001,0.3298
2026-08-11T16:24:32.541338,0000,088168,0.036005,0.0003,0.1897
2026-08-11T16:24:34.254230,0000,088176,0.050398,0.0002,0.2245
2026-08-11T16:24:36.057509,0000,088184,0.103567,-0.0004,0.3218
2026-08-11T16:24:37.871431,0000,088192,0.016573,-0.0003,0.1287
2026-08-11T16:24:39.689402,0000,088200,0.058493,-0.0003,0.2419
2026-08-11T16:24:41.404185,0000,088208,0.013741,0.0003,0.1172
2026-08-11T16:24:43.149245,0000,088216,0.206033,0.0002,0.4539
2026-08-11T16:24:45.030486,0000,088224,0.019200,0.0001,0.1386
2026-08-11T16:24:46.884145,0000,088232,0.017538,-0.0003,0.1324
2026-08-11T16:24:48.709129,0000,088240,0.018555,-0.0004,0.1362
2026-08-11T16:24:50.432158,0000,088248,0.024134,-0.0003,0.1554
2026-08-11T16:24:52.173594,0000,088256,0.031550,0.0001,0.1776
2026-08-11T16:24:53.961184,0000,088264,0.023047,0.0003,0.1518
2026-08-11T16:24:55.666459,0000,088272,0.011968,0.0001,0.1094
2026-08-11T16:24:57.500490,0000,088280,0.057182,-0.0003,0.2391
2026-08-11T16:24:59.252056,0000,088288,0.028073,-0.0004,0.1676
2026-08-11T16:25:01.294721,0000,088296,0.075830,-0.0004,0.2754
2026-08-11T16:25:03.155922,0000,088304,0.032401,0.0002,0.1800
2026-08-11T16:25:04.965193,0000,088312,0.015797,0.0004,0.1257
2026-08-11T16:25:06.660201,0000,088320,0.015662,0.0001,0.1251
2026-08-11T16:25:08.551384,0000,088328,0.017786,-0.0003,0.1334
2026-08-11T16:25:10.270399,0000,088336,0.210399,-0.0005,0.4587
2026-08-11T16:25:12.123248,0000,088344,0.031291,-0.0003,0.1769
2026-08-11T16:25:14.022318,0000,088352,0.020403,0.0002,0.1428
2026-08-11T16:25:15.731852,0000,088360,0.022637,0.0002,0.1505
2026-08-11T16:25:17.553563,0000,088368,0.025655,0.0001,0.1602
2026-08-11T16:25:19.472781,0000,088376,0.012344,-0.0003,0.1111
2026-08-11T16:25:21.182634,0000,088384,0.017980,-0.0005,0.1341
2026-08-11T16:25:22.936217,0000,088392,0.029525,-0.0002,0.1718
2026-08-11T16:25:24.870215,0000,088400,0.029972,0.0001,0.1731
2026-08-11T16:25:26.571190,0000,088408,0.030948,0.0007,0.1759
2026-08-11T16:25:28.329374,0000,088416,0.032969,0.0011,0.1816
2026-08-11T16:25:30.237235,0000,088424,0.038582,0.0013,0.1964
2026-08-11T16:25:32.204043,0000,088432,0.018045,0.0009,0.1343
2026-08-11T16:25:33.981880,0000,088440,0.013724,0.0002,0.1171
2026-08-11T16:25:35.789512,0000,088448,0.047777,-0.0006,0.2186
2026-08-11T16:25:37.545363,0000,088456,1.592790,-0.0018,1.2621
2026-08-11T16:25:39.373653,0000,088464,0.050336,-0.0012,0.2244
2026-08-11T16:25:41.100925,0000,088472,0.015718,-0.0008,0.1254
2026-08-11T16:25:42.973729,0000,088480,0.028991,-0.0003,0.1703
2026-08-11T16:25:45.085130,0000,088488,0.025760,0.0004,0.1605
2026-08-11T16:25:46.986291,0000,088496,0.021424,0.0006,0.1464
2026-08-11T16:25:48.916222,0000,088504,0.041796,0.0006,0.2044
2026-08-11T16:25:50.759056,0000,088512,0.036226,0.0005,0.1903
2026-08-11T16:25:52.755336,0000,088520,0.012972,0.0002,0.1139
2026-08-11T16:25:54.492097,0000,088528,0.031859,-0.0009,0.1785
2026-08-11T16:25:56.302406,0000,088536,0.046548,-0.0013,0.2157
2026-08-11T16:25:58.207981,0000,088544,0.031775,-0.0013,0.1783
2026-08-11T16:26:00.087256,0000,088552,0.032126,-0.0011,0.1792
2026-08-11T16:26:01.796579,0000,088560,0.016154,-0.0006,0.1271
2026-08-11T16:26:03.748464,0000,088568,0.055089,0.0002,0.2347
2026-08-11T16:26:05.855859,0000,088576,0.033490,0.0008,0.1830
2026-08-11T16:26:07.620178,0000,088584,0.031796,0.0005,0.1783
2026-08-11T16:26:09.570807,0000,088592,0.018921,0.0003,0.1376
2026-08-11T16:26:11.302047,0000,088600,0.015708,-0.0003,0.1253
2026-08-11T16:26:13.052082,0000,088608,0.028121,-0.0005,0.1677
2026-08-11T16:26:14.959436,0000,088616,0.014052,-0.0002,0.1185
2026-08-11T16:26:16.698021,0000,088624,0.019748,0.0001,0.1405
2026-08-11T16:26:18.575196,0000,088632,0.047884,0.0001,0.2188
2026-08-11T16:26:20.411973,0000,088640,0.038823,-0.0000,0.1970
2026-08-11T16:26:22.436272,0000,088648,0.017390,0.0000,0.1319
2026-08-11T16:26:24.435368,0000,088656,0.029593,-0.0004,0.1720
2026-08-11T16:26:26.391897,0000,088664,0.023767,-0.0008,0.1542
2026-08-11T16:26:28.348069,0000,088672,0.011168,-0.0005,0.1057
2026-08-11T16:26:30.226396,0000,088680,0.017245,-0.0001,0.1313
2026-08-11T16:26:32.171973,0000,088688,0.024413,0.0007,0.1562
2026-08-11T16:26:33.879438,0000,088696,0.017133,0.0010,0.1309
2026-08-11T16:26:35.615112,0000,088704,0.031911,0.0010,0.1786
2026-08-11T16:26:37.328316,0000,088712,0.032043,0.0007,0.1790
2026-08-11T16:26:39.040949,0000,088720,0.010982,0.0002,0.1048
2026-08-11T16:26:40.978595,0000,088728,0.018820,-0.0005,0.1372
2026-08-11T16:26:43.257249,0000,088736,0.021208,-0.0011,0.1456
2026-08-11T16:26:45.161220,0000,088744,0.045965,-0.0011,0.2144
2026-08-11T16:26:47.229266,0000,088752,0.031429,-0.0011,0.1773
2026-08-11T16:26:49.322383,0000,088760,0.077890,-0.0006,0.2791
2026-08-11T16:26:51.228363,0000,088768,0.019346,0.0005,0.1391
2026-08-11T16:26:53.535198,0000,088776,0.016150,0.0009,0.1271
2026-08-11T16:26:55.431210,0000,088784,0.026717,0.0008,0.1635
2026-08-11T16:26:57.329895,0000,088792,0.022056,0.0006,0.1485
2026-08-11T16:26:59.101031,0000,088800,0.019088,0.0002,0.1382
2026-08-11T16:27:00.825878,0000,088808,0.032606,-0.0007,0.1806
2026-08-11T16:27:02.625030,0000,088816,0.022859,-0.0011,0.1512
2026-08-11T16:27:04.891419,0000,088824,0.238730,-0.0016,0.4886
2026-08-11T16:27:06.694657,0000,088832,0.102610,-0.0010,0.3203
2026-08-11T16:27:08.979945,0000,088840,0.020810,-0.0006,0.1443
2026-08-11T16:27:11.105211,0000,088848,0.027845,0.0006,0.1669
2026-08-11T16:27:13.205467,0000,088856,0.021975,0.0007,0.1482
2026-08-11T16:27:15.439689,0000,088864,0.034554,0.0007,0.1859
2026-08-11T16:27:17.384134,0000,088872,0.024924,0.0006,0.1579
2026-08-11T16:27:19.264036,0000,088880,0.016813,0.0001,0.1297
2026-08-11T16:27:21.206780,0000,088888,0.044976,-0.0008,0.2121
2026-08-11T16:27:23.187626,0000,088896,0.017379,-0.0010,0.1318
2026-08-11T16:27:25.008812,0000,088904,0.034331,-0.0010,0.1853
2026-08-11T16:27:26.849251,0000,088912,0.023499,-0.0008,0.1533
2026-08-11T16:27:29.027985,0000,088920,0.028249,-0.0001,0.1681
2026-08-11T16:27:31.089233,0000,088928,0.020381,-0.0002,0.1428
2026-08-11T16:27:32.928088,0000,088936,0.012979,0.0002,0.1139
2026-08-11T16:27:34.801223,0000,088944,0.020158,0.0003,0.1420
2026-08-11T16:27:36.905550,0000,088952,0.040003,0.0001,0.2000
2026-08-11T16:27:39.355275,0000,088960,0.018593,-0.0002,0.1364
2026-08-11T16:27:41.499792,0000,088968,0.254498,-0.0014,0.5045
2026-08-11T16:27:43.651744,0000,088976,0.079143,-0.0017,0.2813
2026-08-11T16:27:45.654957,0000,088984,0.029543,-0.0013,0.1719
2026-08-11T16:27:47.707703,0000,088992,0.093777,-0.0012,0.3062
2026-08-11T16:27:49.842329,0000,089000,0.055444,-0.0008,0.2355
2026-08-11T16:27:51.642414,0000,089008,0.025175,0.0002,0.1587
2026-08-11T16:27:53.855065,0000,089016,0.027902,0.0005,0.1670
2026-08-11T16:27:55.692920,0000,089024,0.028483,0.0005,0.1688
2026-08-11T16:27:57.774950,0000,089032,0.037930,0.0002,0.1948
2026-08-11T16:27:59.740180,0000,089040,1.583949,-0.0009,1.2586
2026-08-11T16:28:01.576811,0000,089048,0.026014,-0.0001,0.1613
2026-08-11T16:28:03.297743,0000,089056,0.031926,-0.0000,0.1787
2026-08-11T16:28:05.195073,0000,089064,0.040678,0.0004,0.2017
2026-08-11T16:28:06.895742,0000,089072,0.026301,0.0005,0.1622
2026-08-11T16:28:08.737902,0000,089080,0.045807,0.0001,0.2140
2026-08-11T16:28:10.758579,0000,089088,0.017834,-0.0004,0.1335
2026-08-11T16:28:12.758670,0000,089096,0.039570,-0.0004,0.1989
2026-08-11T16:28:14.625196,0000,089104,0.039023,-0.0002,0.1975
2026-08-11T16:28:16.690116,0000,089112,0.032420,0.0002,0.1801
2026-08-11T16:28:18.733861,0000,089120,0.038011,0.0003,0.1950
2026-08-11T16:28:20.638358,0000,089128,0.025971,0.0001,0.1612
2026-08-11T16:28:22.664884,0000,089136,0.014606,-0.0005,0.1209
2026-08-11T16:28:24.439982,0000,089144,0.045909,-0.0005,0.2143
2026-08-11T16:28:26.222463,0000,089152,0.030030,-0.0003,0.1733
2026-08-11T16:28:28.100486,0000,089160,0.030483,0.0000,0.1746
2026-08-11T16:28:29.867980,0000,089168,0.023834,0.0004,0.1544
2026-08-11T16:28:31.786294,0000,089176,0.019908,0.0002,0.1411
2026-08-11T16:28:34.058576,0000,089184,0.022983,-0.0005,0.1516
2026-08-11T16:28:35.969793,0000,089192,0.036767,-0.0005,0.1917
2026-08-11T16:28:37.915180,0000,089200,0.052491,-0.0005,0.2291
2026-08-11T16:28:39.737165,0000,089208,0.036792,0.0002,0.1918
2026-08-11T16:28:41.496880,0000,089216,0.037614,0.0004,0.1939
2026-08-11T16:28:43.376338,0000,089224,0.044773,-0.0002,0.2116
2026-08-11T16:28:45.462416,0000,089232,0.044904,0.0001,0.2119
2026-08-11T16:28:47.288583,0000,089240,0.036411,0.0000,0.1908
2026-08-11T16:28:49.232863,0000,089248,0.026314,-0.0003,0.1622
2026-08-11T16:28:51.148562,0000,089256,0.023887,-0.0005,0.1546
2026-08-11T16:28:53.192057,0000,089264,0.017635,-0.0004,0.1328
2026-08-11T16:28:55.046762,0000,089272,0.014765,0.0001,0.1215
2026-08-11T16:28:57.293722,0000,089280,0.032840,0.0005,0.1812
2026-08-11T16:28:59.202256,0000,089288,0.030420,0.0001,0.1744
2026-08-11T16:29:01.069619,0000,089296,0.019232,-0.0004,0.1387
2026-08-11T16:29:03.333034,0000,089304,0.022734,-0.0007,0.1508
2026-08-11T16:29:05.096028,0000,089312,0.025549,-0.0003,0.1598
2026-08-11T16:29:06.964133,0000,089320,0.014430,0.0001,0.1201
2026-08-11T16:29:08.741483,0000,089328,0.011532,0.0004,0.1074
2026-08-11T16:29:10.446485,0000,089336,0.021798,0.0001,0.1476
2026-08-11T16:29:12.158382,0000,089344,0.221390,-0.0005,0.4705
2026-08-11T16:29:13.846887,0000,089352,0.012518,-0.0005,0.1119
2026-08-11T16:29:15.684530,0000,089360,0.012947,-0.0004,0.1138
2026-08-11T16:29:17.523611,0000,089368,0.026392,0.0001,0.1625
2026-08-11T16:29:19.741419,0000,089376,0.017403,0.0002,0.1319
2026-08-11T16:29:21.841341,0000,089384,0.071538,-0.0000,0.2675
2026-08-11T16:29:23.652958,0000,089392,0.034932,0.0002,0.1869
2026-08-11T16:29:25.981282,0000,089400,0.011585,-0.0001,0.1076
2026-08-11T16:29:28.033644,0000,089408,0.022994,0.0001,0.1516
2026-08-11T16:29:29.985400,0000,089416,0.046982,-0.0003,0.2168
2026-08-11T16:29:31.836868,0000,089424,0.014949,0.0001,0.1223
2026-08-11T16:29:34.068716,0000,089432,0.034643,-0.0002,0.1861
2026-08-11T16:29:35.961540,0000,089440,0.010359,0.0001,0.1018
2026-08-11T16:29:37.831594,0000,089448,0.017613,-0.0001,0.1327
2026-08-11T16:29:39.703538,0000,089456,0.013545,0.0001,0.1164
2026-08-11T16:29:41.544445,0000,089464,0.025094,-0.0001,0.1584
2026-08-11T16:29:43.559324,0000,089472,0.037255,-0.0001,0.1930
2026-08-11T16:29:45.687548,0000,089480,0.022974,0.0007,0.1516
2026-08-11T16:29:47.587401,0000,089488,0.023568,0.0005,0.1535
2026-08-11T16:29:49.613449,0000,089496,0.015008,0.0002,0.1225
2026-08-11T16:29:51.572631,0000,089504,1.573308,-0.0010,1.2543
2026-08-11T16:29:53.464782,0000,089512,0.017556,-0.0003,0.1325
2026-08-11T16:29:55.491799,0000,089520,0.021934,-0.0002,0.1481
2026-08-11T16:29:57.650640,0000,089528,0.025093,0.0002,0.1584
2026-08-11T16:29:59.687554,0000,089536,0.013901,0.0004,0.1179
2026-08-11T16:30:01.616221,0000,089544,0.020527,0.0002,0.1433
2026-08-11T16:30:03.398815,0000,089552,1.582287,-0.0013,1.2579
2026-08-11T16:30:05.110053,0000,089560,0.222627,-0.0005,0.4718
2026-08-11T16:30:06.832557,0000,089568,0.036713,-0.0003,0.1916
2026-08-11T16:30:08.712909,0000,089576,0.034844,0.0002,0.1867
2026-08-11T16:30:10.660784,0000,089584,0.033681,0.0003,0.1835
2026-08-11T16:30:12.681139,0000,089592,0.015396,0.0002,0.1241
2026-08-11T16:30:14.724355,0000,089600,0.022536,-0.0002,0.1501
2026-08-11T16:30:16.579246,0000,089608,0.016116,-0.0004,0.1269
2026-08-11T16:30:18.486501,0000,089616,0.031799,-0.0002,0.1783
2026-08-11T16:30:20.327753,0000,089624,0.028423,0.0001,0.1686
2026-08-11T16:30:22.167353,0000,089632,0.043900,0.0002,0.2095
2026-08-11T16:30:24.002394,0000,089640,0.026492,0.0000,0.1628
2026-08-11T16:30:25.827274,0000,089648,0.020423,-0.0003,0.1429
2026-08-11T16:30:27.914982,0000,089656,0.017309,-0.0005,0.1316
2026-08-11T16:30:29.727569,0000,089664,0.016582,-0.0002,0.1288
2026-08-11T16:30:31.548358,0000,089672,0.029420,0.0001,0.1715
2026-08-11T16:30:33.641780,0000,089680,1.564073,-0.0005,1.2506
2026-08-11T16:30:35.489469,0000,089688,0.031661,0.0006,0.1779
2026-08-11T16:30:37.314489,0000,089696,0.021994,0.0006,0.1483
2026-08-11T16:30:39.168401,0000,089704,0.023580,0.0005,0.1536
2026-08-11T16:30:41.147687,0000,089712,0.023074,0.0000,0.1519
2026-08-11T16:30:43.217186,0000,089720,0.053326,-0.0008,0.2309
2026-08-11T16:30:45.165546,0000,089728,0.033551,-0.0010,0.1832
2026-08-11T16:30:47.123991,0000,089736,0.037581,-0.0011,0.1939
2026-08-11T16:30:49.016375,0000,089744,0.047099,-0.0010,0.2170
2026-08-11T16:30:50.834261,0000,089752,0.041043,-0.0003,0.2026
2026-08-11T16:30:53.007408,0000,089760,0.022899,0.0004,0.1513
2026-08-11T16:30:54.866447,0000,089768,0.018248,0.0007,0.1351
2026-08-11T16:30:57.043394,0000,089776,0.019588,0.0010,0.1400
2026-08-11T16:30:59.071222,0000,089784,0.013331,0.0006,0.1155
2026-08-11T16:31:01.072122,0000,089792,0.031491,0.0001,0.1775
2026-08-11T16:31:02.957262,0000,089800,0.052478,-0.0006,0.2291
2026-08-11T16:31:05.252080,0000,089808,0.027638,-0.0012,0.1662
2026-08-11T16:31:07.118896,0000,089816,0.018818,-0.0010,0.1372
2026-08-11T16:31:09.135759,0000,089824,0.028358,-0.0008,0.1684
2026-08-11T16:31:11.100844,0000,089832,0.024108,-0.0003,0.1553
2026-08-11T16:31:13.420707,0000,089840,0.047044,0.0003,0.2169
2026-08-11T16:31:15.313146,0000,089848,0.037977,0.0008,0.1949
2026-08-11T16:31:17.693856,0000,089856,0.046117,0.0010,0.2147
2026-08-11T16:31:19.687116,0000,089864,0.020272,0.0006,0.1424
2026-08-11T16:31:21.631203,0000,089872,0.031908,0.0001,0.1786
2026-08-11T16:31:23.612247,0000,089880,0.039265,-0.0007,0.1982
2026-08-11T16:31:25.476034,0000,089888,0.039698,-0.0010,0.1992
2026-08-11T16:31:27.385159,0000,089896,0.028654,-0.0011,0.1693
2026-08-11T16:31:29.074872,0000,089904,0.025090,-0.0008,0.1584
2026-08-11T16:31:30.773113,0000,089912,0.035951,-0.0004,0.1896
2026-08-11T16:31:32.514045,0000,089920,0.027258,0.0005,0.1651
2026-08-11T16:31:34.317197,0000,089928,1.583397,-0.0002,1.2583
2026-08-11T16:31:36.153431,0000,089936,0.034837,0.0015,0.1866
2026-08-11T16:31:37.960445,0000,089944,0.050917,0.0018,0.2256
2026-08-11T16:31:39.675239,0000,089952,0.032983,0.0016,0.1816
2026-08-11T16:31:41.543246,0000,089960,0.054343,0.0013,0.2331
2026-08-11T16:31:43.362099,0000,089968,0.019359,0.0009,0.1391
2026-08-11T16:31:45.075961,0000,089976,0.227046,-0.0001,0.4765
2026-08-11T16:31:46.841941,0000,089984,0.040983,-0.0005,0.2024
2026-08-11T16:31:48.613514,0000,089992,0.025673,-0.0007,0.1602
2026-08-11T16:31:50.675411,0000,090000,0.025973,-0.0004,0.1612
2026-08-11T16:31:52.585962,0000,090008,0.059575,-0.0000,0.2441
2026-08-11T16:31:54.481199,0000,090016,1.571656,-0.0001,1.2537
2026-08-11T16:31:56.357306,0000,090024,0.038633,0.0010,0.1966
2026-08-11T16:31:58.079682,0000,090032,0.036535,0.0010,0.1911
2026-08-11T16:31:59.865899,0000,090040,0.031653,0.0008,0.1779
2026-08-11T16:32:01.743056,0000,090048,0.061703,0.0001,0.2484
2026-08-11T16:32:03.593176,0000,090056,0.015369,-0.0004,0.1240
2026-08-11T16:32:05.628247,0000,090064,0.029047,-0.0009,0.1704
2026-08-11T16:32:07.604206,0000,090072,0.037882,-0.0008,0.1946
2026-08-11T16:32:09.656983,0000,090080,0.030229,-0.0007,0.1739
2026-08-11T16:32:11.930187,0000,090088,1.546532,-0.0010,1.2436
2026-08-11T16:32:14.088626,0000,090096,0.016827,0.0004,0.1297
2026-08-11T16:32:16.108413,0000,090104,0.030056,0.0009,0.1734
2026-08-11T16:32:18.203446,0000,090112,0.044427,0.0012,0.2108
2026-08-11T16:32:20.191525,0000,090120,0.018054,0.0006,0.1344
2026-08-11T16:32:22.162363,0000,090128,0.022702,0.0001,0.1507
2026-08-11T16:32:24.177662,0000,090136,0.021774,-0.0006,0.1476
2026-08-11T16:32:26.161040,0000,090144,0.024274,-0.0011,0.1558
2026-08-11T16:32:28.046023,0000,090152,0.054211,-0.0010,0.2328
2026-08-11T16:32:30.454265,0000,090160,0.026319,-0.0009,0.1622
2026-08-11T16:32:32.354223,0000,090168,0.030759,-0.0003,0.1754
2026-08-11T16:32:34.220287,0000,090176,0.044380,0.0004,0.2107
2026-08-11T16:32:36.191011,0000,090184,0.021513,0.0007,0.1467
2026-08-11T16:32:38.276095,0000,090192,0.053278,0.0011,0.2308
2026-08-11T16:32:40.112070,0000,090200,0.066087,0.0005,0.2571
2026-08-11T16:32:41.901935,0000,090208,0.017388,0.0002,0.1319
2026-08-11T16:32:43.807143,0000,090216,0.021502,-0.0006,0.1466
2026-08-11T16:32:46.435456,0000,090224,0.042540,-0.0013,0.2063
2026-08-11T16:32:48.427737,0000,090232,0.073665,-0.0012,0.2714
2026-08-11T16:32:50.265546,0000,090240,0.018663,-0.0008,0.1366
2026-08-11T16:32:52.588298,0000,090248,0.021933,-0.0003,0.1481
2026-08-11T16:32:54.617711,0000,090256,0.013774,0.0006,0.1174
2026-08-11T16:32:56.433036,0000,090264,0.034227,0.0008,0.1850
2026-08-11T16:32:58.565266,0000,090272,0.046416,0.0011,0.2154
2026-08-11T16:33:00.829145,0000,090280,0.032577,0.0007,0.1805
2026-08-11T16:33:02.756769,0000,090288,0.020252,0.0002,0.1423
2026-08-11T16:33:05.097515,0000,090296,0.045764,-0.0008,0.2139
2026-08-11T16:33:07.100615,0000,090304,0.040774,-0.0010,0.2019
2026-08-11T16:33:09.338197,0000,090312,0.050083,-0.0010,0.2238
2026-08-11T16:33:11.558260,0000,090320,0.035399,-0.0008,0.1881
2026-08-11T16:33:13.687702,0000,090328,0.016762,-0.0003,0.1295
2026-08-11T16:33:15.518965,0000,090336,0.018735,0.0004,0.1369
2026-08-11T16:33:17.227689,0000,090344,1.606548,-0.0001,1.2675
2026-08-11T16:33:19.321632,0000,090352,0.051756,0.0016,0.2275
2026-08-11T16:33:21.201669,0000,090360,0.064278,0.0015,0.2535
2026-08-11T16:33:23.099062,0000,090368,0.040665,0.0015,0.2017
2026-08-11T16:33:25.004756,0000,090376,0.036884,0.0012,0.1921
2026-08-11T16:33:26.842907,0000,090384,0.023905,0.0007,0.1546
2026-08-11T16:33:28.799547,0000,090392,0.041037,-0.0002,0.2026
2026-08-11T16:33:30.917603,0000,090400,0.033615,-0.0005,0.1833
2026-08-11T16:33:33.042776,0000,090408,0.035344,-0.0009,0.1880
2026-08-11T16:33:34.898092,0000,090416,0.027625,-0.0004,0.1662
2026-08-11T16:33:36.655303,0000,090424,0.019391,-0.0001,0.1393
2026-08-11T16:33:39.064479,0000,090432,0.060992,0.0005,0.2470
2026-08-11T16:33:41.039854,0000,090440,0.018383,0.0010,0.1356
2026-08-11T16:33:43.223161,0000,090448,0.042363,0.0010,0.2058
2026-08-11T16:33:45.329488,0000,090456,0.031289,0.0009,0.1769
2026-08-11T16:33:47.568043,0000,090464,0.046940,-0.0000,0.2167
2026-08-11T16:33:49.680390,0000,090472,0.013678,0.0001,0.1170
2026-08-11T16:33:51.747076,0000,090480,0.021546,-0.0004,0.1468
2026-08-11T16:33:53.772059,0000,090488,0.036834,-0.0006,0.1919
2026-08-11T16:33:55.949208,0000,090496,0.028480,-0.0004,0.1688
2026-08-11T16:33:57.996824,0000,090504,0.026515,0.0001,0.1628
2026-08-11T16:33:59.895304,0000,090512,0.021811,0.0002,0.1477
2026-08-11T16:34:02.589308,0000,090520,0.016444,-0.0002,0.1282
2026-08-11T16:34:05.153651,0000,090528,0.011759,0.0001,0.1084
2026-08-11T16:34:07.641484,0000,090536,0.029739,0.0001,0.1725
2026-08-11T16:34:10.063426,0000,090544,0.017374,-0.0005,0.1318
2026-08-11T16:34:12.155666,0000,090552,0.025371,-0.0007,0.1593
2026-08-11T16:34:14.183531,0000,090560,0.038336,-0.0004,0.1958
2026-08-11T16:34:16.272627,0000,090568,0.051632,-0.0001,0.2272
2026-08-11T16:34:18.308837,0000,090576,0.032689,0.0008,0.1808
2026-08-11T16:34:20.445739,0000,090584,0.035560,0.0011,0.1886
2026-08-11T16:34:22.787041,0000,090592,0.038152,0.0010,0.1953
2026-08-11T16:34:25.109826,0000,090600,0.047152,0.0007,0.2171
2026-08-11T16:34:26.903012,0000,090608,0.031506,0.0001,0.1775
2026-08-11T16:34:29.014637,0000,090616,0.024271,-0.0005,0.1558
2026-08-11T16:34:30.943066,0000,090624,0.017704,-0.0009,0.1331
2026-08-11T16:34:32.957627,0000,090632,0.042767,-0.0010,0.2068
2026-08-11T16:34:35.084603,0000,090640,0.012978,-0.0006,0.1139
2026-08-11T16:34:37.496577,0000,090648,0.092762,-0.0003,0.3046
2026-08-11T16:34:39.498291,0000,090656,0.017958,0.0005,0.1340
2026-08-11T16:34:41.475430,0000,090664,1.598965,0.0000,1.2645
2026-08-11T16:34:43.470099,0000,090672,0.106077,0.0008,0.3257
2026-08-11T16:34:45.445696,0000,090680,0.034953,0.0005,0.1870
2026-08-11T16:34:47.679449,0000,090688,0.017558,-0.0000,0.1325
2026-08-11T16:34:49.550743,0000,090696,1.549645,-0.0009,1.2448
2026-08-11T16:34:52.252077,0000,090704,0.044619,-0.0002,0.2112
2026-08-11T16:34:54.693289,0000,090712,0.038207,0.0003,0.1955
2026-08-11T16:34:56.655672,0000,090720,0.016760,0.0004,0.1295
2026-08-11T16:34:58.552680,0000,090728,0.021967,0.0003,0.1482
2026-08-11T16:35:00.337712,0000,090736,0.015436,-0.0002,0.1242
2026-08-11T16:35:02.110716,0000,090744,0.030171,-0.0004,0.1737
2026-08-11T16:35:03.915691,0000,090752,0.021711,-0.0003,0.1473
2026-08-11T16:35:05.876717,0000,090760,0.041662,0.0002,0.2041
2026-08-11T16:35:07.837518,0000,090768,0.021588,0.0004,0.1469
2026-08-11T16:35:09.587554,0000,090776,0.019704,0.0001,0.1404
2026-08-11T16:35:11.333702,0000,090784,0.025357,-0.0003,0.1592
2026-08-11T16:35:13.252389,0000,090792,0.019387,-0.0004,0.1392
2026-08-11T16:35:15.007998,0000,090800,0.030312,-0.0004,0.1741
2026-08-11T16:35:16.771207,0000,090808,0.040286,0.0001,0.2007
2026-08-11T16:35:18.735612,0000,090816,0.027947,0.0002,0.1672
2026-08-11T16:35:20.860533,0000,090824,0.021336,0.0002,0.1461
2026-08-11T16:35:22.863796,0000,090832,0.020368,-0.0007,0.1427
2026-08-11T16:35:24.635382,0000,090840,0.035280,-0.0005,0.1878
2026-08-11T16:35:26.441069,0000,090848,0.028755,-0.0003,0.1696
2026-08-11T16:35:28.479747,0000,090856,0.042113,0.0001,0.2052
2026-08-11T16:35:30.287064,0000,090864,0.015820,0.0003,0.1258
2026-08-11T16:35:32.205691,0000,090872,0.009577,0.0001,0.0979
2026-08-11T16:35:33.956551,0000,090880,0.029414,-0.0005,0.1715
2026-08-11T16:35:36.296231,0000,090888,0.071415,-0.0010,0.2672
2026-08-11T16:35:38.054909,0000,090896,0.026370,-0.0004,0.1624
2026-08-11T16:35:39.821637,0000,090904,1.564847,-0.0008,1.2509
2026-08-11T16:35:41.837006,0000,090912,0.042719,0.0009,0.2067
2026-08-11T16:35:43.578471,0000,090920,0.016897,0.0011,0.1300
2026-08-11T16:35:45.435684,0000,090928,0.028887,0.0011,0.1700
2026-08-11T16:35:47.432123,0000,090936,0.035430,0.0009,0.1882
2026-08-11T16:35:49.196543,0000,090944,0.014146,0.0003,0.1189
2026-08-11T16:35:51.338148,0000,090952,0.025999,-0.0005,0.1612
2026-08-11T16:35:53.122861,0000,090960,0.020828,-0.0009,0.1443
2026-08-11T16:35:54.895362,0000,090968,0.048390,-0.0010,0.2200
2026-08-11T16:35:57.023384,0000,090976,0.036438,-0.0010,0.1909
2026-08-11T16:35:58.965583,0000,090984,0.018140,-0.0002,0.1347
2026-08-11T16:36:00.724287,0000,090992,0.023619,0.0005,0.1537
2026-08-11T16:36:02.567566,0000,091000,0.101756,0.0010,0.3190
2026-08-11T16:36:04.525774,0000,091008,0.061231,0.0007,0.2474
2026-08-11T16:36:06.315389,0000,091016,0.095172,0.0006,0.3085
2026-08-11T16:36:08.217658,0000,091024,0.022163,0.0000,0.1489
2026-08-11T16:36:10.065342,0000,091032,0.023015,-0.0007,0.1517
2026-08-11T16:36:11.783150,0000,091040,0.038963,-0.0010,0.1974
2026-08-11T16:36:13.570379,0000,091048,0.019632,-0.0010,0.1401
2026-08-11T16:36:15.372181,0000,091056,0.086698,-0.0010,0.2944
2026-08-11T16:36:17.336355,0000,091064,0.028838,-0.0003,0.1698
2026-08-11T16:36:19.161530,0000,091072,0.016355,0.0003,0.1279
2026-08-11T16:36:21.378795,0000,091080,0.045137,0.0007,0.2125
2026-08-11T16:36:23.535155,0000,091088,0.035476,0.0009,0.1884
2026-08-11T16:36:25.314513,0000,091096,0.023494,0.0005,0.1533
2026-08-11T16:36:27.035425,0000,091104,0.079779,0.0001,0.2825
2026-08-11T16:36:29.089283,0000,091112,0.015540,-0.0008,0.1247
2026-08-11T16:36:31.464841,0000,091120,0.025998,-0.0013,0.1612
2026-08-11T16:36:33.553833,0000,091128,0.043091,-0.0011,0.2076
2026-08-11T16:36:35.560503,0000,091136,0.023121,-0.0009,0.1521
2026-08-11T16:36:37.452963,0000,091144,1.618427,-0.0013,1.2722
2026-08-11T16:36:39.367643,0000,091152,0.013508,0.0003,0.1162
2026-08-11T16:36:41.158743,0000,091160,0.022482,0.0006,0.1499
2026-08-11T16:36:43.375220,0000,091168,0.039936,0.0008,0.1998
2026-08-11T16:36:45.531404,0000,091176,0.029166,0.0004,0.1708
2026-08-11T16:36:47.463924,0000,091184,0.055111,-0.0001,0.2348
2026-08-11T16:36:49.600534,0000,091192,0.036295,-0.0002,0.1905
2026-08-11T16:36:51.712704,0000,091200,0.069090,-0.0003,0.2629
2026-08-11T16:36:53.723154,0000,091208,0.010579,0.0006,0.1029
2026-08-11T16:36:55.630779,0000,091216,0.025049,0.0005,0.1583
2026-08-11T16:36:57.732446,0000,091224,0.046614,0.0001,0.2159
2026-08-11T16:36:59.920712,0000,091232,0.015584,-0.0002,0.1248
2026-08-11T16:37:01.745486,0000,091240,0.033459,-0.0004,0.1829
2026-08-11T16:37:03.671579,0000,091248,0.030592,-0.0003,0.1749
2026-08-11T16:37:05.646420,0000,091256,0.030961,0.0002,0.1760
2026-08-11T16:37:07.516166,0000,091264,1.619240,-0.0005,1.2725
2026-08-11T16:37:09.735235,0000,091272,0.029449,0.0007,0.1716
2026-08-11T16:37:11.956397,0000,091280,0.051027,0.0007,0.2259
2026-08-11T16:37:13.848839,0000,091288,0.027719,0.0004,0.1665
2026-08-11T16:37:16.368998,0000,091296,0.048173,-0.0002,0.2195
2026-08-11T16:37:18.379511,0000,091304,0.011649,-0.0001,0.1079
2026-08-11T16:37:20.265440,0000,091312,0.018432,-0.0000,0.1358
2026-08-11T16:37:22.158798,0000,091320,0.027244,0.0005,0.1651
2026-08-11T16:37:24.392477,0000,091328,0.050506,0.0006,0.2247
2026-08-11T16:37:26.496102,0000,091336,0.038788,0.0002,0.1969
2026-08-11T16:37:28.480817,0000,091344,0.028859,-0.0001,0.1699
2026-08-11T16:37:30.394074,0000,091352,1.599137,-0.0011,1.2646
2026-08-11T16:37:32.424818,0000,091360,0.030879,-0.0000,0.1757
2026-08-11T16:37:34.301563,0000,091368,0.042621,0.0002,0.2064
2026-08-11T16:37:36.454100,0000,091376,0.013076,0.0004,0.1143
2026-08-11T16:37:38.183045,0000,091384,0.039545,0.0001,0.1989
2026-08-11T16:37:40.102004,0000,091392,0.018581,-0.0003,0.1363
2026-08-11T16:37:42.051224,0000,091400,0.055231,-0.0005,0.2350
2026-08-11T16:37:43.832264,0000,091408,0.035702,-0.0003,0.1889
2026-08-11T16:37:45.589772,0000,091416,0.017176,0.0001,0.1311
2026-08-11T16:37:47.314841,0000,091424,0.016899,0.0002,0.1300
2026-08-11T16:37:49.268204,0000,091432,0.218882,0.0000,0.4678
2026-08-11T16:37:51.280663,0000,091440,0.027530,-0.0004,0.1659
2026-08-11T16:37:53.769272,0000,091448,0.042660,-0.0005,0.2065
2026-08-11T16:37:55.918288,0000,091456,0.011136,-0.0003,0.1055
2026-08-11T16:37:58.052010,0000,091464,0.037777,0.0001,0.1944
2026-08-11T16:37:59.986399,0000,091472,0.018776,0.0002,0.1370
2026-08-11T16:38:01.828941,0000,091480,0.015434,0.0001,0.1242
2026-08-11T16:38:03.995771,0000,091488,0.012440,-0.0004,0.1115
2026-08-11T16:38:05.805009,0000,091496,0.017129,-0.0005,0.1309
2026-08-11T16:38:07.609391,0000,091504,0.017716,-0.0004,0.1331
2026-08-11T16:38:09.427983,0000,091512,1.598856,-0.0006,1.2645
2026-08-11T16:38:11.376227,0000,091520,0.030031,0.0007,0.1733
2026-08-11T16:38:13.174418,0000,091528,0.033032,0.0011,0.1817
2026-08-11T16:38:14.887887,0000,091536,0.028321,0.0010,0.1683
2026-08-11T16:38:17.049368,0000,091544,0.021050,0.0010,0.1451
2026-08-11T16:38:18.953706,0000,091552,0.026751,0.0005,0.1636
2026-08-11T16:38:21.378940,0000,091560,0.020711,-0.0004,0.1439
2026-08-11T16:38:23.496368,0000,091568,0.025922,-0.0009,0.1610
2026-08-11T16:38:25.539383,0000,091576,0.057289,-0.0009,0.2394
2026-08-11T16:38:27.585116,0000,091584,0.029109,-0.0006,0.1706
2026-08-11T16:38:29.802168,0000,091592,0.058494,-0.0003,0.2419
2026-08-11T16:38:31.752496,0000,091600,0.050901,0.0003,0.2256
2026-08-11T16:38:33.720046,0000,091608,0.023843,0.0010,0.1544
2026-08-11T16:38:35.776089,0000,091616,0.031794,0.0011,0.1783
2026-08-11T16:38:37.720486,0000,091624,0.059411,0.0006,0.2437
2026-08-11T16:38:39.787626,0000,091632,0.015305,0.0003,0.1237
2026-08-11T16:38:42.022727,0000,091640,0.014153,-0.0005,0.1190
2026-08-11T16:38:43.786945,0000,091648,0.022815,-0.0009,0.1510
2026-08-11T16:38:45.665552,0000,091656,0.030975,-0.0010,0.1760
2026-08-11T16:38:47.445454,0000,091664,0.027221,-0.0008,0.1650
2026-08-11T16:38:49.451627,0000,091672,0.055595,-0.0004,0.2358
2026-08-11T16:38:51.444018,0000,091680,0.019352,0.0005,0.1391
2026-08-11T16:38:53.263940,0000,091688,0.014875,0.0007,0.1220
2026-08-11T16:38:55.074631,0000,091696,0.014690,0.0010,0.1212
2026-08-11T16:38:56.845092,0000,091704,0.025200,0.0006,0.1587
2026-08-11T16:38:58.787437,0000,091712,0.044822,0.0001,0.2117
2026-08-11T16:39:00.699150,0000,091720,0.021548,-0.0007,0.1468
2026-08-11T16:39:03.098967,0000,091728,0.052016,-0.0012,0.2281
2026-08-11T16:39:05.098057,0000,091736,0.028600,-0.0010,0.1691
2026-08-11T16:39:07.323705,0000,091744,0.017300,-0.0010,0.1315
2026-08-11T16:39:09.383039,0000,091752,0.045633,-0.0004,0.2136
2026-08-11T16:39:11.397768,0000,091760,0.025026,0.0003,0.1582
2026-08-11T16:39:13.750130,0000,091768,0.039077,0.0010,0.1977
2026-08-11T16:39:15.708063,0000,091776,0.030479,0.0008,0.1746
2026-08-11T16:39:17.652144,0000,091784,0.022069,0.0005,0.1486
2026-08-11T16:39:19.848581,0000,091792,0.019379,0.0002,0.1392
2026-08-11T16:39:21.957052,0000,091800,0.067929,-0.0009,0.2606
2026-08-11T16:39:23.833497,0000,091808,0.024402,-0.0010,0.1562
2026-08-11T16:39:25.597822,0000,091816,0.040362,-0.0011,0.2009
2026-08-11T16:39:27.393216,0000,091824,0.025985,-0.0010,0.1612
2026-08-11T16:39:29.221778,0000,091832,0.029588,-0.0004,0.1720
2026-08-11T16:39:31.089101,0000,091840,0.009575,0.0004,0.0979
2026-08-11T16:39:32.798650,0000,091848,0.014333,0.0006,0.1197
2026-08-11T16:39:34.689992,0000,091856,0.016863,0.0010,0.1299
2026-08-11T16:39:36.400566,0000,091864,0.017876,0.0006,0.1337
2026-08-11T16:39:38.378834,0000,091872,0.042752,0.0002,0.2068
2026-08-11T16:39:40.108711,0000,091880,0.024187,-0.0006,0.1555
2026-08-11T16:39:42.305518,0000,091888,0.021857,-0.0011,0.1478
2026-08-11T16:39:44.069368,0000,091896,0.032696,-0.0012,0.1808
2026-08-11T16:39:46.379147,0000,091904,0.087795,-0.0011,0.2963
2026-08-11T16:39:48.279587,0000,091912,0.030002,-0.0003,0.1732
2026-08-11T16:39:50.028800,0000,091920,0.083209,0.0003,0.2885
2026-08-11T16:39:52.071645,0000,091928,0.019632,0.0008,0.1401
2026-08-11T16:39:54.395502,0000,091936,0.019534,0.0011,0.1398
2026-08-11T16:39:56.579522,0000,091944,0.027577,0.0008,0.1661
2026-08-11T16:39:58.752801,0000,091952,0.063611,0.0001,0.2522
2026-08-11T16:40:00.687915,0000,091960,0.015722,-0.0007,0.1254
2026-08-11T16:40:02.810369,0000,091968,0.042896,-0.0012,0.2071
2026-08-11T16:40:04.831657,0000,091976,0.023753,-0.0011,0.1541
2026-08-11T16:40:07.057998,0000,091984,0.016636,-0.0007,0.1290
2026-08-11T16:40:09.066644,0000,091992,0.025617,-0.0004,0.1601
2026-08-11T16:40:11.137410,0000,092000,0.017308,0.0003,0.1316
2026-08-11T16:40:13.276740,0000,092008,0.023046,0.0008,0.1518
2026-08-11T16:40:15.127506,0000,092016,0.014067,0.0007,0.1186
2026-08-11T16:40:17.280730,0000,092024,0.033692,0.0005,0.1836
2026-08-11T16:40:19.351218,0000,092032,0.035166,-0.0000,0.1875
2026-08-11T16:40:21.222324,0000,092040,0.013609,-0.0006,0.1167
2026-08-11T16:40:23.259483,0000,092048,0.070916,-0.0013,0.2663
2026-08-11T16:40:25.015266,0000,092056,0.018296,-0.0010,0.1353
2026-08-11T16:40:26.954674,0000,092064,0.015616,-0.0008,0.1250
2026-08-11T16:40:28.675536,0000,092072,0.015970,-0.0004,0.1264
2026-08-11T16:40:30.491981,0000,092080,0.016803,0.0004,0.1296
2026-08-11T16:40:32.300700,0000,092088,0.023078,0.0008,0.1519
2026-08-11T16:40:34.196023,0000,092096,0.051887,0.0009,0.2278
2026-08-11T16:40:36.016678,0000,092104,0.031914,0.0006,0.1786
2026-08-11T16:40:37.754505,0000,092112,0.093550,0.0001,0.3059
2026-08-11T16:40:39.759207,0000,092120,0.029762,-0.0007,0.1725
2026-08-11T16:40:41.492353,0000,092128,0.018560,-0.0010,0.1362
2026-08-11T16:40:43.412292,0000,092136,0.038445,-0.0012,0.1961
2026-08-11T16:40:45.407071,0000,092144,0.017286,-0.0009,0.1315
2026-08-11T16:40:47.416440,0000,092152,0.030670,-0.0004,0.1751
2026-08-11T16:40:49.201929,0000,092160,0.013961,0.0004,0.1182
2026-08-11T16:40:50.895045,0000,092168,0.026871,0.0007,0.1639
2026-08-11T16:40:52.809889,0000,092176,0.050581,0.0008,0.2249
2026-08-11T16:40:55.118593,0000,092184,0.082292,0.0004,0.2869
2026-08-11T16:40:56.879057,0000,092192,0.021579,0.0001,0.1469
2026-08-11T16:40:58.644466,0000,092200,0.019909,-0.0007,0.1411
2026-08-11T16:41:00.353968,0000,092208,0.050739,-0.0010,0.2253
2026-08-11T16:41:02.100519,0000,092216,0.051295,-0.0010,0.2265
2026-08-11T16:41:04.034477,0000,092224,0.033580,-0.0009,0.1832
2026-08-11T16:41:05.963371,0000,092232,0.013113,-0.0002,0.1145
2026-08-11T16:41:07.997670,0000,092240,0.018068,0.0005,0.1344
2026-08-11T16:41:10.004092,0000,092248,0.021556,0.0008,0.1468
2026-08-11T16:41:11.879703,0000,092256,0.032333,0.0008,0.1798
2026-08-11T16:41:13.922747,0000,092264,0.033786,0.0005,0.1838
2026-08-11T16:41:15.798609,0000,092272,0.040974,0.0000,0.2024
2026-08-11T16:41:17.753425,0000,092280,0.072617,-0.0006,0.2695
2026-08-11T16:41:19.753158,0000,092288,0.034384,-0.0009,0.1854
2026-08-11T16:41:21.868409,0000,092296,0.040899,-0.0009,0.2022
2026-08-11T16:41:23.840141,0000,092304,0.054466,-0.0009,0.2334
2026-08-11T16:41:25.814550,0000,092312,0.029290,-0.0003,0.1711
2026-08-11T16:41:28.032682,0000,092320,0.073614,0.0006,0.2713
2026-08-11T16:41:29.945864,0000,092328,0.037899,0.0008,0.1947
2026-08-11T16:41:31.878376,0000,092336,0.030859,0.0011,0.1757
2026-08-11T16:41:33.677006,0000,092344,0.015767,0.0007,0.1256
2026-08-11T16:41:35.680874,0000,092352,0.014945,0.0002,0.1223
2026-08-11T16:41:37.652550,0000,092360,0.092934,-0.0004,0.3049
2026-08-11T16:41:39.549562,0000,092368,0.044990,-0.0008,0.2121
2026-08-11T16:41:41.371163,0000,092376,0.023059,-0.0009,0.1519
2026-08-11T16:41:43.702038,0000,092384,0.056467,-0.0006,0.2376
2026-08-11T16:41:45.758795,0000,092392,0.059981,-0.0003,0.2449
2026-08-11T16:41:47.820111,0000,092400,0.025923,0.0008,0.1610
2026-08-11T16:41:49.917256,0000,092408,0.033988,0.0013,0.1844
2026-08-11T16:41:51.877259,0000,092416,0.028401,0.0010,0.1685
2026-08-11T16:41:53.668851,0000,092424,0.030204,0.0009,0.1738
2026-08-11T16:41:55.493359,0000,092432,0.024924,0.0004,0.1579
2026-08-11T16:41:57.671500,0000,092440,0.030160,-0.0003,0.1737
2026-08-11T16:41:59.384057,0000,092448,0.021096,-0.0007,0.1452
2026-08-11T16:42:01.221922,0000,092456,0.053292,-0.0008,0.2309
2026-08-11T16:42:03.597446,0000,092464,0.019863,-0.0003,0.1409
2026-08-11T16:42:05.413768,0000,092472,0.036572,0.0000,0.1912
2026-08-11T16:42:07.350446,0000,092480,0.017137,0.0001,0.1309
2026-08-11T16:42:09.118907,0000,092488,0.023911,0.0000,0.1546
2026-08-11T16:42:11.068985,0000,092496,0.042045,-0.0005,0.2050
2026-08-11T16:42:12.798981,0000,092504,0.028266,-0.0005,0.1681
2026-08-11T16:42:14.662753,0000,092512,0.017338,-0.0002,0.1317
2026-08-11T16:42:16.370829,0000,092520,0.022029,0.0000,0.1484
2026-08-11T16:42:18.138534,0000,092528,0.026347,0.0003,0.1623
2026-08-11T16:42:20.102736,0000,092536,0.024477,0.0002,0.1565
2026-08-11T16:42:21.855634,0000,092544,0.021140,-0.0002,0.1454
2026-08-11T16:42:23.655042,0000,092552,0.021147,-0.0004,0.1454
2026-08-11T16:42:25.461566,0000,092560,0.035624,-0.0002,0.1887
2026-08-11T16:42:27.574871,0000,092568,0.036519,0.0008,0.1911
2026-08-11T16:42:29.376076,0000,092576,0.031498,0.0003,0.1775
2026-08-11T16:42:31.281123,0000,092584,0.036618,0.0004,0.1914
2026-08-11T16:42:33.152285,0000,092592,0.021310,-0.0002,0.1460
2026-08-11T16:42:35.013352,0000,092600,0.014453,-0.0002,0.1202
2026-08-11T16:42:36.780160,0000,092608,0.013755,-0.0000,0.1173
2026-08-11T16:42:38.508695,0000,092616,1.834662,-0.0007,1.3545
2026-08-11T16:42:40.665461,0000,092624,0.042705,0.0013,0.2067
2026-08-11T16:42:42.396870,0000,092632,0.030933,0.0013,0.1759
2026-08-11T16:42:44.176108,0000,092640,0.036579,0.0012,0.1913
2026-08-11T16:42:46.007241,0000,092648,0.054938,0.0011,0.2344
2026-08-11T16:42:47.707225,0000,092656,0.018271,0.0005,0.1352
2026-08-11T16:42:49.429407,0000,092664,0.011212,-0.0001,0.1059
2026-08-11T16:42:51.282668,0000,092672,0.023551,-0.0005,0.1535
2026-08-11T16:42:53.020921,0000,092680,0.023171,-0.0006,0.1522
2026-08-11T16:42:54.993290,0000,092688,0.013562,-0.0004,0.1165
2026-08-11T16:42:57.430502,0000,092696,0.034056,0.0002,0.1845
2026-08-11T16:42:59.723268,0000,092704,0.022775,0.0003,0.1509
2026-08-11T16:43:01.738182,0000,092712,0.030631,0.0000,0.1750
2026-08-11T16:43:03.918915,0000,092720,0.021833,-0.0002,0.1478
2026-08-11T16:43:05.998775,0000,092728,0.020228,-0.0004,0.1422
2026-08-11T16:43:08.429277,0000,092736,0.029855,-0.0001,0.1728
2026-08-11T16:43:11.401060,0000,092744,0.034532,0.0002,0.1858
2026-08-11T16:43:14.038572,0000,092752,0.015726,0.0004,0.1254
2026-08-11T16:43:17.340465,0000,092760,0.026718,0.0002,0.1635
2026-08-11T16:43:20.106752,0000,092768,0.014952,-0.0001,0.1223
2026-08-11T16:43:22.256132,0000,092776,0.015345,-0.0003,0.1239
2026-08-11T16:43:24.755300,0000,092784,0.036115,-0.0001,0.1900
2026-08-11T16:43:27.183305,0000,092792,0.016412,0.0003,0.1281
2026-08-11T16:43:29.454170,0000,092800,0.017997,0.0004,0.1342
2026-08-11T16:43:31.699751,0000,092808,0.044181,0.0003,0.2102
2026-08-11T16:43:33.503937,0000,092816,0.022815,-0.0002,0.1510
2026-08-11T16:43:35.843987,0000,092824,0.013819,-0.0004,0.1176
2026-08-11T16:43:38.529841,0000,092832,0.018758,-0.0001,0.1370
2026-08-11T16:43:40.794131,0000,092840,0.019283,0.0004,0.1389
2026-08-11T16:43:42.986815,0000,092848,0.050785,0.0004,0.2254
2026-08-11T16:43:45.571080,0000,092856,0.037803,0.0003,0.1944
2026-08-11T16:43:47.784679,0000,092864,0.033117,-0.0001,0.1820
2026-08-11T16:43:49.769339,0000,092872,0.020424,-0.0002,0.1429
2026-08-11T16:43:52.157129,0000,092880,0.042663,-0.0002,0.2065
2026-08-11T16:43:54.438860,0000,092888,0.025852,0.0003,0.1608
2026-08-11T16:43:56.826438,0000,092896,0.052739,0.0006,0.2297
2026-08-11T16:43:58.821609,0000,092904,0.091701,0.0003,0.3028
2026-08-11T16:44:00.807543,0000,092912,0.022738,-0.0001,0.1508
2026-08-11T16:44:02.674682,0000,092920,0.071625,-0.0002,0.2676
2026-08-11T16:44:04.726636,0000,092928,0.029460,-0.0000,0.1716
2026-08-11T16:44:06.843855,0000,092936,0.034982,0.0004,0.1870
2026-08-11T16:44:09.110009,0000,092944,0.018957,0.0007,0.1377
2026-08-11T16:44:11.363082,0000,092952,0.011096,0.0002,0.1053
2026-08-11T16:44:13.629030,0000,092960,0.025447,-0.0001,0.1595
2026-08-11T16:44:15.731302,0000,092968,0.028005,-0.0003,0.1673
2026-08-11T16:44:17.724365,0000,092976,0.017942,0.0001,0.1339
2026-08-11T16:44:20.265730,0000,092984,0.019784,0.0001,0.1407
2026-08-11T16:44:22.435549,0000,092992,0.010740,-0.0004,0.1036
2026-08-11T16:44:24.604820,0000,093000,0.018759,-0.0005,0.1370
2026-08-11T16:44:27.499236,0000,093008,0.020460,-0.0003,0.1430
2026-08-11T16:44:30.072392,0000,093016,0.077670,0.0001,0.2787
2026-08-11T16:44:32.444842,0000,093024,0.013442,0.0003,0.1159
2026-08-11T16:44:34.555419,0000,093032,0.031390,0.0001,0.1772
2026-08-11T16:44:37.229780,0000,093040,0.037365,-0.0002,0.1933
2026-08-11T16:44:39.500243,0000,093048,0.026735,-0.0003,0.1635
2026-08-11T16:44:41.640904,0000,093056,0.018129,-0.0002,0.1346
2026-08-11T16:44:44.082134,0000,093064,0.034527,0.0001,0.1858
2026-08-11T16:44:46.237430,0000,093072,0.028419,0.0004,0.1686
2026-08-11T16:44:48.302514,0000,093080,0.035799,0.0002,0.1892
2026-08-11T16:44:50.267152,0000,093088,0.013486,-0.0002,0.1161
2026-08-11T16:44:52.533065,0000,093096,0.022409,-0.0003,0.1497
2026-08-11T16:44:55.191017,0000,093104,0.029363,0.0001,0.1714
2026-08-11T16:44:57.554178,0000,093112,0.032682,-0.0002,0.1808
2026-08-11T16:44:59.939751,0000,093120,0.022266,0.0002,0.1492
2026-08-11T16:45:01.944621,0000,093128,0.023294,-0.0002,0.1526
2026-08-11T16:45:04.017357,0000,093136,0.039798,-0.0001,0.1995
2026-08-11T16:45:06.180921,0000,093144,0.018331,0.0006,0.1354
2026-08-11T16:45:08.129877,0000,093152,0.035831,0.0005,0.1893
2026-08-11T16:45:10.253547,0000,093160,0.020657,0.0005,0.1437
2026-08-11T16:45:12.216638,0000,093168,0.025906,0.0000,0.1610
2026-08-11T16:45:14.340510,0000,093176,0.020387,-0.0006,0.1428
2026-08-11T16:45:16.393049,0000,093184,0.044224,-0.0012,0.2103
2026-08-11T16:45:18.291350,0000,093192,0.084147,-0.0011,0.2901
2026-08-11T16:45:20.701108,0000,093200,0.072283,-0.0008,0.2689
2026-08-11T16:45:22.931801,0000,093208,0.028534,-0.0003,0.1689
2026-08-11T16:45:24.903962,0000,093216,0.018789,0.0005,0.1371
2026-08-11T16:45:27.068543,0000,093224,0.026021,0.0010,0.1613
2026-08-11T16:45:29.320726,0000,093232,0.246937,0.0008,0.4969
2026-08-11T16:45:31.188520,0000,093240,0.033883,0.0008,0.1841
2026-08-11T16:45:33.578629,0000,093248,0.026132,0.0004,0.1617
2026-08-11T16:45:35.552988,0000,093256,0.014593,-0.0005,0.1208
2026-08-11T16:45:38.304665,0000,093264,0.051470,-0.0010,0.2269
2026-08-11T16:45:40.825244,0000,093272,0.048959,-0.0009,0.2213
2026-08-11T16:45:42.763010,0000,093280,0.027508,-0.0006,0.1659
2026-08-11T16:45:45.236505,0000,093288,0.031656,0.0001,0.1779
2026-08-11T16:45:47.252153,0000,093296,0.029568,0.0000,0.1720
2026-08-11T16:45:49.261397,0000,093304,0.024994,-0.0000,0.1581
2026-08-11T16:45:51.349141,0000,093312,0.014209,0.0002,0.1192
2026-08-11T16:45:53.399549,0000,093320,0.031378,-0.0000,0.1771
2026-08-11T16:45:55.246624,0000,093328,0.026358,0.0002,0.1624
2026-08-11T16:45:57.214636,0000,093336,0.014975,0.0000,0.1224
2026-08-11T16:45:59.326470,0000,093344,0.083046,-0.0007,0.2882
2026-08-11T16:46:01.320508,0000,093352,0.031861,-0.0005,0.1785
2026-08-11T16:46:03.405114,0000,093360,0.036681,-0.0003,0.1915
2026-08-11T16:46:05.740813,0000,093368,0.018484,0.0003,0.1360
2026-08-11T16:46:07.883411,0000,093376,0.018020,0.0003,0.1342
2026-08-11T16:46:09.850751,0000,093384,0.010098,0.0002,0.1005
2026-08-11T16:46:11.991739,0000,093392,0.027101,-0.0001,0.1646
2026-08-11T16:46:13.806518,0000,093400,0.041079,-0.0004,0.2027
2026-08-11T16:46:15.628552,0000,093408,0.054288,-0.0002,0.2330
2026-08-11T16:46:17.526353,0000,093416,0.022036,0.0004,0.1484
2026-08-11T16:46:19.455053,0000,093424,0.017289,0.0003,0.1315
2026-08-11T16:46:21.356480,0000,093432,0.016039,0.0002,0.1266
2026-08-11T16:46:23.144657,0000,093440,0.034373,-0.0002,0.1854
2026-08-11T16:46:25.454012,0000,093448,0.050211,-0.0002,0.2241
2026-08-11T16:46:27.489272,0000,093456,0.031404,-0.0000,0.1772
2026-08-11T16:46:29.317949,0000,093464,0.022804,0.0004,0.1510
2026-08-11T16:46:31.118890,0000,093472,0.023048,0.0006,0.1518
2026-08-11T16:46:33.453643,0000,093480,0.031144,0.0006,0.1765
2026-08-11T16:46:35.361609,0000,093488,0.018044,0.0000,0.1343
2026-08-11T16:46:37.293282,0000,093496,0.025373,-0.0007,0.1593
2026-08-11T16:46:39.257160,0000,093504,0.078798,-0.0015,0.2807
2026-08-11T16:46:40.971164,0000,093512,0.036929,-0.0010,0.1922
2026-08-11T16:46:42.885078,0000,093520,0.023362,-0.0009,0.1528
2026-08-11T16:46:44.740183,0000,093528,0.043325,-0.0002,0.2081
2026-08-11T16:46:46.473528,0000,093536,0.034539,0.0004,0.1858
2026-08-11T16:46:48.243223,0000,093544,0.019619,0.0010,0.1401
2026-08-11T16:46:50.059991,0000,093552,0.026798,0.0010,0.1637
2026-08-11T16:46:51.987988,0000,093560,0.031530,0.0007,0.1776
2026-08-11T16:46:53.716923,0000,093568,0.039523,0.0003,0.1988
2026-08-11T16:46:55.568282,0000,093576,0.043706,-0.0006,0.2091
2026-08-11T16:46:57.570962,0000,093584,0.022035,-0.0008,0.1484
2026-08-11T16:46:59.351259,0000,093592,0.012926,-0.0007,0.1137
2026-08-11T16:47:01.216715,0000,093600,1.571973,-0.0013,1.2538
2026-08-11T16:47:03.110275,0000,093608,0.077965,-0.0002,0.2792
2026-08-11T16:47:05.112233,0000,093616,0.021166,0.0006,0.1455
2026-08-11T16:47:06.992117,0000,093624,0.032845,0.0010,0.1812
2026-08-11T16:47:08.878993,0000,093632,0.032468,0.0011,0.1802
2026-08-11T16:47:10.656477,0000,093640,0.041744,0.0008,0.2043
2026-08-11T16:47:12.583043,0000,093648,0.016291,0.0003,0.1276
2026-08-11T16:47:14.482000,0000,093656,0.033925,-0.0005,0.1842
2026-08-11T16:47:16.204112,0000,093664,0.037538,-0.0007,0.1937
2026-08-11T16:47:17.977857,0000,093672,0.020966,-0.0006,0.1448
2026-08-11T16:47:19.821153,0000,093680,0.013246,-0.0005,0.1151
2026-08-11T16:47:21.712112,0000,093688,0.016563,-0.0000,0.1287
2026-08-11T16:47:23.668361,0000,093696,0.070912,0.0006,0.2663
2026-08-11T16:47:25.590458,0000,093704,0.031937,0.0011,0.1787
2026-08-11T16:47:27.318720,0000,093712,0.024805,0.0011,0.1575
2026-08-11T16:47:29.249606,0000,093720,0.023740,0.0008,0.1541
2026-08-11T16:47:31.801973,0000,093728,0.052296,0.0005,0.2287
2026-08-11T16:47:34.061484,0000,093736,0.032441,-0.0002,0.1801
2026-08-11T16:47:36.078388,0000,093744,0.047477,-0.0007,0.2179
2026-08-11T16:47:38.012076,0000,093752,0.046229,-0.0007,0.2150
2026-08-11T16:47:40.170863,0000,093760,0.040800,-0.0005,0.2020
2026-08-11T16:47:42.128084,0000,093768,0.037858,0.0000,0.1946
2026-08-11T16:47:44.233347,0000,093776,0.028127,0.0001,0.1677
2026-08-11T16:47:46.536931,0000,093784,0.047659,0.0001,0.2183
2026-08-11T16:47:48.815051,0000,093792,0.038538,-0.0004,0.1963
2026-08-11T16:47:51.072340,0000,093800,0.021093,-0.0004,0.1452
2026-08-11T16:47:53.025556,0000,093808,0.039755,-0.0003,0.1994
2026-08-11T16:47:55.204007,0000,093816,0.032864,0.0002,0.1813
2026-08-11T16:47:57.262675,0000,093824,0.027102,0.0004,0.1646
2026-08-11T16:47:59.365825,0000,093832,0.024552,0.0001,0.1567
2026-08-11T16:48:01.941456,0000,093840,0.015306,-0.0001,0.1237
2026-08-11T16:48:04.135384,0000,093848,0.044517,-0.0004,0.2110
2026-08-11T16:48:06.245767,0000,093856,0.026053,-0.0001,0.1614
2026-08-11T16:48:08.480466,0000,093864,0.030203,0.0002,0.1738
2026-08-11T16:48:10.734943,0000,093872,0.021419,0.0004,0.1464
2026-08-11T16:48:12.724997,0000,093880,0.017225,0.0003,0.1312
2026-08-11T16:48:14.935361,0000,093888,1.586196,-0.0010,1.2594
2026-08-11T16:48:17.050777,0000,093896,0.027025,-0.0002,0.1644
2026-08-11T16:48:19.339824,0000,093904,0.040527,0.0000,0.2013
2026-08-11T16:48:21.419185,0000,093912,0.021851,-0.0002,0.1478
2026-08-11T16:48:23.772020,0000,093920,0.023869,-0.0000,0.1545
2026-08-11T16:48:26.072429,0000,093928,0.045258,0.0003,0.2127
2026-08-11T16:48:28.030709,0000,093936,0.213982,0.0004,0.4626
2026-08-11T16:48:29.977693,0000,093944,0.013335,0.0003,0.1155
2026-08-11T16:48:32.028563,0000,093952,0.041280,-0.0001,0.2032
2026-08-11T16:48:34.069218,0000,093960,0.019581,-0.0001,0.1399
2026-08-11T16:48:36.156405,0000,093968,0.044823,-0.0000,0.2117
2026-08-11T16:48:38.083742,0000,093976,0.024055,0.0005,0.1551
2026-08-11T16:48:39.931582,0000,093984,0.016679,0.0006,0.1291
2026-08-11T16:48:41.878123,0000,093992,0.044851,0.0003,0.2118
2026-08-11T16:48:43.707570,0000,094000,0.017837,0.0000,0.1336
2026-08-11T16:48:45.580495,0000,094008,0.020812,-0.0007,0.1443
2026-08-11T16:48:47.533618,0000,094016,1.598668,-0.0019,1.2644
2026-08-11T16:48:49.466377,0000,094024,0.031614,-0.0011,0.1778
2026-08-11T16:48:51.427896,0000,094032,0.019718,-0.0007,0.1404
2026-08-11T16:48:53.522837,0000,094040,0.021209,-0.0002,0.1456
2026-08-11T16:48:55.924409,0000,094048,0.015610,0.0006,0.1249
2026-08-11T16:48:58.388517,0000,094056,0.025259,0.0009,0.1589
2026-08-11T16:49:00.680347,0000,094064,0.082007,0.0008,0.2864
2026-08-11T16:49:02.711726,0000,094072,0.036888,0.0007,0.1921
2026-08-11T16:49:04.622424,0000,094080,0.025119,0.0004,0.1585
2026-08-11T16:49:06.805773,0000,094088,0.025741,-0.0006,0.1604
2026-08-11T16:49:09.253348,0000,094096,0.026190,-0.0007,0.1618
2026-08-11T16:49:11.716620,0000,094104,0.052434,-0.0011,0.2290
2026-08-11T16:49:14.152067,0000,094112,0.019382,-0.0007,0.1392
2026-08-11T16:49:16.545072,0000,094120,0.046418,0.0000,0.2154
2026-08-11T16:49:18.796455,0000,094128,0.047650,0.0001,0.2183
2026-08-11T16:49:21.060192,0000,094136,0.031166,0.0000,0.1765
2026-08-11T16:49:23.390339,0000,094144,0.022408,-0.0004,0.1497
2026-08-11T16:49:25.519104,0000,094152,0.021241,-0.0006,0.1457
2026-08-11T16:49:27.426893,0000,094160,0.028360,-0.0004,0.1684
2026-08-11T16:49:29.572476,0000,094168,0.073449,0.0001,0.2710
2026-08-11T16:49:31.653817,0000,094176,0.112427,0.0003,0.3353
2026-08-11T16:49:33.698645,0000,094184,0.025480,0.0002,0.1596
2026-08-11T16:49:35.905692,0000,094192,0.044367,-0.0002,0.2106
2026-08-11T16:49:38.324058,0000,094200,0.060766,-0.0002,0.2465
2026-08-11T16:49:40.432724,0000,094208,0.022565,-0.0001,0.1502
2026-08-11T16:49:42.532787,0000,094216,0.036667,0.0003,0.1915
2026-08-11T16:49:44.540317,0000,094224,0.015249,0.0005,0.1235
2026-08-11T16:49:46.802075,0000,094232,0.073081,0.0002,0.2703
2026-08-11T16:49:49.053081,0000,094240,0.029636,-0.0001,0.1722
2026-08-11T16:49:51.226214,0000,094248,0.216951,-0.0002,0.4658
2026-08-11T16:49:53.378195,0000,094256,0.050756,-0.0001,0.2253
2026-08-11T16:49:55.859991,0000,094264,0.028998,0.0005,0.1703
2026-08-11T16:49:58.265750,0000,094272,0.018509,0.0006,0.1360
2026-08-11T16:50:00.592793,0000,094280,0.026846,0.0006,0.1638
2026-08-11T16:50:03.093255,0000,094288,0.058002,-0.0003,0.2408
2026-08-11T16:50:05.010456,0000,094296,0.036188,-0.0002,0.1902
2026-08-11T16:50:07.009555,0000,094304,0.010173,0.0001,0.1009
2026-08-11T16:50:08.911774,0000,094312,0.021022,0.0000,0.1450
2026-08-11T16:50:11.185324,0000,094320,0.237077,-0.0006,0.4869
2026-08-11T16:50:13.324827,0000,094328,0.018124,-0.0005,0.1346
2026-08-11T16:50:15.264596,0000,094336,0.034996,-0.0003,0.1871
2026-08-11T16:50:17.110414,0000,094344,0.016960,0.0002,0.1302
2026-08-11T16:50:18.995717,0000,094352,0.023911,0.0004,0.1546
2026-08-11T16:50:20.827751,0000,094360,0.036870,0.0001,0.1920
2026-08-11T16:50:22.576917,0000,094368,0.023159,-0.0002,0.1522
2026-08-11T16:50:24.621450,0000,094376,0.023566,-0.0004,0.1535
2026-08-11T16:50:26.399485,0000,094384,0.039666,-0.0001,0.1992
2026-08-11T16:50:28.101276,0000,094392,0.017951,0.0003,0.1340
2026-08-11T16:50:30.251822,0000,094400,0.062412,0.0005,0.2498
2026-08-11T16:50:32.261460,0000,094408,0.022053,0.0003,0.1485
2026-08-11T16:50:34.680782,0000,094416,0.012907,-0.0000,0.1136
2026-08-11T16:50:37.122520,0000,094424,0.022888,-0.0006,0.1513
2026-08-11T16:50:39.205149,0000,094432,0.027158,-0.0010,0.1648
2026-08-11T16:50:41.297648,0000,094440,0.092901,-0.0010,0.3048
2026-08-11T16:50:43.236895,0000,094448,0.017039,-0.0007,0.1305
2026-08-11T16:50:45.081752,0000,094456,0.016847,-0.0002,0.1298
2026-08-11T16:50:47.001545,0000,094464,0.016335,0.0005,0.1278
2026-08-11T16:50:49.572096,0000,094472,0.059484,0.0011,0.2439
2026-08-11T16:50:51.566862,0000,094480,0.054868,0.0010,0.2342
2026-08-11T16:50:53.843172,0000,094488,0.026147,0.0009,0.1617
2026-08-11T16:50:56.058396,0000,094496,0.060491,0.0004,0.2459
2026-08-11T16:50:58.535735,0000,094504,0.034881,-0.0004,0.1868
2026-08-11T16:51:00.460568,0000,094512,1.603403,-0.0015,1.2663
2026-08-11T16:51:02.548437,0000,094520,0.013488,-0.0006,0.1161
2026-08-11T16:51:04.754346,0000,094528,0.020832,-0.0005,0.1443
2026-08-11T16:51:06.637134,0000,094536,0.057942,-0.0001,0.2407
2026-08-11T16:51:08.361342,0000,094544,0.014702,0.0007,0.1213
2026-08-11T16:51:10.734831,0000,094552,0.044725,0.0014,0.2115
2026-08-11T16:51:12.841275,0000,094560,0.025984,0.0012,0.1612
2026-08-11T16:51:14.951509,0000,094568,0.017999,0.0010,0.1342
2026-08-11T16:51:16.876654,0000,094576,1.557020,-0.0003,1.2478
2026-08-11T16:51:18.991629,0000,094584,0.043755,0.0003,0.2092
2026-08-11T16:51:20.912922,0000,094592,0.029341,-0.0000,0.1713
2026-08-11T16:51:22.781315,0000,094600,0.034202,-0.0003,0.1849
2026-08-11T16:51:24.841841,0000,094608,0.050601,0.0001,0.2249
2026-08-11T16:51:26.659417,0000,094616,0.023072,-0.0001,0.1519
2026-08-11T16:51:28.420304,0000,094624,0.016115,0.0001,0.1269
2026-08-11T16:51:30.210314,0000,094632,0.071698,-0.0001,0.2678
2026-08-11T16:51:31.957796,0000,094640,0.034756,0.0001,0.1864
2026-08-11T16:51:33.964386,0000,094648,0.091711,-0.0000,0.3028
2026-08-11T16:51:35.737084,0000,094656,0.027004,0.0002,0.1643
2026-08-11T16:51:37.685335,0000,094664,0.216187,-0.0000,0.4650
2026-08-11T16:51:39.459210,0000,094672,0.044836,-0.0005,0.2117
2026-08-11T16:51:41.181523,0000,094680,0.030371,-0.0004,0.1743
2026-08-11T16:51:43.086844,0000,094688,0.025453,-0.0001,0.1595
2026-08-11T16:51:44.861960,0000,094696,0.018461,0.0003,0.1359
2026-08-11T16:51:46.882095,0000,094704,0.019192,0.0003,0.1385
2026-08-11T16:51:48.819363,0000,094712,0.043357,0.0002,0.2082
2026-08-11T16:51:50.893213,0000,094720,0.042797,-0.0001,0.2069
2026-08-11T16:51:52.663417,0000,094728,0.024982,-0.0001,0.1581
2026-08-11T16:51:54.601316,0000,094736,0.080301,-0.0001,0.2834
2026-08-11T16:51:56.423909,0000,094744,0.032656,0.0002,0.1807
2026-08-11T16:51:58.563419,0000,094752,0.017208,0.0006,0.1312
2026-08-11T16:52:00.513589,0000,094760,0.016743,0.0005,0.1294
2026-08-11T16:52:02.589525,0000,094768,0.014556,-0.0000,0.1206
2026-08-11T16:52:04.674425,0000,094776,0.055372,-0.0002,0.2353
2026-08-11T16:52:06.592257,0000,094784,0.037782,0.0001,0.1944
2026-08-11T16:52:09.018748,0000,094792,0.024985,-0.0001,0.1581
2026-08-11T16:52:11.615467,0000,094800,0.015466,0.0001,0.1244
2026-08-11T16:52:15.891576,0000,094808,0.016990,-0.0000,0.1303
2026-08-11T16:52:18.749475,0000,094816,0.094311,0.0000,0.3071
2026-08-11T16:52:21.592431,0000,094824,0.013467,0.0001,0.1160
2026-08-11T16:52:24.795706,0000,094832,0.015126,-0.0003,0.1230
2026-08-11T16:52:27.577028,0000,094840,0.030088,-0.0004,0.1735
2026-08-11T16:52:30.777326,0000,094848,0.020705,-0.0003,0.1439
2026-08-11T16:52:33.384478,0000,094856,0.020741,0.0003,0.1440
2026-08-11T16:52:36.193413,0000,094864,0.023517,0.0004,0.1534
2026-08-11T16:52:38.252475,0000,094872,0.011217,0.0003,0.1059
2026-08-11T16:52:40.725402,0000,094880,0.028647,-0.0001,0.1693
2026-08-11T16:52:42.825566,0000,094888,0.016893,-0.0001,0.1300
2026-08-11T16:52:45.048081,0000,094896,0.019963,0.0000,0.1413
2026-08-11T16:52:47.310938,0000,094904,0.030419,-0.0001,0.1744
2026-08-11T16:52:49.696194,0000,094912,0.020213,0.0001,0.1422
2026-08-11T16:52:52.145269,0000,094920,0.033664,-0.0003,0.1835
2026-08-11T16:52:54.486366,0000,094928,0.027272,0.0001,0.1651
2026-08-11T16:52:56.941085,0000,094936,0.023224,0.0000,0.1524
2026-08-11T16:52:59.035980,0000,094944,0.017522,-0.0003,0.1324
2026-08-11T16:53:01.126202,0000,094952,0.024159,-0.0005,0.1554
2026-08-11T16:53:03.316748,0000,094960,0.077936,-0.0004,0.2792
2026-08-11T16:53:05.170149,0000,094968,0.030029,0.0002,0.1733
2026-08-11T16:53:06.987371,0000,094976,0.026885,0.0004,0.1640
2026-08-11T16:53:09.174857,0000,094984,0.052209,0.0001,0.2285
2026-08-11T16:53:11.655847,0000,094992,0.049254,-0.0002,0.2219
2026-08-11T16:53:14.018258,0000,095000,0.026310,-0.0002,0.1622
2026-08-11T16:53:16.550605,0000,095008,0.015677,0.0000,0.1252
2026-08-11T16:53:18.999076,0000,095016,0.048077,-0.0004,0.2193
2026-08-11T16:53:21.364376,0000,095024,0.029317,-0.0000,0.1712
2026-08-11T16:53:23.276216,0000,095032,0.020043,0.0004,0.1416
2026-08-11T16:53:25.137231,0000,095040,0.024205,0.0007,0.1556
2026-08-11T16:53:27.349385,0000,095048,0.013754,0.0005,0.1173
2026-08-11T16:53:29.656449,0000,095056,0.027965,0.0000,0.1672
2026-08-11T16:53:32.002280,0000,095064,0.084780,-0.0008,0.2912
2026-08-11T16:53:34.170449,0000,095072,0.040956,-0.0011,0.2024
2026-08-11T16:53:35.977024,0000,095080,1.568560,-0.0016,1.2524
2026-08-11T16:53:37.946138,0000,095088,0.020331,-0.0007,0.1426
2026-08-11T16:53:39.721633,0000,095096,0.037640,-0.0002,0.1940
2026-08-11T16:53:41.813785,0000,095104,0.032938,0.0004,0.1815
2026-08-11T16:53:44.382874,0000,095112,0.092669,0.0008,0.3044
2026-08-11T16:53:47.083327,0000,095120,0.024158,0.0011,0.1554
2026-08-11T16:53:49.899246,0000,095128,0.057313,0.0007,0.2394
2026-08-11T16:53:51.847041,0000,095136,0.019403,0.0004,0.1393
2026-08-11T16:53:54.124051,0000,095144,0.095676,-0.0004,0.3093
2026-08-11T16:53:56.233815,0000,095152,0.014701,-0.0006,0.1212
2026-08-11T16:53:58.275500,0000,095160,0.043514,-0.0007,0.2086
2026-08-11T16:54:00.917778,0000,095168,0.048928,-0.0006,0.2212
2026-08-11T16:54:02.870593,0000,095176,0.011737,0.0000,0.1083
2026-08-11T16:54:05.298162,0000,095184,0.019605,0.0002,0.1400
2026-08-11T16:54:07.549415,0000,095192,1.590726,-0.0007,1.2612
2026-08-11T16:54:09.574521,0000,095200,0.042753,0.0001,0.2068
2026-08-11T16:54:11.909245,0000,095208,0.012441,0.0002,0.1115
2026-08-11T16:54:14.541193,0000,095216,0.019380,-0.0002,0.1392
2026-08-11T16:54:16.584263,0000,095224,0.013737,-0.0003,0.1172
2026-08-11T16:54:18.492968,0000,095232,0.017048,-0.0001,0.1306
2026-08-11T16:54:20.313271,0000,095240,0.012430,0.0002,0.1115
2026-08-11T16:54:22.238058,0000,095248,0.019896,0.0004,0.1411
2026-08-11T16:54:24.292148,0000,095256,0.047581,0.0001,0.2181
2026-08-11T16:54:26.156924,0000,095264,0.020838,-0.0000,0.1444
2026-08-11T16:54:28.039054,0000,095272,0.057025,-0.0003,0.2388
2026-08-11T16:54:30.436530,0000,095280,0.023269,-0.0000,0.1525
2026-08-11T16:54:32.345075,0000,095288,0.022393,-0.0001,0.1496
2026-08-11T16:54:34.935179,0000,095296,0.029168,-0.0000,0.1708
2026-08-11T16:54:37.324890,0000,095304,0.019528,0.0005,0.1397
2026-08-11T16:54:39.213986,0000,095312,0.052166,0.0006,0.2284
2026-08-11T16:54:41.019072,0000,095320,0.035331,0.0005,0.1880
2026-08-11T16:54:42.986081,0000,095328,0.023573,-0.0000,0.1535
2026-08-11T16:54:45.167895,0000,095336,0.024990,-0.0001,0.1581
2026-08-11T16:54:47.236340,0000,095344,0.014127,0.0002,0.1189
2026-08-11T16:54:49.272561,0000,095352,0.040046,0.0000,0.2001
2026-08-11T16:54:51.496564,0000,095360,0.020845,-0.0004,0.1444
2026-08-11T16:54:53.659362,0000,095368,0.017645,-0.0004,0.1328
2026-08-11T16:54:55.489302,0000,095376,0.014985,-0.0002,0.1224
2026-08-11T16:54:57.619264,0000,095384,0.023020,0.0003,0.1517
2026-08-11T16:54:59.530815,0000,095392,0.016824,0.0004,0.1297
2026-08-11T16:55:01.319025,0000,095400,0.042014,0.0004,0.2050
2026-08-11T16:55:03.410107,0000,095408,0.032480,-0.0001,0.1802
2026-08-11T16:55:05.492186,0000,095416,0.028073,-0.0001,0.1675
2026-08-11T16:55:08.521190,0000,095424,0.038519,-0.0001,0.1963
2026-08-11T16:55:11.442104,0000,095432,0.077381,0.0004,0.2782
2026-08-11T16:55:14.079249,0000,095440,0.022188,0.0006,0.1490
2026-08-11T16:55:16.462272,0000,095448,0.019926,0.0004,0.1412
2026-08-11T16:55:18.675331,0000,095456,0.028364,-0.0000,0.1684
2026-08-11T16:55:21.510053,0000,095464,0.015743,-0.0000,0.1255
2026-08-11T16:55:23.699282,0000,095472,0.031753,-0.0005,0.1782
2026-08-11T16:55:26.064063,0000,095480,0.053483,-0.0006,0.2313
2026-08-11T16:55:28.349040,0000,095488,0.027985,-0.0003,0.1673
2026-08-11T16:55:30.124720,0000,095496,0.014434,0.0001,0.1201
2026-08-11T16:55:32.105765,0000,095504,0.033046,0.0002,0.1818
2026-08-11T16:55:34.154013,0000,095512,0.024753,-0.0000,0.1573
2026-08-11T16:55:35.877479,0000,095520,0.032284,0.0003,0.1797
2026-08-11T16:55:37.921868,0000,095528,0.023627,0.0003,0.1537
2026-08-11T16:55:39.628191,0000,095536,0.032211,-0.0002,0.1795
2026-08-11T16:55:41.601785,0000,095544,0.023758,-0.0003,0.1541
2026-08-11T16:55:43.382854,0000,095552,0.019898,0.0001,0.1411
2026-08-11T16:55:45.132730,0000,095560,0.021143,-0.0001,0.1454
2026-08-11T16:55:46.924964,0000,095568,1.569981,-0.0007,1.2530
2026-08-11T16:55:48.640670,0000,095576,0.074624,0.0003,0.2732
2026-08-11T16:55:50.358713,0000,095584,0.015151,0.0006,0.1231
2026-08-11T16:55:52.059971,0000,095592,0.041959,0.0004,0.2048
2026-08-11T16:55:54.233871,0000,095600,0.024862,-0.0001,0.1577
2026-08-11T16:55:56.188581,0000,095608,0.017092,-0.0003,0.1307
2026-08-11T16:55:58.029798,0000,095616,0.016524,0.0002,0.1285
2026-08-11T16:55:59.742907,0000,095624,0.045298,0.0000,0.2128
2026-08-11T16:56:01.515565,0000,095632,0.016769,-0.0003,0.1295
2026-08-11T16:56:03.250684,0000,095640,0.013014,-0.0004,0.1141
2026-08-11T16:56:05.000792,0000,095648,0.020719,-0.0001,0.1439
2026-08-11T16:56:06.715995,0000,095656,0.036197,0.0003,0.1903
2026-08-11T16:56:08.596484,0000,095664,0.036577,0.0005,0.1913
2026-08-11T16:56:10.390698,0000,095672,0.030774,0.0003,0.1754
2026-08-11T16:56:12.238805,0000,095680,0.033893,-0.0000,0.1841
2026-08-11T16:56:13.945773,0000,095688,0.024211,-0.0002,0.1556
2026-08-11T16:56:15.670696,0000,095696,0.023332,0.0000,0.1527
2026-08-11T16:56:17.423045,0000,095704,0.024206,-0.0002,0.1556
2026-08-11T16:56:19.133239,0000,095712,0.015699,0.0001,0.1253
2026-08-11T16:56:20.851013,0000,095720,1.557824,-0.0006,1.2481
2026-08-11T16:56:22.782222,0000,095728,0.017346,0.0002,0.1317
2026-08-11T16:56:24.498078,0000,095736,0.011780,0.0001,0.1085
2026-08-11T16:56:26.245899,0000,095744,0.012707,-0.0001,0.1127
2026-08-11T16:56:28.058678,0000,095752,0.008700,-0.0003,0.0933
2026-08-11T16:56:29.791957,0000,095760,0.019727,-0.0001,0.1405
2026-08-11T16:56:31.556674,0000,095768,0.015571,0.0004,0.1248
2026-08-11T16:56:33.297688,0000,095776,0.040860,0.0004,0.2021
2026-08-11T16:56:35.137469,0000,095784,0.046141,0.0003,0.2148
2026-08-11T16:56:36.841625,0000,095792,0.053768,-0.0000,0.2319
2026-08-11T16:56:38.622746,0000,095800,0.027678,-0.0001,0.1664
2026-08-11T16:56:40.322682,0000,095808,0.017024,0.0000,0.1305
2026-08-11T16:56:42.111037,0000,095816,0.021376,0.0001,0.1462
2026-08-11T16:56:44.051721,0000,095824,0.057044,-0.0005,0.2388
2026-08-11T16:56:45.858754,0000,095832,0.027580,-0.0005,0.1661
2026-08-11T16:56:47.717491,0000,095840,0.045605,-0.0003,0.2136
2026-08-11T16:56:50.016555,0000,095848,0.063199,0.0004,0.2514
2026-08-11T16:56:51.756624,0000,095856,0.012385,0.0004,0.1113
2026-08-11T16:56:53.641733,0000,095864,0.052494,0.0001,0.2291
2026-08-11T16:56:55.560590,0000,095872,0.042340,-0.0001,0.2058
2026-08-11T16:56:57.343428,0000,095880,0.035187,-0.0003,0.1876
2026-08-11T16:56:59.281684,0000,095888,0.100496,-0.0002,0.3170
2026-08-11T16:57:01.011801,0000,095896,0.025337,0.0005,0.1592
2026-08-11T16:57:02.761507,0000,095904,0.034950,0.0006,0.1869
2026-08-11T16:57:04.602140,0000,095912,0.029164,0.0004,0.1708
2026-08-11T16:57:06.467839,0000,095920,0.011572,-0.0000,0.1076
2026-08-11T16:57:08.184791,0000,095928,0.026627,-0.0001,0.1632
2026-08-11T16:57:10.120881,0000,095936,0.044711,-0.0001,0.2114
2026-08-11T16:57:11.861521,0000,095944,0.023145,0.0005,0.1521
2026-08-11T16:57:13.713091,0000,095952,0.031013,0.0007,0.1761
2026-08-11T16:57:15.406386,0000,095960,0.019345,0.0005,0.1391
2026-08-11T16:57:17.328770,0000,095968,0.024714,-0.0000,0.1572
2026-08-11T16:57:19.319951,0000,095976,0.017166,-0.0001,0.1310
2026-08-11T16:57:21.404389,0000,095984,0.076698,-0.0000,0.2769
2026-08-11T16:57:23.284847,0000,095992,0.022920,0.0006,0.1514
2026-08-11T16:57:25.303951,0000,096000,0.026769,0.0007,0.1636
2026-08-11T16:57:27.837660,0000,096008,0.021319,0.0005,0.1460
2026-08-11T16:57:30.397414,0000,096016,0.049730,0.0001,0.2230
2026-08-11T16:57:33.315126,0000,096024,0.023398,-0.0007,0.1530
2026-08-11T16:57:35.473729,0000,096032,0.039717,-0.0008,0.1993
2026-08-11T16:57:37.303597,0000,096040,0.046622,-0.0009,0.2159
2026-08-11T16:57:39.404638,0000,096048,0.027007,-0.0006,0.1643
2026-08-11T16:57:41.476836,0000,096056,0.013635,0.0000,0.1168
2026-08-11T16:57:43.993003,0000,096064,0.034912,0.0001,0.1868
2026-08-11T16:57:46.001156,0000,096072,0.037933,0.0003,0.1948
2026-08-11T16:57:47.997419,0000,096080,0.025531,-0.0005,0.1598
2026-08-11T16:57:50.110409,0000,096088,0.018673,-0.0004,0.1366
2026-08-11T16:57:52.419332,0000,096096,0.031149,-0.0002,0.1765
2026-08-11T16:57:55.272673,0000,096104,0.021698,0.0003,0.1473
2026-08-11T16:57:57.352575,0000,096112,0.011763,0.0004,0.1085
2026-08-11T16:57:59.743846,0000,096120,0.076519,0.0002,0.2766
2026-08-11T16:58:01.639785,0000,096128,0.026306,-0.0001,0.1622
2026-08-11T16:58:03.504597,0000,096136,0.052022,-0.0002,0.2281
2026-08-11T16:58:05.471471,0000,096144,0.026082,0.0000,0.1615
2026-08-11T16:58:07.867184,0000,096152,0.023366,-0.0001,0.1529
2026-08-11T16:58:09.981976,0000,096160,0.025009,0.0002,0.1581
2026-08-11T16:58:11.716607,0000,096168,0.035828,-0.0001,0.1893
2026-08-11T16:58:13.498546,0000,096176,0.037034,0.0000,0.1924
2026-08-11T16:58:15.192783,0000,096184,0.017325,0.0000,0.1316
2026-08-11T16:58:16.947519,0000,096192,0.027784,-0.0003,0.1667
2026-08-11T16:58:18.855184,0000,096200,0.066782,-0.0006,0.2584
2026-08-11T16:58:20.663611,0000,096208,0.042863,-0.0002,0.2070
2026-08-11T16:58:22.466908,0000,096216,0.019159,0.0004,0.1384
2026-08-11T16:58:24.195291,0000,096224,0.015133,0.0004,0.1230
2026-08-11T16:58:26.246975,0000,096232,0.036807,0.0002,0.1919
2026-08-11T16:58:27.974383,0000,096240,0.018607,-0.0002,0.1364
2026-08-11T16:58:29.714429,0000,096248,0.076472,-0.0002,0.2765
2026-08-11T16:58:31.661447,0000,096256,0.039944,-0.0001,0.1999
2026-08-11T16:58:33.375506,0000,096264,0.023232,0.0004,0.1524
2026-08-11T16:58:35.121577,0000,096272,0.032902,0.0006,0.1814
2026-08-11T16:58:37.158989,0000,096280,0.025703,0.0008,0.1603
2026-08-11T16:58:38.997406,0000,096288,0.015734,0.0001,0.1254
2026-08-11T16:58:40.961401,0000,096296,0.241787,-0.0009,0.4917
2026-08-11T16:58:42.785383,0000,096304,0.018259,-0.0010,0.1351
2026-08-11T16:58:44.652436,0000,096312,0.041495,-0.0009,0.2037
2026-08-11T16:58:46.361190,0000,096320,0.056044,-0.0007,0.2367
2026-08-11T16:58:48.355055,0000,096328,0.040255,-0.0003,0.2006
2026-08-11T16:58:50.359483,0000,096336,0.012609,0.0006,0.1123
2026-08-11T16:58:52.175250,0000,096344,0.050621,0.0008,0.2250
2026-08-11T16:58:53.968192,0000,096352,0.030939,0.0011,0.1759
2026-08-11T16:58:56.343409,0000,096360,0.087247,0.0010,0.2954
2026-08-11T16:58:58.060963,0000,096368,0.030212,0.0004,0.1738
2026-08-11T16:58:59.765139,0000,096376,0.020063,-0.0004,0.1416
2026-08-11T16:59:01.674993,0000,096384,0.038754,-0.0008,0.1969
2026-08-11T16:59:03.381244,0000,096392,0.016151,-0.0006,0.1271
2026-08-11T16:59:05.227402,0000,096400,1.633513,-0.0013,1.2781
2026-08-11T16:59:07.081252,0000,096408,0.019586,0.0001,0.1400
2026-08-11T16:59:09.053853,0000,096416,0.025949,0.0003,0.1611
2026-08-11T16:59:10.869124,0000,096424,0.021131,0.0001,0.1454
2026-08-11T16:59:12.811378,0000,096432,0.018469,-0.0003,0.1359
2026-08-11T16:59:14.605708,0000,096440,0.014619,-0.0003,0.1209
2026-08-11T16:59:16.438032,0000,096448,0.017774,-0.0001,0.1333
2026-08-11T16:59:18.249159,0000,096456,0.041375,0.0003,0.2034
2026-08-11T16:59:20.038162,0000,096464,0.067182,0.0003,0.2592
2026-08-11T16:59:21.915655,0000,096472,0.061355,0.0002,0.2477
2026-08-11T16:59:23.631334,0000,096480,0.026768,-0.0001,0.1636
2026-08-11T16:59:25.407102,0000,096488,0.012502,-0.0002,0.1118
2026-08-11T16:59:27.150286,0000,096496,0.021784,0.0002,0.1476
2026-08-11T16:59:29.115261,0000,096504,0.025388,-0.0001,0.1593
2026-08-11T16:59:30.848388,0000,096512,0.014015,0.0002,0.1184
2026-08-11T16:59:32.677205,0000,096520,0.022235,0.0001,0.1491
2026-08-11T16:59:34.641926,0000,096528,0.026349,-0.0006,0.1623
2026-08-11T16:59:36.402334,0000,096536,0.012952,-0.0004,0.1138
2026-08-11T16:59:38.485997,0000,096544,0.050564,-0.0003,0.2249
2026-08-11T16:59:40.557921,0000,096552,0.032830,0.0001,0.1812
2026-08-11T16:59:42.411384,0000,096560,0.058071,0.0009,0.2410
2026-08-11T16:59:44.098250,0000,096568,0.041724,0.0011,0.2043
2026-08-11T16:59:45.805973,0000,096576,0.034965,0.0012,0.1870
2026-08-11T16:59:47.669161,0000,096584,0.050840,0.0012,0.2255
2026-08-11T16:59:49.570296,0000,096592,0.022504,0.0006,0.1500
2026-08-11T16:59:51.995165,0000,096600,0.038233,-0.0001,0.1955
2026-08-11T16:59:53.954368,0000,096608,0.088441,-0.0004,0.2974
2026-08-11T16:59:55.804352,0000,096616,0.027583,-0.0004,0.1661
2026-08-11T16:59:57.806165,0000,096624,0.039753,-0.0003,0.1994
2026-08-11T16:59:59.872957,0000,096632,0.023744,0.0003,0.1541
2026-08-11T17:00:01.822419,0000,096640,0.053519,0.0003,0.2313
2026-08-11T17:00:04.117396,0000,096648,0.011634,0.0003,0.1079
2026-08-11T17:00:06.046273,0000,096656,0.033507,-0.0002,0.1831
2026-08-11T17:00:08.079405,0000,096664,0.012534,-0.0003,0.1120
2026-08-11T17:00:10.370728,0000,096672,0.013382,-0.0001,0.1157
2026-08-11T17:00:12.377998,0000,096680,0.038606,0.0004,0.1965
2026-08-11T17:00:14.217148,0000,096688,0.034370,0.0004,0.1854
2026-08-11T17:00:15.980206,0000,096696,0.017324,0.0003,0.1316
2026-08-11T17:00:17.714110,0000,096704,0.026858,-0.0002,0.1639
2026-08-11T17:00:19.616788,0000,096712,0.018278,-0.0002,0.1352
2026-08-11T17:00:21.355706,0000,096720,0.033605,-0.0000,0.1833
2026-08-11T17:00:23.297388,0000,096728,0.018692,0.0006,0.1367
2026-08-11T17:00:25.038070,0000,096736,0.020267,0.0004,0.1424
2026-08-11T17:00:27.009985,0000,096744,0.013682,0.0005,0.1170
2026-08-11T17:00:28.985012,0000,096752,0.030920,-0.0002,0.1758
2026-08-11T17:00:30.763147,0000,096760,0.032735,-0.0001,0.1809
2026-08-11T17:00:32.937057,0000,096768,0.107540,-0.0001,0.3279
2026-08-11T17:00:34.730944,0000,096776,0.020459,0.0005,0.1430
2026-08-11T17:00:36.462786,0000,096784,0.012667,0.0006,0.1125
2026-08-11T17:00:38.309029,0000,096792,0.023153,0.0005,0.1522
2026-08-11T17:00:40.097011,0000,096800,0.013793,0.0001,0.1174
2026-08-11T17:00:41.852029,0000,096808,0.022286,-0.0006,0.1493
2026-08-11T17:00:43.572940,0000,096816,0.024864,-0.0009,0.1577
2026-08-11T17:00:45.389707,0000,096824,0.026606,-0.0009,0.1631
2026-08-11T17:00:47.160025,0000,096832,0.016536,-0.0006,0.1286
2026-08-11T17:00:48.875012,0000,096840,0.024545,-0.0001,0.1567
2026-08-11T17:00:50.621723,0000,096848,0.027246,0.0005,0.1651
2026-08-11T17:00:52.459833,0000,096856,0.017443,0.0010,0.1321
2026-08-11T17:00:54.363262,0000,096864,0.043440,0.0010,0.2084
2026-08-11T17:00:56.114831,0000,096872,0.023373,0.0008,0.1529
2026-08-11T17:00:57.841809,0000,096880,0.017594,0.0003,0.1326
2026-08-11T17:00:59.759231,0000,096888,0.052412,-0.0004,0.2289
2026-08-11T17:01:02.038921,0000,096896,0.017601,-0.0007,0.1327
2026-08-11T17:01:04.078879,0000,096904,0.028803,-0.0006,0.1697
2026-08-11T17:01:06.415841,0000,096912,0.037441,-0.0005,0.1935
2026-08-11T17:01:08.654552,0000,096920,0.039790,0.0000,0.1995
2026-08-11T17:01:10.848384,0000,096928,0.050582,0.0002,0.2249
2026-08-11T17:01:13.080861,0000,096936,0.022446,0.0000,0.1498
2026-08-11T17:01:15.356775,0000,096944,0.032055,-0.0004,0.1790
2026-08-11T17:01:17.622025,0000,096952,0.012206,-0.0003,0.1105
2026-08-11T17:01:19.668395,0000,096960,0.028266,-0.0001,0.1681
2026-08-11T17:01:21.830077,0000,096968,0.101938,0.0002,0.3193
2026-08-11T17:01:23.885198,0000,096976,0.017968,0.0004,0.1340
2026-08-11T17:01:25.936183,0000,096984,0.030345,0.0003,0.1742
2026-08-11T17:01:27.910067,0000,096992,0.019678,-0.0002,0.1403
2026-08-11T17:01:29.847276,0000,097000,0.020871,-0.0002,0.1445
2026-08-11T17:01:31.905891,0000,097008,0.051234,-0.0002,0.2263
2026-08-11T17:01:33.683963,0000,097016,0.018536,0.0005,0.1361
2026-08-11T17:01:35.789908,0000,097024,0.042510,0.0004,0.2062
2026-08-11T17:01:37.674737,0000,097032,0.017520,0.0005,0.1324
2026-08-11T17:01:39.898138,0000,097040,0.049584,0.0000,0.2227
2026-08-11T17:01:41.935853,0000,097048,0.031652,-0.0006,0.1779
2026-08-11T17:01:44.153051,0000,097056,0.018134,-0.0009,0.1347
2026-08-11T17:01:46.173693,0000,097064,0.029792,-0.0011,0.1726
2026-08-11T17:01:48.070396,0000,097072,0.027123,-0.0007,0.1647
2026-08-11T17:01:49.904727,0000,097080,0.021217,-0.0002,0.1457
2026-08-11T17:01:51.726746,0000,097088,0.017931,0.0005,0.1339
2026-08-11T17:01:53.629902,0000,097096,0.020598,0.0009,0.1435
2026-08-11T17:01:55.827906,0000,097104,0.026539,0.0011,0.1629
2026-08-11T17:01:57.851630,0000,097112,0.021978,0.0008,0.1483
2026-08-11T17:02:00.339058,0000,097120,0.050935,0.0005,0.2257
2026-08-11T17:02:02.226679,0000,097128,0.020032,-0.0004,0.1415
2026-08-11T17:02:04.105477,0000,097136,0.020801,-0.0007,0.1442
2026-08-11T17:02:06.447042,0000,097144,0.041348,-0.0009,0.2033
2026-08-11T17:02:08.764135,0000,097152,0.029969,-0.0006,0.1731
2026-08-11T17:02:10.843477,0000,097160,0.015205,-0.0001,0.1233
2026-08-11T17:02:12.876702,0000,097168,0.027572,0.0007,0.1660
2026-08-11T17:02:14.682927,0000,097176,0.024045,0.0011,0.1551
2026-08-11T17:02:16.632720,0000,097184,0.037757,0.0011,0.1943
2026-08-11T17:02:18.815754,0000,097192,0.033254,0.0010,0.1824
2026-08-11T17:02:20.865268,0000,097200,0.016195,0.0005,0.1273
2026-08-11T17:02:22.736091,0000,097208,0.011442,-0.0002,0.1070
2026-08-11T17:02:24.732712,0000,097216,0.021426,-0.0006,0.1464
2026-08-11T17:02:26.782707,0000,097224,0.011138,-0.0004,0.1055
2026-08-11T17:02:28.788634,0000,097232,0.049233,-0.0005,0.2219
2026-08-11T17:02:30.682694,0000,097240,0.043884,0.0001,0.2095
2026-08-11T17:02:32.694667,0000,097248,0.023962,0.0002,0.1548
2026-08-11T17:02:34.577823,0000,097256,0.062350,-0.0000,0.2497
2026-08-11T17:02:36.390966,0000,097264,0.018548,0.0003,0.1362
2026-08-11T17:02:38.257510,0000,097272,0.024640,0.0002,0.1570
2026-08-11T17:02:40.092532,0000,097280,0.035199,-0.0002,0.1876
2026-08-11T17:02:41.967269,0000,097288,0.029397,-0.0003,0.1715
2026-08-11T17:02:43.985765,0000,097296,0.042191,-0.0002,0.2054
2026-08-11T17:02:45.908261,0000,097304,0.051310,0.0004,0.2265
2026-08-11T17:02:48.091453,0000,097312,0.027626,0.0005,0.1662
2026-08-11T17:02:50.057802,0000,097320,0.010540,0.0003,0.1027
2026-08-11T17:02:52.277659,0000,097328,0.023927,0.0000,0.1547
2026-08-11T17:02:54.289386,0000,097336,0.038636,-0.0008,0.1966
2026-08-11T17:02:56.261629,0000,097344,0.032989,-0.0011,0.1816
2026-08-11T17:02:58.352432,0000,097352,0.021416,-0.0009,0.1463
2026-08-11T17:03:00.253905,0000,097360,0.019394,-0.0007,0.1393
2026-08-11T17:03:02.217495,0000,097368,0.016137,-0.0001,0.1270
2026-08-11T17:03:04.442549,0000,097376,0.014116,0.0006,0.1188
2026-08-11T17:03:06.912713,0000,097384,0.023785,0.0011,0.1542
2026-08-11T17:03:09.056664,0000,097392,0.029463,0.0010,0.1716
2026-08-11T17:03:11.201755,0000,097400,0.034771,0.0008,0.1865
2026-08-11T17:03:13.468013,0000,097408,0.048689,0.0003,0.2207
2026-08-11T17:03:15.441656,0000,097416,0.034565,-0.0004,0.1859
2026-08-11T17:03:17.315133,0000,097424,0.027151,-0.0007,0.1648
2026-08-11T17:03:19.209417,0000,097432,0.028721,-0.0007,0.1695
2026-08-11T17:03:21.244551,0000,097440,0.024876,-0.0003,0.1577
2026-08-11T17:03:23.117247,0000,097448,0.020449,0.0001,0.1430
2026-08-11T17:03:25.299017,0000,097456,0.066347,-0.0001,0.2576
2026-08-11T17:03:27.519045,0000,097464,0.012096,0.0007,0.1100
2026-08-11T17:03:29.576596,0000,097472,0.024631,0.0007,0.1569
2026-08-11T17:03:31.476647,0000,097480,0.020236,0.0004,0.1423
2026-08-11T17:03:33.397626,0000,097488,0.041639,0.0001,0.2041
2026-08-11T17:03:35.303008,0000,097496,0.235593,-0.0007,0.4854
2026-08-11T17:03:37.321917,0000,097504,0.032235,-0.0009,0.1795
2026-08-11T17:03:39.600191,0000,097512,0.050542,-0.0010,0.2248
2026-08-11T17:03:41.565007,0000,097520,0.016429,-0.0005,0.1282
2026-08-11T17:03:43.726622,0000,097528,0.012709,0.0000,0.1127
2026-08-11T17:03:45.763605,0000,097536,0.047634,-0.0001,0.2183
2026-08-11T17:03:48.023834,0000,097544,0.018855,0.0003,0.1373
2026-08-11T17:03:50.116513,0000,097552,0.024319,0.0007,0.1559
2026-08-11T17:03:52.180278,0000,097560,0.016113,0.0006,0.1269
2026-08-11T17:03:54.211575,0000,097568,0.065207,-0.0001,0.2554
2026-08-11T17:03:56.325851,0000,097576,0.051854,-0.0001,0.2277
2026-08-11T17:03:58.455386,0000,097584,0.018660,0.0001,0.1366
2026-08-11T17:04:00.366483,0000,097592,0.023556,0.0000,0.1535
2026-08-11T17:04:02.426702,0000,097600,0.057669,-0.0003,0.2401
2026-08-11T17:04:04.411408,0000,097608,0.030615,-0.0005,0.1750
2026-08-11T17:04:06.442999,0000,097616,0.023430,-0.0003,0.1531
2026-08-11T17:04:08.527704,0000,097624,0.012319,0.0003,0.1110
2026-08-11T17:04:10.515542,0000,097632,0.011433,0.0005,0.1069
2026-08-11T17:04:12.508164,0000,097640,0.021341,0.0002,0.1461
2026-08-11T17:04:14.778365,0000,097648,0.030099,-0.0002,0.1735
2026-08-11T17:04:16.534527,0000,097656,0.032618,-0.0003,0.1806
2026-08-11T17:04:18.405194,0000,097664,0.009760,-0.0000,0.0988
2026-08-11T17:04:20.179922,0000,097672,0.018876,0.0004,0.1374
2026-08-11T17:04:22.139422,0000,097680,0.027195,0.0005,0.1649
2026-08-11T17:04:23.982893,0000,097688,0.033625,0.0005,0.1834
2026-08-11T17:04:25.919527,0000,097696,0.008048,0.0001,0.0897
2026-08-11T17:04:27.624439,0000,097704,0.032475,-0.0006,0.1802
2026-08-11T17:04:30.080411,0000,097712,0.066753,-0.0014,0.2584
2026-08-11T17:04:32.115505,0000,097720,0.028750,-0.0012,0.1696
2026-08-11T17:04:33.840906,0000,097728,0.025745,-0.0006,0.1605
2026-08-11T17:04:35.592219,0000,097736,0.049393,-0.0004,0.2222
2026-08-11T17:04:37.314308,0000,097744,0.020280,0.0005,0.1424
2026-08-11T17:04:39.214146,0000,097752,0.024496,0.0010,0.1565
2026-08-11T17:04:40.934296,0000,097760,0.037489,0.0009,0.1936
2026-08-11T17:04:42.858318,0000,097768,0.025840,0.0008,0.1607
2026-08-11T17:04:44.579200,0000,097776,0.086878,0.0001,0.2948
2026-08-11T17:04:46.364590,0000,097784,0.030972,-0.0003,0.1760
2026-08-11T17:04:48.180041,0000,097792,0.049344,-0.0008,0.2221
2026-08-11T17:04:50.162563,0000,097800,0.020414,-0.0007,0.1429
2026-08-11T17:04:52.002598,0000,097808,0.017359,-0.0004,0.1318
2026-08-11T17:04:54.033278,0000,097816,0.013056,-0.0001,0.1143
2026-08-11T17:04:55.782330,0000,097824,0.027936,0.0007,0.1671
2026-08-11T17:04:57.555917,0000,097832,0.054704,0.0010,0.2339
2026-08-11T17:04:59.457198,0000,097840,0.039095,0.0013,0.1977
2026-08-11T17:05:01.411117,0000,097848,0.034484,0.0009,0.1857
2026-08-11T17:05:03.215428,0000,097856,0.018958,0.0005,0.1377
2026-08-11T17:05:05.131468,0000,097864,0.022456,-0.0001,0.1499
2026-08-11T17:05:06.908151,0000,097872,0.050595,-0.0007,0.2249
2026-08-11T17:05:08.608934,0000,097880,0.021500,-0.0006,0.1466
2026-08-11T17:05:10.463969,0000,097888,0.048261,-0.0002,0.2197
2026-08-11T17:05:12.487570,0000,097896,0.016867,-0.0002,0.1299
2026-08-11T17:05:14.289146,0000,097904,0.037256,0.0007,0.1930
2026-08-11T17:05:15.997088,0000,097912,0.022305,0.0011,0.1493
2026-08-11T17:05:17.811386,0000,097920,0.025317,0.0012,0.1591
2026-08-11T17:05:19.539953,0000,097928,0.024018,0.0009,0.1550
2026-08-11T17:05:21.531694,0000,097936,0.019226,0.0006,0.1387
2026-08-11T17:05:23.547124,0000,097944,0.019348,-0.0002,0.1391
2026-08-11T17:05:25.253122,0000,097952,0.031665,-0.0006,0.1779
2026-08-11T17:05:27.233454,0000,097960,0.015228,-0.0004,0.1234
2026-08-11T17:05:29.115662,0000,097968,0.214478,-0.0004,0.4631
2026-08-11T17:05:31.053189,0000,097976,0.036008,0.0001,0.1898
2026-08-11T17:05:32.945831,0000,097984,0.012530,0.0002,0.1119
2026-08-11T17:05:35.111271,0000,097992,0.016180,0.0001,0.1272
2026-08-11T17:05:37.161930,0000,098000,0.050608,-0.0003,0.2250
2026-08-11T17:05:39.298809,0000,098008,0.013796,-0.0003,0.1175
2026-08-11T17:05:41.325690,0000,098016,0.050039,-0.0002,0.2237
2026-08-11T17:05:43.629576,0000,098024,0.056758,0.0003,0.2382
2026-08-11T17:05:45.916309,0000,098032,0.045327,0.0006,0.2129
2026-08-11T17:05:48.248801,0000,098040,0.043889,0.0005,0.2095
2026-08-11T17:05:50.360429,0000,098048,0.033361,-0.0001,0.1826
2026-08-11T17:05:52.257180,0000,098056,0.033851,-0.0001,0.1840
2026-08-11T17:05:54.656714,0000,098064,0.033051,-0.0001,0.1818
2026-08-11T17:05:56.574303,0000,098072,0.043862,0.0004,0.2094
2026-08-11T17:05:58.870887,0000,098080,0.066209,0.0004,0.2573
2026-08-11T17:06:01.079900,0000,098088,0.030668,0.0003,0.1751
2026-08-11T17:06:03.124947,0000,098096,0.023029,0.0001,0.1518
2026-08-11T17:06:05.072275,0000,098104,0.028704,-0.0007,0.1694
2026-08-11T17:06:07.166171,0000,098112,0.027101,-0.0010,0.1646
2026-08-11T17:06:09.110211,0000,098120,0.018301,-0.0009,0.1353
2026-08-11T17:06:10.985244,0000,098128,0.019708,-0.0006,0.1404
2026-08-11T17:06:13.029937,0000,098136,0.048161,-0.0002,0.2195
2026-08-11T17:06:15.751410,0000,098144,0.047660,0.0005,0.2183
2026-08-11T17:06:17.786845,0000,098152,0.019163,0.0009,0.1384
2026-08-11T17:06:19.967571,0000,098160,0.040129,0.0010,0.2003
2026-08-11T17:06:22.259920,0000,098168,0.051326,0.0011,0.2266
2026-08-11T17:06:24.007839,0000,098176,0.073309,0.0002,0.2708
2026-08-11T17:06:25.743850,0000,098184,0.021095,-0.0003,0.1452
2026-08-11T17:06:27.447687,0000,098192,0.024572,-0.0007,0.1568
2026-08-11T17:06:29.257833,0000,098200,0.019642,-0.0007,0.1402
2026-08-11T17:06:31.186002,0000,098208,0.023053,-0.0003,0.1518
2026-08-11T17:06:33.243463,0000,098216,0.013014,0.0002,0.1141
2026-08-11T17:06:35.619323,0000,098224,0.036932,0.0004,0.1922
2026-08-11T17:06:37.441017,0000,098232,0.013346,0.0001,0.1155
2026-08-11T17:06:39.378207,0000,098240,0.028822,-0.0003,0.1698
2026-08-11T17:06:41.106575,0000,098248,0.025677,-0.0004,0.1602
2026-08-11T17:06:42.912780,0000,098256,0.035759,-0.0002,0.1891
2026-08-11T17:06:45.003248,0000,098264,0.012716,0.0004,0.1128
2026-08-11T17:06:46.819465,0000,098272,0.023192,0.0004,0.1523
2026-08-11T17:06:48.746951,0000,098280,0.098652,0.0003,0.3141
2026-08-11T17:06:51.117048,0000,098288,0.032784,-0.0001,0.1811
2026-08-11T17:06:53.248302,0000,098296,0.027439,-0.0002,0.1656
2026-08-11T17:06:55.584892,0000,098304,0.034548,0.0001,0.1859
2026-08-11T17:06:57.756089,0000,098312,0.017380,-0.0000,0.1318
2026-08-11T17:07:00.202473,0000,098320,0.072405,0.0000,0.2691
2026-08-11T17:07:02.775966,0000,098328,0.044309,0.0005,0.2105
2026-08-11T17:07:04.975042,0000,098336,0.026873,0.0005,0.1639
2026-08-11T17:07:07.608090,0000,098344,0.040325,0.0004,0.2008
2026-08-11T17:07:09.836396,0000,098352,0.024455,0.0001,0.1564
2026-08-11T17:07:12.146104,0000,098360,0.063810,-0.0006,0.2526
2026-08-11T17:07:14.679512,0000,098368,0.065228,-0.0010,0.2554
2026-08-11T17:07:16.706834,0000,098376,0.038611,-0.0009,0.1965
2026-08-11T17:07:18.566904,0000,098384,1.666976,-0.0015,1.2911
2026-08-11T17:07:20.426307,0000,098392,0.014935,-0.0002,0.1222
2026-08-11T17:07:22.678894,0000,098400,0.029297,0.0005,0.1712
2026-08-11T17:07:24.609899,0000,098408,0.037201,0.0008,0.1929
2026-08-11T17:07:26.826464,0000,098416,0.056348,0.0010,0.2374
2026-08-11T17:07:28.674024,0000,098424,0.027722,0.0007,0.1665
2026-08-11T17:07:30.555764,0000,098432,0.021488,0.0004,0.1466
2026-08-11T17:07:32.486957,0000,098440,0.034037,-0.0003,0.1845
2026-08-11T17:07:34.498766,0000,098448,0.053919,-0.0008,0.2322
2026-08-11T17:07:36.309701,0000,098456,0.024428,-0.0006,0.1563
2026-08-11T17:07:38.164796,0000,098464,1.583967,-0.0012,1.2586
2026-08-11T17:07:40.464206,0000,098472,0.016551,0.0002,0.1287
2026-08-11T17:07:42.838863,0000,098480,0.030743,0.0005,0.1753
2026-08-11T17:07:44.783457,0000,098488,0.021344,0.0000,0.1461
2026-08-11T17:07:46.642118,0000,098496,0.016766,-0.0003,0.1295
2026-08-11T17:07:48.556690,0000,098504,0.047125,-0.0003,0.2171
2026-08-11T17:07:50.511760,0000,098512,0.044751,-0.0004,0.2115
2026-08-11T17:07:52.493013,0000,098520,0.017642,0.0002,0.1328
2026-08-11T17:07:54.513991,0000,098528,0.038649,0.0004,0.1966
2026-08-11T17:07:56.345621,0000,098536,0.015267,0.0002,0.1236
2026-08-11T17:07:58.098576,0000,098544,0.016031,-0.0002,0.1266
2026-08-11T17:08:00.288607,0000,098552,0.024094,-0.0001,0.1552
2026-08-11T17:08:02.362496,0000,098560,0.056139,-0.0002,0.2369
2026-08-11T17:08:04.296580,0000,098568,0.020074,0.0004,0.1417
2026-08-11T17:08:06.213633,0000,098576,1.598928,-0.0003,1.2645
2026-08-11T17:08:07.928955,0000,098584,0.022160,0.0008,0.1489
2026-08-11T17:08:09.744597,0000,098592,0.072661,0.0009,0.2696
2026-08-11T17:08:11.921507,0000,098600,0.020438,0.0010,0.1430
2026-08-11T17:08:14.569103,0000,098608,0.048540,0.0005,0.2203
2026-08-11T17:08:17.231190,0000,098616,0.039437,-0.0005,0.1986
2026-08-11T17:08:19.607685,0000,098624,0.028640,-0.0007,0.1692
2026-08-11T17:08:21.871622,0000,098632,0.024585,-0.0006,0.1568
2026-08-11T17:08:23.809047,0000,098640,0.024978,-0.0005,0.1580
2026-08-11T17:08:25.999215,0000,098648,0.024012,0.0001,0.1550
2026-08-11T17:08:28.130515,0000,098656,0.047426,0.0001,0.2178
2026-08-11T17:08:30.231615,0000,098664,0.013800,0.0001,0.1175
2026-08-11T17:08:32.013225,0000,098672,0.037386,-0.0004,0.1934
2026-08-11T17:08:34.244251,0000,098680,0.022331,-0.0005,0.1494
2026-08-11T17:08:36.236687,0000,098688,0.018749,-0.0002,0.1369
2026-08-11T17:08:38.377577,0000,098696,0.051240,0.0001,0.2264
2026-08-11T17:08:40.400710,0000,098704,0.032504,0.0003,0.1803
2026-08-11T17:08:42.393494,0000,098712,0.020084,0.0002,0.1417
2026-08-11T17:08:44.587872,0000,098720,0.020575,-0.0001,0.1434
2026-08-11T17:08:46.635753,0000,098728,0.063679,-0.0004,0.2523
2026-08-11T17:08:48.720942,0000,098736,0.039669,0.0001,0.1992
2026-08-11T17:08:50.818589,0000,098744,0.027326,-0.0000,0.1653
2026-08-11T17:08:52.893304,0000,098752,0.019031,0.0001,0.1380
2026-08-11T17:08:54.811765,0000,098760,0.029949,-0.0000,0.1731
2026-08-11T17:08:56.915479,0000,098768,0.033211,-0.0003,0.1822
2026-08-11T17:08:58.908136,0000,098776,0.044978,-0.0004,0.2121
2026-08-11T17:09:00.816407,0000,098784,0.107201,-0.0002,0.3274
2026-08-11T17:09:02.916538,0000,098792,0.022722,0.0005,0.1507
2026-08-11T17:09:04.965100,0000,098800,0.025969,0.0006,0.1611
2026-08-11T17:09:06.868693,0000,098808,0.025205,0.0005,0.1588
2026-08-11T17:09:08.643207,0000,098816,0.016204,0.0002,0.1273
2026-08-11T17:09:10.633506,0000,098824,0.057873,-0.0004,0.2406
2026-08-11T17:09:12.608816,0000,098832,0.248874,-0.0009,0.4989
2026-08-11T17:09:14.486535,0000,098840,0.029267,-0.0007,0.1711
2026-08-11T17:09:16.463821,0000,098848,0.015251,-0.0005,0.1235
2026-08-11T17:09:18.528701,0000,098856,0.020176,-0.0000,0.1420
2026-08-11T17:09:20.906162,0000,098864,0.019678,0.0009,0.1403
2026-08-11T17:09:22.870956,0000,098872,0.102302,0.0010,0.3198
2026-08-11T17:09:24.890900,0000,098880,0.035305,0.0012,0.1879
2026-08-11T17:09:26.882388,0000,098888,0.031951,0.0010,0.1787
2026-08-11T17:09:28.985500,0000,098896,0.061602,0.0005,0.2482
2026-08-11T17:09:31.342608,0000,098904,0.042128,-0.0001,0.2053
2026-08-11T17:09:33.132688,0000,098912,0.030911,-0.0003,0.1758
2026-08-11T17:09:35.363084,0000,098920,0.018947,-0.0004,0.1376
2026-08-11T17:09:37.952290,0000,098928,0.017072,-0.0000,0.1307
2026-08-11T17:09:40.250641,0000,098936,0.015176,0.0004,0.1232
2026-08-11T17:09:42.634825,0000,098944,0.052527,0.0007,0.2292
2026-08-11T17:09:44.834105,0000,098952,0.035978,0.0005,0.1897
2026-08-11T17:09:46.885294,0000,098960,0.093046,0.0000,0.3050
2026-08-11T17:09:48.819321,0000,098968,0.037051,-0.0004,0.1925
2026-08-11T17:09:50.885342,0000,098976,0.018128,-0.0007,0.1346
2026-08-11T17:09:53.229366,0000,098984,0.019421,-0.0007,0.1394
2026-08-11T17:09:55.499254,0000,098992,0.038582,-0.0005,0.1964
2026-08-11T17:09:57.233973,0000,099000,0.030030,0.0001,0.1733
2026-08-11T17:09:58.963033,0000,099008,0.081186,0.0002,0.2849
2026-08-11T17:10:00.734081,0000,099016,0.026820,0.0002,0.1638
2026-08-11T17:10:02.584193,0000,099024,0.016841,-0.0000,0.1298
2026-08-11T17:10:04.750494,0000,099032,0.015253,-0.0002,0.1235
2026-08-11T17:10:06.795673,0000,099040,0.018068,0.0000,0.1344
2026-08-11T17:10:08.807670,0000,099048,0.027511,-0.0000,0.1659
2026-08-11T17:10:10.807576,0000,099056,0.037477,0.0001,0.1936
2026-08-11T17:10:12.772666,0000,099064,0.030346,0.0001,0.1742
2026-08-11T17:10:14.888156,0000,099072,0.045023,-0.0002,0.2122
2026-08-11T17:10:16.899991,0000,099080,0.215487,-0.0003,0.4642
2026-08-11T17:10:18.764125,0000,099088,0.022922,0.0000,0.1514
2026-08-11T17:10:20.842053,0000,099096,0.032683,0.0000,0.1808
2026-08-11T17:10:22.869058,0000,099104,0.016109,-0.0004,0.1269
2026-08-11T17:10:24.937151,0000,099112,0.016875,-0.0003,0.1299
2026-08-11T17:10:26.960120,0000,099120,0.033786,-0.0001,0.1838
2026-08-11T17:10:28.979341,0000,099128,0.031456,0.0002,0.1774
2026-08-11T17:10:30.819321,0000,099136,0.025865,0.0004,0.1608
2026-08-11T17:10:33.087905,0000,099144,0.025530,0.0005,0.1598
2026-08-11T17:10:35.029267,0000,099152,0.036771,-0.0000,0.1918
2026-08-11T17:10:36.818079,0000,099160,0.020073,-0.0000,0.1417
2026-08-11T17:10:39.157524,0000,099168,0.015536,0.0003,0.1246
2026-08-11T17:10:40.519007,0000,099176,0.010726,0.0001,0.1036
2026-08-11T17:10:42.332006,0001,000000,0.036557,-0.0003,0.1912
2026-08-11T17:10:44.090095,0001,000008,0.039239,-0.0003,0.1981
2026-08-11T17:10:45.844883,0001,000016,0.015494,0.0000,0.1245
2026-08-11T17:10:47.604115,0001,000024,0.027840,-0.0001,0.1669
2026-08-11T17:10:49.385087,0001,000032,0.037815,0.0002,0.1945
2026-08-11T17:10:51.122974,0001,000040,0.025384,0.0002,0.1593
2026-08-11T17:10:53.052929,0001,000048,0.014200,-0.0003,0.1192
2026-08-11T17:10:55.038617,0001,000056,0.033866,-0.0004,0.1840
2026-08-11T17:10:57.046824,0001,000064,0.022012,0.0000,0.1484
2026-08-11T17:10:59.072857,0001,000072,0.044980,-0.0002,0.2121
2026-08-11T17:11:01.130570,0001,000080,0.018015,0.0001,0.1342
